dataset,measure,paradigm,ari,nmi,runtime,subsample_seed,clustering_seed,perturbation_type,perturbation_level,n_original,n_sampled,series_length,k,measure_params,clustering_params
CBF,sbd,sliding,0.7376728857876098,0.7542086088793142,1.8108405000002676,42,1,noise,0.0,930,150,128,3,"{""backend"": ""aeon"", ""n_jobs"": -1, ""candidate_k"": 20, ""paa_segments"": 32}","{""init"": ""random"", ""max_iter"": 300, ""method"": ""alternate""}"
CBF,idk,distributional,0.7203536622123983,0.7452159287407532,12.66899790000025,42,1,noise,0.0,930,150,128,3,"{""backend"": ""aeon""}","{""init"": ""random"", ""max_iter"": 300, ""method"": ""alternate""}"
CBF,sbd,sliding,0.7376728857876098,0.7542086088793142,1.2500568000004932,42,2,noise,0.0,930,150,128,3,"{""backend"": ""aeon"", ""n_jobs"": -1, ""candidate_k"": 20, ""paa_segments"": 32}","{""init"": ""random"", ""max_iter"": 300, ""method"": ""alternate""}"
CBF,idk,distributional,0.3464836071839963,0.41461159813388476,11.8750485999999,42,2,noise,0.0,930,150,128,3,"{""backend"": ""aeon""}","{""init"": ""random"", ""max_iter"": 300, ""method"": ""alternate""}"
CBF,sbd,sliding,0.7376728857876098,0.7542086088793142,1.353904099999454,42,3,noise,0.0,930,150,128,3,"{""backend"": ""aeon"", ""n_jobs"": -1, ""candidate_k"": 20, ""paa_segments"": 32}","{""init"": ""random"", ""max_iter"": 300, ""method"": ""alternate""}"
CBF,idk,distributional,0.294121038777839,0.38213179007430786,11.767427799999496,42,3,noise,0.0,930,150,128,3,"{""backend"": ""aeon""}","{""init"": ""random"", ""max_iter"": 300, ""method"": ""alternate""}"
CBF,sbd,sliding,0.7376728857876098,0.7542086088793142,2.2845432999993136,42,4,noise,0.0,930,150,128,3,"{""backend"": ""aeon"", ""n_jobs"": -1, ""candidate_k"": 20, ""paa_segments"": 32}","{""init"": ""random"", ""max_iter"": 300, ""method"": ""alternate""}"
CBF,idk,distributional,0.3464836071839963,0.41461159813388476,14.304457000000184,42,4,noise,0.0,930,150,128,3,"{""backend"": ""aeon""}","{""init"": ""random"", ""max_iter"": 300, ""method"": ""alternate""}"
CBF,sbd,sliding,0.7376728857876098,0.7542086088793142,1.505380999999943,42,5,noise,0.0,930,150,128,3,"{""backend"": ""aeon"", ""n_jobs"": -1, ""candidate_k"": 20, ""paa_segments"": 32}","{""init"": ""random"", ""max_iter"": 300, ""method"": ""alternate""}"
CBF,idk,distributional,0.48364688706350567,0.5197631978929902,11.809348699998736,42,5,noise,0.0,930,150,128,3,"{""backend"": ""aeon""}","{""init"": ""random"", ""max_iter"": 300, ""method"": ""alternate""}"
CBF,sbd,sliding,0.7376728857876098,0.7542086088793142,1.196257599999626,42,6,noise,0.0,930,150,128,3,"{""backend"": ""aeon"", ""n_jobs"": -1, ""candidate_k"": 20, ""paa_segments"": 32}","{""init"": ""random"", ""max_iter"": 300, ""method"": ""alternate""}"
CBF,idk,distributional,0.22125883885052627,0.3485757055873571,10.543006899999455,42,6,noise,0.0,930,150,128,3,"{""backend"": ""aeon""}","{""init"": ""random"", ""max_iter"": 300, ""method"": ""alternate""}"
CBF,sbd,sliding,0.2806623558310791,0.32868028029568996,1.3148129000010158,42,7,noise,0.0,930,150,128,3,"{""backend"": ""aeon"", ""n_jobs"": -1, ""candidate_k"": 20, ""paa_segments"": 32}","{""init"": ""random"", ""max_iter"": 300, ""method"": ""alternate""}"
CBF,idk,distributional,0.21544217013278139,0.36072794907364975,12.300348899999335,42,7,noise,0.0,930,150,128,3,"{""backend"": ""aeon""}","{""init"": ""random"", ""max_iter"": 300, ""method"": ""alternate""}"
CBF,sbd,sliding,0.7376728857876098,0.7542086088793142,2.0907508000000234,42,8,noise,0.0,930,150,128,3,"{""backend"": ""aeon"", ""n_jobs"": -1, ""candidate_k"": 20, ""paa_segments"": 32}","{""init"": ""random"", ""max_iter"": 300, ""method"": ""alternate""}"
CBF,idk,distributional,0.33751617441358933,0.4099445869814667,11.602956000000631,42,8,noise,0.0,930,150,128,3,"{""backend"": ""aeon""}","{""init"": ""random"", ""max_iter"": 300, ""method"": ""alternate""}"
CBF,sbd,sliding,0.4992866880131884,0.5664631421107773,1.1833059000000503,42,9,noise,0.0,930,150,128,3,"{""backend"": ""aeon"", ""n_jobs"": -1, ""candidate_k"": 20, ""paa_segments"": 32}","{""init"": ""random"", ""max_iter"": 300, ""method"": ""alternate""}"
CBF,idk,distributional,0.3765321188091095,0.41037302697793887,10.587898000000678,42,9,noise,0.0,930,150,128,3,"{""backend"": ""aeon""}","{""init"": ""random"", ""max_iter"": 300, ""method"": ""alternate""}"
CBF,sbd,sliding,0.18163216249874678,0.25628504118658074,1.2383191999997507,42,10,noise,0.0,930,150,128,3,"{""backend"": ""aeon"", ""n_jobs"": -1, ""candidate_k"": 20, ""paa_segments"": 32}","{""init"": ""random"", ""max_iter"": 300, ""method"": ""alternate""}"
CBF,idk,distributional,0.18883051486850178,0.25351472932987273,11.583521200000177,42,10,noise,0.0,930,150,128,3,"{""backend"": ""aeon""}","{""init"": ""random"", ""max_iter"": 300, ""method"": ""alternate""}"
CBF,sbd,sliding,0.7398520295940811,0.7634710466697724,2.131664599999567,42,1,noise,0.1,930,150,128,3,"{""backend"": ""aeon"", ""n_jobs"": -1, ""candidate_k"": 20, ""paa_segments"": 32}","{""init"": ""random"", ""max_iter"": 300, ""method"": ""alternate""}"
CBF,idk,distributional,0.7359274203842624,0.7474194878219296,10.551558099999056,42,1,noise,0.1,930,150,128,3,"{""backend"": ""aeon""}","{""init"": ""random"", ""max_iter"": 300, ""method"": ""alternate""}"
CBF,sbd,sliding,0.7398520295940811,0.7634710466697724,2.1127362999995967,42,2,noise,0.1,930,150,128,3,"{""backend"": ""aeon"", ""n_jobs"": -1, ""candidate_k"": 20, ""paa_segments"": 32}","{""init"": ""random"", ""max_iter"": 300, ""method"": ""alternate""}"
CBF,idk,distributional,0.33692185636450567,0.4190425743529628,10.600367099998948,42,2,noise,0.1,930,150,128,3,"{""backend"": ""aeon""}","{""init"": ""random"", ""max_iter"": 300, ""method"": ""alternate""}"
CBF,sbd,sliding,0.7398520295940811,0.7634710466697724,1.2146528000002945,42,3,noise,0.1,930,150,128,3,"{""backend"": ""aeon"", ""n_jobs"": -1, ""candidate_k"": 20, ""paa_segments"": 32}","{""init"": ""random"", ""max_iter"": 300, ""method"": ""alternate""}"
CBF,idk,distributional,0.33163558154383843,0.40610726849842366,10.639213600000403,42,3,noise,0.1,930,150,128,3,"{""backend"": ""aeon""}","{""init"": ""random"", ""max_iter"": 300, ""method"": ""alternate""}"
CBF,sbd,sliding,0.6928081985331056,0.7370325174659738,1.2208609999997861,42,4,noise,0.1,930,150,128,3,"{""backend"": ""aeon"", ""n_jobs"": -1, ""candidate_k"": 20, ""paa_segments"": 32}","{""init"": ""random"", ""max_iter"": 300, ""method"": ""alternate""}"
CBF,idk,distributional,0.33692185636450567,0.4190425743529628,10.683984599999349,42,4,noise,0.1,930,150,128,3,"{""backend"": ""aeon""}","{""init"": ""random"", ""max_iter"": 300, ""method"": ""alternate""}"
CBF,sbd,sliding,0.7398520295940811,0.7634710466697724,2.10460299999977,42,5,noise,0.1,930,150,128,3,"{""backend"": ""aeon"", ""n_jobs"": -1, ""candidate_k"": 20, ""paa_segments"": 32}","{""init"": ""random"", ""max_iter"": 300, ""method"": ""alternate""}"
CBF,idk,distributional,0.33712909677156033,0.418793229502499,10.618367400000352,42,5,noise,0.1,930,150,128,3,"{""backend"": ""aeon""}","{""init"": ""random"", ""max_iter"": 300, ""method"": ""alternate""}"
CBF,sbd,sliding,0.7398520295940811,0.7634710466697724,2.069996200000787,42,6,noise,0.1,930,150,128,3,"{""backend"": ""aeon"", ""n_jobs"": -1, ""candidate_k"": 20, ""paa_segments"": 32}","{""init"": ""random"", ""max_iter"": 300, ""method"": ""alternate""}"
CBF,idk,distributional,0.31909390050194636,0.39868624962027893,11.454927400000088,42,6,noise,0.1,930,150,128,3,"{""backend"": ""aeon""}","{""init"": ""random"", ""max_iter"": 300, ""method"": ""alternate""}"
CBF,sbd,sliding,0.7398520295940811,0.7634710466697724,1.1752023000008194,42,7,noise,0.1,930,150,128,3,"{""backend"": ""aeon"", ""n_jobs"": -1, ""candidate_k"": 20, ""paa_segments"": 32}","{""init"": ""random"", ""max_iter"": 300, ""method"": ""alternate""}"
CBF,idk,distributional,0.22777762503093124,0.36552667590732374,11.525461500000347,42,7,noise,0.1,930,150,128,3,"{""backend"": ""aeon""}","{""init"": ""random"", ""max_iter"": 300, ""method"": ""alternate""}"
CBF,sbd,sliding,0.7398520295940811,0.7634710466697724,2.094834099999389,42,8,noise,0.1,930,150,128,3,"{""backend"": ""aeon"", ""n_jobs"": -1, ""candidate_k"": 20, ""paa_segments"": 32}","{""init"": ""random"", ""max_iter"": 300, ""method"": ""alternate""}"
CBF,idk,distributional,0.33163558154383843,0.40610726849842366,10.663113499999781,42,8,noise,0.1,930,150,128,3,"{""backend"": ""aeon""}","{""init"": ""random"", ""max_iter"": 300, ""method"": ""alternate""}"
CBF,sbd,sliding,0.5325732120961192,0.5877388888413644,2.0972418000010293,42,9,noise,0.1,930,150,128,3,"{""backend"": ""aeon"", ""n_jobs"": -1, ""candidate_k"": 20, ""paa_segments"": 32}","{""init"": ""random"", ""max_iter"": 300, ""method"": ""alternate""}"
CBF,idk,distributional,0.29337668050771987,0.3816517939692815,11.644170100001247,42,9,noise,0.1,930,150,128,3,"{""backend"": ""aeon""}","{""init"": ""random"", ""max_iter"": 300, ""method"": ""alternate""}"
CBF,sbd,sliding,0.16343137403004165,0.20003030605071528,1.1797594999998182,42,10,noise,0.1,930,150,128,3,"{""backend"": ""aeon"", ""n_jobs"": -1, ""candidate_k"": 20, ""paa_segments"": 32}","{""init"": ""random"", ""max_iter"": 300, ""method"": ""alternate""}"
CBF,idk,distributional,0.2324602032480029,0.3898573974200436,12.401532600000792,42,10,noise,0.1,930,150,128,3,"{""backend"": ""aeon""}","{""init"": ""random"", ""max_iter"": 300, ""method"": ""alternate""}"
CBF,sbd,sliding,0.5584520545774369,0.6340309731716293,2.11498230000052,42,1,noise,0.2,930,150,128,3,"{""backend"": ""aeon"", ""n_jobs"": -1, ""candidate_k"": 20, ""paa_segments"": 32}","{""init"": ""random"", ""max_iter"": 300, ""method"": ""alternate""}"
CBF,idk,distributional,0.7424630679265878,0.7763018496593898,11.672413399998732,42,1,noise,0.2,930,150,128,3,"{""backend"": ""aeon""}","{""init"": ""random"", ""max_iter"": 300, ""method"": ""alternate""}"
CBF,sbd,sliding,0.7398520295940811,0.7634710466697724,1.1994715999999244,42,2,noise,0.2,930,150,128,3,"{""backend"": ""aeon"", ""n_jobs"": -1, ""candidate_k"": 20, ""paa_segments"": 32}","{""init"": ""random"", ""max_iter"": 300, ""method"": ""alternate""}"
CBF,idk,distributional,0.39349748738559776,0.4931565031713509,11.500158799999554,42,2,noise,0.2,930,150,128,3,"{""backend"": ""aeon""}","{""init"": ""random"", ""max_iter"": 300, ""method"": ""alternate""}"
CBF,sbd,sliding,0.7398520295940811,0.7634710466697724,2.075215100000605,42,3,noise,0.2,930,150,128,3,"{""backend"": ""aeon"", ""n_jobs"": -1, ""candidate_k"": 20, ""paa_segments"": 32}","{""init"": ""random"", ""max_iter"": 300, ""method"": ""alternate""}"
CBF,idk,distributional,0.3396745069801183,0.41169731132403375,10.72343759999876,42,3,noise,0.2,930,150,128,3,"{""backend"": ""aeon""}","{""init"": ""random"", ""max_iter"": 300, ""method"": ""alternate""}"
CBF,sbd,sliding,0.6813072818077791,0.7307188490928869,2.1034191999997347,42,4,noise,0.2,930,150,128,3,"{""backend"": ""aeon"", ""n_jobs"": -1, ""candidate_k"": 20, ""paa_segments"": 32}","{""init"": ""random"", ""max_iter"": 300, ""method"": ""alternate""}"
CBF,idk,distributional,0.3841130090626324,0.47530651938094814,11.351267600000028,42,4,noise,0.2,930,150,128,3,"{""backend"": ""aeon""}","{""init"": ""random"", ""max_iter"": 300, ""method"": ""alternate""}"
CBF,sbd,sliding,0.6545277665180381,0.6904693519644739,2.082602799999222,42,5,noise,0.2,930,150,128,3,"{""backend"": ""aeon"", ""n_jobs"": -1, ""candidate_k"": 20, ""paa_segments"": 32}","{""init"": ""random"", ""max_iter"": 300, ""method"": ""alternate""}"
CBF,idk,distributional,0.39151535403852206,0.4635933017837533,11.5641370000003,42,5,noise,0.2,930,150,128,3,"{""backend"": ""aeon""}","{""init"": ""random"", ""max_iter"": 300, ""method"": ""alternate""}"
CBF,sbd,sliding,0.7398520295940811,0.7634710466697724,1.177095899998676,42,6,noise,0.2,930,150,128,3,"{""backend"": ""aeon"", ""n_jobs"": -1, ""candidate_k"": 20, ""paa_segments"": 32}","{""init"": ""random"", ""max_iter"": 300, ""method"": ""alternate""}"
CBF,idk,distributional,0.3030217418503376,0.387456540844658,10.56955779999953,42,6,noise,0.2,930,150,128,3,"{""backend"": ""aeon""}","{""init"": ""random"", ""max_iter"": 300, ""method"": ""alternate""}"
CBF,sbd,sliding,0.5464401951787049,0.6617365159297223,1.169916400001057,42,7,noise,0.2,930,150,128,3,"{""backend"": ""aeon"", ""n_jobs"": -1, ""candidate_k"": 20, ""paa_segments"": 32}","{""init"": ""random"", ""max_iter"": 300, ""method"": ""alternate""}"
CBF,idk,distributional,0.22957636087988786,0.373829350381681,11.577776599999197,42,7,noise,0.2,930,150,128,3,"{""backend"": ""aeon""}","{""init"": ""random"", ""max_iter"": 300, ""method"": ""alternate""}"
CBF,sbd,sliding,0.7398520295940811,0.7634710466697724,2.09578429999965,42,8,noise,0.2,930,150,128,3,"{""backend"": ""aeon"", ""n_jobs"": -1, ""candidate_k"": 20, ""paa_segments"": 32}","{""init"": ""random"", ""max_iter"": 300, ""method"": ""alternate""}"
CBF,idk,distributional,0.31251379624096176,0.3935530637012299,11.524215899999945,42,8,noise,0.2,930,150,128,3,"{""backend"": ""aeon""}","{""init"": ""random"", ""max_iter"": 300, ""method"": ""alternate""}"
CBF,sbd,sliding,0.4116604655950823,0.5502271343495742,1.1833087000004525,42,9,noise,0.2,930,150,128,3,"{""backend"": ""aeon"", ""n_jobs"": -1, ""candidate_k"": 20, ""paa_segments"": 32}","{""init"": ""random"", ""max_iter"": 300, ""method"": ""alternate""}"
CBF,idk,distributional,0.29161456008642656,0.3806314633150345,11.573314900000696,42,9,noise,0.2,930,150,128,3,"{""backend"": ""aeon""}","{""init"": ""random"", ""max_iter"": 300, ""method"": ""alternate""}"
CBF,sbd,sliding,0.1835528312501032,0.21995418021991478,2.0841522000000623,42,10,noise,0.2,930,150,128,3,"{""backend"": ""aeon"", ""n_jobs"": -1, ""candidate_k"": 20, ""paa_segments"": 32}","{""init"": ""random"", ""max_iter"": 300, ""method"": ""alternate""}"
CBF,idk,distributional,0.215113295608857,0.3254266230751633,11.681876199999351,42,10,noise,0.2,930,150,128,3,"{""backend"": ""aeon""}","{""init"": ""random"", ""max_iter"": 300, ""method"": ""alternate""}"
CBF,sbd,sliding,0.5810416824539643,0.6302062510173786,1.2384306999992987,42,1,noise,0.4,930,150,128,3,"{""backend"": ""aeon"", ""n_jobs"": -1, ""candidate_k"": 20, ""paa_segments"": 32}","{""init"": ""random"", ""max_iter"": 300, ""method"": ""alternate""}"
CBF,idk,distributional,0.6617455190067595,0.6833399861344243,10.640096199999789,42,1,noise,0.4,930,150,128,3,"{""backend"": ""aeon""}","{""init"": ""random"", ""max_iter"": 300, ""method"": ""alternate""}"
CBF,sbd,sliding,0.7376728857876098,0.7542086088793142,2.121573599999465,42,2,noise,0.4,930,150,128,3,"{""backend"": ""aeon"", ""n_jobs"": -1, ""candidate_k"": 20, ""paa_segments"": 32}","{""init"": ""random"", ""max_iter"": 300, ""method"": ""alternate""}"
CBF,idk,distributional,0.2768238878830335,0.3708734241633824,10.654298400000698,42,2,noise,0.4,930,150,128,3,"{""backend"": ""aeon""}","{""init"": ""random"", ""max_iter"": 300, ""method"": ""alternate""}"
CBF,sbd,sliding,0.7251469536363294,0.735546117565356,1.2263183999993998,42,3,noise,0.4,930,150,128,3,"{""backend"": ""aeon"", ""n_jobs"": -1, ""candidate_k"": 20, ""paa_segments"": 32}","{""init"": ""random"", ""max_iter"": 300, ""method"": ""alternate""}"
CBF,idk,distributional,0.27645877794946067,0.3509716763546245,10.642760599999747,42,3,noise,0.4,930,150,128,3,"{""backend"": ""aeon""}","{""init"": ""random"", ""max_iter"": 300, ""method"": ""alternate""}"
CBF,sbd,sliding,0.574611460976656,0.5787076084016841,1.2374221000000034,42,4,noise,0.4,930,150,128,3,"{""backend"": ""aeon"", ""n_jobs"": -1, ""candidate_k"": 20, ""paa_segments"": 32}","{""init"": ""random"", ""max_iter"": 300, ""method"": ""alternate""}"
CBF,idk,distributional,0.2480784968148778,0.3312385949449423,10.582350800000313,42,4,noise,0.4,930,150,128,3,"{""backend"": ""aeon""}","{""init"": ""random"", ""max_iter"": 300, ""method"": ""alternate""}"
CBF,sbd,sliding,0.5191360251157374,0.5260628699485382,2.110867800000051,42,5,noise,0.4,930,150,128,3,"{""backend"": ""aeon"", ""n_jobs"": -1, ""candidate_k"": 20, ""paa_segments"": 32}","{""init"": ""random"", ""max_iter"": 300, ""method"": ""alternate""}"
CBF,idk,distributional,0.3622909893250286,0.42642809273627313,11.501580300000569,42,5,noise,0.4,930,150,128,3,"{""backend"": ""aeon""}","{""init"": ""random"", ""max_iter"": 300, ""method"": ""alternate""}"
CBF,sbd,sliding,0.7376728857876098,0.7542086088793142,1.2120218000000023,42,6,noise,0.4,930,150,128,3,"{""backend"": ""aeon"", ""n_jobs"": -1, ""candidate_k"": 20, ""paa_segments"": 32}","{""init"": ""random"", ""max_iter"": 300, ""method"": ""alternate""}"
CBF,idk,distributional,0.28958464640949777,0.37954649848726774,11.542422099999385,42,6,noise,0.4,930,150,128,3,"{""backend"": ""aeon""}","{""init"": ""random"", ""max_iter"": 300, ""method"": ""alternate""}"
CBF,sbd,sliding,0.5339425767932028,0.6319534122851143,1.1783506000010675,42,7,noise,0.4,930,150,128,3,"{""backend"": ""aeon"", ""n_jobs"": -1, ""candidate_k"": 20, ""paa_segments"": 32}","{""init"": ""random"", ""max_iter"": 300, ""method"": ""alternate""}"
CBF,idk,distributional,0.23048055643744206,0.3372121746393664,11.630060200000116,42,7,noise,0.4,930,150,128,3,"{""backend"": ""aeon""}","{""init"": ""random"", ""max_iter"": 300, ""method"": ""alternate""}"
CBF,sbd,sliding,0.7376728857876098,0.7542086088793142,2.109506999999212,42,8,noise,0.4,930,150,128,3,"{""backend"": ""aeon"", ""n_jobs"": -1, ""candidate_k"": 20, ""paa_segments"": 32}","{""init"": ""random"", ""max_iter"": 300, ""method"": ""alternate""}"
CBF,idk,distributional,0.27713429084189395,0.37268683262253083,11.608270100000482,42,8,noise,0.4,930,150,128,3,"{""backend"": ""aeon""}","{""init"": ""random"", ""max_iter"": 300, ""method"": ""alternate""}"
CBF,sbd,sliding,0.39363464753387273,0.5092797445531666,2.1234863999998197,42,9,noise,0.4,930,150,128,3,"{""backend"": ""aeon"", ""n_jobs"": -1, ""candidate_k"": 20, ""paa_segments"": 32}","{""init"": ""random"", ""max_iter"": 300, ""method"": ""alternate""}"
CBF,idk,distributional,0.2759821490755771,0.37026675434990514,11.50515710000127,42,9,noise,0.4,930,150,128,3,"{""backend"": ""aeon""}","{""init"": ""random"", ""max_iter"": 300, ""method"": ""alternate""}"
CBF,sbd,sliding,0.5438831632178992,0.6371737587703264,2.101550999999745,42,10,noise,0.4,930,150,128,3,"{""backend"": ""aeon"", ""n_jobs"": -1, ""candidate_k"": 20, ""paa_segments"": 32}","{""init"": ""random"", ""max_iter"": 300, ""method"": ""alternate""}"
CBF,idk,distributional,0.1866939769093346,0.23538309650043335,10.663786100000834,42,10,noise,0.4,930,150,128,3,"{""backend"": ""aeon""}","{""init"": ""random"", ""max_iter"": 300, ""method"": ""alternate""}"
CBF,sbd,sliding,0.5328517716212267,0.5279955510077932,2.1031575999995766,42,1,noise,0.8,930,150,128,3,"{""backend"": ""aeon"", ""n_jobs"": -1, ""candidate_k"": 20, ""paa_segments"": 32}","{""init"": ""random"", ""max_iter"": 300, ""method"": ""alternate""}"
CBF,idk,distributional,0.38196587964683765,0.3941255270265595,11.486690000000635,42,1,noise,0.8,930,150,128,3,"{""backend"": ""aeon""}","{""init"": ""random"", ""max_iter"": 300, ""method"": ""alternate""}"
CBF,sbd,sliding,0.5328517716212267,0.5279955510077933,1.1852625000001353,42,2,noise,0.8,930,150,128,3,"{""backend"": ""aeon"", ""n_jobs"": -1, ""candidate_k"": 20, ""paa_segments"": 32}","{""init"": ""random"", ""max_iter"": 300, ""method"": ""alternate""}"
CBF,idk,distributional,0.22062234183275387,0.2653589737870609,10.710946899999726,42,2,noise,0.8,930,150,128,3,"{""backend"": ""aeon""}","{""init"": ""random"", ""max_iter"": 300, ""method"": ""alternate""}"
CBF,sbd,sliding,0.6809464782969743,0.6796721812154317,1.2559400000000096,42,3,noise,0.8,930,150,128,3,"{""backend"": ""aeon"", ""n_jobs"": -1, ""candidate_k"": 20, ""paa_segments"": 32}","{""init"": ""random"", ""max_iter"": 300, ""method"": ""alternate""}"
CBF,idk,distributional,0.19825984153140425,0.2254253171806052,10.628298300000097,42,3,noise,0.8,930,150,128,3,"{""backend"": ""aeon""}","{""init"": ""random"", ""max_iter"": 300, ""method"": ""alternate""}"
CBF,sbd,sliding,0.26424742333833245,0.30765559652121593,2.1188079999992624,42,4,noise,0.8,930,150,128,3,"{""backend"": ""aeon"", ""n_jobs"": -1, ""candidate_k"": 20, ""paa_segments"": 32}","{""init"": ""random"", ""max_iter"": 300, ""method"": ""alternate""}"
CBF,idk,distributional,0.227788795606099,0.2703076196843869,10.708134900000914,42,4,noise,0.8,930,150,128,3,"{""backend"": ""aeon""}","{""init"": ""random"", ""max_iter"": 300, ""method"": ""alternate""}"
CBF,sbd,sliding,0.5328517716212267,0.527995551007793,1.2802708999997776,42,5,noise,0.8,930,150,128,3,"{""backend"": ""aeon"", ""n_jobs"": -1, ""candidate_k"": 20, ""paa_segments"": 32}","{""init"": ""random"", ""max_iter"": 300, ""method"": ""alternate""}"
CBF,idk,distributional,0.21860292710604035,0.2717812722428179,11.661344500000268,42,5,noise,0.8,930,150,128,3,"{""backend"": ""aeon""}","{""init"": ""random"", ""max_iter"": 300, ""method"": ""alternate""}"
CBF,sbd,sliding,0.6809464782969743,0.6796721812154317,1.2377501000000848,42,6,noise,0.8,930,150,128,3,"{""backend"": ""aeon"", ""n_jobs"": -1, ""candidate_k"": 20, ""paa_segments"": 32}","{""init"": ""random"", ""max_iter"": 300, ""method"": ""alternate""}"
CBF,idk,distributional,0.2355358422364101,0.294214136162873,10.668528899999728,42,6,noise,0.8,930,150,128,3,"{""backend"": ""aeon""}","{""init"": ""random"", ""max_iter"": 300, ""method"": ""alternate""}"
CBF,sbd,sliding,0.3915846675774834,0.42333152682154895,2.104299799999353,42,7,noise,0.8,930,150,128,3,"{""backend"": ""aeon"", ""n_jobs"": -1, ""candidate_k"": 20, ""paa_segments"": 32}","{""init"": ""random"", ""max_iter"": 300, ""method"": ""alternate""}"
CBF,idk,distributional,0.17192611086320775,0.21856293136032517,12.86059859999932,42,7,noise,0.8,930,150,128,3,"{""backend"": ""aeon""}","{""init"": ""random"", ""max_iter"": 300, ""method"": ""alternate""}"
CBF,sbd,sliding,0.5328517716212267,0.527995551007793,1.328380400000242,42,8,noise,0.8,930,150,128,3,"{""backend"": ""aeon"", ""n_jobs"": -1, ""candidate_k"": 20, ""paa_segments"": 32}","{""init"": ""random"", ""max_iter"": 300, ""method"": ""alternate""}"
CBF,idk,distributional,0.2268894282025319,0.2882209141655917,11.430388599999787,42,8,noise,0.8,930,150,128,3,"{""backend"": ""aeon""}","{""init"": ""random"", ""max_iter"": 300, ""method"": ""alternate""}"
CBF,sbd,sliding,0.5328517716212267,0.5279955510077932,1.2591087999990123,42,9,noise,0.8,930,150,128,3,"{""backend"": ""aeon"", ""n_jobs"": -1, ""candidate_k"": 20, ""paa_segments"": 32}","{""init"": ""random"", ""max_iter"": 300, ""method"": ""alternate""}"
CBF,idk,distributional,0.22331238347226187,0.28580404020718403,12.180476800000179,42,9,noise,0.8,930,150,128,3,"{""backend"": ""aeon""}","{""init"": ""random"", ""max_iter"": 300, ""method"": ""alternate""}"
CBF,sbd,sliding,0.3915846675774834,0.423331526821549,2.0165210999994088,42,10,noise,0.8,930,150,128,3,"{""backend"": ""aeon"", ""n_jobs"": -1, ""candidate_k"": 20, ""paa_segments"": 32}","{""init"": ""random"", ""max_iter"": 300, ""method"": ""alternate""}"
CBF,idk,distributional,0.22049052455833526,0.2807397048860397,10.695856399999684,42,10,noise,0.8,930,150,128,3,"{""backend"": ""aeon""}","{""init"": ""random"", ""max_iter"": 300, ""method"": ""alternate""}"
CBF,sbd,sliding,0.7376728857876098,0.7542086088793142,2.1804395999997723,42,1,shift,0.0,930,150,128,3,"{""backend"": ""aeon"", ""n_jobs"": -1, ""candidate_k"": 20, ""paa_segments"": 32}","{""init"": ""random"", ""max_iter"": 300, ""method"": ""alternate""}"
CBF,idk,distributional,0.7203536622123983,0.7452159287407532,11.537728100000095,42,1,shift,0.0,930,150,128,3,"{""backend"": ""aeon""}","{""init"": ""random"", ""max_iter"": 300, ""method"": ""alternate""}"
CBF,sbd,sliding,0.7376728857876098,0.7542086088793142,2.111097200000586,42,2,shift,0.0,930,150,128,3,"{""backend"": ""aeon"", ""n_jobs"": -1, ""candidate_k"": 20, ""paa_segments"": 32}","{""init"": ""random"", ""max_iter"": 300, ""method"": ""alternate""}"
CBF,idk,distributional,0.3464836071839963,0.41461159813388476,10.701159300000654,42,2,shift,0.0,930,150,128,3,"{""backend"": ""aeon""}","{""init"": ""random"", ""max_iter"": 300, ""method"": ""alternate""}"
CBF,sbd,sliding,0.7376728857876098,0.7542086088793142,1.2307962999993833,42,3,shift,0.0,930,150,128,3,"{""backend"": ""aeon"", ""n_jobs"": -1, ""candidate_k"": 20, ""paa_segments"": 32}","{""init"": ""random"", ""max_iter"": 300, ""method"": ""alternate""}"
CBF,idk,distributional,0.294121038777839,0.38213179007430786,11.778462600000239,42,3,shift,0.0,930,150,128,3,"{""backend"": ""aeon""}","{""init"": ""random"", ""max_iter"": 300, ""method"": ""alternate""}"
CBF,sbd,sliding,0.7376728857876098,0.7542086088793142,1.2403734000008626,42,4,shift,0.0,930,150,128,3,"{""backend"": ""aeon"", ""n_jobs"": -1, ""candidate_k"": 20, ""paa_segments"": 32}","{""init"": ""random"", ""max_iter"": 300, ""method"": ""alternate""}"
CBF,idk,distributional,0.3464836071839963,0.41461159813388476,11.521088999999847,42,4,shift,0.0,930,150,128,3,"{""backend"": ""aeon""}","{""init"": ""random"", ""max_iter"": 300, ""method"": ""alternate""}"
CBF,sbd,sliding,0.7376728857876098,0.7542086088793142,1.2320219000002908,42,5,shift,0.0,930,150,128,3,"{""backend"": ""aeon"", ""n_jobs"": -1, ""candidate_k"": 20, ""paa_segments"": 32}","{""init"": ""random"", ""max_iter"": 300, ""method"": ""alternate""}"
CBF,idk,distributional,0.48364688706350567,0.5197631978929902,11.662128200000552,42,5,shift,0.0,930,150,128,3,"{""backend"": ""aeon""}","{""init"": ""random"", ""max_iter"": 300, ""method"": ""alternate""}"
CBF,sbd,sliding,0.7376728857876098,0.7542086088793142,2.102666599999793,42,6,shift,0.0,930,150,128,3,"{""backend"": ""aeon"", ""n_jobs"": -1, ""candidate_k"": 20, ""paa_segments"": 32}","{""init"": ""random"", ""max_iter"": 300, ""method"": ""alternate""}"
CBF,idk,distributional,0.22125883885052627,0.3485757055873571,11.863118999999642,42,6,shift,0.0,930,150,128,3,"{""backend"": ""aeon""}","{""init"": ""random"", ""max_iter"": 300, ""method"": ""alternate""}"
CBF,sbd,sliding,0.2806623558310791,0.32868028029568996,2.137636599999496,42,7,shift,0.0,930,150,128,3,"{""backend"": ""aeon"", ""n_jobs"": -1, ""candidate_k"": 20, ""paa_segments"": 32}","{""init"": ""random"", ""max_iter"": 300, ""method"": ""alternate""}"
CBF,idk,distributional,0.21544217013278139,0.36072794907364975,11.448393399999986,42,7,shift,0.0,930,150,128,3,"{""backend"": ""aeon""}","{""init"": ""random"", ""max_iter"": 300, ""method"": ""alternate""}"
CBF,sbd,sliding,0.7376728857876098,0.7542086088793142,2.1157625999994707,42,8,shift,0.0,930,150,128,3,"{""backend"": ""aeon"", ""n_jobs"": -1, ""candidate_k"": 20, ""paa_segments"": 32}","{""init"": ""random"", ""max_iter"": 300, ""method"": ""alternate""}"
CBF,idk,distributional,0.33751617441358933,0.4099445869814667,12.600524399998903,42,8,shift,0.0,930,150,128,3,"{""backend"": ""aeon""}","{""init"": ""random"", ""max_iter"": 300, ""method"": ""alternate""}"
CBF,sbd,sliding,0.4992866880131884,0.5664631421107773,2.1638733999998294,42,9,shift,0.0,930,150,128,3,"{""backend"": ""aeon"", ""n_jobs"": -1, ""candidate_k"": 20, ""paa_segments"": 32}","{""init"": ""random"", ""max_iter"": 300, ""method"": ""alternate""}"
CBF,idk,distributional,0.3765321188091095,0.41037302697793887,12.092361999999412,42,9,shift,0.0,930,150,128,3,"{""backend"": ""aeon""}","{""init"": ""random"", ""max_iter"": 300, ""method"": ""alternate""}"
CBF,sbd,sliding,0.18163216249874678,0.25628504118658074,2.125791899999058,42,10,shift,0.0,930,150,128,3,"{""backend"": ""aeon"", ""n_jobs"": -1, ""candidate_k"": 20, ""paa_segments"": 32}","{""init"": ""random"", ""max_iter"": 300, ""method"": ""alternate""}"
CBF,idk,distributional,0.18883051486850178,0.25351472932987273,12.356141899999784,42,10,shift,0.0,930,150,128,3,"{""backend"": ""aeon""}","{""init"": ""random"", ""max_iter"": 300, ""method"": ""alternate""}"
CBF,sbd,sliding,0.48145180309243024,0.5868622119275031,1.2874593000005916,42,1,shift,5.0,930,150,128,3,"{""backend"": ""aeon"", ""n_jobs"": -1, ""candidate_k"": 20, ""paa_segments"": 32}","{""init"": ""random"", ""max_iter"": 300, ""method"": ""alternate""}"
CBF,idk,distributional,0.7230516626053305,0.7667611461971459,10.742901900000106,42,1,shift,5.0,930,150,128,3,"{""backend"": ""aeon""}","{""init"": ""random"", ""max_iter"": 300, ""method"": ""alternate""}"
CBF,sbd,sliding,0.7359274203842624,0.7474194878219296,2.1193724000004295,42,2,shift,5.0,930,150,128,3,"{""backend"": ""aeon"", ""n_jobs"": -1, ""candidate_k"": 20, ""paa_segments"": 32}","{""init"": ""random"", ""max_iter"": 300, ""method"": ""alternate""}"
CBF,idk,distributional,0.35289785622917524,0.42154555799441035,11.654237499999908,42,2,shift,5.0,930,150,128,3,"{""backend"": ""aeon""}","{""init"": ""random"", ""max_iter"": 300, ""method"": ""alternate""}"
CBF,sbd,sliding,0.6898888369016312,0.6901351034795079,1.2454375000006621,42,3,shift,5.0,930,150,128,3,"{""backend"": ""aeon"", ""n_jobs"": -1, ""candidate_k"": 20, ""paa_segments"": 32}","{""init"": ""random"", ""max_iter"": 300, ""method"": ""alternate""}"
CBF,idk,distributional,0.3118665554718461,0.39330383847478767,11.615867099999377,42,3,shift,5.0,930,150,128,3,"{""backend"": ""aeon""}","{""init"": ""random"", ""max_iter"": 300, ""method"": ""alternate""}"
CBF,sbd,sliding,0.6906098592632469,0.7206021232401235,1.2479165000004286,42,4,shift,5.0,930,150,128,3,"{""backend"": ""aeon"", ""n_jobs"": -1, ""candidate_k"": 20, ""paa_segments"": 32}","{""init"": ""random"", ""max_iter"": 300, ""method"": ""alternate""}"
CBF,idk,distributional,0.3457848043050145,0.4276871512296628,11.584151600000041,42,4,shift,5.0,930,150,128,3,"{""backend"": ""aeon""}","{""init"": ""random"", ""max_iter"": 300, ""method"": ""alternate""}"
CBF,sbd,sliding,0.4134152406739603,0.43494366143043484,2.186429099999259,42,5,shift,5.0,930,150,128,3,"{""backend"": ""aeon"", ""n_jobs"": -1, ""candidate_k"": 20, ""paa_segments"": 32}","{""init"": ""random"", ""max_iter"": 300, ""method"": ""alternate""}"
CBF,idk,distributional,0.3432892320327663,0.3995000127033527,13.602364200000011,42,5,shift,5.0,930,150,128,3,"{""backend"": ""aeon""}","{""init"": ""random"", ""max_iter"": 300, ""method"": ""alternate""}"
CBF,sbd,sliding,0.7359274203842624,0.7474194878219296,2.1574456999996983,42,6,shift,5.0,930,150,128,3,"{""backend"": ""aeon"", ""n_jobs"": -1, ""candidate_k"": 20, ""paa_segments"": 32}","{""init"": ""random"", ""max_iter"": 300, ""method"": ""alternate""}"
CBF,idk,distributional,0.22749121294059846,0.37399005576157907,11.533954800000174,42,6,shift,5.0,930,150,128,3,"{""backend"": ""aeon""}","{""init"": ""random"", ""max_iter"": 300, ""method"": ""alternate""}"
CBF,sbd,sliding,0.1938624400686187,0.2621746655322849,1.2544472999998106,42,7,shift,5.0,930,150,128,3,"{""backend"": ""aeon"", ""n_jobs"": -1, ""candidate_k"": 20, ""paa_segments"": 32}","{""init"": ""random"", ""max_iter"": 300, ""method"": ""alternate""}"
CBF,idk,distributional,0.20934260812185532,0.3371040882616273,11.503885000000992,42,7,shift,5.0,930,150,128,3,"{""backend"": ""aeon""}","{""init"": ""random"", ""max_iter"": 300, ""method"": ""alternate""}"
CBF,sbd,sliding,0.7359274203842624,0.7474194878219296,2.1192674000003535,42,8,shift,5.0,930,150,128,3,"{""backend"": ""aeon"", ""n_jobs"": -1, ""candidate_k"": 20, ""paa_segments"": 32}","{""init"": ""random"", ""max_iter"": 300, ""method"": ""alternate""}"
CBF,idk,distributional,0.30394049975177007,0.38880830348715456,11.663262099998974,42,8,shift,5.0,930,150,128,3,"{""backend"": ""aeon""}","{""init"": ""random"", ""max_iter"": 300, ""method"": ""alternate""}"
CBF,sbd,sliding,0.48145180309243024,0.5868622119275031,1.2346055000007254,42,9,shift,5.0,930,150,128,3,"{""backend"": ""aeon"", ""n_jobs"": -1, ""candidate_k"": 20, ""paa_segments"": 32}","{""init"": ""random"", ""max_iter"": 300, ""method"": ""alternate""}"
CBF,idk,distributional,0.3244830361439936,0.3722727329502119,11.652422500000284,42,9,shift,5.0,930,150,128,3,"{""backend"": ""aeon""}","{""init"": ""random"", ""max_iter"": 300, ""method"": ""alternate""}"
CBF,sbd,sliding,0.1938624400686187,0.26217466553228486,1.2516708000011931,42,10,shift,5.0,930,150,128,3,"{""backend"": ""aeon"", ""n_jobs"": -1, ""candidate_k"": 20, ""paa_segments"": 32}","{""init"": ""random"", ""max_iter"": 300, ""method"": ""alternate""}"
CBF,idk,distributional,0.22749121294059846,0.373990055761579,11.616300200000296,42,10,shift,5.0,930,150,128,3,"{""backend"": ""aeon""}","{""init"": ""random"", ""max_iter"": 300, ""method"": ""alternate""}"
CBF,sbd,sliding,0.4167583389373273,0.506537013606831,2.1454962999996496,42,1,shift,10.0,930,150,128,3,"{""backend"": ""aeon"", ""n_jobs"": -1, ""candidate_k"": 20, ""paa_segments"": 32}","{""init"": ""random"", ""max_iter"": 300, ""method"": ""alternate""}"
CBF,idk,distributional,0.3103208790150022,0.39225996950337627,11.770898700001453,42,1,shift,10.0,930,150,128,3,"{""backend"": ""aeon""}","{""init"": ""random"", ""max_iter"": 300, ""method"": ""alternate""}"
CBF,sbd,sliding,0.7359274203842624,0.7474194878219296,2.134080000000722,42,2,shift,10.0,930,150,128,3,"{""backend"": ""aeon"", ""n_jobs"": -1, ""candidate_k"": 20, ""paa_segments"": 32}","{""init"": ""random"", ""max_iter"": 300, ""method"": ""alternate""}"
CBF,idk,distributional,0.3042650011683307,0.3632617940199611,11.9332301000004,42,2,shift,10.0,930,150,128,3,"{""backend"": ""aeon""}","{""init"": ""random"", ""max_iter"": 300, ""method"": ""alternate""}"
CBF,sbd,sliding,0.25138651160400516,0.3402400214057448,2.148700199999439,42,3,shift,10.0,930,150,128,3,"{""backend"": ""aeon"", ""n_jobs"": -1, ""candidate_k"": 20, ""paa_segments"": 32}","{""init"": ""random"", ""max_iter"": 300, ""method"": ""alternate""}"
CBF,idk,distributional,0.3047193515378475,0.3884471283112577,11.522861899999043,42,3,shift,10.0,930,150,128,3,"{""backend"": ""aeon""}","{""init"": ""random"", ""max_iter"": 300, ""method"": ""alternate""}"
CBF,sbd,sliding,0.47185543060157453,0.5097340401526015,1.2513318000010258,42,4,shift,10.0,930,150,128,3,"{""backend"": ""aeon"", ""n_jobs"": -1, ""candidate_k"": 20, ""paa_segments"": 32}","{""init"": ""random"", ""max_iter"": 300, ""method"": ""alternate""}"
CBF,idk,distributional,0.3123911216109274,0.34522859826514884,10.6843073,42,4,shift,10.0,930,150,128,3,"{""backend"": ""aeon""}","{""init"": ""random"", ""max_iter"": 300, ""method"": ""alternate""}"
CBF,sbd,sliding,0.4167583389373273,0.506537013606831,2.116326200000003,42,5,shift,10.0,930,150,128,3,"{""backend"": ""aeon"", ""n_jobs"": -1, ""candidate_k"": 20, ""paa_segments"": 32}","{""init"": ""random"", ""max_iter"": 300, ""method"": ""alternate""}"
CBF,idk,distributional,0.3190549497369278,0.3533784747632605,12.539062400000148,42,5,shift,10.0,930,150,128,3,"{""backend"": ""aeon""}","{""init"": ""random"", ""max_iter"": 300, ""method"": ""alternate""}"
CBF,sbd,sliding,0.5527132478949444,0.6013089762409926,1.2535318000000188,42,6,shift,10.0,930,150,128,3,"{""backend"": ""aeon"", ""n_jobs"": -1, ""candidate_k"": 20, ""paa_segments"": 32}","{""init"": ""random"", ""max_iter"": 300, ""method"": ""alternate""}"
CBF,idk,distributional,0.2164900732758421,0.3366219173046568,12.51258560000042,42,6,shift,10.0,930,150,128,3,"{""backend"": ""aeon""}","{""init"": ""random"", ""max_iter"": 300, ""method"": ""alternate""}"
CBF,sbd,sliding,0.19361763436476448,0.27352807066772034,1.2404458999999406,42,7,shift,10.0,930,150,128,3,"{""backend"": ""aeon"", ""n_jobs"": -1, ""candidate_k"": 20, ""paa_segments"": 32}","{""init"": ""random"", ""max_iter"": 300, ""method"": ""alternate""}"
CBF,idk,distributional,0.2164900732758421,0.3366219173046568,11.580956100000549,42,7,shift,10.0,930,150,128,3,"{""backend"": ""aeon""}","{""init"": ""random"", ""max_iter"": 300, ""method"": ""alternate""}"
CBF,sbd,sliding,0.7359274203842624,0.7474194878219296,2.120999099999608,42,8,shift,10.0,930,150,128,3,"{""backend"": ""aeon"", ""n_jobs"": -1, ""candidate_k"": 20, ""paa_segments"": 32}","{""init"": ""random"", ""max_iter"": 300, ""method"": ""alternate""}"
CBF,idk,distributional,0.31386752506919463,0.3757042456842464,11.614695100000063,42,8,shift,10.0,930,150,128,3,"{""backend"": ""aeon""}","{""init"": ""random"", ""max_iter"": 300, ""method"": ""alternate""}"
CBF,sbd,sliding,0.2314066465922543,0.30002736597141616,1.243652199999815,42,9,shift,10.0,930,150,128,3,"{""backend"": ""aeon"", ""n_jobs"": -1, ""candidate_k"": 20, ""paa_segments"": 32}","{""init"": ""random"", ""max_iter"": 300, ""method"": ""alternate""}"
CBF,idk,distributional,0.30433983057686687,0.3630613601927223,10.69973569999911,42,9,shift,10.0,930,150,128,3,"{""backend"": ""aeon""}","{""init"": ""random"", ""max_iter"": 300, ""method"": ""alternate""}"
CBF,sbd,sliding,0.17863592671346595,0.23082776936263663,1.27536069999951,42,10,shift,10.0,930,150,128,3,"{""backend"": ""aeon"", ""n_jobs"": -1, ""candidate_k"": 20, ""paa_segments"": 32}","{""init"": ""random"", ""max_iter"": 300, ""method"": ""alternate""}"
CBF,idk,distributional,0.3047865377887666,0.36535361560031326,10.668340200000785,42,10,shift,10.0,930,150,128,3,"{""backend"": ""aeon""}","{""init"": ""random"", ""max_iter"": 300, ""method"": ""alternate""}"
CBF,sbd,sliding,0.2501148442381278,0.3231567991008709,2.173632899999575,42,1,shift,20.0,930,150,128,3,"{""backend"": ""aeon"", ""n_jobs"": -1, ""candidate_k"": 20, ""paa_segments"": 32}","{""init"": ""random"", ""max_iter"": 300, ""method"": ""alternate""}"
CBF,idk,distributional,0.2993251300702929,0.35097553194944414,10.661261199999899,42,1,shift,20.0,930,150,128,3,"{""backend"": ""aeon""}","{""init"": ""random"", ""max_iter"": 300, ""method"": ""alternate""}"
CBF,sbd,sliding,0.3432698351207441,0.3508656054251938,2.1202111000002333,42,2,shift,20.0,930,150,128,3,"{""backend"": ""aeon"", ""n_jobs"": -1, ""candidate_k"": 20, ""paa_segments"": 32}","{""init"": ""random"", ""max_iter"": 300, ""method"": ""alternate""}"
CBF,idk,distributional,0.2705482078209314,0.3022823963823085,11.583891299999777,42,2,shift,20.0,930,150,128,3,"{""backend"": ""aeon""}","{""init"": ""random"", ""max_iter"": 300, ""method"": ""alternate""}"
CBF,sbd,sliding,0.5872175555384795,0.5548869528634073,1.2456018000002587,42,3,shift,20.0,930,150,128,3,"{""backend"": ""aeon"", ""n_jobs"": -1, ""candidate_k"": 20, ""paa_segments"": 32}","{""init"": ""random"", ""max_iter"": 300, ""method"": ""alternate""}"
CBF,idk,distributional,0.2705482078209314,0.3022823963823085,10.654441799999404,42,3,shift,20.0,930,150,128,3,"{""backend"": ""aeon""}","{""init"": ""random"", ""max_iter"": 300, ""method"": ""alternate""}"
CBF,sbd,sliding,0.28214027712145656,0.30076947590694914,2.105603100000735,42,4,shift,20.0,930,150,128,3,"{""backend"": ""aeon"", ""n_jobs"": -1, ""candidate_k"": 20, ""paa_segments"": 32}","{""init"": ""random"", ""max_iter"": 300, ""method"": ""alternate""}"
CBF,idk,distributional,0.2993251300702929,0.35097553194944414,11.596947400000317,42,4,shift,20.0,930,150,128,3,"{""backend"": ""aeon""}","{""init"": ""random"", ""max_iter"": 300, ""method"": ""alternate""}"
CBF,sbd,sliding,0.2501148442381278,0.32315679910087103,2.1167136000003666,42,5,shift,20.0,930,150,128,3,"{""backend"": ""aeon"", ""n_jobs"": -1, ""candidate_k"": 20, ""paa_segments"": 32}","{""init"": ""random"", ""max_iter"": 300, ""method"": ""alternate""}"
CBF,idk,distributional,0.2846606311288004,0.31674790249580803,11.549061800001255,42,5,shift,20.0,930,150,128,3,"{""backend"": ""aeon""}","{""init"": ""random"", ""max_iter"": 300, ""method"": ""alternate""}"
CBF,sbd,sliding,0.5791716388821262,0.5948867047325767,1.2571438999993916,42,6,shift,20.0,930,150,128,3,"{""backend"": ""aeon"", ""n_jobs"": -1, ""candidate_k"": 20, ""paa_segments"": 32}","{""init"": ""random"", ""max_iter"": 300, ""method"": ""alternate""}"
CBF,idk,distributional,0.2993251300702929,0.3509755319494441,10.675440199999684,42,6,shift,20.0,930,150,128,3,"{""backend"": ""aeon""}","{""init"": ""random"", ""max_iter"": 300, ""method"": ""alternate""}"
CBF,sbd,sliding,0.42408894245123746,0.4607125870839539,2.1008621000000858,42,7,shift,20.0,930,150,128,3,"{""backend"": ""aeon"", ""n_jobs"": -1, ""candidate_k"": 20, ""paa_segments"": 32}","{""init"": ""random"", ""max_iter"": 300, ""method"": ""alternate""}"
CBF,idk,distributional,0.21082296404359394,0.3483900252494059,12.783508800000163,42,7,shift,20.0,930,150,128,3,"{""backend"": ""aeon""}","{""init"": ""random"", ""max_iter"": 300, ""method"": ""alternate""}"
CBF,sbd,sliding,0.6353214477358887,0.6432696207910186,2.154210700000476,42,8,shift,20.0,930,150,128,3,"{""backend"": ""aeon"", ""n_jobs"": -1, ""candidate_k"": 20, ""paa_segments"": 32}","{""init"": ""random"", ""max_iter"": 300, ""method"": ""alternate""}"
CBF,idk,distributional,0.2993251300702929,0.3509755319494441,12.13703280000027,42,8,shift,20.0,930,150,128,3,"{""backend"": ""aeon""}","{""init"": ""random"", ""max_iter"": 300, ""method"": ""alternate""}"
CBF,sbd,sliding,0.2501148442381278,0.3231567991008709,1.258462499999041,42,9,shift,20.0,930,150,128,3,"{""backend"": ""aeon"", ""n_jobs"": -1, ""candidate_k"": 20, ""paa_segments"": 32}","{""init"": ""random"", ""max_iter"": 300, ""method"": ""alternate""}"
CBF,idk,distributional,0.30357662931842994,0.35107789950358387,12.517924100000528,42,9,shift,20.0,930,150,128,3,"{""backend"": ""aeon""}","{""init"": ""random"", ""max_iter"": 300, ""method"": ""alternate""}"
CBF,sbd,sliding,0.11299561945411658,0.16082281649433844,1.2529533000006268,42,10,shift,20.0,930,150,128,3,"{""backend"": ""aeon"", ""n_jobs"": -1, ""candidate_k"": 20, ""paa_segments"": 32}","{""init"": ""random"", ""max_iter"": 300, ""method"": ""alternate""}"
CBF,idk,distributional,0.3291252030468861,0.3780337067148007,10.700213899999653,42,10,shift,20.0,930,150,128,3,"{""backend"": ""aeon""}","{""init"": ""random"", ""max_iter"": 300, ""method"": ""alternate""}"
CBF,sbd,sliding,0.5470547977908994,0.576672751451679,1.2927180000006047,42,1,shift,30.0,930,150,128,3,"{""backend"": ""aeon"", ""n_jobs"": -1, ""candidate_k"": 20, ""paa_segments"": 32}","{""init"": ""random"", ""max_iter"": 300, ""method"": ""alternate""}"
CBF,idk,distributional,0.2934558584246331,0.3344779052703504,11.45021849999921,42,1,shift,30.0,930,150,128,3,"{""backend"": ""aeon""}","{""init"": ""random"", ""max_iter"": 300, ""method"": ""alternate""}"
CBF,sbd,sliding,0.05030664838558073,0.10546038050854778,2.107538000000204,42,2,shift,30.0,930,150,128,3,"{""backend"": ""aeon"", ""n_jobs"": -1, ""candidate_k"": 20, ""paa_segments"": 32}","{""init"": ""random"", ""max_iter"": 300, ""method"": ""alternate""}"
CBF,idk,distributional,0.25114551508883437,0.29173478409872017,12.031000900000436,42,2,shift,30.0,930,150,128,3,"{""backend"": ""aeon""}","{""init"": ""random"", ""max_iter"": 300, ""method"": ""alternate""}"
CBF,sbd,sliding,0.3779837032935416,0.3716233153169618,2.1206940999991275,42,3,shift,30.0,930,150,128,3,"{""backend"": ""aeon"", ""n_jobs"": -1, ""candidate_k"": 20, ""paa_segments"": 32}","{""init"": ""random"", ""max_iter"": 300, ""method"": ""alternate""}"
CBF,idk,distributional,0.21358913776776317,0.2443354004652889,11.83558130000074,42,3,shift,30.0,930,150,128,3,"{""backend"": ""aeon""}","{""init"": ""random"", ""max_iter"": 300, ""method"": ""alternate""}"
CBF,sbd,sliding,0.161774922655317,0.2566876444025792,2.122305299999425,42,4,shift,30.0,930,150,128,3,"{""backend"": ""aeon"", ""n_jobs"": -1, ""candidate_k"": 20, ""paa_segments"": 32}","{""init"": ""random"", ""max_iter"": 300, ""method"": ""alternate""}"
CBF,idk,distributional,0.2115641830182419,0.3259951543446041,10.66726699999981,42,4,shift,30.0,930,150,128,3,"{""backend"": ""aeon""}","{""init"": ""random"", ""max_iter"": 300, ""method"": ""alternate""}"
CBF,sbd,sliding,0.10858781489939039,0.13163710394516587,1.2450205999994068,42,5,shift,30.0,930,150,128,3,"{""backend"": ""aeon"", ""n_jobs"": -1, ""candidate_k"": 20, ""paa_segments"": 32}","{""init"": ""random"", ""max_iter"": 300, ""method"": ""alternate""}"
CBF,idk,distributional,0.34641484389379484,0.382849176060257,11.262637200000427,42,5,shift,30.0,930,150,128,3,"{""backend"": ""aeon""}","{""init"": ""random"", ""max_iter"": 300, ""method"": ""alternate""}"
CBF,sbd,sliding,0.15803819556852186,0.27369114155631075,2.1384424999996554,42,6,shift,30.0,930,150,128,3,"{""backend"": ""aeon"", ""n_jobs"": -1, ""candidate_k"": 20, ""paa_segments"": 32}","{""init"": ""random"", ""max_iter"": 300, ""method"": ""alternate""}"
CBF,idk,distributional,0.31496165587074676,0.3488439632553429,10.69927110000026,42,6,shift,30.0,930,150,128,3,"{""backend"": ""aeon""}","{""init"": ""random"", ""max_iter"": 300, ""method"": ""alternate""}"
CBF,sbd,sliding,0.05030664838558073,0.10546038050854778,1.230665200000658,42,7,shift,30.0,930,150,128,3,"{""backend"": ""aeon"", ""n_jobs"": -1, ""candidate_k"": 20, ""paa_segments"": 32}","{""init"": ""random"", ""max_iter"": 300, ""method"": ""alternate""}"
CBF,idk,distributional,0.2225505945885347,0.2889091638407442,10.791819300000498,42,7,shift,30.0,930,150,128,3,"{""backend"": ""aeon""}","{""init"": ""random"", ""max_iter"": 300, ""method"": ""alternate""}"
CBF,sbd,sliding,0.08338231260530543,0.13196899979292653,2.10811029999968,42,8,shift,30.0,930,150,128,3,"{""backend"": ""aeon"", ""n_jobs"": -1, ""candidate_k"": 20, ""paa_segments"": 32}","{""init"": ""random"", ""max_iter"": 300, ""method"": ""alternate""}"
CBF,idk,distributional,0.2376119193424705,0.261726265554484,11.519746699999814,42,8,shift,30.0,930,150,128,3,"{""backend"": ""aeon""}","{""init"": ""random"", ""max_iter"": 300, ""method"": ""alternate""}"
CBF,sbd,sliding,0.10238674562974072,0.153884991610779,1.1714820999995936,42,9,shift,30.0,930,150,128,3,"{""backend"": ""aeon"", ""n_jobs"": -1, ""candidate_k"": 20, ""paa_segments"": 32}","{""init"": ""random"", ""max_iter"": 300, ""method"": ""alternate""}"
CBF,idk,distributional,0.20638136931753603,0.2767052303211976,11.517300099999375,42,9,shift,30.0,930,150,128,3,"{""backend"": ""aeon""}","{""init"": ""random"", ""max_iter"": 300, ""method"": ""alternate""}"
CBF,sbd,sliding,0.05458181326847723,0.08004814522373208,1.1977126000010685,42,10,shift,30.0,930,150,128,3,"{""backend"": ""aeon"", ""n_jobs"": -1, ""candidate_k"": 20, ""paa_segments"": 32}","{""init"": ""random"", ""max_iter"": 300, ""method"": ""alternate""}"
CBF,idk,distributional,0.30122805129084257,0.33637707258594557,11.39410829999997,42,10,shift,30.0,930,150,128,3,"{""backend"": ""aeon""}","{""init"": ""random"", ""max_iter"": 300, ""method"": ""alternate""}"
CBF,sbd,sliding,0.7376728857876098,0.7542086088793142,2.1281481999994867,42,1,length,1.0,930,150,128,3,"{""backend"": ""aeon"", ""n_jobs"": -1, ""candidate_k"": 20, ""paa_segments"": 32}","{""init"": ""random"", ""max_iter"": 300, ""method"": ""alternate""}"
CBF,idk,distributional,0.7203536622123983,0.7452159287407532,11.06898050000109,42,1,length,1.0,930,150,128,3,"{""backend"": ""aeon""}","{""init"": ""random"", ""max_iter"": 300, ""method"": ""alternate""}"
CBF,sbd,sliding,0.7376728857876098,0.7542086088793142,2.2684930000004897,42,2,length,1.0,930,150,128,3,"{""backend"": ""aeon"", ""n_jobs"": -1, ""candidate_k"": 20, ""paa_segments"": 32}","{""init"": ""random"", ""max_iter"": 300, ""method"": ""alternate""}"
CBF,idk,distributional,0.3464836071839963,0.41461159813388476,14.365574999998898,42,2,length,1.0,930,150,128,3,"{""backend"": ""aeon""}","{""init"": ""random"", ""max_iter"": 300, ""method"": ""alternate""}"
CBF,sbd,sliding,0.7376728857876098,0.7542086088793142,1.4034662000003664,42,3,length,1.0,930,150,128,3,"{""backend"": ""aeon"", ""n_jobs"": -1, ""candidate_k"": 20, ""paa_segments"": 32}","{""init"": ""random"", ""max_iter"": 300, ""method"": ""alternate""}"
CBF,idk,distributional,0.294121038777839,0.38213179007430786,11.98169119999875,42,3,length,1.0,930,150,128,3,"{""backend"": ""aeon""}","{""init"": ""random"", ""max_iter"": 300, ""method"": ""alternate""}"
CBF,sbd,sliding,0.7376728857876098,0.7542086088793142,1.4252442999995765,42,4,length,1.0,930,150,128,3,"{""backend"": ""aeon"", ""n_jobs"": -1, ""candidate_k"": 20, ""paa_segments"": 32}","{""init"": ""random"", ""max_iter"": 300, ""method"": ""alternate""}"
CBF,idk,distributional,0.3464836071839963,0.41461159813388476,11.864367699999093,42,4,length,1.0,930,150,128,3,"{""backend"": ""aeon""}","{""init"": ""random"", ""max_iter"": 300, ""method"": ""alternate""}"
CBF,sbd,sliding,0.7376728857876098,0.7542086088793142,2.3052113000003374,42,5,length,1.0,930,150,128,3,"{""backend"": ""aeon"", ""n_jobs"": -1, ""candidate_k"": 20, ""paa_segments"": 32}","{""init"": ""random"", ""max_iter"": 300, ""method"": ""alternate""}"
CBF,idk,distributional,0.48364688706350567,0.5197631978929902,13.118901499999993,42,5,length,1.0,930,150,128,3,"{""backend"": ""aeon""}","{""init"": ""random"", ""max_iter"": 300, ""method"": ""alternate""}"
CBF,sbd,sliding,0.7376728857876098,0.7542086088793142,1.3672516999995423,42,6,length,1.0,930,150,128,3,"{""backend"": ""aeon"", ""n_jobs"": -1, ""candidate_k"": 20, ""paa_segments"": 32}","{""init"": ""random"", ""max_iter"": 300, ""method"": ""alternate""}"
CBF,idk,distributional,0.22125883885052627,0.3485757055873571,12.673302999999578,42,6,length,1.0,930,150,128,3,"{""backend"": ""aeon""}","{""init"": ""random"", ""max_iter"": 300, ""method"": ""alternate""}"
CBF,sbd,sliding,0.2806623558310791,0.32868028029568996,2.2083574999996927,42,7,length,1.0,930,150,128,3,"{""backend"": ""aeon"", ""n_jobs"": -1, ""candidate_k"": 20, ""paa_segments"": 32}","{""init"": ""random"", ""max_iter"": 300, ""method"": ""alternate""}"
CBF,idk,distributional,0.21544217013278139,0.36072794907364975,12.230589600000712,42,7,length,1.0,930,150,128,3,"{""backend"": ""aeon""}","{""init"": ""random"", ""max_iter"": 300, ""method"": ""alternate""}"
CBF,sbd,sliding,0.7376728857876098,0.7542086088793142,1.4349361000004137,42,8,length,1.0,930,150,128,3,"{""backend"": ""aeon"", ""n_jobs"": -1, ""candidate_k"": 20, ""paa_segments"": 32}","{""init"": ""random"", ""max_iter"": 300, ""method"": ""alternate""}"
CBF,idk,distributional,0.33751617441358933,0.4099445869814667,12.635984200001076,42,8,length,1.0,930,150,128,3,"{""backend"": ""aeon""}","{""init"": ""random"", ""max_iter"": 300, ""method"": ""alternate""}"
CBF,sbd,sliding,0.4992866880131884,0.5664631421107773,2.292884999999842,42,9,length,1.0,930,150,128,3,"{""backend"": ""aeon"", ""n_jobs"": -1, ""candidate_k"": 20, ""paa_segments"": 32}","{""init"": ""random"", ""max_iter"": 300, ""method"": ""alternate""}"
CBF,idk,distributional,0.3765321188091095,0.41037302697793887,13.69131809999999,42,9,length,1.0,930,150,128,3,"{""backend"": ""aeon""}","{""init"": ""random"", ""max_iter"": 300, ""method"": ""alternate""}"
CBF,sbd,sliding,0.18163216249874678,0.25628504118658074,1.2861455000002024,42,10,length,1.0,930,150,128,3,"{""backend"": ""aeon"", ""n_jobs"": -1, ""candidate_k"": 20, ""paa_segments"": 32}","{""init"": ""random"", ""max_iter"": 300, ""method"": ""alternate""}"
CBF,idk,distributional,0.18883051486850178,0.25351472932987273,11.62951350000003,42,10,length,1.0,930,150,128,3,"{""backend"": ""aeon""}","{""init"": ""random"", ""max_iter"": 300, ""method"": ""alternate""}"
CBF,sbd,sliding,0.7398520295940811,0.7634710466697724,2.211318399999982,42,1,length,0.9,930,150,128,3,"{""backend"": ""aeon"", ""n_jobs"": -1, ""candidate_k"": 20, ""paa_segments"": 32}","{""init"": ""random"", ""max_iter"": 300, ""method"": ""alternate""}"
CBF,idk,distributional,0.7455038681804481,0.7979885217013319,11.631165499999952,42,1,length,0.9,930,150,128,3,"{""backend"": ""aeon""}","{""init"": ""random"", ""max_iter"": 300, ""method"": ""alternate""}"
CBF,sbd,sliding,0.7398520295940811,0.7634710466697724,1.3527952000004007,42,2,length,0.9,930,150,128,3,"{""backend"": ""aeon"", ""n_jobs"": -1, ""candidate_k"": 20, ""paa_segments"": 32}","{""init"": ""random"", ""max_iter"": 300, ""method"": ""alternate""}"
CBF,idk,distributional,0.32473505298940214,0.4032116265692049,13.360971000000063,42,2,length,0.9,930,150,128,3,"{""backend"": ""aeon""}","{""init"": ""random"", ""max_iter"": 300, ""method"": ""alternate""}"
CBF,sbd,sliding,0.3748402932558411,0.42880114723115126,1.3833527999995567,42,3,length,0.9,930,150,128,3,"{""backend"": ""aeon"", ""n_jobs"": -1, ""candidate_k"": 20, ""paa_segments"": 32}","{""init"": ""random"", ""max_iter"": 300, ""method"": ""alternate""}"
CBF,idk,distributional,0.36470908277983377,0.41122555383008447,12.830489999999372,42,3,length,0.9,930,150,128,3,"{""backend"": ""aeon""}","{""init"": ""random"", ""max_iter"": 300, ""method"": ""alternate""}"
CBF,sbd,sliding,0.7398520295940811,0.7634710466697724,1.6548469999997906,42,4,length,0.9,930,150,128,3,"{""backend"": ""aeon"", ""n_jobs"": -1, ""candidate_k"": 20, ""paa_segments"": 32}","{""init"": ""random"", ""max_iter"": 300, ""method"": ""alternate""}"
CBF,idk,distributional,0.3467526346847685,0.42519596928643727,11.82431909999923,42,4,length,0.9,930,150,128,3,"{""backend"": ""aeon""}","{""init"": ""random"", ""max_iter"": 300, ""method"": ""alternate""}"
CBF,sbd,sliding,0.7398520295940811,0.7634710466697724,1.3625856000007843,42,5,length,0.9,930,150,128,3,"{""backend"": ""aeon"", ""n_jobs"": -1, ""candidate_k"": 20, ""paa_segments"": 32}","{""init"": ""random"", ""max_iter"": 300, ""method"": ""alternate""}"
CBF,idk,distributional,0.7230516626053305,0.7667611461971459,12.639586400000553,42,5,length,0.9,930,150,128,3,"{""backend"": ""aeon""}","{""init"": ""random"", ""max_iter"": 300, ""method"": ""alternate""}"
CBF,sbd,sliding,0.7398520295940811,0.7634710466697724,1.4536070999993171,42,6,length,0.9,930,150,128,3,"{""backend"": ""aeon"", ""n_jobs"": -1, ""candidate_k"": 20, ""paa_segments"": 32}","{""init"": ""random"", ""max_iter"": 300, ""method"": ""alternate""}"
CBF,idk,distributional,0.22326789779742837,0.4021836791291857,14.150038600000698,42,6,length,0.9,930,150,128,3,"{""backend"": ""aeon""}","{""init"": ""random"", ""max_iter"": 300, ""method"": ""alternate""}"
CBF,sbd,sliding,0.7398520295940811,0.7634710466697724,2.1564040000002933,42,7,length,0.9,930,150,128,3,"{""backend"": ""aeon"", ""n_jobs"": -1, ""candidate_k"": 20, ""paa_segments"": 32}","{""init"": ""random"", ""max_iter"": 300, ""method"": ""alternate""}"
CBF,idk,distributional,0.23716562141474054,0.41555483692025275,10.52352880000035,42,7,length,0.9,930,150,128,3,"{""backend"": ""aeon""}","{""init"": ""random"", ""max_iter"": 300, ""method"": ""alternate""}"
CBF,sbd,sliding,0.7398520295940811,0.7634710466697724,1.2938533000005918,42,8,length,0.9,930,150,128,3,"{""backend"": ""aeon"", ""n_jobs"": -1, ""candidate_k"": 20, ""paa_segments"": 32}","{""init"": ""random"", ""max_iter"": 300, ""method"": ""alternate""}"
CBF,idk,distributional,0.3311624442942317,0.370277421259622,10.692186999999649,42,8,length,0.9,930,150,128,3,"{""backend"": ""aeon""}","{""init"": ""random"", ""max_iter"": 300, ""method"": ""alternate""}"
CBF,sbd,sliding,0.5412340370029288,0.623063104276885,2.1328653999999005,42,9,length,0.9,930,150,128,3,"{""backend"": ""aeon"", ""n_jobs"": -1, ""candidate_k"": 20, ""paa_segments"": 32}","{""init"": ""random"", ""max_iter"": 300, ""method"": ""alternate""}"
CBF,idk,distributional,0.35340140582744656,0.4207741735763474,12.435704100000294,42,9,length,0.9,930,150,128,3,"{""backend"": ""aeon""}","{""init"": ""random"", ""max_iter"": 300, ""method"": ""alternate""}"
CBF,sbd,sliding,0.17894188734093283,0.21621715543979553,2.1333176999996795,42,10,length,0.9,930,150,128,3,"{""backend"": ""aeon"", ""n_jobs"": -1, ""candidate_k"": 20, ""paa_segments"": 32}","{""init"": ""random"", ""max_iter"": 300, ""method"": ""alternate""}"
CBF,idk,distributional,0.29602632398106105,0.37901674921899625,12.30426670000088,42,10,length,0.9,930,150,128,3,"{""backend"": ""aeon""}","{""init"": ""random"", ""max_iter"": 300, ""method"": ""alternate""}"
CBF,sbd,sliding,0.6312295431811484,0.6730368828038455,2.133999300001051,42,1,length,0.75,930,150,128,3,"{""backend"": ""aeon"", ""n_jobs"": -1, ""candidate_k"": 20, ""paa_segments"": 32}","{""init"": ""random"", ""max_iter"": 300, ""method"": ""alternate""}"
CBF,idk,distributional,0.5646024172900145,0.5609156426774323,11.635893399999986,42,1,length,0.75,930,150,128,3,"{""backend"": ""aeon""}","{""init"": ""random"", ""max_iter"": 300, ""method"": ""alternate""}"
CBF,sbd,sliding,0.7130360634528587,0.74768905001308,1.2489109000007375,42,2,length,0.75,930,150,128,3,"{""backend"": ""aeon"", ""n_jobs"": -1, ""candidate_k"": 20, ""paa_segments"": 32}","{""init"": ""random"", ""max_iter"": 300, ""method"": ""alternate""}"
CBF,idk,distributional,0.288068266931139,0.33122968169763345,11.711349500000324,42,2,length,0.75,930,150,128,3,"{""backend"": ""aeon""}","{""init"": ""random"", ""max_iter"": 300, ""method"": ""alternate""}"
CBF,sbd,sliding,0.1822447853379945,0.26549722480553667,1.2490964999997232,42,3,length,0.75,930,150,128,3,"{""backend"": ""aeon"", ""n_jobs"": -1, ""candidate_k"": 20, ""paa_segments"": 32}","{""init"": ""random"", ""max_iter"": 300, ""method"": ""alternate""}"
CBF,idk,distributional,0.31855508716814396,0.39961078040910614,10.917514100000517,42,3,length,0.75,930,150,128,3,"{""backend"": ""aeon""}","{""init"": ""random"", ""max_iter"": 300, ""method"": ""alternate""}"
CBF,sbd,sliding,0.40225609764270503,0.4589442593419709,1.2410048000001552,42,4,length,0.75,930,150,128,3,"{""backend"": ""aeon"", ""n_jobs"": -1, ""candidate_k"": 20, ""paa_segments"": 32}","{""init"": ""random"", ""max_iter"": 300, ""method"": ""alternate""}"
CBF,idk,distributional,0.3003348232905596,0.3570840196132788,11.71255310000015,42,4,length,0.75,930,150,128,3,"{""backend"": ""aeon""}","{""init"": ""random"", ""max_iter"": 300, ""method"": ""alternate""}"
CBF,sbd,sliding,0.5246889709344373,0.5501763246145273,1.2485574999991513,42,5,length,0.75,930,150,128,3,"{""backend"": ""aeon"", ""n_jobs"": -1, ""candidate_k"": 20, ""paa_segments"": 32}","{""init"": ""random"", ""max_iter"": 300, ""method"": ""alternate""}"
CBF,idk,distributional,0.5646024172900145,0.5609156426774323,11.587619100000666,42,5,length,0.75,930,150,128,3,"{""backend"": ""aeon""}","{""init"": ""random"", ""max_iter"": 300, ""method"": ""alternate""}"
CBF,sbd,sliding,0.45174155679351685,0.5211810502186887,2.153933600000528,42,6,length,0.75,930,150,128,3,"{""backend"": ""aeon"", ""n_jobs"": -1, ""candidate_k"": 20, ""paa_segments"": 32}","{""init"": ""random"", ""max_iter"": 300, ""method"": ""alternate""}"
CBF,idk,distributional,0.22851508144564736,0.3658056089986564,12.150288499999078,42,6,length,0.75,930,150,128,3,"{""backend"": ""aeon""}","{""init"": ""random"", ""max_iter"": 300, ""method"": ""alternate""}"
CBF,sbd,sliding,0.151179775352194,0.2371199822103409,2.1462134999992486,42,7,length,0.75,930,150,128,3,"{""backend"": ""aeon"", ""n_jobs"": -1, ""candidate_k"": 20, ""paa_segments"": 32}","{""init"": ""random"", ""max_iter"": 300, ""method"": ""alternate""}"
CBF,idk,distributional,0.2414550379062869,0.39207902909480125,11.805280100000346,42,7,length,0.75,930,150,128,3,"{""backend"": ""aeon""}","{""init"": ""random"", ""max_iter"": 300, ""method"": ""alternate""}"
CBF,sbd,sliding,0.6312295431811484,0.6730368828038455,2.1209781999996267,42,8,length,0.75,930,150,128,3,"{""backend"": ""aeon"", ""n_jobs"": -1, ""candidate_k"": 20, ""paa_segments"": 32}","{""init"": ""random"", ""max_iter"": 300, ""method"": ""alternate""}"
CBF,idk,distributional,0.30485350604087036,0.3459431709756422,13.50120699999934,42,8,length,0.75,930,150,128,3,"{""backend"": ""aeon""}","{""init"": ""random"", ""max_iter"": 300, ""method"": ""alternate""}"
CBF,sbd,sliding,0.5246889709344373,0.5501763246145273,1.4924589000002015,42,9,length,0.75,930,150,128,3,"{""backend"": ""aeon"", ""n_jobs"": -1, ""candidate_k"": 20, ""paa_segments"": 32}","{""init"": ""random"", ""max_iter"": 300, ""method"": ""alternate""}"
CBF,idk,distributional,0.3090070784863425,0.3543454220961965,11.02526239999952,42,9,length,0.75,930,150,128,3,"{""backend"": ""aeon""}","{""init"": ""random"", ""max_iter"": 300, ""method"": ""alternate""}"
CBF,sbd,sliding,0.21700822085143331,0.27822956858277526,1.3953781000000163,42,10,length,0.75,930,150,128,3,"{""backend"": ""aeon"", ""n_jobs"": -1, ""candidate_k"": 20, ""paa_segments"": 32}","{""init"": ""random"", ""max_iter"": 300, ""method"": ""alternate""}"
CBF,idk,distributional,0.33918676619263843,0.46330494858421134,12.694702400000097,42,10,length,0.75,930,150,128,3,"{""backend"": ""aeon""}","{""init"": ""random"", ""max_iter"": 300, ""method"": ""alternate""}"
CBF,sbd,sliding,0.5221007542795357,0.5762431228326136,2.2095933999999033,42,1,length,0.5,930,150,128,3,"{""backend"": ""aeon"", ""n_jobs"": -1, ""candidate_k"": 20, ""paa_segments"": 32}","{""init"": ""random"", ""max_iter"": 300, ""method"": ""alternate""}"
CBF,idk,distributional,0.36403061532942915,0.40101107778919004,12.744648500000949,42,1,length,0.5,930,150,128,3,"{""backend"": ""aeon""}","{""init"": ""random"", ""max_iter"": 300, ""method"": ""alternate""}"
CBF,sbd,sliding,0.4148980114720754,0.4573925370493425,1.3363565999998173,42,2,length,0.5,930,150,128,3,"{""backend"": ""aeon"", ""n_jobs"": -1, ""candidate_k"": 20, ""paa_segments"": 32}","{""init"": ""random"", ""max_iter"": 300, ""method"": ""alternate""}"
CBF,idk,distributional,0.35356034506197054,0.41722001572366496,12.925109200000406,42,2,length,0.5,930,150,128,3,"{""backend"": ""aeon""}","{""init"": ""random"", ""max_iter"": 300, ""method"": ""alternate""}"
CBF,sbd,sliding,0.4637808552170192,0.4755139528143147,2.2594834000001356,42,3,length,0.5,930,150,128,3,"{""backend"": ""aeon"", ""n_jobs"": -1, ""candidate_k"": 20, ""paa_segments"": 32}","{""init"": ""random"", ""max_iter"": 300, ""method"": ""alternate""}"
CBF,idk,distributional,0.35356034506197054,0.41722001572366496,11.868168700000751,42,3,length,0.5,930,150,128,3,"{""backend"": ""aeon""}","{""init"": ""random"", ""max_iter"": 300, ""method"": ""alternate""}"
CBF,sbd,sliding,0.4328687951770896,0.43604222861748826,2.145717700000205,42,4,length,0.5,930,150,128,3,"{""backend"": ""aeon"", ""n_jobs"": -1, ""candidate_k"": 20, ""paa_segments"": 32}","{""init"": ""random"", ""max_iter"": 300, ""method"": ""alternate""}"
CBF,idk,distributional,0.372959402265529,0.44598385832062526,12.505701500000214,42,4,length,0.5,930,150,128,3,"{""backend"": ""aeon""}","{""init"": ""random"", ""max_iter"": 300, ""method"": ""alternate""}"
CBF,sbd,sliding,0.5330878494790774,0.5342710798740217,1.469286399998964,42,5,length,0.5,930,150,128,3,"{""backend"": ""aeon"", ""n_jobs"": -1, ""candidate_k"": 20, ""paa_segments"": 32}","{""init"": ""random"", ""max_iter"": 300, ""method"": ""alternate""}"
CBF,idk,distributional,0.3735577342383246,0.4542925527564689,12.408282399999734,42,5,length,0.5,930,150,128,3,"{""backend"": ""aeon""}","{""init"": ""random"", ""max_iter"": 300, ""method"": ""alternate""}"
CBF,sbd,sliding,0.5394528061341478,0.5807237897694012,2.3903999999993175,42,6,length,0.5,930,150,128,3,"{""backend"": ""aeon"", ""n_jobs"": -1, ""candidate_k"": 20, ""paa_segments"": 32}","{""init"": ""random"", ""max_iter"": 300, ""method"": ""alternate""}"
CBF,idk,distributional,0.20709303388672873,0.2591736090492224,12.881855299999188,42,6,length,0.5,930,150,128,3,"{""backend"": ""aeon""}","{""init"": ""random"", ""max_iter"": 300, ""method"": ""alternate""}"
CBF,sbd,sliding,0.5080629757974297,0.5553425507770334,2.1415984000004755,42,7,length,0.5,930,150,128,3,"{""backend"": ""aeon"", ""n_jobs"": -1, ""candidate_k"": 20, ""paa_segments"": 32}","{""init"": ""random"", ""max_iter"": 300, ""method"": ""alternate""}"
CBF,idk,distributional,0.20203064560744782,0.3508055559852669,11.667093699999896,42,7,length,0.5,930,150,128,3,"{""backend"": ""aeon""}","{""init"": ""random"", ""max_iter"": 300, ""method"": ""alternate""}"
CBF,sbd,sliding,0.3569583320669848,0.4553759444298423,2.124825000000783,42,8,length,0.5,930,150,128,3,"{""backend"": ""aeon"", ""n_jobs"": -1, ""candidate_k"": 20, ""paa_segments"": 32}","{""init"": ""random"", ""max_iter"": 300, ""method"": ""alternate""}"
CBF,idk,distributional,0.2637230844278786,0.3513883925133347,10.924589400000514,42,8,length,0.5,930,150,128,3,"{""backend"": ""aeon""}","{""init"": ""random"", ""max_iter"": 300, ""method"": ""alternate""}"
CBF,sbd,sliding,0.1442132789893289,0.23721894993997433,1.2382638000008228,42,9,length,0.5,930,150,128,3,"{""backend"": ""aeon"", ""n_jobs"": -1, ""candidate_k"": 20, ""paa_segments"": 32}","{""init"": ""random"", ""max_iter"": 300, ""method"": ""alternate""}"
CBF,idk,distributional,0.23157772361482298,0.2748224918653432,11.587261800000306,42,9,length,0.5,930,150,128,3,"{""backend"": ""aeon""}","{""init"": ""random"", ""max_iter"": 300, ""method"": ""alternate""}"
CBF,sbd,sliding,0.3569583320669848,0.4553759444298423,1.2563530000006722,42,10,length,0.5,930,150,128,3,"{""backend"": ""aeon"", ""n_jobs"": -1, ""candidate_k"": 20, ""paa_segments"": 32}","{""init"": ""random"", ""max_iter"": 300, ""method"": ""alternate""}"
CBF,idk,distributional,0.3551455153289968,0.40883465344878667,11.621060499999658,42,10,length,0.5,930,150,128,3,"{""backend"": ""aeon""}","{""init"": ""random"", ""max_iter"": 300, ""method"": ""alternate""}"
CBF,sbd,sliding,0.4021481843040313,0.41380184045078555,2.143332399999963,42,1,length,0.25,930,150,128,3,"{""backend"": ""aeon"", ""n_jobs"": -1, ""candidate_k"": 20, ""paa_segments"": 32}","{""init"": ""random"", ""max_iter"": 300, ""method"": ""alternate""}"
CBF,idk,distributional,0.10714454227179647,0.11299791266858958,10.64283709999927,42,1,length,0.25,930,150,128,3,"{""backend"": ""aeon""}","{""init"": ""random"", ""max_iter"": 300, ""method"": ""alternate""}"
CBF,sbd,sliding,0.4183343364923006,0.43349103581236015,2.1535085000004983,42,2,length,0.25,930,150,128,3,"{""backend"": ""aeon"", ""n_jobs"": -1, ""candidate_k"": 20, ""paa_segments"": 32}","{""init"": ""random"", ""max_iter"": 300, ""method"": ""alternate""}"
CBF,idk,distributional,0.07090118880559956,0.09201024034909883,11.96639259999938,42,2,length,0.25,930,150,128,3,"{""backend"": ""aeon""}","{""init"": ""random"", ""max_iter"": 300, ""method"": ""alternate""}"
CBF,sbd,sliding,0.10399548089596847,0.13488027161803198,1.5910113000009005,42,3,length,0.25,930,150,128,3,"{""backend"": ""aeon"", ""n_jobs"": -1, ""candidate_k"": 20, ""paa_segments"": 32}","{""init"": ""random"", ""max_iter"": 300, ""method"": ""alternate""}"
CBF,idk,distributional,0.08743425653796243,0.08886452108653942,11.65658379999968,42,3,length,0.25,930,150,128,3,"{""backend"": ""aeon""}","{""init"": ""random"", ""max_iter"": 300, ""method"": ""alternate""}"
CBF,sbd,sliding,0.30596503005624975,0.3412070528177972,1.2689678000006097,42,4,length,0.25,930,150,128,3,"{""backend"": ""aeon"", ""n_jobs"": -1, ""candidate_k"": 20, ""paa_segments"": 32}","{""init"": ""random"", ""max_iter"": 300, ""method"": ""alternate""}"
CBF,idk,distributional,0.02256033645488125,0.03419725244679081,12.519841699999233,42,4,length,0.25,930,150,128,3,"{""backend"": ""aeon""}","{""init"": ""random"", ""max_iter"": 300, ""method"": ""alternate""}"
CBF,sbd,sliding,0.3177618957914445,0.33565920097867286,1.2456536999998207,42,5,length,0.25,930,150,128,3,"{""backend"": ""aeon"", ""n_jobs"": -1, ""candidate_k"": 20, ""paa_segments"": 32}","{""init"": ""random"", ""max_iter"": 300, ""method"": ""alternate""}"
CBF,idk,distributional,0.055954138294101154,0.05807570549065254,10.73682270000063,42,5,length,0.25,930,150,128,3,"{""backend"": ""aeon""}","{""init"": ""random"", ""max_iter"": 300, ""method"": ""alternate""}"
CBF,sbd,sliding,0.3031841399106982,0.34099639750307287,1.2538708000001861,42,6,length,0.25,930,150,128,3,"{""backend"": ""aeon"", ""n_jobs"": -1, ""candidate_k"": 20, ""paa_segments"": 32}","{""init"": ""random"", ""max_iter"": 300, ""method"": ""alternate""}"
CBF,idk,distributional,0.13074421719065127,0.12608452230029948,10.668253599999844,42,6,length,0.25,930,150,128,3,"{""backend"": ""aeon""}","{""init"": ""random"", ""max_iter"": 300, ""method"": ""alternate""}"
CBF,sbd,sliding,0.1259748050389922,0.12974532934921798,2.106427299999268,42,7,length,0.25,930,150,128,3,"{""backend"": ""aeon"", ""n_jobs"": -1, ""candidate_k"": 20, ""paa_segments"": 32}","{""init"": ""random"", ""max_iter"": 300, ""method"": ""alternate""}"
CBF,idk,distributional,0.10531549790568842,0.103369610798987,10.694637600000533,42,7,length,0.25,930,150,128,3,"{""backend"": ""aeon""}","{""init"": ""random"", ""max_iter"": 300, ""method"": ""alternate""}"
CBF,sbd,sliding,0.4492054063056081,0.47861068500258136,2.124098399999639,42,8,length,0.25,930,150,128,3,"{""backend"": ""aeon"", ""n_jobs"": -1, ""candidate_k"": 20, ""paa_segments"": 32}","{""init"": ""random"", ""max_iter"": 300, ""method"": ""alternate""}"
CBF,idk,distributional,0.11356152632889675,0.12220585095687105,11.306613500000822,42,8,length,0.25,930,150,128,3,"{""backend"": ""aeon""}","{""init"": ""random"", ""max_iter"": 300, ""method"": ""alternate""}"
CBF,sbd,sliding,0.346733035504472,0.37958812086933247,2.146385800000644,42,9,length,0.25,930,150,128,3,"{""backend"": ""aeon"", ""n_jobs"": -1, ""candidate_k"": 20, ""paa_segments"": 32}","{""init"": ""random"", ""max_iter"": 300, ""method"": ""alternate""}"
CBF,idk,distributional,0.10889236944251945,0.11655639516713275,10.698150000001078,42,9,length,0.25,930,150,128,3,"{""backend"": ""aeon""}","{""init"": ""random"", ""max_iter"": 300, ""method"": ""alternate""}"
CBF,sbd,sliding,0.37587400582468583,0.3699579285667659,2.146766600000774,42,10,length,0.25,930,150,128,3,"{""backend"": ""aeon"", ""n_jobs"": -1, ""candidate_k"": 20, ""paa_segments"": 32}","{""init"": ""random"", ""max_iter"": 300, ""method"": ""alternate""}"
CBF,idk,distributional,-0.004720661091317462,0.0066290977545881945,11.501054699999258,42,10,length,0.25,930,150,128,3,"{""backend"": ""aeon""}","{""init"": ""random"", ""max_iter"": 300, ""method"": ""alternate""}"
Trace,sbd,sliding,0.6258062067299321,0.800246559228825,2.453747800000201,42,1,noise,0.0,200,200,275,4,"{""backend"": ""aeon"", ""n_jobs"": -1, ""candidate_k"": 20, ""paa_segments"": 32}","{""init"": ""random"", ""max_iter"": 300, ""method"": ""alternate""}"
Trace,idk,distributional,0.15599917483014802,0.24029383127825135,45.93920729999991,42,1,noise,0.0,200,200,275,4,"{""backend"": ""aeon""}","{""init"": ""random"", ""max_iter"": 300, ""method"": ""alternate""}"
Trace,sbd,sliding,0.6619090643948742,0.7503161040328223,2.6962100000000646,42,2,noise,0.0,200,200,275,4,"{""backend"": ""aeon"", ""n_jobs"": -1, ""candidate_k"": 20, ""paa_segments"": 32}","{""init"": ""random"", ""max_iter"": 300, ""method"": ""alternate""}"
Trace,idk,distributional,0.1952401501166655,0.24447440435710863,47.433620800000426,42,2,noise,0.0,200,200,275,4,"{""backend"": ""aeon""}","{""init"": ""random"", ""max_iter"": 300, ""method"": ""alternate""}"
Trace,sbd,sliding,0.6619090643948742,0.7503161040328223,2.4385815000005095,42,3,noise,0.0,200,200,275,4,"{""backend"": ""aeon"", ""n_jobs"": -1, ""candidate_k"": 20, ""paa_segments"": 32}","{""init"": ""random"", ""max_iter"": 300, ""method"": ""alternate""}"
Trace,idk,distributional,0.20740003854834396,0.2721365953336342,45.54355910000049,42,3,noise,0.0,200,200,275,4,"{""backend"": ""aeon""}","{""init"": ""random"", ""max_iter"": 300, ""method"": ""alternate""}"
Trace,sbd,sliding,0.663572323010511,0.7522843471933999,2.4486620999996376,42,4,noise,0.0,200,200,275,4,"{""backend"": ""aeon"", ""n_jobs"": -1, ""candidate_k"": 20, ""paa_segments"": 32}","{""init"": ""random"", ""max_iter"": 300, ""method"": ""alternate""}"
Trace,idk,distributional,0.16839192218415824,0.23222368754698516,45.71935530000064,42,4,noise,0.0,200,200,275,4,"{""backend"": ""aeon""}","{""init"": ""random"", ""max_iter"": 300, ""method"": ""alternate""}"
Trace,sbd,sliding,0.6258062067299321,0.800246559228825,2.4704861000000164,42,5,noise,0.0,200,200,275,4,"{""backend"": ""aeon"", ""n_jobs"": -1, ""candidate_k"": 20, ""paa_segments"": 32}","{""init"": ""random"", ""max_iter"": 300, ""method"": ""alternate""}"
Trace,idk,distributional,0.22869822503868004,0.2658542436731486,51.424279699998806,42,5,noise,0.0,200,200,275,4,"{""backend"": ""aeon""}","{""init"": ""random"", ""max_iter"": 300, ""method"": ""alternate""}"
Trace,sbd,sliding,0.38172444999296534,0.5028837084715381,2.420677200000682,42,6,noise,0.0,200,200,275,4,"{""backend"": ""aeon"", ""n_jobs"": -1, ""candidate_k"": 20, ""paa_segments"": 32}","{""init"": ""random"", ""max_iter"": 300, ""method"": ""alternate""}"
Trace,idk,distributional,0.03175250987518855,0.10067139291339597,44.75679120000041,42,6,noise,0.0,200,200,275,4,"{""backend"": ""aeon""}","{""init"": ""random"", ""max_iter"": 300, ""method"": ""alternate""}"
Trace,sbd,sliding,0.663572323010511,0.7522843471933998,2.4607653000002756,42,7,noise,0.0,200,200,275,4,"{""backend"": ""aeon"", ""n_jobs"": -1, ""candidate_k"": 20, ""paa_segments"": 32}","{""init"": ""random"", ""max_iter"": 300, ""method"": ""alternate""}"
Trace,idk,distributional,0.198726354241998,0.2416015186487256,47.6134617000007,42,7,noise,0.0,200,200,275,4,"{""backend"": ""aeon""}","{""init"": ""random"", ""max_iter"": 300, ""method"": ""alternate""}"
Trace,sbd,sliding,0.6619090643948742,0.7503161040328223,2.4778089000001273,42,8,noise,0.0,200,200,275,4,"{""backend"": ""aeon"", ""n_jobs"": -1, ""candidate_k"": 20, ""paa_segments"": 32}","{""init"": ""random"", ""max_iter"": 300, ""method"": ""alternate""}"
Trace,idk,distributional,0.2101014386762169,0.28631796939860354,50.74435210000047,42,8,noise,0.0,200,200,275,4,"{""backend"": ""aeon""}","{""init"": ""random"", ""max_iter"": 300, ""method"": ""alternate""}"
Trace,sbd,sliding,0.38381938142156735,0.49941701495449226,2.463762900000802,42,9,noise,0.0,200,200,275,4,"{""backend"": ""aeon"", ""n_jobs"": -1, ""candidate_k"": 20, ""paa_segments"": 32}","{""init"": ""random"", ""max_iter"": 300, ""method"": ""alternate""}"
Trace,idk,distributional,0.22228368458441866,0.2743465316026243,46.462504799999806,42,9,noise,0.0,200,200,275,4,"{""backend"": ""aeon""}","{""init"": ""random"", ""max_iter"": 300, ""method"": ""alternate""}"
Trace,sbd,sliding,0.6258062067299321,0.800246559228825,3.3003097000000707,42,10,noise,0.0,200,200,275,4,"{""backend"": ""aeon"", ""n_jobs"": -1, ""candidate_k"": 20, ""paa_segments"": 32}","{""init"": ""random"", ""max_iter"": 300, ""method"": ""alternate""}"
Trace,idk,distributional,0.23330501058932443,0.2858748384869865,42.30596699999933,42,10,noise,0.0,200,200,275,4,"{""backend"": ""aeon""}","{""init"": ""random"", ""max_iter"": 300, ""method"": ""alternate""}"
Trace,sbd,sliding,0.6258062067299321,0.800246559228825,2.4954201000000467,42,1,noise,0.1,200,200,275,4,"{""backend"": ""aeon"", ""n_jobs"": -1, ""candidate_k"": 20, ""paa_segments"": 32}","{""init"": ""random"", ""max_iter"": 300, ""method"": ""alternate""}"
Trace,idk,distributional,0.4000756060416101,0.45152656557652027,44.06990859999951,42,1,noise,0.1,200,200,275,4,"{""backend"": ""aeon""}","{""init"": ""random"", ""max_iter"": 300, ""method"": ""alternate""}"
Trace,sbd,sliding,0.6640998738801427,0.7515970668041965,3.2878955999995014,42,2,noise,0.1,200,200,275,4,"{""backend"": ""aeon"", ""n_jobs"": -1, ""candidate_k"": 20, ""paa_segments"": 32}","{""init"": ""random"", ""max_iter"": 300, ""method"": ""alternate""}"
Trace,idk,distributional,0.30684976160265154,0.34517327289926275,42.08274789999996,42,2,noise,0.1,200,200,275,4,"{""backend"": ""aeon""}","{""init"": ""random"", ""max_iter"": 300, ""method"": ""alternate""}"
Trace,sbd,sliding,0.6640998738801427,0.7515970668041965,2.4297292000001107,42,3,noise,0.1,200,200,275,4,"{""backend"": ""aeon"", ""n_jobs"": -1, ""candidate_k"": 20, ""paa_segments"": 32}","{""init"": ""random"", ""max_iter"": 300, ""method"": ""alternate""}"
Trace,idk,distributional,0.39927591021035624,0.4612773811148148,62.72102050000103,42,3,noise,0.1,200,200,275,4,"{""backend"": ""aeon""}","{""init"": ""random"", ""max_iter"": 300, ""method"": ""alternate""}"
Trace,sbd,sliding,0.663572323010511,0.7522843471933999,2.591475299999729,42,4,noise,0.1,200,200,275,4,"{""backend"": ""aeon"", ""n_jobs"": -1, ""candidate_k"": 20, ""paa_segments"": 32}","{""init"": ""random"", ""max_iter"": 300, ""method"": ""alternate""}"
Trace,idk,distributional,0.36029216845554995,0.3950489105394041,69.22754890000033,42,4,noise,0.1,200,200,275,4,"{""backend"": ""aeon""}","{""init"": ""random"", ""max_iter"": 300, ""method"": ""alternate""}"
Trace,sbd,sliding,0.6258062067299321,0.800246559228825,2.4932160999978805,42,5,noise,0.1,200,200,275,4,"{""backend"": ""aeon"", ""n_jobs"": -1, ""candidate_k"": 20, ""paa_segments"": 32}","{""init"": ""random"", ""max_iter"": 300, ""method"": ""alternate""}"
Trace,idk,distributional,0.36233774962984644,0.4015690048168065,60.48619560000043,42,5,noise,0.1,200,200,275,4,"{""backend"": ""aeon""}","{""init"": ""random"", ""max_iter"": 300, ""method"": ""alternate""}"
Trace,sbd,sliding,0.38804121058387786,0.5133529574667145,2.7107670000004873,42,6,noise,0.1,200,200,275,4,"{""backend"": ""aeon"", ""n_jobs"": -1, ""candidate_k"": 20, ""paa_segments"": 32}","{""init"": ""random"", ""max_iter"": 300, ""method"": ""alternate""}"
Trace,idk,distributional,0.06801394211438998,0.1371464231027202,61.38042570000107,42,6,noise,0.1,200,200,275,4,"{""backend"": ""aeon""}","{""init"": ""random"", ""max_iter"": 300, ""method"": ""alternate""}"
Trace,sbd,sliding,0.663572323010511,0.7522843471933998,2.6381684000025416,42,7,noise,0.1,200,200,275,4,"{""backend"": ""aeon"", ""n_jobs"": -1, ""candidate_k"": 20, ""paa_segments"": 32}","{""init"": ""random"", ""max_iter"": 300, ""method"": ""alternate""}"
Trace,idk,distributional,0.42139062305479036,0.4966185812871777,68.79182299999957,42,7,noise,0.1,200,200,275,4,"{""backend"": ""aeon""}","{""init"": ""random"", ""max_iter"": 300, ""method"": ""alternate""}"
Trace,sbd,sliding,0.6640998738801427,0.7515970668041965,2.622293599999466,42,8,noise,0.1,200,200,275,4,"{""backend"": ""aeon"", ""n_jobs"": -1, ""candidate_k"": 20, ""paa_segments"": 32}","{""init"": ""random"", ""max_iter"": 300, ""method"": ""alternate""}"
Trace,idk,distributional,0.39927591021035624,0.4612773811148148,68.68979349999972,42,8,noise,0.1,200,200,275,4,"{""backend"": ""aeon""}","{""init"": ""random"", ""max_iter"": 300, ""method"": ""alternate""}"
Trace,sbd,sliding,0.6640998738801427,0.7515970668041965,2.679655100000673,42,9,noise,0.1,200,200,275,4,"{""backend"": ""aeon"", ""n_jobs"": -1, ""candidate_k"": 20, ""paa_segments"": 32}","{""init"": ""random"", ""max_iter"": 300, ""method"": ""alternate""}"
Trace,idk,distributional,0.30402715649884204,0.34309561454048865,45.78665650000039,42,9,noise,0.1,200,200,275,4,"{""backend"": ""aeon""}","{""init"": ""random"", ""max_iter"": 300, ""method"": ""alternate""}"
Trace,sbd,sliding,0.6258062067299321,0.800246559228825,2.5430111000005127,42,10,noise,0.1,200,200,275,4,"{""backend"": ""aeon"", ""n_jobs"": -1, ""candidate_k"": 20, ""paa_segments"": 32}","{""init"": ""random"", ""max_iter"": 300, ""method"": ""alternate""}"
Trace,idk,distributional,0.38166612796348826,0.40641275025400286,44.09296490000088,42,10,noise,0.1,200,200,275,4,"{""backend"": ""aeon""}","{""init"": ""random"", ""max_iter"": 300, ""method"": ""alternate""}"
Trace,sbd,sliding,0.6265193183816744,0.8005557179615888,3.2319705999998405,42,1,noise,0.2,200,200,275,4,"{""backend"": ""aeon"", ""n_jobs"": -1, ""candidate_k"": 20, ""paa_segments"": 32}","{""init"": ""random"", ""max_iter"": 300, ""method"": ""alternate""}"
Trace,idk,distributional,0.5097095647159019,0.5382541947381287,42.956910800001424,42,1,noise,0.2,200,200,275,4,"{""backend"": ""aeon""}","{""init"": ""random"", ""max_iter"": 300, ""method"": ""alternate""}"
Trace,sbd,sliding,0.6621061224489796,0.7502886160011997,2.4921594000006735,42,2,noise,0.2,200,200,275,4,"{""backend"": ""aeon"", ""n_jobs"": -1, ""candidate_k"": 20, ""paa_segments"": 32}","{""init"": ""random"", ""max_iter"": 300, ""method"": ""alternate""}"
Trace,idk,distributional,0.4403804891167718,0.47027801862126223,42.372626400001536,42,2,noise,0.2,200,200,275,4,"{""backend"": ""aeon""}","{""init"": ""random"", ""max_iter"": 300, ""method"": ""alternate""}"
Trace,sbd,sliding,0.6621061224489796,0.7502886160011997,2.4833534000008513,42,3,noise,0.2,200,200,275,4,"{""backend"": ""aeon"", ""n_jobs"": -1, ""candidate_k"": 20, ""paa_segments"": 32}","{""init"": ""random"", ""max_iter"": 300, ""method"": ""alternate""}"
Trace,idk,distributional,0.28188890560403296,0.3672643772903548,42.55663319999985,42,3,noise,0.2,200,200,275,4,"{""backend"": ""aeon""}","{""init"": ""random"", ""max_iter"": 300, ""method"": ""alternate""}"
Trace,sbd,sliding,0.663572323010511,0.7522843471933999,2.4286582999993698,42,4,noise,0.2,200,200,275,4,"{""backend"": ""aeon"", ""n_jobs"": -1, ""candidate_k"": 20, ""paa_segments"": 32}","{""init"": ""random"", ""max_iter"": 300, ""method"": ""alternate""}"
Trace,idk,distributional,0.21958166380984884,0.27526104824161396,47.61814020000202,42,4,noise,0.2,200,200,275,4,"{""backend"": ""aeon""}","{""init"": ""random"", ""max_iter"": 300, ""method"": ""alternate""}"
Trace,sbd,sliding,0.6265193183816744,0.8005557179615888,3.294641899998169,42,5,noise,0.2,200,200,275,4,"{""backend"": ""aeon"", ""n_jobs"": -1, ""candidate_k"": 20, ""paa_segments"": 32}","{""init"": ""random"", ""max_iter"": 300, ""method"": ""alternate""}"
Trace,idk,distributional,0.43876030543797145,0.49023286857514864,49.762364700000035,42,5,noise,0.2,200,200,275,4,"{""backend"": ""aeon""}","{""init"": ""random"", ""max_iter"": 300, ""method"": ""alternate""}"
Trace,sbd,sliding,0.3882850674435775,0.5135764483598612,2.8132920999978523,42,6,noise,0.2,200,200,275,4,"{""backend"": ""aeon"", ""n_jobs"": -1, ""candidate_k"": 20, ""paa_segments"": 32}","{""init"": ""random"", ""max_iter"": 300, ""method"": ""alternate""}"
Trace,idk,distributional,0.1919859248269564,0.2418549996032668,37.67945580000196,42,6,noise,0.2,200,200,275,4,"{""backend"": ""aeon""}","{""init"": ""random"", ""max_iter"": 300, ""method"": ""alternate""}"
Trace,sbd,sliding,0.663572323010511,0.7522843471933998,2.4363517000001593,42,7,noise,0.2,200,200,275,4,"{""backend"": ""aeon"", ""n_jobs"": -1, ""candidate_k"": 20, ""paa_segments"": 32}","{""init"": ""random"", ""max_iter"": 300, ""method"": ""alternate""}"
Trace,idk,distributional,0.47586333835736944,0.5517652879472078,37.26375460000054,42,7,noise,0.2,200,200,275,4,"{""backend"": ""aeon""}","{""init"": ""random"", ""max_iter"": 300, ""method"": ""alternate""}"
Trace,sbd,sliding,0.6621061224489796,0.7502886160011997,2.4995405999998184,42,8,noise,0.2,200,200,275,4,"{""backend"": ""aeon"", ""n_jobs"": -1, ""candidate_k"": 20, ""paa_segments"": 32}","{""init"": ""random"", ""max_iter"": 300, ""method"": ""alternate""}"
Trace,idk,distributional,0.46839353751013535,0.5531013018278732,54.75143569999818,42,8,noise,0.2,200,200,275,4,"{""backend"": ""aeon""}","{""init"": ""random"", ""max_iter"": 300, ""method"": ""alternate""}"
Trace,sbd,sliding,0.6621061224489796,0.7502886160011997,2.43905249999807,42,9,noise,0.2,200,200,275,4,"{""backend"": ""aeon"", ""n_jobs"": -1, ""candidate_k"": 20, ""paa_segments"": 32}","{""init"": ""random"", ""max_iter"": 300, ""method"": ""alternate""}"
Trace,idk,distributional,0.26611932875835126,0.3022829785092299,39.83859819999816,42,9,noise,0.2,200,200,275,4,"{""backend"": ""aeon""}","{""init"": ""random"", ""max_iter"": 300, ""method"": ""alternate""}"
Trace,sbd,sliding,0.6265193183816744,0.8005557179615889,4.276192200000878,42,10,noise,0.2,200,200,275,4,"{""backend"": ""aeon"", ""n_jobs"": -1, ""candidate_k"": 20, ""paa_segments"": 32}","{""init"": ""random"", ""max_iter"": 300, ""method"": ""alternate""}"
Trace,idk,distributional,0.5097095647159019,0.5382541947381289,40.43041739999899,42,10,noise,0.2,200,200,275,4,"{""backend"": ""aeon""}","{""init"": ""random"", ""max_iter"": 300, ""method"": ""alternate""}"
Trace,sbd,sliding,0.6068170025798276,0.7705793477772628,2.507715100000496,42,1,noise,0.4,200,200,275,4,"{""backend"": ""aeon"", ""n_jobs"": -1, ""candidate_k"": 20, ""paa_segments"": 32}","{""init"": ""random"", ""max_iter"": 300, ""method"": ""alternate""}"
Trace,idk,distributional,0.6356719124096907,0.7075049759867547,43.83030130000043,42,1,noise,0.4,200,200,275,4,"{""backend"": ""aeon""}","{""init"": ""random"", ""max_iter"": 300, ""method"": ""alternate""}"
Trace,sbd,sliding,0.6516332187155852,0.7361351878366231,2.509041999997862,42,2,noise,0.4,200,200,275,4,"{""backend"": ""aeon"", ""n_jobs"": -1, ""candidate_k"": 20, ""paa_segments"": 32}","{""init"": ""random"", ""max_iter"": 300, ""method"": ""alternate""}"
Trace,idk,distributional,0.33318494614055116,0.41694404158190507,39.36818049999965,42,2,noise,0.4,200,200,275,4,"{""backend"": ""aeon""}","{""init"": ""random"", ""max_iter"": 300, ""method"": ""alternate""}"
Trace,sbd,sliding,0.6367285363350008,0.7212008687957184,2.4526244000007864,42,3,noise,0.4,200,200,275,4,"{""backend"": ""aeon"", ""n_jobs"": -1, ""candidate_k"": 20, ""paa_segments"": 32}","{""init"": ""random"", ""max_iter"": 300, ""method"": ""alternate""}"
Trace,idk,distributional,0.5968285534641532,0.6583469552916494,40.01271160000033,42,3,noise,0.4,200,200,275,4,"{""backend"": ""aeon""}","{""init"": ""random"", ""max_iter"": 300, ""method"": ""alternate""}"
Trace,sbd,sliding,0.6497268999332911,0.7339758160332079,2.434998999999152,42,4,noise,0.4,200,200,275,4,"{""backend"": ""aeon"", ""n_jobs"": -1, ""candidate_k"": 20, ""paa_segments"": 32}","{""init"": ""random"", ""max_iter"": 300, ""method"": ""alternate""}"
Trace,idk,distributional,0.4843073639471374,0.5413986102838831,39.99257920000127,42,4,noise,0.4,200,200,275,4,"{""backend"": ""aeon""}","{""init"": ""random"", ""max_iter"": 300, ""method"": ""alternate""}"
Trace,sbd,sliding,0.6069618065208615,0.7709366177510584,2.454177899999195,42,5,noise,0.4,200,200,275,4,"{""backend"": ""aeon"", ""n_jobs"": -1, ""candidate_k"": 20, ""paa_segments"": 32}","{""init"": ""random"", ""max_iter"": 300, ""method"": ""alternate""}"
Trace,idk,distributional,0.3266408653811481,0.4257561000461348,53.82086789999994,42,5,noise,0.4,200,200,275,4,"{""backend"": ""aeon""}","{""init"": ""random"", ""max_iter"": 300, ""method"": ""alternate""}"
Trace,sbd,sliding,0.4034205166375964,0.5291115124284002,2.429806300000564,42,6,noise,0.4,200,200,275,4,"{""backend"": ""aeon"", ""n_jobs"": -1, ""candidate_k"": 20, ""paa_segments"": 32}","{""init"": ""random"", ""max_iter"": 300, ""method"": ""alternate""}"
Trace,idk,distributional,0.30031249856959485,0.3904438045978568,41.50129449999804,42,6,noise,0.4,200,200,275,4,"{""backend"": ""aeon""}","{""init"": ""random"", ""max_iter"": 300, ""method"": ""alternate""}"
Trace,sbd,sliding,0.6497268999332911,0.7339758160332079,3.3293507999987924,42,7,noise,0.4,200,200,275,4,"{""backend"": ""aeon"", ""n_jobs"": -1, ""candidate_k"": 20, ""paa_segments"": 32}","{""init"": ""random"", ""max_iter"": 300, ""method"": ""alternate""}"
Trace,idk,distributional,0.32622557465359553,0.4224986530409287,38.715195000000676,42,7,noise,0.4,200,200,275,4,"{""backend"": ""aeon""}","{""init"": ""random"", ""max_iter"": 300, ""method"": ""alternate""}"
Trace,sbd,sliding,0.6319719472688161,0.7894584283980275,2.43141519999881,42,8,noise,0.4,200,200,275,4,"{""backend"": ""aeon"", ""n_jobs"": -1, ""candidate_k"": 20, ""paa_segments"": 32}","{""init"": ""random"", ""max_iter"": 300, ""method"": ""alternate""}"
Trace,idk,distributional,0.4727975944287327,0.527504790296131,53.657856199999515,42,8,noise,0.4,200,200,275,4,"{""backend"": ""aeon""}","{""init"": ""random"", ""max_iter"": 300, ""method"": ""alternate""}"
Trace,sbd,sliding,0.6387051937172211,0.7233228873469739,2.4313786000002438,42,9,noise,0.4,200,200,275,4,"{""backend"": ""aeon"", ""n_jobs"": -1, ""candidate_k"": 20, ""paa_segments"": 32}","{""init"": ""random"", ""max_iter"": 300, ""method"": ""alternate""}"
Trace,idk,distributional,0.5308064826118851,0.5874097715678911,39.90579160000016,42,9,noise,0.4,200,200,275,4,"{""backend"": ""aeon""}","{""init"": ""random"", ""max_iter"": 300, ""method"": ""alternate""}"
Trace,sbd,sliding,0.6161803183842245,0.782758810395865,3.3159673000009207,42,10,noise,0.4,200,200,275,4,"{""backend"": ""aeon"", ""n_jobs"": -1, ""candidate_k"": 20, ""paa_segments"": 32}","{""init"": ""random"", ""max_iter"": 300, ""method"": ""alternate""}"
Trace,idk,distributional,0.5663036618824728,0.6205975607658749,40.85962140000083,42,10,noise,0.4,200,200,275,4,"{""backend"": ""aeon""}","{""init"": ""random"", ""max_iter"": 300, ""method"": ""alternate""}"
Trace,sbd,sliding,0.5697861954741139,0.7142456085532592,2.4169480000000476,42,1,noise,0.8,200,200,275,4,"{""backend"": ""aeon"", ""n_jobs"": -1, ""candidate_k"": 20, ""paa_segments"": 32}","{""init"": ""random"", ""max_iter"": 300, ""method"": ""alternate""}"
Trace,idk,distributional,0.37080969606498526,0.45307741558083325,42.887007999999696,42,1,noise,0.8,200,200,275,4,"{""backend"": ""aeon""}","{""init"": ""random"", ""max_iter"": 300, ""method"": ""alternate""}"
Trace,sbd,sliding,0.32660101497078514,0.5016136754742485,2.435116900000139,42,2,noise,0.8,200,200,275,4,"{""backend"": ""aeon"", ""n_jobs"": -1, ""candidate_k"": 20, ""paa_segments"": 32}","{""init"": ""random"", ""max_iter"": 300, ""method"": ""alternate""}"
Trace,idk,distributional,0.2731921110299489,0.3127144486247024,39.67752060000021,42,2,noise,0.8,200,200,275,4,"{""backend"": ""aeon""}","{""init"": ""random"", ""max_iter"": 300, ""method"": ""alternate""}"
Trace,sbd,sliding,0.5421102951204998,0.6393267082734644,3.2889991000010923,42,3,noise,0.8,200,200,275,4,"{""backend"": ""aeon"", ""n_jobs"": -1, ""candidate_k"": 20, ""paa_segments"": 32}","{""init"": ""random"", ""max_iter"": 300, ""method"": ""alternate""}"
Trace,idk,distributional,0.2657001978014249,0.3941767711789262,40.54754940000021,42,3,noise,0.8,200,200,275,4,"{""backend"": ""aeon""}","{""init"": ""random"", ""max_iter"": 300, ""method"": ""alternate""}"
Trace,sbd,sliding,0.33875073220086266,0.5065525361917411,4.225695799999812,42,4,noise,0.8,200,200,275,4,"{""backend"": ""aeon"", ""n_jobs"": -1, ""candidate_k"": 20, ""paa_segments"": 32}","{""init"": ""random"", ""max_iter"": 300, ""method"": ""alternate""}"
Trace,idk,distributional,0.26606266034795384,0.3260421179677628,40.88120130000061,42,4,noise,0.8,200,200,275,4,"{""backend"": ""aeon""}","{""init"": ""random"", ""max_iter"": 300, ""method"": ""alternate""}"
Trace,sbd,sliding,0.5544882503116736,0.7063273240178928,3.311936899999637,42,5,noise,0.8,200,200,275,4,"{""backend"": ""aeon"", ""n_jobs"": -1, ""candidate_k"": 20, ""paa_segments"": 32}","{""init"": ""random"", ""max_iter"": 300, ""method"": ""alternate""}"
Trace,idk,distributional,0.3146261972490573,0.39059345274215224,54.4696186000001,42,5,noise,0.8,200,200,275,4,"{""backend"": ""aeon""}","{""init"": ""random"", ""max_iter"": 300, ""method"": ""alternate""}"
Trace,sbd,sliding,0.4239368329388001,0.5708334160014109,2.4003952000002755,42,6,noise,0.8,200,200,275,4,"{""backend"": ""aeon"", ""n_jobs"": -1, ""candidate_k"": 20, ""paa_segments"": 32}","{""init"": ""random"", ""max_iter"": 300, ""method"": ""alternate""}"
Trace,idk,distributional,0.30925274660223173,0.37985310125078514,40.06603199999881,42,6,noise,0.8,200,200,275,4,"{""backend"": ""aeon""}","{""init"": ""random"", ""max_iter"": 300, ""method"": ""alternate""}"
Trace,sbd,sliding,0.5434065265860415,0.6404361370775179,2.418817300000228,42,7,noise,0.8,200,200,275,4,"{""backend"": ""aeon"", ""n_jobs"": -1, ""candidate_k"": 20, ""paa_segments"": 32}","{""init"": ""random"", ""max_iter"": 300, ""method"": ""alternate""}"
Trace,idk,distributional,0.23670363432816147,0.3093032019551833,40.654028500001004,42,7,noise,0.8,200,200,275,4,"{""backend"": ""aeon""}","{""init"": ""random"", ""max_iter"": 300, ""method"": ""alternate""}"
Trace,sbd,sliding,0.4884680833668401,0.6415087639240182,2.4428817000007257,42,8,noise,0.8,200,200,275,4,"{""backend"": ""aeon"", ""n_jobs"": -1, ""candidate_k"": 20, ""paa_segments"": 32}","{""init"": ""random"", ""max_iter"": 300, ""method"": ""alternate""}"
Trace,idk,distributional,0.3548478286343405,0.39363881181059035,53.70088340000075,42,8,noise,0.8,200,200,275,4,"{""backend"": ""aeon""}","{""init"": ""random"", ""max_iter"": 300, ""method"": ""alternate""}"
Trace,sbd,sliding,0.5421102951204998,0.6393267082734644,2.4235236999993504,42,9,noise,0.8,200,200,275,4,"{""backend"": ""aeon"", ""n_jobs"": -1, ""candidate_k"": 20, ""paa_segments"": 32}","{""init"": ""random"", ""max_iter"": 300, ""method"": ""alternate""}"
Trace,idk,distributional,0.3566112288299124,0.4041924740667981,43.46814380000069,42,9,noise,0.8,200,200,275,4,"{""backend"": ""aeon""}","{""init"": ""random"", ""max_iter"": 300, ""method"": ""alternate""}"
Trace,sbd,sliding,0.5794434927767614,0.7315998302344229,2.4879817000000912,42,10,noise,0.8,200,200,275,4,"{""backend"": ""aeon"", ""n_jobs"": -1, ""candidate_k"": 20, ""paa_segments"": 32}","{""init"": ""random"", ""max_iter"": 300, ""method"": ""alternate""}"
Trace,idk,distributional,0.2706432866067092,0.3979177573671927,40.82095939999999,42,10,noise,0.8,200,200,275,4,"{""backend"": ""aeon""}","{""init"": ""random"", ""max_iter"": 300, ""method"": ""alternate""}"
Trace,sbd,sliding,0.6258062067299321,0.800246559228825,2.4623811000001297,42,1,shift,0.0,200,200,275,4,"{""backend"": ""aeon"", ""n_jobs"": -1, ""candidate_k"": 20, ""paa_segments"": 32}","{""init"": ""random"", ""max_iter"": 300, ""method"": ""alternate""}"
Trace,idk,distributional,0.15599917483014802,0.24029383127825135,41.7989278999994,42,1,shift,0.0,200,200,275,4,"{""backend"": ""aeon""}","{""init"": ""random"", ""max_iter"": 300, ""method"": ""alternate""}"
Trace,sbd,sliding,0.6619090643948742,0.7503161040328223,2.8077760999985912,42,2,shift,0.0,200,200,275,4,"{""backend"": ""aeon"", ""n_jobs"": -1, ""candidate_k"": 20, ""paa_segments"": 32}","{""init"": ""random"", ""max_iter"": 300, ""method"": ""alternate""}"
Trace,idk,distributional,0.1952401501166655,0.24447440435710863,41.31009179999819,42,2,shift,0.0,200,200,275,4,"{""backend"": ""aeon""}","{""init"": ""random"", ""max_iter"": 300, ""method"": ""alternate""}"
Trace,sbd,sliding,0.6619090643948742,0.7503161040328223,3.3548439999995026,42,3,shift,0.0,200,200,275,4,"{""backend"": ""aeon"", ""n_jobs"": -1, ""candidate_k"": 20, ""paa_segments"": 32}","{""init"": ""random"", ""max_iter"": 300, ""method"": ""alternate""}"
Trace,idk,distributional,0.20740003854834396,0.2721365953336342,39.56780500000241,42,3,shift,0.0,200,200,275,4,"{""backend"": ""aeon""}","{""init"": ""random"", ""max_iter"": 300, ""method"": ""alternate""}"
Trace,sbd,sliding,0.663572323010511,0.7522843471933999,2.439147500001127,42,4,shift,0.0,200,200,275,4,"{""backend"": ""aeon"", ""n_jobs"": -1, ""candidate_k"": 20, ""paa_segments"": 32}","{""init"": ""random"", ""max_iter"": 300, ""method"": ""alternate""}"
Trace,idk,distributional,0.16839192218415824,0.23222368754698516,43.02856090000023,42,4,shift,0.0,200,200,275,4,"{""backend"": ""aeon""}","{""init"": ""random"", ""max_iter"": 300, ""method"": ""alternate""}"
Trace,sbd,sliding,0.6258062067299321,0.800246559228825,2.4410564999998314,42,5,shift,0.0,200,200,275,4,"{""backend"": ""aeon"", ""n_jobs"": -1, ""candidate_k"": 20, ""paa_segments"": 32}","{""init"": ""random"", ""max_iter"": 300, ""method"": ""alternate""}"
Trace,idk,distributional,0.22869822503868004,0.2658542436731486,54.47554990000026,42,5,shift,0.0,200,200,275,4,"{""backend"": ""aeon""}","{""init"": ""random"", ""max_iter"": 300, ""method"": ""alternate""}"
Trace,sbd,sliding,0.38172444999296534,0.5028837084715381,4.328950299999633,42,6,shift,0.0,200,200,275,4,"{""backend"": ""aeon"", ""n_jobs"": -1, ""candidate_k"": 20, ""paa_segments"": 32}","{""init"": ""random"", ""max_iter"": 300, ""method"": ""alternate""}"
Trace,idk,distributional,0.03175250987518855,0.10067139291339597,40.37189010000111,42,6,shift,0.0,200,200,275,4,"{""backend"": ""aeon""}","{""init"": ""random"", ""max_iter"": 300, ""method"": ""alternate""}"
Trace,sbd,sliding,0.663572323010511,0.7522843471933998,3.295890600000348,42,7,shift,0.0,200,200,275,4,"{""backend"": ""aeon"", ""n_jobs"": -1, ""candidate_k"": 20, ""paa_segments"": 32}","{""init"": ""random"", ""max_iter"": 300, ""method"": ""alternate""}"
Trace,idk,distributional,0.198726354241998,0.2416015186487256,41.29446960000132,42,7,shift,0.0,200,200,275,4,"{""backend"": ""aeon""}","{""init"": ""random"", ""max_iter"": 300, ""method"": ""alternate""}"
Trace,sbd,sliding,0.6619090643948742,0.7503161040328223,2.437805899999148,42,8,shift,0.0,200,200,275,4,"{""backend"": ""aeon"", ""n_jobs"": -1, ""candidate_k"": 20, ""paa_segments"": 32}","{""init"": ""random"", ""max_iter"": 300, ""method"": ""alternate""}"
Trace,idk,distributional,0.2101014386762169,0.28631796939860354,53.88371229999939,42,8,shift,0.0,200,200,275,4,"{""backend"": ""aeon""}","{""init"": ""random"", ""max_iter"": 300, ""method"": ""alternate""}"
Trace,sbd,sliding,0.38381938142156735,0.49941701495449226,2.4492161000016495,42,9,shift,0.0,200,200,275,4,"{""backend"": ""aeon"", ""n_jobs"": -1, ""candidate_k"": 20, ""paa_segments"": 32}","{""init"": ""random"", ""max_iter"": 300, ""method"": ""alternate""}"
Trace,idk,distributional,0.22228368458441866,0.2743465316026243,40.92283280000083,42,9,shift,0.0,200,200,275,4,"{""backend"": ""aeon""}","{""init"": ""random"", ""max_iter"": 300, ""method"": ""alternate""}"
Trace,sbd,sliding,0.6258062067299321,0.800246559228825,3.3905506000010064,42,10,shift,0.0,200,200,275,4,"{""backend"": ""aeon"", ""n_jobs"": -1, ""candidate_k"": 20, ""paa_segments"": 32}","{""init"": ""random"", ""max_iter"": 300, ""method"": ""alternate""}"
Trace,idk,distributional,0.23330501058932443,0.2858748384869865,41.67292670000097,42,10,shift,0.0,200,200,275,4,"{""backend"": ""aeon""}","{""init"": ""random"", ""max_iter"": 300, ""method"": ""alternate""}"
Trace,sbd,sliding,0.625724539834128,0.7875137170295846,2.424381299999368,42,1,shift,5.0,200,200,275,4,"{""backend"": ""aeon"", ""n_jobs"": -1, ""candidate_k"": 20, ""paa_segments"": 32}","{""init"": ""random"", ""max_iter"": 300, ""method"": ""alternate""}"
Trace,idk,distributional,0.14773220666745032,0.23228290772861176,41.44883060000029,42,1,shift,5.0,200,200,275,4,"{""backend"": ""aeon""}","{""init"": ""random"", ""max_iter"": 300, ""method"": ""alternate""}"
Trace,sbd,sliding,0.6655235055431996,0.7525044461276025,2.471213100001478,42,2,shift,5.0,200,200,275,4,"{""backend"": ""aeon"", ""n_jobs"": -1, ""candidate_k"": 20, ""paa_segments"": 32}","{""init"": ""random"", ""max_iter"": 300, ""method"": ""alternate""}"
Trace,idk,distributional,0.16077580466596628,0.2351646672730235,41.76137100000051,42,2,shift,5.0,200,200,275,4,"{""backend"": ""aeon""}","{""init"": ""random"", ""max_iter"": 300, ""method"": ""alternate""}"
Trace,sbd,sliding,0.6621989602857447,0.7503973674900298,2.5218055000004824,42,3,shift,5.0,200,200,275,4,"{""backend"": ""aeon"", ""n_jobs"": -1, ""candidate_k"": 20, ""paa_segments"": 32}","{""init"": ""random"", ""max_iter"": 300, ""method"": ""alternate""}"
Trace,idk,distributional,0.2067823634022199,0.27505369331401114,39.630443500002,42,3,shift,5.0,200,200,275,4,"{""backend"": ""aeon""}","{""init"": ""random"", ""max_iter"": 300, ""method"": ""alternate""}"
Trace,sbd,sliding,0.3760739443788428,0.488012381462676,2.4645399000000907,42,4,shift,5.0,200,200,275,4,"{""backend"": ""aeon"", ""n_jobs"": -1, ""candidate_k"": 20, ""paa_segments"": 32}","{""init"": ""random"", ""max_iter"": 300, ""method"": ""alternate""}"
Trace,idk,distributional,0.26070787231303566,0.2911492911468272,41.23592909999934,42,4,shift,5.0,200,200,275,4,"{""backend"": ""aeon""}","{""init"": ""random"", ""max_iter"": 300, ""method"": ""alternate""}"
Trace,sbd,sliding,0.632208632453777,0.8030686221487029,2.4454174999991665,42,5,shift,5.0,200,200,275,4,"{""backend"": ""aeon"", ""n_jobs"": -1, ""candidate_k"": 20, ""paa_segments"": 32}","{""init"": ""random"", ""max_iter"": 300, ""method"": ""alternate""}"
Trace,idk,distributional,0.20711960037179772,0.2444855494249273,53.57549609999842,42,5,shift,5.0,200,200,275,4,"{""backend"": ""aeon""}","{""init"": ""random"", ""max_iter"": 300, ""method"": ""alternate""}"
Trace,sbd,sliding,0.38695811469180247,0.5039249151976947,2.5129161000004387,42,6,shift,5.0,200,200,275,4,"{""backend"": ""aeon"", ""n_jobs"": -1, ""candidate_k"": 20, ""paa_segments"": 32}","{""init"": ""random"", ""max_iter"": 300, ""method"": ""alternate""}"
Trace,idk,distributional,0.21567148693624819,0.25809102280128754,39.70801089999986,42,6,shift,5.0,200,200,275,4,"{""backend"": ""aeon""}","{""init"": ""random"", ""max_iter"": 300, ""method"": ""alternate""}"
Trace,sbd,sliding,0.3760739443788428,0.48801238146267606,2.448777199999313,42,7,shift,5.0,200,200,275,4,"{""backend"": ""aeon"", ""n_jobs"": -1, ""candidate_k"": 20, ""paa_segments"": 32}","{""init"": ""random"", ""max_iter"": 300, ""method"": ""alternate""}"
Trace,idk,distributional,0.21688821329573038,0.29151114936390726,41.83452100000068,42,7,shift,5.0,200,200,275,4,"{""backend"": ""aeon""}","{""init"": ""random"", ""max_iter"": 300, ""method"": ""alternate""}"
Trace,sbd,sliding,0.6655235055431996,0.7525044461276025,2.435190899999725,42,8,shift,5.0,200,200,275,4,"{""backend"": ""aeon"", ""n_jobs"": -1, ""candidate_k"": 20, ""paa_segments"": 32}","{""init"": ""random"", ""max_iter"": 300, ""method"": ""alternate""}"
Trace,idk,distributional,0.20738855272122234,0.27498798822735904,54.53718220000155,42,8,shift,5.0,200,200,275,4,"{""backend"": ""aeon""}","{""init"": ""random"", ""max_iter"": 300, ""method"": ""alternate""}"
Trace,sbd,sliding,0.632208632453777,0.8030686221487029,2.4355173999992985,42,9,shift,5.0,200,200,275,4,"{""backend"": ""aeon"", ""n_jobs"": -1, ""candidate_k"": 20, ""paa_segments"": 32}","{""init"": ""random"", ""max_iter"": 300, ""method"": ""alternate""}"
Trace,idk,distributional,0.2145101005911735,0.2649672167212765,42.107632000001104,42,9,shift,5.0,200,200,275,4,"{""backend"": ""aeon""}","{""init"": ""random"", ""max_iter"": 300, ""method"": ""alternate""}"
Trace,sbd,sliding,0.6092667024395367,0.7670493434067157,4.228347099999155,42,10,shift,5.0,200,200,275,4,"{""backend"": ""aeon"", ""n_jobs"": -1, ""candidate_k"": 20, ""paa_segments"": 32}","{""init"": ""random"", ""max_iter"": 300, ""method"": ""alternate""}"
Trace,idk,distributional,0.21421311879412158,0.26914473654225946,39.66933210000025,42,10,shift,5.0,200,200,275,4,"{""backend"": ""aeon""}","{""init"": ""random"", ""max_iter"": 300, ""method"": ""alternate""}"
Trace,sbd,sliding,0.5993451267831682,0.7671951781310296,4.2085535999995045,42,1,shift,10.0,200,200,275,4,"{""backend"": ""aeon"", ""n_jobs"": -1, ""candidate_k"": 20, ""paa_segments"": 32}","{""init"": ""random"", ""max_iter"": 300, ""method"": ""alternate""}"
Trace,idk,distributional,0.15269235422906557,0.2334750581321583,40.654994700000316,42,1,shift,10.0,200,200,275,4,"{""backend"": ""aeon""}","{""init"": ""random"", ""max_iter"": 300, ""method"": ""alternate""}"
Trace,sbd,sliding,0.3345696245302744,0.48096964782770407,2.415868500000215,42,2,shift,10.0,200,200,275,4,"{""backend"": ""aeon"", ""n_jobs"": -1, ""candidate_k"": 20, ""paa_segments"": 32}","{""init"": ""random"", ""max_iter"": 300, ""method"": ""alternate""}"
Trace,idk,distributional,0.20801988967446197,0.259952417803234,40.042038700001285,42,2,shift,10.0,200,200,275,4,"{""backend"": ""aeon""}","{""init"": ""random"", ""max_iter"": 300, ""method"": ""alternate""}"
Trace,sbd,sliding,0.3236934406533245,0.4751664893378656,2.4708461000009265,42,3,shift,10.0,200,200,275,4,"{""backend"": ""aeon"", ""n_jobs"": -1, ""candidate_k"": 20, ""paa_segments"": 32}","{""init"": ""random"", ""max_iter"": 300, ""method"": ""alternate""}"
Trace,idk,distributional,0.20413369271301707,0.2700391576795052,41.57843210000101,42,3,shift,10.0,200,200,275,4,"{""backend"": ""aeon""}","{""init"": ""random"", ""max_iter"": 300, ""method"": ""alternate""}"
Trace,sbd,sliding,0.3818658976983536,0.49295990335365414,2.4198120000000927,42,4,shift,10.0,200,200,275,4,"{""backend"": ""aeon"", ""n_jobs"": -1, ""candidate_k"": 20, ""paa_segments"": 32}","{""init"": ""random"", ""max_iter"": 300, ""method"": ""alternate""}"
Trace,idk,distributional,0.18090907164828224,0.23652138334369338,39.94961520000106,42,4,shift,10.0,200,200,275,4,"{""backend"": ""aeon""}","{""init"": ""random"", ""max_iter"": 300, ""method"": ""alternate""}"
Trace,sbd,sliding,0.5993451267831682,0.7671951781310297,2.4334157000012056,42,5,shift,10.0,200,200,275,4,"{""backend"": ""aeon"", ""n_jobs"": -1, ""candidate_k"": 20, ""paa_segments"": 32}","{""init"": ""random"", ""max_iter"": 300, ""method"": ""alternate""}"
Trace,idk,distributional,0.22728634752048044,0.2896749398017124,54.63057939999999,42,5,shift,10.0,200,200,275,4,"{""backend"": ""aeon""}","{""init"": ""random"", ""max_iter"": 300, ""method"": ""alternate""}"
Trace,sbd,sliding,0.3817823971180143,0.4920744518329401,4.214558999998189,42,6,shift,10.0,200,200,275,4,"{""backend"": ""aeon"", ""n_jobs"": -1, ""candidate_k"": 20, ""paa_segments"": 32}","{""init"": ""random"", ""max_iter"": 300, ""method"": ""alternate""}"
Trace,idk,distributional,0.27985133487198444,0.3295949340030763,40.34902189999957,42,6,shift,10.0,200,200,275,4,"{""backend"": ""aeon""}","{""init"": ""random"", ""max_iter"": 300, ""method"": ""alternate""}"
Trace,sbd,sliding,0.3813903098126843,0.4926268714232586,2.4142717000013363,42,7,shift,10.0,200,200,275,4,"{""backend"": ""aeon"", ""n_jobs"": -1, ""candidate_k"": 20, ""paa_segments"": 32}","{""init"": ""random"", ""max_iter"": 300, ""method"": ""alternate""}"
Trace,idk,distributional,0.2505787896629747,0.3135447634833965,42.97647510000024,42,7,shift,10.0,200,200,275,4,"{""backend"": ""aeon""}","{""init"": ""random"", ""max_iter"": 300, ""method"": ""alternate""}"
Trace,sbd,sliding,0.6406471572314425,0.7231775310647277,2.4172550000002957,42,8,shift,10.0,200,200,275,4,"{""backend"": ""aeon"", ""n_jobs"": -1, ""candidate_k"": 20, ""paa_segments"": 32}","{""init"": ""random"", ""max_iter"": 300, ""method"": ""alternate""}"
Trace,idk,distributional,0.17764719597770573,0.23494146032866442,54.75680370000009,42,8,shift,10.0,200,200,275,4,"{""backend"": ""aeon""}","{""init"": ""random"", ""max_iter"": 300, ""method"": ""alternate""}"
Trace,sbd,sliding,0.625378131410156,0.8000615761527523,2.426001499998165,42,9,shift,10.0,200,200,275,4,"{""backend"": ""aeon"", ""n_jobs"": -1, ""candidate_k"": 20, ""paa_segments"": 32}","{""init"": ""random"", ""max_iter"": 300, ""method"": ""alternate""}"
Trace,idk,distributional,0.20974250505339695,0.2640692702508616,40.56155349999972,42,9,shift,10.0,200,200,275,4,"{""backend"": ""aeon""}","{""init"": ""random"", ""max_iter"": 300, ""method"": ""alternate""}"
Trace,sbd,sliding,0.5680359058830641,0.7236741121397987,2.456544299999223,42,10,shift,10.0,200,200,275,4,"{""backend"": ""aeon"", ""n_jobs"": -1, ""candidate_k"": 20, ""paa_segments"": 32}","{""init"": ""random"", ""max_iter"": 300, ""method"": ""alternate""}"
Trace,idk,distributional,0.210997301596581,0.26634272115439767,41.70430440000018,42,10,shift,10.0,200,200,275,4,"{""backend"": ""aeon""}","{""init"": ""random"", ""max_iter"": 300, ""method"": ""alternate""}"
Trace,sbd,sliding,0.5119947066972685,0.6722245912125161,3.3689629999989847,42,1,shift,20.0,200,200,275,4,"{""backend"": ""aeon"", ""n_jobs"": -1, ""candidate_k"": 20, ""paa_segments"": 32}","{""init"": ""random"", ""max_iter"": 300, ""method"": ""alternate""}"
Trace,idk,distributional,0.16132873017673433,0.2496485589550511,38.91264539999975,42,1,shift,20.0,200,200,275,4,"{""backend"": ""aeon""}","{""init"": ""random"", ""max_iter"": 300, ""method"": ""alternate""}"
Trace,sbd,sliding,0.5767264330034451,0.6591915490859573,3.333217600000353,42,2,shift,20.0,200,200,275,4,"{""backend"": ""aeon"", ""n_jobs"": -1, ""candidate_k"": 20, ""paa_segments"": 32}","{""init"": ""random"", ""max_iter"": 300, ""method"": ""alternate""}"
Trace,idk,distributional,0.23572649258531028,0.2801601723770167,42.034315799997785,42,2,shift,20.0,200,200,275,4,"{""backend"": ""aeon""}","{""init"": ""random"", ""max_iter"": 300, ""method"": ""alternate""}"
Trace,sbd,sliding,0.2463176323010269,0.3588131764319309,2.374308900001779,42,3,shift,20.0,200,200,275,4,"{""backend"": ""aeon"", ""n_jobs"": -1, ""candidate_k"": 20, ""paa_segments"": 32}","{""init"": ""random"", ""max_iter"": 300, ""method"": ""alternate""}"
Trace,idk,distributional,0.2653968500318586,0.31239946921075445,40.130618299999696,42,3,shift,20.0,200,200,275,4,"{""backend"": ""aeon""}","{""init"": ""random"", ""max_iter"": 300, ""method"": ""alternate""}"
Trace,sbd,sliding,0.33545745490849005,0.45450238557735845,2.4739107999994303,42,4,shift,20.0,200,200,275,4,"{""backend"": ""aeon"", ""n_jobs"": -1, ""candidate_k"": 20, ""paa_segments"": 32}","{""init"": ""random"", ""max_iter"": 300, ""method"": ""alternate""}"
Trace,idk,distributional,0.32295762729728344,0.3696071630462303,41.662531600000875,42,4,shift,20.0,200,200,275,4,"{""backend"": ""aeon""}","{""init"": ""random"", ""max_iter"": 300, ""method"": ""alternate""}"
Trace,sbd,sliding,0.6476849717270547,0.7265677893385822,3.281718999998702,42,5,shift,20.0,200,200,275,4,"{""backend"": ""aeon"", ""n_jobs"": -1, ""candidate_k"": 20, ""paa_segments"": 32}","{""init"": ""random"", ""max_iter"": 300, ""method"": ""alternate""}"
Trace,idk,distributional,0.20763343850142768,0.2746680057781375,53.3909453999986,42,5,shift,20.0,200,200,275,4,"{""backend"": ""aeon""}","{""init"": ""random"", ""max_iter"": 300, ""method"": ""alternate""}"
Trace,sbd,sliding,0.35093115931772645,0.4466527405850367,2.4297017000008054,42,6,shift,20.0,200,200,275,4,"{""backend"": ""aeon"", ""n_jobs"": -1, ""candidate_k"": 20, ""paa_segments"": 32}","{""init"": ""random"", ""max_iter"": 300, ""method"": ""alternate""}"
Trace,idk,distributional,0.3187590925411641,0.37126048860836547,40.496526700000686,42,6,shift,20.0,200,200,275,4,"{""backend"": ""aeon""}","{""init"": ""random"", ""max_iter"": 300, ""method"": ""alternate""}"
Trace,sbd,sliding,0.33545745490849005,0.4545023855773584,3.37550359999841,42,7,shift,20.0,200,200,275,4,"{""backend"": ""aeon"", ""n_jobs"": -1, ""candidate_k"": 20, ""paa_segments"": 32}","{""init"": ""random"", ""max_iter"": 300, ""method"": ""alternate""}"
Trace,idk,distributional,0.3043954236793743,0.3488327392212704,39.82824090000031,42,7,shift,20.0,200,200,275,4,"{""backend"": ""aeon""}","{""init"": ""random"", ""max_iter"": 300, ""method"": ""alternate""}"
Trace,sbd,sliding,0.5294699052127925,0.6478216684773752,3.3601283000007243,42,8,shift,20.0,200,200,275,4,"{""backend"": ""aeon"", ""n_jobs"": -1, ""candidate_k"": 20, ""paa_segments"": 32}","{""init"": ""random"", ""max_iter"": 300, ""method"": ""alternate""}"
Trace,idk,distributional,0.2161677888467806,0.27844760408104835,52.64090009999927,42,8,shift,20.0,200,200,275,4,"{""backend"": ""aeon""}","{""init"": ""random"", ""max_iter"": 300, ""method"": ""alternate""}"
Trace,sbd,sliding,0.5767264330034451,0.6591915490859572,2.428759100002935,42,9,shift,20.0,200,200,275,4,"{""backend"": ""aeon"", ""n_jobs"": -1, ""candidate_k"": 20, ""paa_segments"": 32}","{""init"": ""random"", ""max_iter"": 300, ""method"": ""alternate""}"
Trace,idk,distributional,0.20742205598321967,0.2689432936278035,39.651355500000136,42,9,shift,20.0,200,200,275,4,"{""backend"": ""aeon""}","{""init"": ""random"", ""max_iter"": 300, ""method"": ""alternate""}"
Trace,sbd,sliding,0.5767264330034451,0.6591915490859572,3.3344839999990654,42,10,shift,20.0,200,200,275,4,"{""backend"": ""aeon"", ""n_jobs"": -1, ""candidate_k"": 20, ""paa_segments"": 32}","{""init"": ""random"", ""max_iter"": 300, ""method"": ""alternate""}"
Trace,idk,distributional,0.26426779459003763,0.29936922058575205,45.06436969999959,42,10,shift,20.0,200,200,275,4,"{""backend"": ""aeon""}","{""init"": ""random"", ""max_iter"": 300, ""method"": ""alternate""}"
Trace,sbd,sliding,0.3860330047423545,0.5555499260432494,3.2942856999998185,42,1,shift,30.0,200,200,275,4,"{""backend"": ""aeon"", ""n_jobs"": -1, ""candidate_k"": 20, ""paa_segments"": 32}","{""init"": ""random"", ""max_iter"": 300, ""method"": ""alternate""}"
Trace,idk,distributional,0.16759841249637167,0.246479518530097,40.477151799999774,42,1,shift,30.0,200,200,275,4,"{""backend"": ""aeon""}","{""init"": ""random"", ""max_iter"": 300, ""method"": ""alternate""}"
Trace,sbd,sliding,0.3163036545687551,0.4312265181450059,3.3427993999994214,42,2,shift,30.0,200,200,275,4,"{""backend"": ""aeon"", ""n_jobs"": -1, ""candidate_k"": 20, ""paa_segments"": 32}","{""init"": ""random"", ""max_iter"": 300, ""method"": ""alternate""}"
Trace,idk,distributional,0.16007819703302717,0.23676711681759677,41.262246099997355,42,2,shift,30.0,200,200,275,4,"{""backend"": ""aeon""}","{""init"": ""random"", ""max_iter"": 300, ""method"": ""alternate""}"
Trace,sbd,sliding,0.28512994628432003,0.37512256997496224,2.4490255000000616,42,3,shift,30.0,200,200,275,4,"{""backend"": ""aeon"", ""n_jobs"": -1, ""candidate_k"": 20, ""paa_segments"": 32}","{""init"": ""random"", ""max_iter"": 300, ""method"": ""alternate""}"
Trace,idk,distributional,0.2518083696039654,0.32668415003831786,41.64479829999982,42,3,shift,30.0,200,200,275,4,"{""backend"": ""aeon""}","{""init"": ""random"", ""max_iter"": 300, ""method"": ""alternate""}"
Trace,sbd,sliding,0.2797911990806356,0.38062272815125064,2.4983239000011963,42,4,shift,30.0,200,200,275,4,"{""backend"": ""aeon"", ""n_jobs"": -1, ""candidate_k"": 20, ""paa_segments"": 32}","{""init"": ""random"", ""max_iter"": 300, ""method"": ""alternate""}"
Trace,idk,distributional,0.3389836271206816,0.3877267722097653,39.6463920999995,42,4,shift,30.0,200,200,275,4,"{""backend"": ""aeon""}","{""init"": ""random"", ""max_iter"": 300, ""method"": ""alternate""}"
Trace,sbd,sliding,0.3776946114323978,0.4896881012414958,3.3455508000006375,42,5,shift,30.0,200,200,275,4,"{""backend"": ""aeon"", ""n_jobs"": -1, ""candidate_k"": 20, ""paa_segments"": 32}","{""init"": ""random"", ""max_iter"": 300, ""method"": ""alternate""}"
Trace,idk,distributional,0.24698184627956438,0.3032254474260122,54.83789290000095,42,5,shift,30.0,200,200,275,4,"{""backend"": ""aeon""}","{""init"": ""random"", ""max_iter"": 300, ""method"": ""alternate""}"
Trace,sbd,sliding,0.3008745904813575,0.4024483284381591,2.4312062000008154,42,6,shift,30.0,200,200,275,4,"{""backend"": ""aeon"", ""n_jobs"": -1, ""candidate_k"": 20, ""paa_segments"": 32}","{""init"": ""random"", ""max_iter"": 300, ""method"": ""alternate""}"
Trace,idk,distributional,0.06421348813844793,0.18244787545959681,41.884125499998845,42,6,shift,30.0,200,200,275,4,"{""backend"": ""aeon""}","{""init"": ""random"", ""max_iter"": 300, ""method"": ""alternate""}"
Trace,sbd,sliding,0.2797911990806356,0.38062272815125064,2.8328715000006923,42,7,shift,30.0,200,200,275,4,"{""backend"": ""aeon"", ""n_jobs"": -1, ""candidate_k"": 20, ""paa_segments"": 32}","{""init"": ""random"", ""max_iter"": 300, ""method"": ""alternate""}"
Trace,idk,distributional,0.16308788809847458,0.22068967403903852,40.15123020000101,42,7,shift,30.0,200,200,275,4,"{""backend"": ""aeon""}","{""init"": ""random"", ""max_iter"": 300, ""method"": ""alternate""}"
Trace,sbd,sliding,0.35125393149470163,0.5184284451058887,2.4336118000010174,42,8,shift,30.0,200,200,275,4,"{""backend"": ""aeon"", ""n_jobs"": -1, ""candidate_k"": 20, ""paa_segments"": 32}","{""init"": ""random"", ""max_iter"": 300, ""method"": ""alternate""}"
Trace,idk,distributional,0.1793216828840548,0.24795069269830275,53.74157650000052,42,8,shift,30.0,200,200,275,4,"{""backend"": ""aeon""}","{""init"": ""random"", ""max_iter"": 300, ""method"": ""alternate""}"
Trace,sbd,sliding,0.4669370359394333,0.6129987854498341,2.4419308999986242,42,9,shift,30.0,200,200,275,4,"{""backend"": ""aeon"", ""n_jobs"": -1, ""candidate_k"": 20, ""paa_segments"": 32}","{""init"": ""random"", ""max_iter"": 300, ""method"": ""alternate""}"
Trace,idk,distributional,0.17895743759390678,0.24657701453271774,38.85486420000052,42,9,shift,30.0,200,200,275,4,"{""backend"": ""aeon""}","{""init"": ""random"", ""max_iter"": 300, ""method"": ""alternate""}"
Trace,sbd,sliding,0.29545939688113587,0.4138564929735584,3.3121523999998317,42,10,shift,30.0,200,200,275,4,"{""backend"": ""aeon"", ""n_jobs"": -1, ""candidate_k"": 20, ""paa_segments"": 32}","{""init"": ""random"", ""max_iter"": 300, ""method"": ""alternate""}"
Trace,idk,distributional,0.1183348895201397,0.20385898179774448,40.868781999999555,42,10,shift,30.0,200,200,275,4,"{""backend"": ""aeon""}","{""init"": ""random"", ""max_iter"": 300, ""method"": ""alternate""}"
Trace,sbd,sliding,0.6258062067299321,0.800246559228825,4.163778000000093,42,1,length,1.0,200,200,275,4,"{""backend"": ""aeon"", ""n_jobs"": -1, ""candidate_k"": 20, ""paa_segments"": 32}","{""init"": ""random"", ""max_iter"": 300, ""method"": ""alternate""}"
Trace,idk,distributional,0.15599917483014802,0.24029383127825135,41.13765969999986,42,1,length,1.0,200,200,275,4,"{""backend"": ""aeon""}","{""init"": ""random"", ""max_iter"": 300, ""method"": ""alternate""}"
Trace,sbd,sliding,0.6619090643948742,0.7503161040328223,4.210535700000037,42,2,length,1.0,200,200,275,4,"{""backend"": ""aeon"", ""n_jobs"": -1, ""candidate_k"": 20, ""paa_segments"": 32}","{""init"": ""random"", ""max_iter"": 300, ""method"": ""alternate""}"
Trace,idk,distributional,0.1952401501166655,0.24447440435710863,41.05604180000046,42,2,length,1.0,200,200,275,4,"{""backend"": ""aeon""}","{""init"": ""random"", ""max_iter"": 300, ""method"": ""alternate""}"
Trace,sbd,sliding,0.6619090643948742,0.7503161040328223,2.4521143000001757,42,3,length,1.0,200,200,275,4,"{""backend"": ""aeon"", ""n_jobs"": -1, ""candidate_k"": 20, ""paa_segments"": 32}","{""init"": ""random"", ""max_iter"": 300, ""method"": ""alternate""}"
Trace,idk,distributional,0.20740003854834396,0.2721365953336342,43.56132860000071,42,3,length,1.0,200,200,275,4,"{""backend"": ""aeon""}","{""init"": ""random"", ""max_iter"": 300, ""method"": ""alternate""}"
Trace,sbd,sliding,0.663572323010511,0.7522843471933999,2.436128199999075,42,4,length,1.0,200,200,275,4,"{""backend"": ""aeon"", ""n_jobs"": -1, ""candidate_k"": 20, ""paa_segments"": 32}","{""init"": ""random"", ""max_iter"": 300, ""method"": ""alternate""}"
Trace,idk,distributional,0.16839192218415824,0.23222368754698516,40.80333300000166,42,4,length,1.0,200,200,275,4,"{""backend"": ""aeon""}","{""init"": ""random"", ""max_iter"": 300, ""method"": ""alternate""}"
Trace,sbd,sliding,0.6258062067299321,0.800246559228825,2.4784846999991714,42,5,length,1.0,200,200,275,4,"{""backend"": ""aeon"", ""n_jobs"": -1, ""candidate_k"": 20, ""paa_segments"": 32}","{""init"": ""random"", ""max_iter"": 300, ""method"": ""alternate""}"
Trace,idk,distributional,0.22869822503868004,0.2658542436731486,54.50226360000124,42,5,length,1.0,200,200,275,4,"{""backend"": ""aeon""}","{""init"": ""random"", ""max_iter"": 300, ""method"": ""alternate""}"
Trace,sbd,sliding,0.38172444999296534,0.5028837084715381,2.4891912000002776,42,6,length,1.0,200,200,275,4,"{""backend"": ""aeon"", ""n_jobs"": -1, ""candidate_k"": 20, ""paa_segments"": 32}","{""init"": ""random"", ""max_iter"": 300, ""method"": ""alternate""}"
Trace,idk,distributional,0.03175250987518855,0.10067139291339597,41.75578190000124,42,6,length,1.0,200,200,275,4,"{""backend"": ""aeon""}","{""init"": ""random"", ""max_iter"": 300, ""method"": ""alternate""}"
Trace,sbd,sliding,0.663572323010511,0.7522843471933998,4.224823999998989,42,7,length,1.0,200,200,275,4,"{""backend"": ""aeon"", ""n_jobs"": -1, ""candidate_k"": 20, ""paa_segments"": 32}","{""init"": ""random"", ""max_iter"": 300, ""method"": ""alternate""}"
Trace,idk,distributional,0.198726354241998,0.2416015186487256,40.65884809999989,42,7,length,1.0,200,200,275,4,"{""backend"": ""aeon""}","{""init"": ""random"", ""max_iter"": 300, ""method"": ""alternate""}"
Trace,sbd,sliding,0.6619090643948742,0.7503161040328223,2.5208187000007456,42,8,length,1.0,200,200,275,4,"{""backend"": ""aeon"", ""n_jobs"": -1, ""candidate_k"": 20, ""paa_segments"": 32}","{""init"": ""random"", ""max_iter"": 300, ""method"": ""alternate""}"
Trace,idk,distributional,0.2101014386762169,0.28631796939860354,54.631150599998364,42,8,length,1.0,200,200,275,4,"{""backend"": ""aeon""}","{""init"": ""random"", ""max_iter"": 300, ""method"": ""alternate""}"
Trace,sbd,sliding,0.38381938142156735,0.49941701495449226,3.3617933000004996,42,9,length,1.0,200,200,275,4,"{""backend"": ""aeon"", ""n_jobs"": -1, ""candidate_k"": 20, ""paa_segments"": 32}","{""init"": ""random"", ""max_iter"": 300, ""method"": ""alternate""}"
Trace,idk,distributional,0.22228368458441866,0.2743465316026243,39.5490506999995,42,9,length,1.0,200,200,275,4,"{""backend"": ""aeon""}","{""init"": ""random"", ""max_iter"": 300, ""method"": ""alternate""}"
Trace,sbd,sliding,0.6258062067299321,0.800246559228825,2.4337006000005204,42,10,length,1.0,200,200,275,4,"{""backend"": ""aeon"", ""n_jobs"": -1, ""candidate_k"": 20, ""paa_segments"": 32}","{""init"": ""random"", ""max_iter"": 300, ""method"": ""alternate""}"
Trace,idk,distributional,0.23330501058932443,0.2858748384869865,41.003435399998125,42,10,length,1.0,200,200,275,4,"{""backend"": ""aeon""}","{""init"": ""random"", ""max_iter"": 300, ""method"": ""alternate""}"
Trace,sbd,sliding,0.6258062067299321,0.800246559228825,2.4496297000005143,42,1,length,0.9,200,200,275,4,"{""backend"": ""aeon"", ""n_jobs"": -1, ""candidate_k"": 20, ""paa_segments"": 32}","{""init"": ""random"", ""max_iter"": 300, ""method"": ""alternate""}"
Trace,idk,distributional,0.17750600165065686,0.26924951305376466,41.975122399999236,42,1,length,0.9,200,200,275,4,"{""backend"": ""aeon""}","{""init"": ""random"", ""max_iter"": 300, ""method"": ""alternate""}"
Trace,sbd,sliding,0.6619090643948742,0.7503161040328223,3.357393399999637,42,2,length,0.9,200,200,275,4,"{""backend"": ""aeon"", ""n_jobs"": -1, ""candidate_k"": 20, ""paa_segments"": 32}","{""init"": ""random"", ""max_iter"": 300, ""method"": ""alternate""}"
Trace,idk,distributional,0.31227752963172717,0.35381913599582643,40.410642000000735,42,2,length,0.9,200,200,275,4,"{""backend"": ""aeon""}","{""init"": ""random"", ""max_iter"": 300, ""method"": ""alternate""}"
Trace,sbd,sliding,0.3260325980943552,0.5014648940470768,2.446415499998693,42,3,length,0.9,200,200,275,4,"{""backend"": ""aeon"", ""n_jobs"": -1, ""candidate_k"": 20, ""paa_segments"": 32}","{""init"": ""random"", ""max_iter"": 300, ""method"": ""alternate""}"
Trace,idk,distributional,0.23213656901109475,0.31505145605043966,40.81271430000197,42,3,length,0.9,200,200,275,4,"{""backend"": ""aeon""}","{""init"": ""random"", ""max_iter"": 300, ""method"": ""alternate""}"
Trace,sbd,sliding,0.3260325980943552,0.5014648940470768,2.530627000000095,42,4,length,0.9,200,200,275,4,"{""backend"": ""aeon"", ""n_jobs"": -1, ""candidate_k"": 20, ""paa_segments"": 32}","{""init"": ""random"", ""max_iter"": 300, ""method"": ""alternate""}"
Trace,idk,distributional,0.23174393850429795,0.3099111191052742,41.41641460000028,42,4,length,0.9,200,200,275,4,"{""backend"": ""aeon""}","{""init"": ""random"", ""max_iter"": 300, ""method"": ""alternate""}"
Trace,sbd,sliding,0.6258062067299321,0.800246559228825,2.4767343000003166,42,5,length,0.9,200,200,275,4,"{""backend"": ""aeon"", ""n_jobs"": -1, ""candidate_k"": 20, ""paa_segments"": 32}","{""init"": ""random"", ""max_iter"": 300, ""method"": ""alternate""}"
Trace,idk,distributional,0.2851120547655388,0.3191639351779811,54.70214130000022,42,5,length,0.9,200,200,275,4,"{""backend"": ""aeon""}","{""init"": ""random"", ""max_iter"": 300, ""method"": ""alternate""}"
Trace,sbd,sliding,0.36978411119304433,0.4870413042633246,2.4389503999991575,42,6,length,0.9,200,200,275,4,"{""backend"": ""aeon"", ""n_jobs"": -1, ""candidate_k"": 20, ""paa_segments"": 32}","{""init"": ""random"", ""max_iter"": 300, ""method"": ""alternate""}"
Trace,idk,distributional,0.23302002294755014,0.31546239499085393,41.93196540000099,42,6,length,0.9,200,200,275,4,"{""backend"": ""aeon""}","{""init"": ""random"", ""max_iter"": 300, ""method"": ""alternate""}"
Trace,sbd,sliding,0.663572323010511,0.7522843471933998,3.336741200000688,42,7,length,0.9,200,200,275,4,"{""backend"": ""aeon"", ""n_jobs"": -1, ""candidate_k"": 20, ""paa_segments"": 32}","{""init"": ""random"", ""max_iter"": 300, ""method"": ""alternate""}"
Trace,idk,distributional,0.0957535192384636,0.15850908898952315,38.71253869999964,42,7,length,0.9,200,200,275,4,"{""backend"": ""aeon""}","{""init"": ""random"", ""max_iter"": 300, ""method"": ""alternate""}"
Trace,sbd,sliding,0.6619090643948742,0.7503161040328223,2.425828699999329,42,8,length,0.9,200,200,275,4,"{""backend"": ""aeon"", ""n_jobs"": -1, ""candidate_k"": 20, ""paa_segments"": 32}","{""init"": ""random"", ""max_iter"": 300, ""method"": ""alternate""}"
Trace,idk,distributional,0.21275118677842633,0.3209516531395724,54.33079550000002,42,8,length,0.9,200,200,275,4,"{""backend"": ""aeon""}","{""init"": ""random"", ""max_iter"": 300, ""method"": ""alternate""}"
Trace,sbd,sliding,0.6619090643948742,0.7503161040328223,2.434116799999174,42,9,length,0.9,200,200,275,4,"{""backend"": ""aeon"", ""n_jobs"": -1, ""candidate_k"": 20, ""paa_segments"": 32}","{""init"": ""random"", ""max_iter"": 300, ""method"": ""alternate""}"
Trace,idk,distributional,0.1938847594964688,0.2657182341325641,41.23908829999891,42,9,length,0.9,200,200,275,4,"{""backend"": ""aeon""}","{""init"": ""random"", ""max_iter"": 300, ""method"": ""alternate""}"
Trace,sbd,sliding,0.6258062067299321,0.800246559228825,2.494517999999516,42,10,length,0.9,200,200,275,4,"{""backend"": ""aeon"", ""n_jobs"": -1, ""candidate_k"": 20, ""paa_segments"": 32}","{""init"": ""random"", ""max_iter"": 300, ""method"": ""alternate""}"
Trace,idk,distributional,0.22143533284299335,0.2934214320980007,41.88145320000149,42,10,length,0.9,200,200,275,4,"{""backend"": ""aeon""}","{""init"": ""random"", ""max_iter"": 300, ""method"": ""alternate""}"
Trace,sbd,sliding,0.5539189282129843,0.7218567378580517,2.4585057999993296,42,1,length,0.75,200,200,275,4,"{""backend"": ""aeon"", ""n_jobs"": -1, ""candidate_k"": 20, ""paa_segments"": 32}","{""init"": ""random"", ""max_iter"": 300, ""method"": ""alternate""}"
Trace,idk,distributional,0.2807290029313055,0.45801599815625815,41.16557619999912,42,1,length,0.75,200,200,275,4,"{""backend"": ""aeon""}","{""init"": ""random"", ""max_iter"": 300, ""method"": ""alternate""}"
Trace,sbd,sliding,0.6493796759518415,0.7339361730701893,2.6172772999998415,42,2,length,0.75,200,200,275,4,"{""backend"": ""aeon"", ""n_jobs"": -1, ""candidate_k"": 20, ""paa_segments"": 32}","{""init"": ""random"", ""max_iter"": 300, ""method"": ""alternate""}"
Trace,idk,distributional,0.35705607960026653,0.43413901775014335,42.257277599997906,42,2,length,0.75,200,200,275,4,"{""backend"": ""aeon""}","{""init"": ""random"", ""max_iter"": 300, ""method"": ""alternate""}"
Trace,sbd,sliding,0.32825833421891426,0.5022757134203806,2.4680243999991944,42,3,length,0.75,200,200,275,4,"{""backend"": ""aeon"", ""n_jobs"": -1, ""candidate_k"": 20, ""paa_segments"": 32}","{""init"": ""random"", ""max_iter"": 300, ""method"": ""alternate""}"
Trace,idk,distributional,0.4028163966005163,0.4575230166569417,40.41550920000009,42,3,length,0.75,200,200,275,4,"{""backend"": ""aeon""}","{""init"": ""random"", ""max_iter"": 300, ""method"": ""alternate""}"
Trace,sbd,sliding,0.354998987701972,0.4705215150455204,2.4512317000007897,42,4,length,0.75,200,200,275,4,"{""backend"": ""aeon"", ""n_jobs"": -1, ""candidate_k"": 20, ""paa_segments"": 32}","{""init"": ""random"", ""max_iter"": 300, ""method"": ""alternate""}"
Trace,idk,distributional,0.14201740625070675,0.26555033833902014,43.71232129999953,42,4,length,0.75,200,200,275,4,"{""backend"": ""aeon""}","{""init"": ""random"", ""max_iter"": 300, ""method"": ""alternate""}"
Trace,sbd,sliding,0.5539189282129843,0.7218567378580517,2.486449200001516,42,5,length,0.75,200,200,275,4,"{""backend"": ""aeon"", ""n_jobs"": -1, ""candidate_k"": 20, ""paa_segments"": 32}","{""init"": ""random"", ""max_iter"": 300, ""method"": ""alternate""}"
Trace,idk,distributional,0.34819371952783756,0.4003379879525256,55.58355590000065,42,5,length,0.75,200,200,275,4,"{""backend"": ""aeon""}","{""init"": ""random"", ""max_iter"": 300, ""method"": ""alternate""}"
Trace,sbd,sliding,0.35631250638739964,0.4724442685655459,2.440585900001679,42,6,length,0.75,200,200,275,4,"{""backend"": ""aeon"", ""n_jobs"": -1, ""candidate_k"": 20, ""paa_segments"": 32}","{""init"": ""random"", ""max_iter"": 300, ""method"": ""alternate""}"
Trace,idk,distributional,0.4058596498017799,0.4679630269744868,40.94871239999884,42,6,length,0.75,200,200,275,4,"{""backend"": ""aeon""}","{""init"": ""random"", ""max_iter"": 300, ""method"": ""alternate""}"
Trace,sbd,sliding,0.627573300062383,0.712156303640406,2.429869999999937,42,7,length,0.75,200,200,275,4,"{""backend"": ""aeon"", ""n_jobs"": -1, ""candidate_k"": 20, ""paa_segments"": 32}","{""init"": ""random"", ""max_iter"": 300, ""method"": ""alternate""}"
Trace,idk,distributional,0.315364298926492,0.3802797596343398,41.50049620000027,42,7,length,0.75,200,200,275,4,"{""backend"": ""aeon""}","{""init"": ""random"", ""max_iter"": 300, ""method"": ""alternate""}"
Trace,sbd,sliding,0.627573300062383,0.712156303640406,4.034130100000766,42,8,length,0.75,200,200,275,4,"{""backend"": ""aeon"", ""n_jobs"": -1, ""candidate_k"": 20, ""paa_segments"": 32}","{""init"": ""random"", ""max_iter"": 300, ""method"": ""alternate""}"
Trace,idk,distributional,0.20444638883744157,0.3959103457877473,54.52758960000028,42,8,length,0.75,200,200,275,4,"{""backend"": ""aeon""}","{""init"": ""random"", ""max_iter"": 300, ""method"": ""alternate""}"
Trace,sbd,sliding,0.627573300062383,0.712156303640406,2.482170800001768,42,9,length,0.75,200,200,275,4,"{""backend"": ""aeon"", ""n_jobs"": -1, ""candidate_k"": 20, ""paa_segments"": 32}","{""init"": ""random"", ""max_iter"": 300, ""method"": ""alternate""}"
Trace,idk,distributional,0.2741207109157037,0.43553079164843017,41.18031740000151,42,9,length,0.75,200,200,275,4,"{""backend"": ""aeon""}","{""init"": ""random"", ""max_iter"": 300, ""method"": ""alternate""}"
Trace,sbd,sliding,0.627573300062383,0.712156303640406,2.4432884999987436,42,10,length,0.75,200,200,275,4,"{""backend"": ""aeon"", ""n_jobs"": -1, ""candidate_k"": 20, ""paa_segments"": 32}","{""init"": ""random"", ""max_iter"": 300, ""method"": ""alternate""}"
Trace,idk,distributional,0.3469322353609314,0.39484714754926276,41.20021589999851,42,10,length,0.75,200,200,275,4,"{""backend"": ""aeon""}","{""init"": ""random"", ""max_iter"": 300, ""method"": ""alternate""}"
Trace,sbd,sliding,0.2789981634079347,0.42104883316666963,2.4467068999983894,42,1,length,0.5,200,200,275,4,"{""backend"": ""aeon"", ""n_jobs"": -1, ""candidate_k"": 20, ""paa_segments"": 32}","{""init"": ""random"", ""max_iter"": 300, ""method"": ""alternate""}"
Trace,idk,distributional,0.35979507585177817,0.42371866953179727,40.55524650000007,42,1,length,0.5,200,200,275,4,"{""backend"": ""aeon""}","{""init"": ""random"", ""max_iter"": 300, ""method"": ""alternate""}"
Trace,sbd,sliding,0.2066624160675098,0.3010874804222725,2.4650622000008298,42,2,length,0.5,200,200,275,4,"{""backend"": ""aeon"", ""n_jobs"": -1, ""candidate_k"": 20, ""paa_segments"": 32}","{""init"": ""random"", ""max_iter"": 300, ""method"": ""alternate""}"
Trace,idk,distributional,0.27069619772515147,0.37581516246282065,40.35093349999988,42,2,length,0.5,200,200,275,4,"{""backend"": ""aeon""}","{""init"": ""random"", ""max_iter"": 300, ""method"": ""alternate""}"
Trace,sbd,sliding,0.2378678845643013,0.3718238634838282,3.384833600001002,42,3,length,0.5,200,200,275,4,"{""backend"": ""aeon"", ""n_jobs"": -1, ""candidate_k"": 20, ""paa_segments"": 32}","{""init"": ""random"", ""max_iter"": 300, ""method"": ""alternate""}"
Trace,idk,distributional,0.2858681821769674,0.3815958482920957,39.54423340000176,42,3,length,0.5,200,200,275,4,"{""backend"": ""aeon""}","{""init"": ""random"", ""max_iter"": 300, ""method"": ""alternate""}"
Trace,sbd,sliding,0.25779968815367205,0.3870321259431984,2.432026100001167,42,4,length,0.5,200,200,275,4,"{""backend"": ""aeon"", ""n_jobs"": -1, ""candidate_k"": 20, ""paa_segments"": 32}","{""init"": ""random"", ""max_iter"": 300, ""method"": ""alternate""}"
Trace,idk,distributional,0.36360691422013547,0.4525424482873214,43.82163480000054,42,4,length,0.5,200,200,275,4,"{""backend"": ""aeon""}","{""init"": ""random"", ""max_iter"": 300, ""method"": ""alternate""}"
Trace,sbd,sliding,0.2789981634079347,0.4210488331666697,2.451284000000669,42,5,length,0.5,200,200,275,4,"{""backend"": ""aeon"", ""n_jobs"": -1, ""candidate_k"": 20, ""paa_segments"": 32}","{""init"": ""random"", ""max_iter"": 300, ""method"": ""alternate""}"
Trace,idk,distributional,0.3183608661782099,0.44746820586858904,55.450304299998606,42,5,length,0.5,200,200,275,4,"{""backend"": ""aeon""}","{""init"": ""random"", ""max_iter"": 300, ""method"": ""alternate""}"
Trace,sbd,sliding,0.25779968815367205,0.3870321259431984,2.4612113000021054,42,6,length,0.5,200,200,275,4,"{""backend"": ""aeon"", ""n_jobs"": -1, ""candidate_k"": 20, ""paa_segments"": 32}","{""init"": ""random"", ""max_iter"": 300, ""method"": ""alternate""}"
Trace,idk,distributional,0.4181627473889672,0.5415559950616148,40.429104599999846,42,6,length,0.5,200,200,275,4,"{""backend"": ""aeon""}","{""init"": ""random"", ""max_iter"": 300, ""method"": ""alternate""}"
Trace,sbd,sliding,0.25830951523721213,0.3866430182685761,3.31844590000037,42,7,length,0.5,200,200,275,4,"{""backend"": ""aeon"", ""n_jobs"": -1, ""candidate_k"": 20, ""paa_segments"": 32}","{""init"": ""random"", ""max_iter"": 300, ""method"": ""alternate""}"
Trace,idk,distributional,0.3593902539207651,0.46915246204982664,40.265960099999575,42,7,length,0.5,200,200,275,4,"{""backend"": ""aeon""}","{""init"": ""random"", ""max_iter"": 300, ""method"": ""alternate""}"
Trace,sbd,sliding,0.20875377806597217,0.31586681875165823,2.4361637000001792,42,8,length,0.5,200,200,275,4,"{""backend"": ""aeon"", ""n_jobs"": -1, ""candidate_k"": 20, ""paa_segments"": 32}","{""init"": ""random"", ""max_iter"": 300, ""method"": ""alternate""}"
Trace,idk,distributional,0.3120860738786442,0.40740738831572937,53.69821319999937,42,8,length,0.5,200,200,275,4,"{""backend"": ""aeon""}","{""init"": ""random"", ""max_iter"": 300, ""method"": ""alternate""}"
Trace,sbd,sliding,0.21208802687133307,0.311719660439109,2.4558084000000235,42,9,length,0.5,200,200,275,4,"{""backend"": ""aeon"", ""n_jobs"": -1, ""candidate_k"": 20, ""paa_segments"": 32}","{""init"": ""random"", ""max_iter"": 300, ""method"": ""alternate""}"
Trace,idk,distributional,0.3590318028526098,0.4212358068199488,40.78824320000058,42,9,length,0.5,200,200,275,4,"{""backend"": ""aeon""}","{""init"": ""random"", ""max_iter"": 300, ""method"": ""alternate""}"
Trace,sbd,sliding,0.1944414935558091,0.2778019016588232,3.3180769000009604,42,10,length,0.5,200,200,275,4,"{""backend"": ""aeon"", ""n_jobs"": -1, ""candidate_k"": 20, ""paa_segments"": 32}","{""init"": ""random"", ""max_iter"": 300, ""method"": ""alternate""}"
Trace,idk,distributional,0.36365263091620637,0.426350997030209,41.16490619999786,42,10,length,0.5,200,200,275,4,"{""backend"": ""aeon""}","{""init"": ""random"", ""max_iter"": 300, ""method"": ""alternate""}"
Trace,sbd,sliding,0.26305793805377203,0.36058054585093197,3.3019119999989925,42,1,length,0.25,200,200,275,4,"{""backend"": ""aeon"", ""n_jobs"": -1, ""candidate_k"": 20, ""paa_segments"": 32}","{""init"": ""random"", ""max_iter"": 300, ""method"": ""alternate""}"
Trace,idk,distributional,0.209529767982671,0.29915066620373376,39.70548599999893,42,1,length,0.25,200,200,275,4,"{""backend"": ""aeon""}","{""init"": ""random"", ""max_iter"": 300, ""method"": ""alternate""}"
Trace,sbd,sliding,0.09454323259730199,0.19844716324055073,2.4620007000012265,42,2,length,0.25,200,200,275,4,"{""backend"": ""aeon"", ""n_jobs"": -1, ""candidate_k"": 20, ""paa_segments"": 32}","{""init"": ""random"", ""max_iter"": 300, ""method"": ""alternate""}"
Trace,idk,distributional,0.3192175573526075,0.4355795129843727,46.81348900000012,42,2,length,0.25,200,200,275,4,"{""backend"": ""aeon""}","{""init"": ""random"", ""max_iter"": 300, ""method"": ""alternate""}"
Trace,sbd,sliding,0.3401348656916793,0.4104401772608438,3.2423166999997193,42,3,length,0.25,200,200,275,4,"{""backend"": ""aeon"", ""n_jobs"": -1, ""candidate_k"": 20, ""paa_segments"": 32}","{""init"": ""random"", ""max_iter"": 300, ""method"": ""alternate""}"
Trace,idk,distributional,0.27602550855879276,0.407859977995753,47.13598300000194,42,3,length,0.25,200,200,275,4,"{""backend"": ""aeon""}","{""init"": ""random"", ""max_iter"": 300, ""method"": ""alternate""}"
Trace,sbd,sliding,0.34682182171223963,0.44223437879852057,2.3716196000004857,42,4,length,0.25,200,200,275,4,"{""backend"": ""aeon"", ""n_jobs"": -1, ""candidate_k"": 20, ""paa_segments"": 32}","{""init"": ""random"", ""max_iter"": 300, ""method"": ""alternate""}"
Trace,idk,distributional,0.3793395974309906,0.4925266321915738,41.89487960000042,42,4,length,0.25,200,200,275,4,"{""backend"": ""aeon""}","{""init"": ""random"", ""max_iter"": 300, ""method"": ""alternate""}"
Trace,sbd,sliding,0.3555451773268535,0.45317827360935914,3.2859131999994133,42,5,length,0.25,200,200,275,4,"{""backend"": ""aeon"", ""n_jobs"": -1, ""candidate_k"": 20, ""paa_segments"": 32}","{""init"": ""random"", ""max_iter"": 300, ""method"": ""alternate""}"
Trace,idk,distributional,0.27788553020313467,0.4122477303426039,51.391517800000656,42,5,length,0.25,200,200,275,4,"{""backend"": ""aeon""}","{""init"": ""random"", ""max_iter"": 300, ""method"": ""alternate""}"
Trace,sbd,sliding,0.33485864596713605,0.426420661728525,2.4334236000013334,42,6,length,0.25,200,200,275,4,"{""backend"": ""aeon"", ""n_jobs"": -1, ""candidate_k"": 20, ""paa_segments"": 32}","{""init"": ""random"", ""max_iter"": 300, ""method"": ""alternate""}"
Trace,idk,distributional,0.38186376179468,0.5004449601978529,44.456433299999844,42,6,length,0.25,200,200,275,4,"{""backend"": ""aeon""}","{""init"": ""random"", ""max_iter"": 300, ""method"": ""alternate""}"
Trace,sbd,sliding,0.2687266887352103,0.4016130744038602,2.353432199997769,42,7,length,0.25,200,200,275,4,"{""backend"": ""aeon"", ""n_jobs"": -1, ""candidate_k"": 20, ""paa_segments"": 32}","{""init"": ""random"", ""max_iter"": 300, ""method"": ""alternate""}"
Trace,idk,distributional,0.27867685007741577,0.4125649277606787,44.88511269999981,42,7,length,0.25,200,200,275,4,"{""backend"": ""aeon""}","{""init"": ""random"", ""max_iter"": 300, ""method"": ""alternate""}"
Trace,sbd,sliding,0.2708957518780477,0.38777439824300286,3.228810799997518,42,8,length,0.25,200,200,275,4,"{""backend"": ""aeon"", ""n_jobs"": -1, ""candidate_k"": 20, ""paa_segments"": 32}","{""init"": ""random"", ""max_iter"": 300, ""method"": ""alternate""}"
Trace,idk,distributional,0.21166644098909476,0.3181446777999491,51.40713959999994,42,8,length,0.25,200,200,275,4,"{""backend"": ""aeon""}","{""init"": ""random"", ""max_iter"": 300, ""method"": ""alternate""}"
Trace,sbd,sliding,0.26305793805377203,0.3605805458509318,2.3618026999993162,42,9,length,0.25,200,200,275,4,"{""backend"": ""aeon"", ""n_jobs"": -1, ""candidate_k"": 20, ""paa_segments"": 32}","{""init"": ""random"", ""max_iter"": 300, ""method"": ""alternate""}"
Trace,idk,distributional,0.27867685007741577,0.4125649277606787,45.40802470000017,42,9,length,0.25,200,200,275,4,"{""backend"": ""aeon""}","{""init"": ""random"", ""max_iter"": 300, ""method"": ""alternate""}"
Trace,sbd,sliding,0.26305793805377203,0.3605805458509319,3.2525960999992094,42,10,length,0.25,200,200,275,4,"{""backend"": ""aeon"", ""n_jobs"": -1, ""candidate_k"": 20, ""paa_segments"": 32}","{""init"": ""random"", ""max_iter"": 300, ""method"": ""alternate""}"
Trace,idk,distributional,0.1884333056104352,0.28075186876921093,44.91513529999975,42,10,length,0.25,200,200,275,4,"{""backend"": ""aeon""}","{""init"": ""random"", ""max_iter"": 300, ""method"": ""alternate""}"
ECG200,sbd,sliding,0.1218796367253102,0.11789870295965417,0.5798613999995723,42,1,noise,0.0,200,100,96,2,"{""backend"": ""aeon"", ""n_jobs"": -1, ""candidate_k"": 20, ""paa_segments"": 32}","{""init"": ""random"", ""max_iter"": 300, ""method"": ""alternate""}"
ECG200,idk,distributional,0.1360960505219871,0.11513495473941705,5.178408300000228,42,1,noise,0.0,200,100,96,2,"{""backend"": ""aeon""}","{""init"": ""random"", ""max_iter"": 300, ""method"": ""alternate""}"
ECG200,sbd,sliding,0.1218796367253102,0.11789870295965417,0.5675460000002204,42,2,noise,0.0,200,100,96,2,"{""backend"": ""aeon"", ""n_jobs"": -1, ""candidate_k"": 20, ""paa_segments"": 32}","{""init"": ""random"", ""max_iter"": 300, ""method"": ""alternate""}"
ECG200,idk,distributional,0.1360960505219871,0.11513495473941705,5.300625200001377,42,2,noise,0.0,200,100,96,2,"{""backend"": ""aeon""}","{""init"": ""random"", ""max_iter"": 300, ""method"": ""alternate""}"
ECG200,sbd,sliding,0.1218796367253102,0.11789870295965417,0.5619136999994225,42,3,noise,0.0,200,100,96,2,"{""backend"": ""aeon"", ""n_jobs"": -1, ""candidate_k"": 20, ""paa_segments"": 32}","{""init"": ""random"", ""max_iter"": 300, ""method"": ""alternate""}"
ECG200,idk,distributional,0.1360960505219871,0.11513495473941705,5.095711500000107,42,3,noise,0.0,200,100,96,2,"{""backend"": ""aeon""}","{""init"": ""random"", ""max_iter"": 300, ""method"": ""alternate""}"
ECG200,sbd,sliding,0.1218796367253102,0.11789870295965417,0.5654850000009901,42,4,noise,0.0,200,100,96,2,"{""backend"": ""aeon"", ""n_jobs"": -1, ""candidate_k"": 20, ""paa_segments"": 32}","{""init"": ""random"", ""max_iter"": 300, ""method"": ""alternate""}"
ECG200,idk,distributional,0.1360960505219871,0.11513495473941705,6.125523699998666,42,4,noise,0.0,200,100,96,2,"{""backend"": ""aeon""}","{""init"": ""random"", ""max_iter"": 300, ""method"": ""alternate""}"
ECG200,sbd,sliding,0.1218796367253102,0.11789870295965417,0.6010201000008237,42,5,noise,0.0,200,100,96,2,"{""backend"": ""aeon"", ""n_jobs"": -1, ""candidate_k"": 20, ""paa_segments"": 32}","{""init"": ""random"", ""max_iter"": 300, ""method"": ""alternate""}"
ECG200,idk,distributional,0.1360960505219871,0.11513495473941705,5.497844299999997,42,5,noise,0.0,200,100,96,2,"{""backend"": ""aeon""}","{""init"": ""random"", ""max_iter"": 300, ""method"": ""alternate""}"
ECG200,sbd,sliding,0.1218796367253102,0.11789870295965417,0.5586901999995462,42,6,noise,0.0,200,100,96,2,"{""backend"": ""aeon"", ""n_jobs"": -1, ""candidate_k"": 20, ""paa_segments"": 32}","{""init"": ""random"", ""max_iter"": 300, ""method"": ""alternate""}"
ECG200,idk,distributional,0.03900751180222049,0.036865411084647505,6.952051599999322,42,6,noise,0.0,200,100,96,2,"{""backend"": ""aeon""}","{""init"": ""random"", ""max_iter"": 300, ""method"": ""alternate""}"
ECG200,sbd,sliding,0.025013740458015268,0.03501835993498306,0.5518145000005461,42,7,noise,0.0,200,100,96,2,"{""backend"": ""aeon"", ""n_jobs"": -1, ""candidate_k"": 20, ""paa_segments"": 32}","{""init"": ""random"", ""max_iter"": 300, ""method"": ""alternate""}"
ECG200,idk,distributional,0.1360960505219871,0.11513495473941705,5.4694974000012735,42,7,noise,0.0,200,100,96,2,"{""backend"": ""aeon""}","{""init"": ""random"", ""max_iter"": 300, ""method"": ""alternate""}"
ECG200,sbd,sliding,0.1218796367253102,0.11789870295965417,0.5464499999998225,42,8,noise,0.0,200,100,96,2,"{""backend"": ""aeon"", ""n_jobs"": -1, ""candidate_k"": 20, ""paa_segments"": 32}","{""init"": ""random"", ""max_iter"": 300, ""method"": ""alternate""}"
ECG200,idk,distributional,0.1360960505219871,0.11513495473941705,6.242128699999739,42,8,noise,0.0,200,100,96,2,"{""backend"": ""aeon""}","{""init"": ""random"", ""max_iter"": 300, ""method"": ""alternate""}"
ECG200,sbd,sliding,0.1218796367253102,0.11789870295965417,0.5453427999982523,42,9,noise,0.0,200,100,96,2,"{""backend"": ""aeon"", ""n_jobs"": -1, ""candidate_k"": 20, ""paa_segments"": 32}","{""init"": ""random"", ""max_iter"": 300, ""method"": ""alternate""}"
ECG200,idk,distributional,0.1360960505219871,0.11513495473941705,5.135646599999745,42,9,noise,0.0,200,100,96,2,"{""backend"": ""aeon""}","{""init"": ""random"", ""max_iter"": 300, ""method"": ""alternate""}"
ECG200,sbd,sliding,0.1218796367253102,0.11789870295965417,0.5533962999998039,42,10,noise,0.0,200,100,96,2,"{""backend"": ""aeon"", ""n_jobs"": -1, ""candidate_k"": 20, ""paa_segments"": 32}","{""init"": ""random"", ""max_iter"": 300, ""method"": ""alternate""}"
ECG200,idk,distributional,0.1360960505219871,0.11513495473941705,5.153244500001165,42,10,noise,0.0,200,100,96,2,"{""backend"": ""aeon""}","{""init"": ""random"", ""max_iter"": 300, ""method"": ""alternate""}"
ECG200,sbd,sliding,0.10789000696932276,0.107366056828105,0.5512731999988318,42,1,noise,0.1,200,100,96,2,"{""backend"": ""aeon"", ""n_jobs"": -1, ""candidate_k"": 20, ""paa_segments"": 32}","{""init"": ""random"", ""max_iter"": 300, ""method"": ""alternate""}"
ECG200,idk,distributional,0.05855067497276855,0.05293526690877434,6.38623120000193,42,1,noise,0.1,200,100,96,2,"{""backend"": ""aeon""}","{""init"": ""random"", ""max_iter"": 300, ""method"": ""alternate""}"
ECG200,sbd,sliding,0.10789000696932276,0.107366056828105,0.6121877000005043,42,2,noise,0.1,200,100,96,2,"{""backend"": ""aeon"", ""n_jobs"": -1, ""candidate_k"": 20, ""paa_segments"": 32}","{""init"": ""random"", ""max_iter"": 300, ""method"": ""alternate""}"
ECG200,idk,distributional,0.10701653469103015,0.09153303855499596,5.129031700000269,42,2,noise,0.1,200,100,96,2,"{""backend"": ""aeon""}","{""init"": ""random"", ""max_iter"": 300, ""method"": ""alternate""}"
ECG200,sbd,sliding,0.10789000696932276,0.107366056828105,0.5565598999983195,42,3,noise,0.1,200,100,96,2,"{""backend"": ""aeon"", ""n_jobs"": -1, ""candidate_k"": 20, ""paa_segments"": 32}","{""init"": ""random"", ""max_iter"": 300, ""method"": ""alternate""}"
ECG200,idk,distributional,0.06937576499388005,0.0607708675871891,5.452353000000585,42,3,noise,0.1,200,100,96,2,"{""backend"": ""aeon""}","{""init"": ""random"", ""max_iter"": 300, ""method"": ""alternate""}"
ECG200,sbd,sliding,0.10789000696932276,0.107366056828105,0.583356899998762,42,4,noise,0.1,200,100,96,2,"{""backend"": ""aeon"", ""n_jobs"": -1, ""candidate_k"": 20, ""paa_segments"": 32}","{""init"": ""random"", ""max_iter"": 300, ""method"": ""alternate""}"
ECG200,idk,distributional,0.10739524926088287,0.09783188781884344,5.250358199999027,42,4,noise,0.1,200,100,96,2,"{""backend"": ""aeon""}","{""init"": ""random"", ""max_iter"": 300, ""method"": ""alternate""}"
ECG200,sbd,sliding,0.10789000696932276,0.107366056828105,0.5716978000000381,42,5,noise,0.1,200,100,96,2,"{""backend"": ""aeon"", ""n_jobs"": -1, ""candidate_k"": 20, ""paa_segments"": 32}","{""init"": ""random"", ""max_iter"": 300, ""method"": ""alternate""}"
ECG200,idk,distributional,0.16827089819284236,0.13813850526105884,5.218050699999367,42,5,noise,0.1,200,100,96,2,"{""backend"": ""aeon""}","{""init"": ""random"", ""max_iter"": 300, ""method"": ""alternate""}"
ECG200,sbd,sliding,0.10789000696932276,0.107366056828105,0.6006171999997605,42,6,noise,0.1,200,100,96,2,"{""backend"": ""aeon"", ""n_jobs"": -1, ""candidate_k"": 20, ""paa_segments"": 32}","{""init"": ""random"", ""max_iter"": 300, ""method"": ""alternate""}"
ECG200,idk,distributional,0.01076281447598547,0.01679217492080067,5.205495299998802,42,6,noise,0.1,200,100,96,2,"{""backend"": ""aeon""}","{""init"": ""random"", ""max_iter"": 300, ""method"": ""alternate""}"
ECG200,sbd,sliding,0.040417045236940854,0.04624277305410804,0.5599949000006745,42,7,noise,0.1,200,100,96,2,"{""backend"": ""aeon"", ""n_jobs"": -1, ""candidate_k"": 20, ""paa_segments"": 32}","{""init"": ""random"", ""max_iter"": 300, ""method"": ""alternate""}"
ECG200,idk,distributional,0.15192703064321378,0.13000390226622416,5.1622302000014315,42,7,noise,0.1,200,100,96,2,"{""backend"": ""aeon""}","{""init"": ""random"", ""max_iter"": 300, ""method"": ""alternate""}"
ECG200,sbd,sliding,0.10789000696932276,0.107366056828105,0.5533178999994561,42,8,noise,0.1,200,100,96,2,"{""backend"": ""aeon"", ""n_jobs"": -1, ""candidate_k"": 20, ""paa_segments"": 32}","{""init"": ""random"", ""max_iter"": 300, ""method"": ""alternate""}"
ECG200,idk,distributional,0.16856943577695385,0.14640120026863412,5.253585800001019,42,8,noise,0.1,200,100,96,2,"{""backend"": ""aeon""}","{""init"": ""random"", ""max_iter"": 300, ""method"": ""alternate""}"
ECG200,sbd,sliding,0.10789000696932276,0.107366056828105,0.7173942000008537,42,9,noise,0.1,200,100,96,2,"{""backend"": ""aeon"", ""n_jobs"": -1, ""candidate_k"": 20, ""paa_segments"": 32}","{""init"": ""random"", ""max_iter"": 300, ""method"": ""alternate""}"
ECG200,idk,distributional,0.0003916433108546391,0.00773252967543183,5.823118500000419,42,9,noise,0.1,200,100,96,2,"{""backend"": ""aeon""}","{""init"": ""random"", ""max_iter"": 300, ""method"": ""alternate""}"
ECG200,sbd,sliding,0.10789000696932276,0.107366056828105,0.5495129000009911,42,10,noise,0.1,200,100,96,2,"{""backend"": ""aeon"", ""n_jobs"": -1, ""candidate_k"": 20, ""paa_segments"": 32}","{""init"": ""random"", ""max_iter"": 300, ""method"": ""alternate""}"
ECG200,idk,distributional,0.031216361679224973,0.03377440647865838,5.45322810000107,42,10,noise,0.1,200,100,96,2,"{""backend"": ""aeon""}","{""init"": ""random"", ""max_iter"": 300, ""method"": ""alternate""}"
ECG200,sbd,sliding,0.1218796367253102,0.11789870295965417,0.5517968000003748,42,1,noise,0.2,200,100,96,2,"{""backend"": ""aeon"", ""n_jobs"": -1, ""candidate_k"": 20, ""paa_segments"": 32}","{""init"": ""random"", ""max_iter"": 300, ""method"": ""alternate""}"
ECG200,idk,distributional,0.04837209302325581,0.04444801538936912,5.290113399998518,42,1,noise,0.2,200,100,96,2,"{""backend"": ""aeon""}","{""init"": ""random"", ""max_iter"": 300, ""method"": ""alternate""}"
ECG200,sbd,sliding,0.1218796367253102,0.11789870295965417,0.5536570000003849,42,2,noise,0.2,200,100,96,2,"{""backend"": ""aeon"", ""n_jobs"": -1, ""candidate_k"": 20, ""paa_segments"": 32}","{""init"": ""random"", ""max_iter"": 300, ""method"": ""alternate""}"
ECG200,idk,distributional,0.015673213498555126,0.018587207287721865,5.25152689999959,42,2,noise,0.2,200,100,96,2,"{""backend"": ""aeon""}","{""init"": ""random"", ""max_iter"": 300, ""method"": ""alternate""}"
ECG200,sbd,sliding,0.1218796367253102,0.11789870295965417,0.614883700001883,42,3,noise,0.2,200,100,96,2,"{""backend"": ""aeon"", ""n_jobs"": -1, ""candidate_k"": 20, ""paa_segments"": 32}","{""init"": ""random"", ""max_iter"": 300, ""method"": ""alternate""}"
ECG200,idk,distributional,0.04837209302325581,0.04444801538936912,6.113063700000566,42,3,noise,0.2,200,100,96,2,"{""backend"": ""aeon""}","{""init"": ""random"", ""max_iter"": 300, ""method"": ""alternate""}"
ECG200,sbd,sliding,0.1218796367253102,0.11789870295965417,0.5499740999985079,42,4,noise,0.2,200,100,96,2,"{""backend"": ""aeon"", ""n_jobs"": -1, ""candidate_k"": 20, ""paa_segments"": 32}","{""init"": ""random"", ""max_iter"": 300, ""method"": ""alternate""}"
ECG200,idk,distributional,0.04837209302325581,0.04444801538936912,5.2274549000012485,42,4,noise,0.2,200,100,96,2,"{""backend"": ""aeon""}","{""init"": ""random"", ""max_iter"": 300, ""method"": ""alternate""}"
ECG200,sbd,sliding,0.1218796367253102,0.11789870295965417,0.5667312999994465,42,5,noise,0.2,200,100,96,2,"{""backend"": ""aeon"", ""n_jobs"": -1, ""candidate_k"": 20, ""paa_segments"": 32}","{""init"": ""random"", ""max_iter"": 300, ""method"": ""alternate""}"
ECG200,idk,distributional,0.12107711138310893,0.10161583526102293,5.148125499998059,42,5,noise,0.2,200,100,96,2,"{""backend"": ""aeon""}","{""init"": ""random"", ""max_iter"": 300, ""method"": ""alternate""}"
ECG200,sbd,sliding,0.1218796367253102,0.11789870295965417,0.5401621000000887,42,6,noise,0.2,200,100,96,2,"{""backend"": ""aeon"", ""n_jobs"": -1, ""candidate_k"": 20, ""paa_segments"": 32}","{""init"": ""random"", ""max_iter"": 300, ""method"": ""alternate""}"
ECG200,idk,distributional,0.06913269886873766,0.058519792136740086,5.176278700000694,42,6,noise,0.2,200,100,96,2,"{""backend"": ""aeon""}","{""init"": ""random"", ""max_iter"": 300, ""method"": ""alternate""}"
ECG200,sbd,sliding,0.1218796367253102,0.11789870295965417,0.5956054999987828,42,7,noise,0.2,200,100,96,2,"{""backend"": ""aeon"", ""n_jobs"": -1, ""candidate_k"": 20, ""paa_segments"": 32}","{""init"": ""random"", ""max_iter"": 300, ""method"": ""alternate""}"
ECG200,idk,distributional,0.08134796813626519,0.07296518310307334,5.149260199999844,42,7,noise,0.2,200,100,96,2,"{""backend"": ""aeon""}","{""init"": ""random"", ""max_iter"": 300, ""method"": ""alternate""}"
ECG200,sbd,sliding,0.1218796367253102,0.11789870295965417,0.5523611999997229,42,8,noise,0.2,200,100,96,2,"{""backend"": ""aeon"", ""n_jobs"": -1, ""candidate_k"": 20, ""paa_segments"": 32}","{""init"": ""random"", ""max_iter"": 300, ""method"": ""alternate""}"
ECG200,idk,distributional,0.048123541030705694,0.0428259941262739,5.233487300001798,42,8,noise,0.2,200,100,96,2,"{""backend"": ""aeon""}","{""init"": ""random"", ""max_iter"": 300, ""method"": ""alternate""}"
ECG200,sbd,sliding,0.1218796367253102,0.11789870295965417,1.4828178999996453,42,9,noise,0.2,200,100,96,2,"{""backend"": ""aeon"", ""n_jobs"": -1, ""candidate_k"": 20, ""paa_segments"": 32}","{""init"": ""random"", ""max_iter"": 300, ""method"": ""alternate""}"
ECG200,idk,distributional,-0.008873483535528597,0.0003279184104716484,5.1780801999993855,42,9,noise,0.2,200,100,96,2,"{""backend"": ""aeon""}","{""init"": ""random"", ""max_iter"": 300, ""method"": ""alternate""}"
ECG200,sbd,sliding,0.1218796367253102,0.11789870295965417,0.6067764000017632,42,10,noise,0.2,200,100,96,2,"{""backend"": ""aeon"", ""n_jobs"": -1, ""candidate_k"": 20, ""paa_segments"": 32}","{""init"": ""random"", ""max_iter"": 300, ""method"": ""alternate""}"
ECG200,idk,distributional,0.08134796813626519,0.07296518310307334,5.129297399998904,42,10,noise,0.2,200,100,96,2,"{""backend"": ""aeon""}","{""init"": ""random"", ""max_iter"": 300, ""method"": ""alternate""}"
ECG200,sbd,sliding,0.10701653469103015,0.09153303855499596,1.5013536999995267,42,1,noise,0.4,200,100,96,2,"{""backend"": ""aeon"", ""n_jobs"": -1, ""candidate_k"": 20, ""paa_segments"": 32}","{""init"": ""random"", ""max_iter"": 300, ""method"": ""alternate""}"
ECG200,idk,distributional,0.009599960816486463,0.014192781347010507,5.190333400001691,42,1,noise,0.4,200,100,96,2,"{""backend"": ""aeon""}","{""init"": ""random"", ""max_iter"": 300, ""method"": ""alternate""}"
ECG200,sbd,sliding,0.05146807645384303,0.07973360923467632,0.551211100000728,42,2,noise,0.4,200,100,96,2,"{""backend"": ""aeon"", ""n_jobs"": -1, ""candidate_k"": 20, ""paa_segments"": 32}","{""init"": ""random"", ""max_iter"": 300, ""method"": ""alternate""}"
ECG200,idk,distributional,0.011729775301491881,0.01964874689663542,6.75476069999786,42,2,noise,0.4,200,100,96,2,"{""backend"": ""aeon""}","{""init"": ""random"", ""max_iter"": 300, ""method"": ""alternate""}"
ECG200,sbd,sliding,0.1216361679224973,0.1124689399323596,0.5626505000018369,42,3,noise,0.4,200,100,96,2,"{""backend"": ""aeon"", ""n_jobs"": -1, ""candidate_k"": 20, ""paa_segments"": 32}","{""init"": ""random"", ""max_iter"": 300, ""method"": ""alternate""}"
ECG200,idk,distributional,0.03045734991675644,0.030119699730181713,5.328535399999964,42,3,noise,0.4,200,100,96,2,"{""backend"": ""aeon""}","{""init"": ""random"", ""max_iter"": 300, ""method"": ""alternate""}"
ECG200,sbd,sliding,0.009632299221661245,0.014255592878046928,0.5556534999996074,42,4,noise,0.4,200,100,96,2,"{""backend"": ""aeon"", ""n_jobs"": -1, ""candidate_k"": 20, ""paa_segments"": 32}","{""init"": ""random"", ""max_iter"": 300, ""method"": ""alternate""}"
ECG200,idk,distributional,0.023678191847168035,0.027864554950917775,6.071226099998967,42,4,noise,0.4,200,100,96,2,"{""backend"": ""aeon""}","{""init"": ""random"", ""max_iter"": 300, ""method"": ""alternate""}"
ECG200,sbd,sliding,0.10701653469103015,0.09153303855499596,0.5412718999996287,42,5,noise,0.4,200,100,96,2,"{""backend"": ""aeon"", ""n_jobs"": -1, ""candidate_k"": 20, ""paa_segments"": 32}","{""init"": ""random"", ""max_iter"": 300, ""method"": ""alternate""}"
ECG200,idk,distributional,-0.003329253365973072,0.004886209963297899,5.239644600000247,42,5,noise,0.4,200,100,96,2,"{""backend"": ""aeon""}","{""init"": ""random"", ""max_iter"": 300, ""method"": ""alternate""}"
ECG200,sbd,sliding,0.10701653469103015,0.09153303855499596,0.5586977999992087,42,6,noise,0.4,200,100,96,2,"{""backend"": ""aeon"", ""n_jobs"": -1, ""candidate_k"": 20, ""paa_segments"": 32}","{""init"": ""random"", ""max_iter"": 300, ""method"": ""alternate""}"
ECG200,idk,distributional,-0.0065632385173938065,0.0025998294462112,6.03452020000077,42,6,noise,0.4,200,100,96,2,"{""backend"": ""aeon""}","{""init"": ""random"", ""max_iter"": 300, ""method"": ""alternate""}"
ECG200,sbd,sliding,-0.0040061068702290075,0.003830408650378948,0.5609617999998591,42,7,noise,0.4,200,100,96,2,"{""backend"": ""aeon"", ""n_jobs"": -1, ""candidate_k"": 20, ""paa_segments"": 32}","{""init"": ""random"", ""max_iter"": 300, ""method"": ""alternate""}"
ECG200,idk,distributional,-0.006530372353668641,0.002611220469271829,6.145518900000752,42,7,noise,0.4,200,100,96,2,"{""backend"": ""aeon""}","{""init"": ""random"", ""max_iter"": 300, ""method"": ""alternate""}"
ECG200,sbd,sliding,0.1216361679224973,0.1124689399323596,0.560452499999883,42,8,noise,0.4,200,100,96,2,"{""backend"": ""aeon"", ""n_jobs"": -1, ""candidate_k"": 20, ""paa_segments"": 32}","{""init"": ""random"", ""max_iter"": 300, ""method"": ""alternate""}"
ECG200,idk,distributional,-0.009610677805697876,8.180178125525136e-16,6.199607800001104,42,8,noise,0.4,200,100,96,2,"{""backend"": ""aeon""}","{""init"": ""random"", ""max_iter"": 300, ""method"": ""alternate""}"
ECG200,sbd,sliding,0.10701653469103015,0.09153303855499596,0.5587483000017528,42,9,noise,0.4,200,100,96,2,"{""backend"": ""aeon"", ""n_jobs"": -1, ""candidate_k"": 20, ""paa_segments"": 32}","{""init"": ""random"", ""max_iter"": 300, ""method"": ""alternate""}"
ECG200,idk,distributional,0.030979298194097782,0.032553721341654504,5.182296999997561,42,9,noise,0.4,200,100,96,2,"{""backend"": ""aeon""}","{""init"": ""random"", ""max_iter"": 300, ""method"": ""alternate""}"
ECG200,sbd,sliding,0.10701653469103015,0.09153303855499596,0.5525502000000415,42,10,noise,0.4,200,100,96,2,"{""backend"": ""aeon"", ""n_jobs"": -1, ""candidate_k"": 20, ""paa_segments"": 32}","{""init"": ""random"", ""max_iter"": 300, ""method"": ""alternate""}"
ECG200,idk,distributional,-0.006464646464646465,0.002634255440327391,7.092896199999814,42,10,noise,0.4,200,100,96,2,"{""backend"": ""aeon""}","{""init"": ""random"", ""max_iter"": 300, ""method"": ""alternate""}"
ECG200,sbd,sliding,0.13646243245998574,0.12328837996546078,0.5621138000005885,42,1,noise,0.8,200,100,96,2,"{""backend"": ""aeon"", ""n_jobs"": -1, ""candidate_k"": 20, ""paa_segments"": 32}","{""init"": ""random"", ""max_iter"": 300, ""method"": ""alternate""}"
ECG200,idk,distributional,-0.0036732295033793712,0.004662264774345075,6.101706399997056,42,1,noise,0.8,200,100,96,2,"{""backend"": ""aeon""}","{""init"": ""random"", ""max_iter"": 300, ""method"": ""alternate""}"
ECG200,sbd,sliding,9.793959575431853e-05,0.00742391202620948,1.4936722000002192,42,2,noise,0.8,200,100,96,2,"{""backend"": ""aeon"", ""n_jobs"": -1, ""candidate_k"": 20, ""paa_segments"": 32}","{""init"": ""random"", ""max_iter"": 300, ""method"": ""alternate""}"
ECG200,idk,distributional,-0.0005370569280343716,0.007676307897003695,5.308742100001837,42,2,noise,0.8,200,100,96,2,"{""backend"": ""aeon""}","{""init"": ""random"", ""max_iter"": 300, ""method"": ""alternate""}"
ECG200,sbd,sliding,0.1216361679224973,0.1124689399323596,0.5599563000014314,42,3,noise,0.8,200,100,96,2,"{""backend"": ""aeon"", ""n_jobs"": -1, ""candidate_k"": 20, ""paa_segments"": 32}","{""init"": ""random"", ""max_iter"": 300, ""method"": ""alternate""}"
ECG200,idk,distributional,-0.007781529878138306,0.0012897889504124673,5.165837700000338,42,3,noise,0.8,200,100,96,2,"{""backend"": ""aeon""}","{""init"": ""random"", ""max_iter"": 300, ""method"": ""alternate""}"
ECG200,sbd,sliding,0.009632299221661245,0.014255592878046928,0.538915500001167,42,4,noise,0.8,200,100,96,2,"{""backend"": ""aeon"", ""n_jobs"": -1, ""candidate_k"": 20, ""paa_segments"": 32}","{""init"": ""random"", ""max_iter"": 300, ""method"": ""alternate""}"
ECG200,idk,distributional,-0.009610677805697876,8.180178125525136e-16,5.210797300000195,42,4,noise,0.8,200,100,96,2,"{""backend"": ""aeon""}","{""init"": ""random"", ""max_iter"": 300, ""method"": ""alternate""}"
ECG200,sbd,sliding,0.030599755201958383,0.030751805676497313,0.566467399999965,42,5,noise,0.8,200,100,96,2,"{""backend"": ""aeon"", ""n_jobs"": -1, ""candidate_k"": 20, ""paa_segments"": 32}","{""init"": ""random"", ""max_iter"": 300, ""method"": ""alternate""}"
ECG200,idk,distributional,-0.009103924231856393,0.0003173131428202994,6.0391749999998865,42,5,noise,0.8,200,100,96,2,"{""backend"": ""aeon""}","{""init"": ""random"", ""max_iter"": 300, ""method"": ""alternate""}"
ECG200,sbd,sliding,0.06996770721205597,0.06694852805127068,0.5608634000000166,42,6,noise,0.8,200,100,96,2,"{""backend"": ""aeon"", ""n_jobs"": -1, ""candidate_k"": 20, ""paa_segments"": 32}","{""init"": ""random"", ""max_iter"": 300, ""method"": ""alternate""}"
ECG200,idk,distributional,-0.009610677805697876,8.180178125525136e-16,5.16122169999835,42,6,noise,0.8,200,100,96,2,"{""backend"": ""aeon""}","{""init"": ""random"", ""max_iter"": 300, ""method"": ""alternate""}"
ECG200,sbd,sliding,0.1855841739300754,0.1505442577655267,0.5697163000004366,42,7,noise,0.8,200,100,96,2,"{""backend"": ""aeon"", ""n_jobs"": -1, ""candidate_k"": 20, ""paa_segments"": 32}","{""init"": ""random"", ""max_iter"": 300, ""method"": ""alternate""}"
ECG200,idk,distributional,0.015673213498555126,0.018587207287721865,5.141871600000741,42,7,noise,0.8,200,100,96,2,"{""backend"": ""aeon""}","{""init"": ""random"", ""max_iter"": 300, ""method"": ""alternate""}"
ECG200,sbd,sliding,0.1216361679224973,0.1124689399323596,0.5633582999998907,42,8,noise,0.8,200,100,96,2,"{""backend"": ""aeon"", ""n_jobs"": -1, ""candidate_k"": 20, ""paa_segments"": 32}","{""init"": ""random"", ""max_iter"": 300, ""method"": ""alternate""}"
ECG200,idk,distributional,-0.009610677805697876,8.180178125525136e-16,5.290213799999037,42,8,noise,0.8,200,100,96,2,"{""backend"": ""aeon""}","{""init"": ""random"", ""max_iter"": 300, ""method"": ""alternate""}"
ECG200,sbd,sliding,0.030599755201958383,0.030751805676497313,0.5521863999983907,42,9,noise,0.8,200,100,96,2,"{""backend"": ""aeon"", ""n_jobs"": -1, ""candidate_k"": 20, ""paa_segments"": 32}","{""init"": ""random"", ""max_iter"": 300, ""method"": ""alternate""}"
ECG200,idk,distributional,-0.0058734995044234795,0.0028579308471863582,5.943471500000669,42,9,noise,0.8,200,100,96,2,"{""backend"": ""aeon""}","{""init"": ""random"", ""max_iter"": 300, ""method"": ""alternate""}"
ECG200,sbd,sliding,0.1855841739300754,0.1505442577655267,0.5709531000011339,42,10,noise,0.8,200,100,96,2,"{""backend"": ""aeon"", ""n_jobs"": -1, ""candidate_k"": 20, ""paa_segments"": 32}","{""init"": ""random"", ""max_iter"": 300, ""method"": ""alternate""}"
ECG200,idk,distributional,-0.008521892447840141,0.0011646013497918254,6.080250899998646,42,10,noise,0.8,200,100,96,2,"{""backend"": ""aeon""}","{""init"": ""random"", ""max_iter"": 300, ""method"": ""alternate""}"
ECG200,sbd,sliding,0.1218796367253102,0.11789870295965417,0.5699845999988611,42,1,shift,0.0,200,100,96,2,"{""backend"": ""aeon"", ""n_jobs"": -1, ""candidate_k"": 20, ""paa_segments"": 32}","{""init"": ""random"", ""max_iter"": 300, ""method"": ""alternate""}"
ECG200,idk,distributional,0.1360960505219871,0.11513495473941705,6.156983700000637,42,1,shift,0.0,200,100,96,2,"{""backend"": ""aeon""}","{""init"": ""random"", ""max_iter"": 300, ""method"": ""alternate""}"
ECG200,sbd,sliding,0.1218796367253102,0.11789870295965417,0.5603429000020697,42,2,shift,0.0,200,100,96,2,"{""backend"": ""aeon"", ""n_jobs"": -1, ""candidate_k"": 20, ""paa_segments"": 32}","{""init"": ""random"", ""max_iter"": 300, ""method"": ""alternate""}"
ECG200,idk,distributional,0.1360960505219871,0.11513495473941705,5.480048600002192,42,2,shift,0.0,200,100,96,2,"{""backend"": ""aeon""}","{""init"": ""random"", ""max_iter"": 300, ""method"": ""alternate""}"
ECG200,sbd,sliding,0.1218796367253102,0.11789870295965417,1.4864694999996573,42,3,shift,0.0,200,100,96,2,"{""backend"": ""aeon"", ""n_jobs"": -1, ""candidate_k"": 20, ""paa_segments"": 32}","{""init"": ""random"", ""max_iter"": 300, ""method"": ""alternate""}"
ECG200,idk,distributional,0.1360960505219871,0.11513495473941705,5.165154899999834,42,3,shift,0.0,200,100,96,2,"{""backend"": ""aeon""}","{""init"": ""random"", ""max_iter"": 300, ""method"": ""alternate""}"
ECG200,sbd,sliding,0.1218796367253102,0.11789870295965417,0.566038999999364,42,4,shift,0.0,200,100,96,2,"{""backend"": ""aeon"", ""n_jobs"": -1, ""candidate_k"": 20, ""paa_segments"": 32}","{""init"": ""random"", ""max_iter"": 300, ""method"": ""alternate""}"
ECG200,idk,distributional,0.1360960505219871,0.11513495473941705,6.342635599999994,42,4,shift,0.0,200,100,96,2,"{""backend"": ""aeon""}","{""init"": ""random"", ""max_iter"": 300, ""method"": ""alternate""}"
ECG200,sbd,sliding,0.1218796367253102,0.11789870295965417,0.5413206999983231,42,5,shift,0.0,200,100,96,2,"{""backend"": ""aeon"", ""n_jobs"": -1, ""candidate_k"": 20, ""paa_segments"": 32}","{""init"": ""random"", ""max_iter"": 300, ""method"": ""alternate""}"
ECG200,idk,distributional,0.1360960505219871,0.11513495473941705,7.066521099997772,42,5,shift,0.0,200,100,96,2,"{""backend"": ""aeon""}","{""init"": ""random"", ""max_iter"": 300, ""method"": ""alternate""}"
ECG200,sbd,sliding,0.1218796367253102,0.11789870295965417,0.5677176999997755,42,6,shift,0.0,200,100,96,2,"{""backend"": ""aeon"", ""n_jobs"": -1, ""candidate_k"": 20, ""paa_segments"": 32}","{""init"": ""random"", ""max_iter"": 300, ""method"": ""alternate""}"
ECG200,idk,distributional,0.03900751180222049,0.036865411084647505,5.454154499999277,42,6,shift,0.0,200,100,96,2,"{""backend"": ""aeon""}","{""init"": ""random"", ""max_iter"": 300, ""method"": ""alternate""}"
ECG200,sbd,sliding,0.025013740458015268,0.03501835993498306,0.5569045000011101,42,7,shift,0.0,200,100,96,2,"{""backend"": ""aeon"", ""n_jobs"": -1, ""candidate_k"": 20, ""paa_segments"": 32}","{""init"": ""random"", ""max_iter"": 300, ""method"": ""alternate""}"
ECG200,idk,distributional,0.1360960505219871,0.11513495473941705,5.258827399999063,42,7,shift,0.0,200,100,96,2,"{""backend"": ""aeon""}","{""init"": ""random"", ""max_iter"": 300, ""method"": ""alternate""}"
ECG200,sbd,sliding,0.1218796367253102,0.11789870295965417,1.4854893000010634,42,8,shift,0.0,200,100,96,2,"{""backend"": ""aeon"", ""n_jobs"": -1, ""candidate_k"": 20, ""paa_segments"": 32}","{""init"": ""random"", ""max_iter"": 300, ""method"": ""alternate""}"
ECG200,idk,distributional,0.1360960505219871,0.11513495473941705,5.2935090999999375,42,8,shift,0.0,200,100,96,2,"{""backend"": ""aeon""}","{""init"": ""random"", ""max_iter"": 300, ""method"": ""alternate""}"
ECG200,sbd,sliding,0.1218796367253102,0.11789870295965417,0.561859800000093,42,9,shift,0.0,200,100,96,2,"{""backend"": ""aeon"", ""n_jobs"": -1, ""candidate_k"": 20, ""paa_segments"": 32}","{""init"": ""random"", ""max_iter"": 300, ""method"": ""alternate""}"
ECG200,idk,distributional,0.1360960505219871,0.11513495473941705,5.1309500000006665,42,9,shift,0.0,200,100,96,2,"{""backend"": ""aeon""}","{""init"": ""random"", ""max_iter"": 300, ""method"": ""alternate""}"
ECG200,sbd,sliding,0.1218796367253102,0.11789870295965417,0.5586008000009315,42,10,shift,0.0,200,100,96,2,"{""backend"": ""aeon"", ""n_jobs"": -1, ""candidate_k"": 20, ""paa_segments"": 32}","{""init"": ""random"", ""max_iter"": 300, ""method"": ""alternate""}"
ECG200,idk,distributional,0.1360960505219871,0.11513495473941705,5.203866500000004,42,10,shift,0.0,200,100,96,2,"{""backend"": ""aeon""}","{""init"": ""random"", ""max_iter"": 300, ""method"": ""alternate""}"
ECG200,sbd,sliding,0.15231431646932186,0.1402834245040046,0.5550867999991169,42,1,shift,5.0,200,100,96,2,"{""backend"": ""aeon"", ""n_jobs"": -1, ""candidate_k"": 20, ""paa_segments"": 32}","{""init"": ""random"", ""max_iter"": 300, ""method"": ""alternate""}"
ECG200,idk,distributional,0.20371435916898253,0.1636019812595352,5.184353900000133,42,1,shift,5.0,200,100,96,2,"{""backend"": ""aeon""}","{""init"": ""random"", ""max_iter"": 300, ""method"": ""alternate""}"
ECG200,sbd,sliding,-0.00799530072120876,0.001251383123868879,0.5479341000009299,42,2,shift,5.0,200,100,96,2,"{""backend"": ""aeon"", ""n_jobs"": -1, ""candidate_k"": 20, ""paa_segments"": 32}","{""init"": ""random"", ""max_iter"": 300, ""method"": ""alternate""}"
ECG200,idk,distributional,0.1071913659557285,0.09434576541925767,6.265708799999629,42,2,shift,5.0,200,100,96,2,"{""backend"": ""aeon""}","{""init"": ""random"", ""max_iter"": 300, ""method"": ""alternate""}"
ECG200,sbd,sliding,0.15231431646932186,0.1402834245040046,0.5857011999996757,42,3,shift,5.0,200,100,96,2,"{""backend"": ""aeon"", ""n_jobs"": -1, ""candidate_k"": 20, ""paa_segments"": 32}","{""init"": ""random"", ""max_iter"": 300, ""method"": ""alternate""}"
ECG200,idk,distributional,0.20371435916898253,0.1636019812595352,5.967608099999779,42,3,shift,5.0,200,100,96,2,"{""backend"": ""aeon""}","{""init"": ""random"", ""max_iter"": 300, ""method"": ""alternate""}"
ECG200,sbd,sliding,0.15231431646932186,0.1402834245040046,0.5606847000017297,42,4,shift,5.0,200,100,96,2,"{""backend"": ""aeon"", ""n_jobs"": -1, ""candidate_k"": 20, ""paa_segments"": 32}","{""init"": ""random"", ""max_iter"": 300, ""method"": ""alternate""}"
ECG200,idk,distributional,0.09377345560160559,0.08198909974765356,5.273291900000913,42,4,shift,5.0,200,100,96,2,"{""backend"": ""aeon""}","{""init"": ""random"", ""max_iter"": 300, ""method"": ""alternate""}"
ECG200,sbd,sliding,0.15231431646932186,0.1402834245040046,0.5646058000002085,42,5,shift,5.0,200,100,96,2,"{""backend"": ""aeon"", ""n_jobs"": -1, ""candidate_k"": 20, ""paa_segments"": 32}","{""init"": ""random"", ""max_iter"": 300, ""method"": ""alternate""}"
ECG200,idk,distributional,0.1071913659557285,0.09434576541925767,6.217859099999259,42,5,shift,5.0,200,100,96,2,"{""backend"": ""aeon""}","{""init"": ""random"", ""max_iter"": 300, ""method"": ""alternate""}"
ECG200,sbd,sliding,0.15231431646932186,0.1402834245040046,0.5657714999997552,42,6,shift,5.0,200,100,96,2,"{""backend"": ""aeon"", ""n_jobs"": -1, ""candidate_k"": 20, ""paa_segments"": 32}","{""init"": ""random"", ""max_iter"": 300, ""method"": ""alternate""}"
ECG200,idk,distributional,0.009632299221661245,0.014255592878046928,5.184022499999628,42,6,shift,5.0,200,100,96,2,"{""backend"": ""aeon""}","{""init"": ""random"", ""max_iter"": 300, ""method"": ""alternate""}"
ECG200,sbd,sliding,0.0003916433108546391,0.00773252967543183,0.5727916000014375,42,7,shift,5.0,200,100,96,2,"{""backend"": ""aeon"", ""n_jobs"": -1, ""candidate_k"": 20, ""paa_segments"": 32}","{""init"": ""random"", ""max_iter"": 300, ""method"": ""alternate""}"
ECG200,idk,distributional,0.1071913659557285,0.09434576541925767,5.146230899999864,42,7,shift,5.0,200,100,96,2,"{""backend"": ""aeon""}","{""init"": ""random"", ""max_iter"": 300, ""method"": ""alternate""}"
ECG200,sbd,sliding,0.15231431646932186,0.1402834245040046,0.5646547000014834,42,8,shift,5.0,200,100,96,2,"{""backend"": ""aeon"", ""n_jobs"": -1, ""candidate_k"": 20, ""paa_segments"": 32}","{""init"": ""random"", ""max_iter"": 300, ""method"": ""alternate""}"
ECG200,idk,distributional,0.18549111151014544,0.14786423385306455,6.260292899998603,42,8,shift,5.0,200,100,96,2,"{""backend"": ""aeon""}","{""init"": ""random"", ""max_iter"": 300, ""method"": ""alternate""}"
ECG200,sbd,sliding,0.15231431646932186,0.1402834245040046,0.6402715999993234,42,9,shift,5.0,200,100,96,2,"{""backend"": ""aeon"", ""n_jobs"": -1, ""candidate_k"": 20, ""paa_segments"": 32}","{""init"": ""random"", ""max_iter"": 300, ""method"": ""alternate""}"
ECG200,idk,distributional,0.18549111151014544,0.14786423385306455,5.170677699999942,42,9,shift,5.0,200,100,96,2,"{""backend"": ""aeon""}","{""init"": ""random"", ""max_iter"": 300, ""method"": ""alternate""}"
ECG200,sbd,sliding,0.15231431646932186,0.1402834245040046,0.5566242000004422,42,10,shift,5.0,200,100,96,2,"{""backend"": ""aeon"", ""n_jobs"": -1, ""candidate_k"": 20, ""paa_segments"": 32}","{""init"": ""random"", ""max_iter"": 300, ""method"": ""alternate""}"
ECG200,idk,distributional,0.09377345560160559,0.08198909974765356,5.170915000000605,42,10,shift,5.0,200,100,96,2,"{""backend"": ""aeon""}","{""init"": ""random"", ""max_iter"": 300, ""method"": ""alternate""}"
ECG200,sbd,sliding,0.06974012626633387,0.06444636791086797,0.5443469000001642,42,1,shift,10.0,200,100,96,2,"{""backend"": ""aeon"", ""n_jobs"": -1, ""candidate_k"": 20, ""paa_segments"": 32}","{""init"": ""random"", ""max_iter"": 300, ""method"": ""alternate""}"
ECG200,idk,distributional,0.06996770721205597,0.06694852805127068,5.215924300000552,42,1,shift,10.0,200,100,96,2,"{""backend"": ""aeon""}","{""init"": ""random"", ""max_iter"": 300, ""method"": ""alternate""}"
ECG200,sbd,sliding,0.06974012626633387,0.06444636791086797,0.5545689999999013,42,2,shift,10.0,200,100,96,2,"{""backend"": ""aeon"", ""n_jobs"": -1, ""candidate_k"": 20, ""paa_segments"": 32}","{""init"": ""random"", ""max_iter"": 300, ""method"": ""alternate""}"
ECG200,idk,distributional,0.1360960505219871,0.11513495473941705,7.103103599998576,42,2,shift,10.0,200,100,96,2,"{""backend"": ""aeon""}","{""init"": ""random"", ""max_iter"": 300, ""method"": ""alternate""}"
ECG200,sbd,sliding,0.06974012626633387,0.06444636791086797,0.5699710000008054,42,3,shift,10.0,200,100,96,2,"{""backend"": ""aeon"", ""n_jobs"": -1, ""candidate_k"": 20, ""paa_segments"": 32}","{""init"": ""random"", ""max_iter"": 300, ""method"": ""alternate""}"
ECG200,idk,distributional,0.058397019760813774,0.05169322737348285,5.181579100000818,42,3,shift,10.0,200,100,96,2,"{""backend"": ""aeon""}","{""init"": ""random"", ""max_iter"": 300, ""method"": ""alternate""}"
ECG200,sbd,sliding,0.0604824427480916,0.07461767443636569,0.5565069000003859,42,4,shift,10.0,200,100,96,2,"{""backend"": ""aeon"", ""n_jobs"": -1, ""candidate_k"": 20, ""paa_segments"": 32}","{""init"": ""random"", ""max_iter"": 300, ""method"": ""alternate""}"
ECG200,idk,distributional,-0.008610251580788377,0.0003407874429066628,5.178147000000536,42,4,shift,10.0,200,100,96,2,"{""backend"": ""aeon""}","{""init"": ""random"", ""max_iter"": 300, ""method"": ""alternate""}"
ECG200,sbd,sliding,0.02083671679605028,0.05104356778471666,0.5540509000002203,42,5,shift,10.0,200,100,96,2,"{""backend"": ""aeon"", ""n_jobs"": -1, ""candidate_k"": 20, ""paa_segments"": 32}","{""init"": ""random"", ""max_iter"": 300, ""method"": ""alternate""}"
ECG200,idk,distributional,0.1360960505219871,0.11513495473941705,6.132971800001542,42,5,shift,10.0,200,100,96,2,"{""backend"": ""aeon""}","{""init"": ""random"", ""max_iter"": 300, ""method"": ""alternate""}"
ECG200,sbd,sliding,0.03872510805725504,0.03537901103653688,0.5794968000009248,42,6,shift,10.0,200,100,96,2,"{""backend"": ""aeon"", ""n_jobs"": -1, ""candidate_k"": 20, ""paa_segments"": 32}","{""init"": ""random"", ""max_iter"": 300, ""method"": ""alternate""}"
ECG200,idk,distributional,-0.006070471318246906,0.002779933823369478,5.473994500000117,42,6,shift,10.0,200,100,96,2,"{""backend"": ""aeon""}","{""init"": ""random"", ""max_iter"": 300, ""method"": ""alternate""}"
ECG200,sbd,sliding,0.0581203139476509,0.04958135523402417,0.5537819000001036,42,7,shift,10.0,200,100,96,2,"{""backend"": ""aeon"", ""n_jobs"": -1, ""candidate_k"": 20, ""paa_segments"": 32}","{""init"": ""random"", ""max_iter"": 300, ""method"": ""alternate""}"
ECG200,idk,distributional,0.03077374930653004,0.0315558589631368,6.071070399999371,42,7,shift,10.0,200,100,96,2,"{""backend"": ""aeon""}","{""init"": ""random"", ""max_iter"": 300, ""method"": ""alternate""}"
ECG200,sbd,sliding,0.0604824427480916,0.07461767443636569,0.6157977999991999,42,8,shift,10.0,200,100,96,2,"{""backend"": ""aeon"", ""n_jobs"": -1, ""candidate_k"": 20, ""paa_segments"": 32}","{""init"": ""random"", ""max_iter"": 300, ""method"": ""alternate""}"
ECG200,idk,distributional,0.20371435916898253,0.1636019812595352,5.2632354999987,42,8,shift,10.0,200,100,96,2,"{""backend"": ""aeon""}","{""init"": ""random"", ""max_iter"": 300, ""method"": ""alternate""}"
ECG200,sbd,sliding,0.03872510805725504,0.03537901103653688,0.5713255999999092,42,9,shift,10.0,200,100,96,2,"{""backend"": ""aeon"", ""n_jobs"": -1, ""candidate_k"": 20, ""paa_segments"": 32}","{""init"": ""random"", ""max_iter"": 300, ""method"": ""alternate""}"
ECG200,idk,distributional,0.1681622859101649,0.13534965598921833,5.8048713999996835,42,9,shift,10.0,200,100,96,2,"{""backend"": ""aeon""}","{""init"": ""random"", ""max_iter"": 300, ""method"": ""alternate""}"
ECG200,sbd,sliding,0.0581203139476509,0.04958135523402417,0.5639880000017001,42,10,shift,10.0,200,100,96,2,"{""backend"": ""aeon"", ""n_jobs"": -1, ""candidate_k"": 20, ""paa_segments"": 32}","{""init"": ""random"", ""max_iter"": 300, ""method"": ""alternate""}"
ECG200,idk,distributional,0.03077374930653004,0.0315558589631368,6.461700600000768,42,10,shift,10.0,200,100,96,2,"{""backend"": ""aeon""}","{""init"": ""random"", ""max_iter"": 300, ""method"": ""alternate""}"
ECG200,sbd,sliding,0.02685207384320307,0.052170926875811256,0.7917486000005738,42,1,shift,20.0,200,100,96,2,"{""backend"": ""aeon"", ""n_jobs"": -1, ""candidate_k"": 20, ""paa_segments"": 32}","{""init"": ""random"", ""max_iter"": 300, ""method"": ""alternate""}"
ECG200,idk,distributional,0.04837209302325581,0.04444801538936912,8.931596599997647,42,1,shift,20.0,200,100,96,2,"{""backend"": ""aeon""}","{""init"": ""random"", ""max_iter"": 300, ""method"": ""alternate""}"
ECG200,sbd,sliding,0.02253052028359068,0.02351258938443967,1.2600395000008575,42,2,shift,20.0,200,100,96,2,"{""backend"": ""aeon"", ""n_jobs"": -1, ""candidate_k"": 20, ""paa_segments"": 32}","{""init"": ""random"", ""max_iter"": 300, ""method"": ""alternate""}"
ECG200,idk,distributional,-0.00799530072120876,0.001251383123868879,9.045581599999423,42,2,shift,20.0,200,100,96,2,"{""backend"": ""aeon""}","{""init"": ""random"", ""max_iter"": 300, ""method"": ""alternate""}"
ECG200,sbd,sliding,0.06901111818582553,0.05744833341206719,1.0459608000019216,42,3,shift,20.0,200,100,96,2,"{""backend"": ""aeon"", ""n_jobs"": -1, ""candidate_k"": 20, ""paa_segments"": 32}","{""init"": ""random"", ""max_iter"": 300, ""method"": ""alternate""}"
ECG200,idk,distributional,0.009923249864330567,0.014842747072989914,9.832087999999203,42,3,shift,20.0,200,100,96,2,"{""backend"": ""aeon""}","{""init"": ""random"", ""max_iter"": 300, ""method"": ""alternate""}"
ECG200,sbd,sliding,-0.008324356086573304,0.001195927089963331,0.8565694999997504,42,4,shift,20.0,200,100,96,2,"{""backend"": ""aeon"", ""n_jobs"": -1, ""candidate_k"": 20, ""paa_segments"": 32}","{""init"": ""random"", ""max_iter"": 300, ""method"": ""alternate""}"
ECG200,idk,distributional,-0.002413135282320523,0.005581295485867085,9.564208899999358,42,4,shift,20.0,200,100,96,2,"{""backend"": ""aeon""}","{""init"": ""random"", ""max_iter"": 300, ""method"": ""alternate""}"
ECG200,sbd,sliding,0.019754170324846356,0.03833879258003947,0.7202156000003015,42,5,shift,20.0,200,100,96,2,"{""backend"": ""aeon"", ""n_jobs"": -1, ""candidate_k"": 20, ""paa_segments"": 32}","{""init"": ""random"", ""max_iter"": 300, ""method"": ""alternate""}"
ECG200,idk,distributional,0.06905671466353218,0.05784608233490577,8.89122700000189,42,5,shift,20.0,200,100,96,2,"{""backend"": ""aeon""}","{""init"": ""random"", ""max_iter"": 300, ""method"": ""alternate""}"
ECG200,sbd,sliding,-0.003329253365973072,0.004886209963297899,0.7554851999993843,42,6,shift,20.0,200,100,96,2,"{""backend"": ""aeon"", ""n_jobs"": -1, ""candidate_k"": 20, ""paa_segments"": 32}","{""init"": ""random"", ""max_iter"": 300, ""method"": ""alternate""}"
ECG200,idk,distributional,0.009632299221661245,0.014255592878046928,9.027858900002684,42,6,shift,20.0,200,100,96,2,"{""backend"": ""aeon""}","{""init"": ""random"", ""max_iter"": 300, ""method"": ""alternate""}"
ECG200,sbd,sliding,0.06901111818582553,0.05744833341206719,0.7553643999999622,42,7,shift,20.0,200,100,96,2,"{""backend"": ""aeon"", ""n_jobs"": -1, ""candidate_k"": 20, ""paa_segments"": 32}","{""init"": ""random"", ""max_iter"": 300, ""method"": ""alternate""}"
ECG200,idk,distributional,0.02342338668569681,0.026784071476871663,9.02133159999903,42,7,shift,20.0,200,100,96,2,"{""backend"": ""aeon""}","{""init"": ""random"", ""max_iter"": 300, ""method"": ""alternate""}"
ECG200,sbd,sliding,0.00606844852973986,0.02538638403488332,0.7920224999998027,42,8,shift,20.0,200,100,96,2,"{""backend"": ""aeon"", ""n_jobs"": -1, ""candidate_k"": 20, ""paa_segments"": 32}","{""init"": ""random"", ""max_iter"": 300, ""method"": ""alternate""}"
ECG200,idk,distributional,0.04854289723591032,0.045626023826804925,8.99638479999885,42,8,shift,20.0,200,100,96,2,"{""backend"": ""aeon""}","{""init"": ""random"", ""max_iter"": 300, ""method"": ""alternate""}"
ECG200,sbd,sliding,0.06901111818582553,0.05744833341206719,0.7661097000000154,42,9,shift,20.0,200,100,96,2,"{""backend"": ""aeon"", ""n_jobs"": -1, ""candidate_k"": 20, ""paa_segments"": 32}","{""init"": ""random"", ""max_iter"": 300, ""method"": ""alternate""}"
ECG200,idk,distributional,0.005965770171149144,0.013213442871348327,8.876599800001713,42,9,shift,20.0,200,100,96,2,"{""backend"": ""aeon""}","{""init"": ""random"", ""max_iter"": 300, ""method"": ""alternate""}"
ECG200,sbd,sliding,0.03916433108546391,0.03773834664531581,0.6860632999978407,42,10,shift,20.0,200,100,96,2,"{""backend"": ""aeon"", ""n_jobs"": -1, ""candidate_k"": 20, ""paa_segments"": 32}","{""init"": ""random"", ""max_iter"": 300, ""method"": ""alternate""}"
ECG200,idk,distributional,0.031216361679224973,0.03377440647865838,8.829567099999622,42,10,shift,20.0,200,100,96,2,"{""backend"": ""aeon""}","{""init"": ""random"", ""max_iter"": 300, ""method"": ""alternate""}"
ECG200,sbd,sliding,0.010084815254506958,0.015186892977535385,0.723983899999439,42,1,shift,30.0,200,100,96,2,"{""backend"": ""aeon"", ""n_jobs"": -1, ""candidate_k"": 20, ""paa_segments"": 32}","{""init"": ""random"", ""max_iter"": 300, ""method"": ""alternate""}"
ECG200,idk,distributional,-0.006070471318246906,0.002779933823369478,9.555686599998808,42,1,shift,30.0,200,100,96,2,"{""backend"": ""aeon""}","{""init"": ""random"", ""max_iter"": 300, ""method"": ""alternate""}"
ECG200,sbd,sliding,-0.0036732295033793712,0.004662264774345075,0.6664505999997345,42,2,shift,30.0,200,100,96,2,"{""backend"": ""aeon"", ""n_jobs"": -1, ""candidate_k"": 20, ""paa_segments"": 32}","{""init"": ""random"", ""max_iter"": 300, ""method"": ""alternate""}"
ECG200,idk,distributional,-0.00817625458996328,0.0012203612085225554,8.446108100000856,42,2,shift,30.0,200,100,96,2,"{""backend"": ""aeon""}","{""init"": ""random"", ""max_iter"": 300, ""method"": ""alternate""}"
ECG200,sbd,sliding,0.03869371961747095,0.03522021495407305,0.7262972999978956,42,3,shift,30.0,200,100,96,2,"{""backend"": ""aeon"", ""n_jobs"": -1, ""candidate_k"": 20, ""paa_segments"": 32}","{""init"": ""random"", ""max_iter"": 300, ""method"": ""alternate""}"
ECG200,idk,distributional,0.030346561321601725,0.02964327933391515,8.971026100001836,42,3,shift,30.0,200,100,96,2,"{""backend"": ""aeon""}","{""init"": ""random"", ""max_iter"": 300, ""method"": ""alternate""}"
ECG200,sbd,sliding,-0.0036732295033793712,0.004662264774345075,0.763961399999971,42,4,shift,30.0,200,100,96,2,"{""backend"": ""aeon"", ""n_jobs"": -1, ""candidate_k"": 20, ""paa_segments"": 32}","{""init"": ""random"", ""max_iter"": 300, ""method"": ""alternate""}"
ECG200,idk,distributional,-0.0017597888253409592,0.006187113097211257,9.094564200000605,42,4,shift,30.0,200,100,96,2,"{""backend"": ""aeon""}","{""init"": ""random"", ""max_iter"": 300, ""method"": ""alternate""}"
ECG200,sbd,sliding,0.05245454102276605,0.10455553487611384,0.7285154000001057,42,5,shift,30.0,200,100,96,2,"{""backend"": ""aeon"", ""n_jobs"": -1, ""candidate_k"": 20, ""paa_segments"": 32}","{""init"": ""random"", ""max_iter"": 300, ""method"": ""alternate""}"
ECG200,idk,distributional,0.022562436481925154,0.023617500835648675,8.8750598000006,42,5,shift,30.0,200,100,96,2,"{""backend"": ""aeon""}","{""init"": ""random"", ""max_iter"": 300, ""method"": ""alternate""}"
ECG200,sbd,sliding,-0.0036732295033793712,0.004662264774345075,0.7918666999994457,42,6,shift,30.0,200,100,96,2,"{""backend"": ""aeon"", ""n_jobs"": -1, ""candidate_k"": 20, ""paa_segments"": 32}","{""init"": ""random"", ""max_iter"": 300, ""method"": ""alternate""}"
ECG200,idk,distributional,0.010278624132741089,0.015618086215310073,9.321888899998157,42,6,shift,30.0,200,100,96,2,"{""backend"": ""aeon""}","{""init"": ""random"", ""max_iter"": 300, ""method"": ""alternate""}"
ECG200,sbd,sliding,-0.0036732295033793712,0.004662264774345075,0.7562519000002794,42,7,shift,30.0,200,100,96,2,"{""backend"": ""aeon"", ""n_jobs"": -1, ""candidate_k"": 20, ""paa_segments"": 32}","{""init"": ""random"", ""max_iter"": 300, ""method"": ""alternate""}"
ECG200,idk,distributional,0.03900751180222049,0.036865411084647505,8.869499399999768,42,7,shift,30.0,200,100,96,2,"{""backend"": ""aeon""}","{""init"": ""random"", ""max_iter"": 300, ""method"": ""alternate""}"
ECG200,sbd,sliding,-0.001559549192811453,0.006362555582158176,0.7898009000018646,42,8,shift,30.0,200,100,96,2,"{""backend"": ""aeon"", ""n_jobs"": -1, ""candidate_k"": 20, ""paa_segments"": 32}","{""init"": ""random"", ""max_iter"": 300, ""method"": ""alternate""}"
ECG200,idk,distributional,0.030346561321601725,0.02964327933391515,11.098544100001163,42,8,shift,30.0,200,100,96,2,"{""backend"": ""aeon""}","{""init"": ""random"", ""max_iter"": 300, ""method"": ""alternate""}"
ECG200,sbd,sliding,-0.0036732295033793712,0.004662264774345075,0.7331902999994782,42,9,shift,30.0,200,100,96,2,"{""backend"": ""aeon"", ""n_jobs"": -1, ""candidate_k"": 20, ""paa_segments"": 32}","{""init"": ""random"", ""max_iter"": 300, ""method"": ""alternate""}"
ECG200,idk,distributional,0.004749082007343941,0.011011968121955752,9.183131499999945,42,9,shift,30.0,200,100,96,2,"{""backend"": ""aeon""}","{""init"": ""random"", ""max_iter"": 300, ""method"": ""alternate""}"
ECG200,sbd,sliding,-0.0036732295033793712,0.004662264774345075,0.7370921999990969,42,10,shift,30.0,200,100,96,2,"{""backend"": ""aeon"", ""n_jobs"": -1, ""candidate_k"": 20, ""paa_segments"": 32}","{""init"": ""random"", ""max_iter"": 300, ""method"": ""alternate""}"
ECG200,idk,distributional,0.009632299221661245,0.014255592878046928,9.213625099999263,42,10,shift,30.0,200,100,96,2,"{""backend"": ""aeon""}","{""init"": ""random"", ""max_iter"": 300, ""method"": ""alternate""}"
ECG200,sbd,sliding,0.1218796367253102,0.11789870295965417,0.7167788999995537,42,1,length,1.0,200,100,96,2,"{""backend"": ""aeon"", ""n_jobs"": -1, ""candidate_k"": 20, ""paa_segments"": 32}","{""init"": ""random"", ""max_iter"": 300, ""method"": ""alternate""}"
ECG200,idk,distributional,0.1360960505219871,0.11513495473941705,9.239369999997507,42,1,length,1.0,200,100,96,2,"{""backend"": ""aeon""}","{""init"": ""random"", ""max_iter"": 300, ""method"": ""alternate""}"
ECG200,sbd,sliding,0.1218796367253102,0.11789870295965417,0.6894652000028145,42,2,length,1.0,200,100,96,2,"{""backend"": ""aeon"", ""n_jobs"": -1, ""candidate_k"": 20, ""paa_segments"": 32}","{""init"": ""random"", ""max_iter"": 300, ""method"": ""alternate""}"
ECG200,idk,distributional,0.1360960505219871,0.11513495473941705,8.854057799999282,42,2,length,1.0,200,100,96,2,"{""backend"": ""aeon""}","{""init"": ""random"", ""max_iter"": 300, ""method"": ""alternate""}"
ECG200,sbd,sliding,0.1218796367253102,0.11789870295965417,0.6643745000019408,42,3,length,1.0,200,100,96,2,"{""backend"": ""aeon"", ""n_jobs"": -1, ""candidate_k"": 20, ""paa_segments"": 32}","{""init"": ""random"", ""max_iter"": 300, ""method"": ""alternate""}"
ECG200,idk,distributional,0.1360960505219871,0.11513495473941705,9.038481300001877,42,3,length,1.0,200,100,96,2,"{""backend"": ""aeon""}","{""init"": ""random"", ""max_iter"": 300, ""method"": ""alternate""}"
ECG200,sbd,sliding,0.1218796367253102,0.11789870295965417,0.7405146999990393,42,4,length,1.0,200,100,96,2,"{""backend"": ""aeon"", ""n_jobs"": -1, ""candidate_k"": 20, ""paa_segments"": 32}","{""init"": ""random"", ""max_iter"": 300, ""method"": ""alternate""}"
ECG200,idk,distributional,0.1360960505219871,0.11513495473941705,9.285399499998675,42,4,length,1.0,200,100,96,2,"{""backend"": ""aeon""}","{""init"": ""random"", ""max_iter"": 300, ""method"": ""alternate""}"
ECG200,sbd,sliding,0.1218796367253102,0.11789870295965417,0.7480353000009927,42,5,length,1.0,200,100,96,2,"{""backend"": ""aeon"", ""n_jobs"": -1, ""candidate_k"": 20, ""paa_segments"": 32}","{""init"": ""random"", ""max_iter"": 300, ""method"": ""alternate""}"
ECG200,idk,distributional,0.1360960505219871,0.11513495473941705,9.261244199999055,42,5,length,1.0,200,100,96,2,"{""backend"": ""aeon""}","{""init"": ""random"", ""max_iter"": 300, ""method"": ""alternate""}"
ECG200,sbd,sliding,0.1218796367253102,0.11789870295965417,0.7038356000011845,42,6,length,1.0,200,100,96,2,"{""backend"": ""aeon"", ""n_jobs"": -1, ""candidate_k"": 20, ""paa_segments"": 32}","{""init"": ""random"", ""max_iter"": 300, ""method"": ""alternate""}"
ECG200,idk,distributional,0.03900751180222049,0.036865411084647505,8.814924099999189,42,6,length,1.0,200,100,96,2,"{""backend"": ""aeon""}","{""init"": ""random"", ""max_iter"": 300, ""method"": ""alternate""}"
ECG200,sbd,sliding,0.025013740458015268,0.03501835993498306,0.6876982000012504,42,7,length,1.0,200,100,96,2,"{""backend"": ""aeon"", ""n_jobs"": -1, ""candidate_k"": 20, ""paa_segments"": 32}","{""init"": ""random"", ""max_iter"": 300, ""method"": ""alternate""}"
ECG200,idk,distributional,0.1360960505219871,0.11513495473941705,8.8049428000013,42,7,length,1.0,200,100,96,2,"{""backend"": ""aeon""}","{""init"": ""random"", ""max_iter"": 300, ""method"": ""alternate""}"
ECG200,sbd,sliding,0.1218796367253102,0.11789870295965417,0.7269305999998323,42,8,length,1.0,200,100,96,2,"{""backend"": ""aeon"", ""n_jobs"": -1, ""candidate_k"": 20, ""paa_segments"": 32}","{""init"": ""random"", ""max_iter"": 300, ""method"": ""alternate""}"
ECG200,idk,distributional,0.1360960505219871,0.11513495473941705,9.355194000001575,42,8,length,1.0,200,100,96,2,"{""backend"": ""aeon""}","{""init"": ""random"", ""max_iter"": 300, ""method"": ""alternate""}"
ECG200,sbd,sliding,0.1218796367253102,0.11789870295965417,0.747238700001617,42,9,length,1.0,200,100,96,2,"{""backend"": ""aeon"", ""n_jobs"": -1, ""candidate_k"": 20, ""paa_segments"": 32}","{""init"": ""random"", ""max_iter"": 300, ""method"": ""alternate""}"
ECG200,idk,distributional,0.1360960505219871,0.11513495473941705,10.85739089999879,42,9,length,1.0,200,100,96,2,"{""backend"": ""aeon""}","{""init"": ""random"", ""max_iter"": 300, ""method"": ""alternate""}"
ECG200,sbd,sliding,0.1218796367253102,0.11789870295965417,0.7478568000005907,42,10,length,1.0,200,100,96,2,"{""backend"": ""aeon"", ""n_jobs"": -1, ""candidate_k"": 20, ""paa_segments"": 32}","{""init"": ""random"", ""max_iter"": 300, ""method"": ""alternate""}"
ECG200,idk,distributional,0.1360960505219871,0.11513495473941705,8.86855519999881,42,10,length,1.0,200,100,96,2,"{""backend"": ""aeon""}","{""init"": ""random"", ""max_iter"": 300, ""method"": ""alternate""}"
ECG200,sbd,sliding,0.10789000696932276,0.107366056828105,0.7123023000021931,42,1,length,0.9,200,100,96,2,"{""backend"": ""aeon"", ""n_jobs"": -1, ""candidate_k"": 20, ""paa_segments"": 32}","{""init"": ""random"", ""max_iter"": 300, ""method"": ""alternate""}"
ECG200,idk,distributional,0.16856943577695385,0.14640120026863412,9.00564680000025,42,1,length,0.9,200,100,96,2,"{""backend"": ""aeon""}","{""init"": ""random"", ""max_iter"": 300, ""method"": ""alternate""}"
ECG200,sbd,sliding,0.10789000696932276,0.107366056828105,0.7676585999997769,42,2,length,0.9,200,100,96,2,"{""backend"": ""aeon"", ""n_jobs"": -1, ""candidate_k"": 20, ""paa_segments"": 32}","{""init"": ""random"", ""max_iter"": 300, ""method"": ""alternate""}"
ECG200,idk,distributional,0.13626518850262473,0.11876912541700375,9.278265500000998,42,2,length,0.9,200,100,96,2,"{""backend"": ""aeon""}","{""init"": ""random"", ""max_iter"": 300, ""method"": ""alternate""}"
ECG200,sbd,sliding,0.09573584721340302,0.12086122891152677,0.7196945999985473,42,3,length,0.9,200,100,96,2,"{""backend"": ""aeon"", ""n_jobs"": -1, ""candidate_k"": 20, ""paa_segments"": 32}","{""init"": ""random"", ""max_iter"": 300, ""method"": ""alternate""}"
ECG200,idk,distributional,0.15210688591983557,0.13459183880031764,8.875718700001016,42,3,length,0.9,200,100,96,2,"{""backend"": ""aeon""}","{""init"": ""random"", ""max_iter"": 300, ""method"": ""alternate""}"
ECG200,sbd,sliding,0.09573584721340302,0.12086122891152677,0.7335419999999431,42,4,length,0.9,200,100,96,2,"{""backend"": ""aeon"", ""n_jobs"": -1, ""candidate_k"": 20, ""paa_segments"": 32}","{""init"": ""random"", ""max_iter"": 300, ""method"": ""alternate""}"
ECG200,idk,distributional,0.015673213498555126,0.018587207287721865,9.059929099999863,42,4,length,0.9,200,100,96,2,"{""backend"": ""aeon""}","{""init"": ""random"", ""max_iter"": 300, ""method"": ""alternate""}"
ECG200,sbd,sliding,0.042445753595082146,0.07021735782919518,0.7894299000017782,42,5,length,0.9,200,100,96,2,"{""backend"": ""aeon"", ""n_jobs"": -1, ""candidate_k"": 20, ""paa_segments"": 32}","{""init"": ""random"", ""max_iter"": 300, ""method"": ""alternate""}"
ECG200,idk,distributional,0.15192703064321378,0.13000390226622416,8.392806600000768,42,5,length,0.9,200,100,96,2,"{""backend"": ""aeon""}","{""init"": ""random"", ""max_iter"": 300, ""method"": ""alternate""}"
ECG200,sbd,sliding,-0.0006803382252891437,0.007848505707418938,0.7491999000012584,42,6,length,0.9,200,100,96,2,"{""backend"": ""aeon"", ""n_jobs"": -1, ""candidate_k"": 20, ""paa_segments"": 32}","{""init"": ""random"", ""max_iter"": 300, ""method"": ""alternate""}"
ECG200,idk,distributional,0.030219914776901603,0.029114383118891984,8.65341570000055,42,6,length,0.9,200,100,96,2,"{""backend"": ""aeon""}","{""init"": ""random"", ""max_iter"": 300, ""method"": ""alternate""}"
ECG200,sbd,sliding,0.10789000696932276,0.107366056828105,0.7709136999983457,42,7,length,0.9,200,100,96,2,"{""backend"": ""aeon"", ""n_jobs"": -1, ""candidate_k"": 20, ""paa_segments"": 32}","{""init"": ""random"", ""max_iter"": 300, ""method"": ""alternate""}"
ECG200,idk,distributional,0.16856943577695385,0.14640120026863412,8.890603499999997,42,7,length,0.9,200,100,96,2,"{""backend"": ""aeon""}","{""init"": ""random"", ""max_iter"": 300, ""method"": ""alternate""}"
ECG200,sbd,sliding,0.09573584721340302,0.12086122891152677,0.7564758999997139,42,8,length,0.9,200,100,96,2,"{""backend"": ""aeon"", ""n_jobs"": -1, ""candidate_k"": 20, ""paa_segments"": 32}","{""init"": ""random"", ""max_iter"": 300, ""method"": ""alternate""}"
ECG200,idk,distributional,0.15210688591983557,0.13459183880031764,8.684590700000626,42,8,length,0.9,200,100,96,2,"{""backend"": ""aeon""}","{""init"": ""random"", ""max_iter"": 300, ""method"": ""alternate""}"
ECG200,sbd,sliding,0.022043795620437956,0.07928791578188196,0.7513878999998269,42,9,length,0.9,200,100,96,2,"{""backend"": ""aeon"", ""n_jobs"": -1, ""candidate_k"": 20, ""paa_segments"": 32}","{""init"": ""random"", ""max_iter"": 300, ""method"": ""alternate""}"
ECG200,idk,distributional,0.16856943577695385,0.14640120026863412,8.796937799999796,42,9,length,0.9,200,100,96,2,"{""backend"": ""aeon""}","{""init"": ""random"", ""max_iter"": 300, ""method"": ""alternate""}"
ECG200,sbd,sliding,0.2631475859367349,0.21409369088299846,0.7521825000003446,42,10,length,0.9,200,100,96,2,"{""backend"": ""aeon"", ""n_jobs"": -1, ""candidate_k"": 20, ""paa_segments"": 32}","{""init"": ""random"", ""max_iter"": 300, ""method"": ""alternate""}"
ECG200,idk,distributional,0.15192703064321378,0.13000390226622416,8.579166499999701,42,10,length,0.9,200,100,96,2,"{""backend"": ""aeon""}","{""init"": ""random"", ""max_iter"": 300, ""method"": ""alternate""}"
ECG200,sbd,sliding,0.10789000696932276,0.107366056828105,0.7552437000013015,42,1,length,0.75,200,100,96,2,"{""backend"": ""aeon"", ""n_jobs"": -1, ""candidate_k"": 20, ""paa_segments"": 32}","{""init"": ""random"", ""max_iter"": 300, ""method"": ""alternate""}"
ECG200,idk,distributional,0.13668774384501547,0.12886573678714794,9.090123399999356,42,1,length,0.75,200,100,96,2,"{""backend"": ""aeon""}","{""init"": ""random"", ""max_iter"": 300, ""method"": ""alternate""}"
ECG200,sbd,sliding,0.008096346523631212,0.08068918390116896,0.7547988000005716,42,2,length,0.75,200,100,96,2,"{""backend"": ""aeon"", ""n_jobs"": -1, ""candidate_k"": 20, ""paa_segments"": 32}","{""init"": ""random"", ""max_iter"": 300, ""method"": ""alternate""}"
ECG200,idk,distributional,0.033753558357055714,0.054340072174078026,9.369972899999993,42,2,length,0.75,200,100,96,2,"{""backend"": ""aeon""}","{""init"": ""random"", ""max_iter"": 300, ""method"": ""alternate""}"
ECG200,sbd,sliding,0.10789000696932276,0.107366056828105,0.7874018000002252,42,3,length,0.75,200,100,96,2,"{""backend"": ""aeon"", ""n_jobs"": -1, ""candidate_k"": 20, ""paa_segments"": 32}","{""init"": ""random"", ""max_iter"": 300, ""method"": ""alternate""}"
ECG200,idk,distributional,0.15177478580171358,0.12634639359704986,9.21527519999836,42,3,length,0.75,200,100,96,2,"{""backend"": ""aeon""}","{""init"": ""random"", ""max_iter"": 300, ""method"": ""alternate""}"
ECG200,sbd,sliding,0.10789000696932276,0.107366056828105,0.746194999999716,42,4,length,0.75,200,100,96,2,"{""backend"": ""aeon"", ""n_jobs"": -1, ""candidate_k"": 20, ""paa_segments"": 32}","{""init"": ""random"", ""max_iter"": 300, ""method"": ""alternate""}"
ECG200,idk,distributional,-0.008521892447840141,0.0011646013497918254,9.173079599999255,42,4,length,0.75,200,100,96,2,"{""backend"": ""aeon""}","{""init"": ""random"", ""max_iter"": 300, ""method"": ""alternate""}"
ECG200,sbd,sliding,-0.009466258094262714,0.0003017697373495547,0.7085725999986607,42,5,length,0.75,200,100,96,2,"{""backend"": ""aeon"", ""n_jobs"": -1, ""candidate_k"": 20, ""paa_segments"": 32}","{""init"": ""random"", ""max_iter"": 300, ""method"": ""alternate""}"
ECG200,idk,distributional,0.1218796367253102,0.11789870295965417,8.739853399998537,42,5,length,0.75,200,100,96,2,"{""backend"": ""aeon""}","{""init"": ""random"", ""max_iter"": 300, ""method"": ""alternate""}"
ECG200,sbd,sliding,0.04804584190420218,0.04233997721440788,0.6412161999996897,42,6,length,0.75,200,100,96,2,"{""backend"": ""aeon"", ""n_jobs"": -1, ""candidate_k"": 20, ""paa_segments"": 32}","{""init"": ""random"", ""max_iter"": 300, ""method"": ""alternate""}"
ECG200,idk,distributional,-0.008521892447840141,0.0011646013497918254,8.958550000001196,42,6,length,0.75,200,100,96,2,"{""backend"": ""aeon""}","{""init"": ""random"", ""max_iter"": 300, ""method"": ""alternate""}"
ECG200,sbd,sliding,0.16856943577695385,0.14640120026863412,0.7523230999995576,42,7,length,0.75,200,100,96,2,"{""backend"": ""aeon"", ""n_jobs"": -1, ""candidate_k"": 20, ""paa_segments"": 32}","{""init"": ""random"", ""max_iter"": 300, ""method"": ""alternate""}"
ECG200,idk,distributional,0.1360960505219871,0.11513495473941705,9.166836200000034,42,7,length,0.75,200,100,96,2,"{""backend"": ""aeon""}","{""init"": ""random"", ""max_iter"": 300, ""method"": ""alternate""}"
ECG200,sbd,sliding,0.10789000696932276,0.107366056828105,0.7294495999994979,42,8,length,0.75,200,100,96,2,"{""backend"": ""aeon"", ""n_jobs"": -1, ""candidate_k"": 20, ""paa_segments"": 32}","{""init"": ""random"", ""max_iter"": 300, ""method"": ""alternate""}"
ECG200,idk,distributional,0.12123486603792057,0.10447601533627356,9.554494899997735,42,8,length,0.75,200,100,96,2,"{""backend"": ""aeon""}","{""init"": ""random"", ""max_iter"": 300, ""method"": ""alternate""}"
ECG200,sbd,sliding,-0.009466258094262714,0.0003017697373495547,0.7273026999991998,42,9,length,0.75,200,100,96,2,"{""backend"": ""aeon"", ""n_jobs"": -1, ""candidate_k"": 20, ""paa_segments"": 32}","{""init"": ""random"", ""max_iter"": 300, ""method"": ""alternate""}"
ECG200,idk,distributional,0.035886448848419926,0.10273159764776643,9.221171600000162,42,9,length,0.75,200,100,96,2,"{""backend"": ""aeon""}","{""init"": ""random"", ""max_iter"": 300, ""method"": ""alternate""}"
ECG200,sbd,sliding,0.061307918532710164,0.0895602242336334,0.6950090999998793,42,10,length,0.75,200,100,96,2,"{""backend"": ""aeon"", ""n_jobs"": -1, ""candidate_k"": 20, ""paa_segments"": 32}","{""init"": ""random"", ""max_iter"": 300, ""method"": ""alternate""}"
ECG200,idk,distributional,-0.006222106394761703,0.0016431701115071989,8.63784140000098,42,10,length,0.75,200,100,96,2,"{""backend"": ""aeon""}","{""init"": ""random"", ""max_iter"": 300, ""method"": ""alternate""}"
ECG200,sbd,sliding,0.18622174381054898,0.17180268592686745,0.8278288999990764,42,1,length,0.5,200,100,96,2,"{""backend"": ""aeon"", ""n_jobs"": -1, ""candidate_k"": 20, ""paa_segments"": 32}","{""init"": ""random"", ""max_iter"": 300, ""method"": ""alternate""}"
ECG200,idk,distributional,0.16840662366749484,0.1417811079197256,8.843940000000657,42,1,length,0.5,200,100,96,2,"{""backend"": ""aeon""}","{""init"": ""random"", ""max_iter"": 300, ""method"": ""alternate""}"
ECG200,sbd,sliding,0.012148896880163282,0.09456435533426642,0.7629849999993894,42,2,length,0.5,200,100,96,2,"{""backend"": ""aeon"", ""n_jobs"": -1, ""candidate_k"": 20, ""paa_segments"": 32}","{""init"": ""random"", ""max_iter"": 300, ""method"": ""alternate""}"
ECG200,idk,distributional,0.08179739001748958,0.07881773731952152,9.577726499999699,42,2,length,0.5,200,100,96,2,"{""backend"": ""aeon""}","{""init"": ""random"", ""max_iter"": 300, ""method"": ""alternate""}"
ECG200,sbd,sliding,0.18622174381054898,0.17180268592686745,0.7553284999994503,42,3,length,0.5,200,100,96,2,"{""backend"": ""aeon"", ""n_jobs"": -1, ""candidate_k"": 20, ""paa_segments"": 32}","{""init"": ""random"", ""max_iter"": 300, ""method"": ""alternate""}"
ECG200,idk,distributional,0.16840662366749484,0.1417811079197256,9.211482900000192,42,3,length,0.5,200,100,96,2,"{""backend"": ""aeon""}","{""init"": ""random"", ""max_iter"": 300, ""method"": ""alternate""}"
ECG200,sbd,sliding,0.02542638435023949,0.03790883533264401,0.7113757999995869,42,4,length,0.5,200,100,96,2,"{""backend"": ""aeon"", ""n_jobs"": -1, ""candidate_k"": 20, ""paa_segments"": 32}","{""init"": ""random"", ""max_iter"": 300, ""method"": ""alternate""}"
ECG200,idk,distributional,0.15177478580171358,0.12634639359704986,8.78835330000038,42,4,length,0.5,200,100,96,2,"{""backend"": ""aeon""}","{""init"": ""random"", ""max_iter"": 300, ""method"": ""alternate""}"
ECG200,sbd,sliding,0.02542638435023949,0.03790883533264401,0.6207922000012331,42,5,length,0.5,200,100,96,2,"{""backend"": ""aeon"", ""n_jobs"": -1, ""candidate_k"": 20, ""paa_segments"": 32}","{""init"": ""random"", ""max_iter"": 300, ""method"": ""alternate""}"
ECG200,idk,distributional,0.15177478580171358,0.12634639359704986,8.383920599999328,42,5,length,0.5,200,100,96,2,"{""backend"": ""aeon""}","{""init"": ""random"", ""max_iter"": 300, ""method"": ""alternate""}"
ECG200,sbd,sliding,0.18622174381054898,0.17180268592686745,0.8321338999994623,42,6,length,0.5,200,100,96,2,"{""backend"": ""aeon"", ""n_jobs"": -1, ""candidate_k"": 20, ""paa_segments"": 32}","{""init"": ""random"", ""max_iter"": 300, ""method"": ""alternate""}"
ECG200,idk,distributional,0.15177478580171358,0.12634639359704986,8.682543100001567,42,6,length,0.5,200,100,96,2,"{""backend"": ""aeon""}","{""init"": ""random"", ""max_iter"": 300, ""method"": ""alternate""}"
ECG200,sbd,sliding,0.18622174381054898,0.17180268592686745,0.8052489999990939,42,7,length,0.5,200,100,96,2,"{""backend"": ""aeon"", ""n_jobs"": -1, ""candidate_k"": 20, ""paa_segments"": 32}","{""init"": ""random"", ""max_iter"": 300, ""method"": ""alternate""}"
ECG200,idk,distributional,0.16840662366749484,0.1417811079197256,8.38790230000086,42,7,length,0.5,200,100,96,2,"{""backend"": ""aeon""}","{""init"": ""random"", ""max_iter"": 300, ""method"": ""alternate""}"
ECG200,sbd,sliding,0.012984001854857407,0.0248500066450677,0.7788094000006822,42,8,length,0.5,200,100,96,2,"{""backend"": ""aeon"", ""n_jobs"": -1, ""candidate_k"": 20, ""paa_segments"": 32}","{""init"": ""random"", ""max_iter"": 300, ""method"": ""alternate""}"
ECG200,idk,distributional,0.16856943577695385,0.14640120026863412,8.693397499999264,42,8,length,0.5,200,100,96,2,"{""backend"": ""aeon""}","{""init"": ""random"", ""max_iter"": 300, ""method"": ""alternate""}"
ECG200,sbd,sliding,0.02542638435023949,0.03790883533264401,0.8875805999996373,42,9,length,0.5,200,100,96,2,"{""backend"": ""aeon"", ""n_jobs"": -1, ""candidate_k"": 20, ""paa_segments"": 32}","{""init"": ""random"", ""max_iter"": 300, ""method"": ""alternate""}"
ECG200,idk,distributional,0.16840662366749484,0.1417811079197256,8.446428599998399,42,9,length,0.5,200,100,96,2,"{""backend"": ""aeon""}","{""init"": ""random"", ""max_iter"": 300, ""method"": ""alternate""}"
ECG200,sbd,sliding,0.012984001854857407,0.0248500066450677,0.9342419999993581,42,10,length,0.5,200,100,96,2,"{""backend"": ""aeon"", ""n_jobs"": -1, ""candidate_k"": 20, ""paa_segments"": 32}","{""init"": ""random"", ""max_iter"": 300, ""method"": ""alternate""}"
ECG200,idk,distributional,0.16840662366749484,0.1417811079197256,8.721693999999843,42,10,length,0.5,200,100,96,2,"{""backend"": ""aeon""}","{""init"": ""random"", ""max_iter"": 300, ""method"": ""alternate""}"
ECG200,sbd,sliding,0.20363636363636364,0.16108192607888686,0.8412004000001616,42,1,length,0.25,200,100,96,2,"{""backend"": ""aeon"", ""n_jobs"": -1, ""candidate_k"": 20, ""paa_segments"": 32}","{""init"": ""random"", ""max_iter"": 300, ""method"": ""alternate""}"
ECG200,idk,distributional,0.15210688591983557,0.13459183880031764,8.774398500001553,42,1,length,0.25,200,100,96,2,"{""backend"": ""aeon""}","{""init"": ""random"", ""max_iter"": 300, ""method"": ""alternate""}"
ECG200,sbd,sliding,0.20363636363636364,0.16108192607888686,0.7672959999999875,42,2,length,0.25,200,100,96,2,"{""backend"": ""aeon"", ""n_jobs"": -1, ""candidate_k"": 20, ""paa_segments"": 32}","{""init"": ""random"", ""max_iter"": 300, ""method"": ""alternate""}"
ECG200,idk,distributional,0.04799921633932507,0.04205291843043419,8.785614300000816,42,2,length,0.25,200,100,96,2,"{""backend"": ""aeon""}","{""init"": ""random"", ""max_iter"": 300, ""method"": ""alternate""}"
ECG200,sbd,sliding,0.018796992481203006,0.031136408869133228,0.7665055999987089,42,3,length,0.25,200,100,96,2,"{""backend"": ""aeon"", ""n_jobs"": -1, ""candidate_k"": 20, ""paa_segments"": 32}","{""init"": ""random"", ""max_iter"": 300, ""method"": ""alternate""}"
ECG200,idk,distributional,0.12123486603792057,0.10447601533627356,8.642985200000112,42,3,length,0.25,200,100,96,2,"{""backend"": ""aeon""}","{""init"": ""random"", ""max_iter"": 300, ""method"": ""alternate""}"
ECG200,sbd,sliding,0.20363636363636364,0.16108192607888686,0.7929634000010992,42,4,length,0.25,200,100,96,2,"{""backend"": ""aeon"", ""n_jobs"": -1, ""candidate_k"": 20, ""paa_segments"": 32}","{""init"": ""random"", ""max_iter"": 300, ""method"": ""alternate""}"
ECG200,idk,distributional,0.03916433108546391,0.03773834664531581,8.755063200000222,42,4,length,0.25,200,100,96,2,"{""backend"": ""aeon""}","{""init"": ""random"", ""max_iter"": 300, ""method"": ""alternate""}"
ECG200,sbd,sliding,0.20363636363636364,0.16108192607888686,0.684899800000494,42,5,length,0.25,200,100,96,2,"{""backend"": ""aeon"", ""n_jobs"": -1, ""candidate_k"": 20, ""paa_segments"": 32}","{""init"": ""random"", ""max_iter"": 300, ""method"": ""alternate""}"
ECG200,idk,distributional,0.03869371961747095,0.03522021495407305,8.722542600000452,42,5,length,0.25,200,100,96,2,"{""backend"": ""aeon""}","{""init"": ""random"", ""max_iter"": 300, ""method"": ""alternate""}"
ECG200,sbd,sliding,0.20363636363636364,0.16108192607888686,0.8133682000025146,42,6,length,0.25,200,100,96,2,"{""backend"": ""aeon"", ""n_jobs"": -1, ""candidate_k"": 20, ""paa_segments"": 32}","{""init"": ""random"", ""max_iter"": 300, ""method"": ""alternate""}"
ECG200,idk,distributional,0.058397019760813774,0.05169322737348285,8.579901799999789,42,6,length,0.25,200,100,96,2,"{""backend"": ""aeon""}","{""init"": ""random"", ""max_iter"": 300, ""method"": ""alternate""}"
ECG200,sbd,sliding,0.20363636363636364,0.16108192607888686,0.7671009999994567,42,7,length,0.25,200,100,96,2,"{""backend"": ""aeon"", ""n_jobs"": -1, ""candidate_k"": 20, ""paa_segments"": 32}","{""init"": ""random"", ""max_iter"": 300, ""method"": ""alternate""}"
ECG200,idk,distributional,0.20428585992455908,0.18475117741427882,8.771086599999762,42,7,length,0.25,200,100,96,2,"{""backend"": ""aeon""}","{""init"": ""random"", ""max_iter"": 300, ""method"": ""alternate""}"
ECG200,sbd,sliding,0.018796992481203006,0.031136408869133228,0.69947559999855,42,8,length,0.25,200,100,96,2,"{""backend"": ""aeon"", ""n_jobs"": -1, ""candidate_k"": 20, ""paa_segments"": 32}","{""init"": ""random"", ""max_iter"": 300, ""method"": ""alternate""}"
ECG200,idk,distributional,0.09396564381148143,0.08472444119491121,9.247249100000772,42,8,length,0.25,200,100,96,2,"{""backend"": ""aeon""}","{""init"": ""random"", ""max_iter"": 300, ""method"": ""alternate""}"
ECG200,sbd,sliding,0.018796992481203006,0.031136408869133228,0.7243288000008761,42,9,length,0.25,200,100,96,2,"{""backend"": ""aeon"", ""n_jobs"": -1, ""candidate_k"": 20, ""paa_segments"": 32}","{""init"": ""random"", ""max_iter"": 300, ""method"": ""alternate""}"
ECG200,idk,distributional,0.20428585992455908,0.18475117741427882,9.350779299998976,42,9,length,0.25,200,100,96,2,"{""backend"": ""aeon""}","{""init"": ""random"", ""max_iter"": 300, ""method"": ""alternate""}"
ECG200,sbd,sliding,0.018796992481203006,0.031136408869133228,0.8394984000005934,42,10,length,0.25,200,100,96,2,"{""backend"": ""aeon"", ""n_jobs"": -1, ""candidate_k"": 20, ""paa_segments"": 32}","{""init"": ""random"", ""max_iter"": 300, ""method"": ""alternate""}"
ECG200,idk,distributional,0.03916433108546391,0.03773834664531581,8.553031500001453,42,10,length,0.25,200,100,96,2,"{""backend"": ""aeon""}","{""init"": ""random"", ""max_iter"": 300, ""method"": ""alternate""}"
