dataset,measure,paradigm,measure_params,clustering_params,ari,nmi,runtime,seed,perturbation_type,perturbation_level,n_samples,series_length,k
Chinatown,sbd,sliding,"{""backend"": ""reference"", ""candidate_k"": 20, ""coarse_method"": ""paa"", ""n_jobs"": -1, ""paa_segments"": 32, ""standardize"": false}","{""k"": 2, ""n_samples"": 363, ""no_window_threshold"": 96, ""normalize"": true, ""random_state"": 1, ""samples_per_class"": null}",0.0072575454703023914,0.0029581129037221676,0.4352455999905942,1,none,0,363,24,2
Chinatown,idk,distributional,"{""no_window_threshold"": 96, ""psi"": 363, ""t"": 220, ""window_size"": 24, ""window_step"": 24}","{""k"": 2, ""n_samples"": 363, ""no_window_threshold"": 96, ""normalize"": true, ""random_state"": 1, ""samples_per_class"": null}",-0.003289315946754708,0.0030146205842464776,0.8954249999951571,1,none,0,363,24,2
Chinatown,sbd,sliding,"{""backend"": ""reference"", ""candidate_k"": 20, ""coarse_method"": ""paa"", ""n_jobs"": -1, ""paa_segments"": 32, ""standardize"": false}","{""k"": 2, ""n_samples"": 363, ""no_window_threshold"": 96, ""normalize"": true, ""random_state"": 2, ""samples_per_class"": null}",0.2814872689823915,0.15939322686226948,0.4403426000062609,2,none,0,363,24,2
Chinatown,idk,distributional,"{""no_window_threshold"": 96, ""psi"": 363, ""t"": 220, ""window_size"": 24, ""window_step"": 24}","{""k"": 2, ""n_samples"": 363, ""no_window_threshold"": 96, ""normalize"": true, ""random_state"": 2, ""samples_per_class"": null}",-0.003289315946754708,0.0030146205842464776,0.7115606000006665,2,none,0,363,24,2
Chinatown,sbd,sliding,"{""backend"": ""reference"", ""candidate_k"": 20, ""coarse_method"": ""paa"", ""n_jobs"": -1, ""paa_segments"": 32, ""standardize"": false}","{""k"": 2, ""n_samples"": 363, ""no_window_threshold"": 96, ""normalize"": true, ""random_state"": 3, ""samples_per_class"": null}",0.031358890248962074,0.010812327536742865,0.44453160000557546,3,none,0,363,24,2
Chinatown,idk,distributional,"{""no_window_threshold"": 96, ""psi"": 363, ""t"": 220, ""window_size"": 24, ""window_step"": 24}","{""k"": 2, ""n_samples"": 363, ""no_window_threshold"": 96, ""normalize"": true, ""random_state"": 3, ""samples_per_class"": null}",-0.003289315946754708,0.0030146205842464776,0.8145359000045573,3,none,0,363,24,2
Chinatown,sbd,sliding,"{""backend"": ""reference"", ""candidate_k"": 20, ""coarse_method"": ""paa"", ""n_jobs"": -1, ""paa_segments"": 32, ""standardize"": false}","{""k"": 2, ""n_samples"": 363, ""no_window_threshold"": 96, ""normalize"": true, ""random_state"": 4, ""samples_per_class"": null}",0.031358890248962074,0.010812327536742865,0.4942478000011761,4,none,0,363,24,2
Chinatown,idk,distributional,"{""no_window_threshold"": 96, ""psi"": 363, ""t"": 220, ""window_size"": 24, ""window_step"": 24}","{""k"": 2, ""n_samples"": 363, ""no_window_threshold"": 96, ""normalize"": true, ""random_state"": 4, ""samples_per_class"": null}",-0.003289315946754708,0.0030146205842464776,0.8541875000082655,4,none,0,363,24,2
Chinatown,sbd,sliding,"{""backend"": ""reference"", ""candidate_k"": 20, ""coarse_method"": ""paa"", ""n_jobs"": -1, ""paa_segments"": 32, ""standardize"": false}","{""k"": 2, ""n_samples"": 363, ""no_window_threshold"": 96, ""normalize"": true, ""random_state"": 5, ""samples_per_class"": null}",0.2814872689823915,0.15939322686226948,0.5401740000088466,5,none,0,363,24,2
Chinatown,idk,distributional,"{""no_window_threshold"": 96, ""psi"": 363, ""t"": 220, ""window_size"": 24, ""window_step"": 24}","{""k"": 2, ""n_samples"": 363, ""no_window_threshold"": 96, ""normalize"": true, ""random_state"": 5, ""samples_per_class"": null}",-0.003289315946754708,0.0030146205842464776,0.8670184000075096,5,none,0,363,24,2
Chinatown,sbd,sliding,"{""backend"": ""reference"", ""candidate_k"": 20, ""coarse_method"": ""paa"", ""n_jobs"": -1, ""paa_segments"": 32, ""standardize"": false}","{""k"": 2, ""n_samples"": 363, ""no_window_threshold"": 96, ""normalize"": true, ""random_state"": 6, ""samples_per_class"": null}",0.031358890248962074,0.010812327536742865,0.4598712000006344,6,none,0,363,24,2
Chinatown,idk,distributional,"{""no_window_threshold"": 96, ""psi"": 363, ""t"": 220, ""window_size"": 24, ""window_step"": 24}","{""k"": 2, ""n_samples"": 363, ""no_window_threshold"": 96, ""normalize"": true, ""random_state"": 6, ""samples_per_class"": null}",-0.003289315946754708,0.0030146205842464776,0.7623380000004545,6,none,0,363,24,2
Chinatown,sbd,sliding,"{""backend"": ""reference"", ""candidate_k"": 20, ""coarse_method"": ""paa"", ""n_jobs"": -1, ""paa_segments"": 32, ""standardize"": false}","{""k"": 2, ""n_samples"": 363, ""no_window_threshold"": 96, ""normalize"": true, ""random_state"": 7, ""samples_per_class"": null}",0.031358890248962074,0.010812327536742865,0.4422560999955749,7,none,0,363,24,2
Chinatown,idk,distributional,"{""no_window_threshold"": 96, ""psi"": 363, ""t"": 220, ""window_size"": 24, ""window_step"": 24}","{""k"": 2, ""n_samples"": 363, ""no_window_threshold"": 96, ""normalize"": true, ""random_state"": 7, ""samples_per_class"": null}",-0.003289315946754708,0.0030146205842464776,0.750243499991484,7,none,0,363,24,2
Chinatown,sbd,sliding,"{""backend"": ""reference"", ""candidate_k"": 20, ""coarse_method"": ""paa"", ""n_jobs"": -1, ""paa_segments"": 32, ""standardize"": false}","{""k"": 2, ""n_samples"": 363, ""no_window_threshold"": 96, ""normalize"": true, ""random_state"": 8, ""samples_per_class"": null}",0.0072575454703023914,0.0029581129037221676,0.4377794000029098,8,none,0,363,24,2
Chinatown,idk,distributional,"{""no_window_threshold"": 96, ""psi"": 363, ""t"": 220, ""window_size"": 24, ""window_step"": 24}","{""k"": 2, ""n_samples"": 363, ""no_window_threshold"": 96, ""normalize"": true, ""random_state"": 8, ""samples_per_class"": null}",-0.003289315946754708,0.0030146205842464776,0.7474534999928437,8,none,0,363,24,2
Chinatown,sbd,sliding,"{""backend"": ""reference"", ""candidate_k"": 20, ""coarse_method"": ""paa"", ""n_jobs"": -1, ""paa_segments"": 32, ""standardize"": false}","{""k"": 2, ""n_samples"": 363, ""no_window_threshold"": 96, ""normalize"": true, ""random_state"": 9, ""samples_per_class"": null}",0.0072575454703023914,0.0029581129037221676,0.4474523000098998,9,none,0,363,24,2
Chinatown,idk,distributional,"{""no_window_threshold"": 96, ""psi"": 363, ""t"": 220, ""window_size"": 24, ""window_step"": 24}","{""k"": 2, ""n_samples"": 363, ""no_window_threshold"": 96, ""normalize"": true, ""random_state"": 9, ""samples_per_class"": null}",-0.003289315946754708,0.0030146205842464776,0.7722598999971524,9,none,0,363,24,2
Chinatown,sbd,sliding,"{""backend"": ""reference"", ""candidate_k"": 20, ""coarse_method"": ""paa"", ""n_jobs"": -1, ""paa_segments"": 32, ""standardize"": false}","{""k"": 2, ""n_samples"": 363, ""no_window_threshold"": 96, ""normalize"": true, ""random_state"": 10, ""samples_per_class"": null}",0.0072575454703023914,0.0029581129037221676,0.44568429999344517,10,none,0,363,24,2
Chinatown,idk,distributional,"{""no_window_threshold"": 96, ""psi"": 363, ""t"": 220, ""window_size"": 24, ""window_step"": 24}","{""k"": 2, ""n_samples"": 363, ""no_window_threshold"": 96, ""normalize"": true, ""random_state"": 10, ""samples_per_class"": null}",-0.003289315946754708,0.0030146205842464776,0.7390338999975938,10,none,0,363,24,2
SyntheticControl,sbd,sliding,"{""backend"": ""reference"", ""candidate_k"": 20, ""coarse_method"": ""paa"", ""n_jobs"": -1, ""paa_segments"": 32, ""standardize"": false}","{""k"": 6, ""n_samples"": 600, ""no_window_threshold"": 96, ""normalize"": true, ""random_state"": 1, ""samples_per_class"": null}",0.6275169381716597,0.7407551983695774,1.4261553999967873,1,none,0,600,60,6
SyntheticControl,idk,distributional,"{""no_window_threshold"": 96, ""psi"": 600, ""t"": 220, ""window_size"": 60, ""window_step"": 60}","{""k"": 6, ""n_samples"": 600, ""no_window_threshold"": 96, ""normalize"": true, ""random_state"": 1, ""samples_per_class"": null}",4.692451802118631e-06,0.016156537748224474,3.612638699996751,1,none,0,600,60,6
SyntheticControl,sbd,sliding,"{""backend"": ""reference"", ""candidate_k"": 20, ""coarse_method"": ""paa"", ""n_jobs"": -1, ""paa_segments"": 32, ""standardize"": false}","{""k"": 6, ""n_samples"": 600, ""no_window_threshold"": 96, ""normalize"": true, ""random_state"": 2, ""samples_per_class"": null}",0.5276910949801514,0.6754369816959158,1.6725521000043955,2,none,0,600,60,6
SyntheticControl,idk,distributional,"{""no_window_threshold"": 96, ""psi"": 600, ""t"": 220, ""window_size"": 60, ""window_step"": 60}","{""k"": 6, ""n_samples"": 600, ""no_window_threshold"": 96, ""normalize"": true, ""random_state"": 2, ""samples_per_class"": null}",5.8745886984215935e-05,0.016229952220815427,2.6530472000013106,2,none,0,600,60,6
SyntheticControl,sbd,sliding,"{""backend"": ""reference"", ""candidate_k"": 20, ""coarse_method"": ""paa"", ""n_jobs"": -1, ""paa_segments"": 32, ""standardize"": false}","{""k"": 6, ""n_samples"": 600, ""no_window_threshold"": 96, ""normalize"": true, ""random_state"": 3, ""samples_per_class"": null}",0.5187512223289709,0.6298022183480261,2.2725149000034435,3,none,0,600,60,6
SyntheticControl,idk,distributional,"{""no_window_threshold"": 96, ""psi"": 600, ""t"": 220, ""window_size"": 60, ""window_step"": 60}","{""k"": 6, ""n_samples"": 600, ""no_window_threshold"": 96, ""normalize"": true, ""random_state"": 3, ""samples_per_class"": null}",3.1719169393167285e-05,0.016193057686449058,2.229534500002046,3,none,0,600,60,6
SyntheticControl,sbd,sliding,"{""backend"": ""reference"", ""candidate_k"": 20, ""coarse_method"": ""paa"", ""n_jobs"": -1, ""paa_segments"": 32, ""standardize"": false}","{""k"": 6, ""n_samples"": 600, ""no_window_threshold"": 96, ""normalize"": true, ""random_state"": 4, ""samples_per_class"": null}",0.5688308634835237,0.6592727775905584,1.3531463999970583,4,none,0,600,60,6
SyntheticControl,idk,distributional,"{""no_window_threshold"": 96, ""psi"": 600, ""t"": 220, ""window_size"": 60, ""window_step"": 60}","{""k"": 6, ""n_samples"": 600, ""no_window_threshold"": 96, ""normalize"": true, ""random_state"": 4, ""samples_per_class"": null}",1.8205810597642956e-05,0.016174890410719938,3.144220199988922,4,none,0,600,60,6
SyntheticControl,sbd,sliding,"{""backend"": ""reference"", ""candidate_k"": 20, ""coarse_method"": ""paa"", ""n_jobs"": -1, ""paa_segments"": 32, ""standardize"": false}","{""k"": 6, ""n_samples"": 600, ""no_window_threshold"": 96, ""normalize"": true, ""random_state"": 5, ""samples_per_class"": null}",0.6215021924704632,0.7412099043491251,2.278527499991469,5,none,0,600,60,6
SyntheticControl,idk,distributional,"{""no_window_threshold"": 96, ""psi"": 600, ""t"": 220, ""window_size"": 60, ""window_step"": 60}","{""k"": 6, ""n_samples"": 600, ""no_window_threshold"": 96, ""normalize"": true, ""random_state"": 5, ""samples_per_class"": null}",4.692451802118631e-06,0.016156537748224474,2.2128992000070866,5,none,0,600,60,6
SyntheticControl,sbd,sliding,"{""backend"": ""reference"", ""candidate_k"": 20, ""coarse_method"": ""paa"", ""n_jobs"": -1, ""paa_segments"": 32, ""standardize"": false}","{""k"": 6, ""n_samples"": 600, ""no_window_threshold"": 96, ""normalize"": true, ""random_state"": 6, ""samples_per_class"": null}",0.44395269846582747,0.5869183743511935,1.3727745000069262,6,none,0,600,60,6
SyntheticControl,idk,distributional,"{""no_window_threshold"": 96, ""psi"": 600, ""t"": 220, ""window_size"": 60, ""window_step"": 60}","{""k"": 6, ""n_samples"": 600, ""no_window_threshold"": 96, ""normalize"": true, ""random_state"": 6, ""samples_per_class"": null}",4.692451802118631e-06,0.016156537748224474,3.151242399995681,6,none,0,600,60,6
SyntheticControl,sbd,sliding,"{""backend"": ""reference"", ""candidate_k"": 20, ""coarse_method"": ""paa"", ""n_jobs"": -1, ""paa_segments"": 32, ""standardize"": false}","{""k"": 6, ""n_samples"": 600, ""no_window_threshold"": 96, ""normalize"": true, ""random_state"": 7, ""samples_per_class"": null}",0.6290356329301443,0.7203735119589003,2.291322399993078,7,none,0,600,60,6
SyntheticControl,idk,distributional,"{""no_window_threshold"": 96, ""psi"": 600, ""t"": 220, ""window_size"": 60, ""window_step"": 60}","{""k"": 6, ""n_samples"": 600, ""no_window_threshold"": 96, ""normalize"": true, ""random_state"": 7, ""samples_per_class"": null}",-2.2334265788930022e-05,0.016120203196766235,2.215709900003276,7,none,0,600,60,6
SyntheticControl,sbd,sliding,"{""backend"": ""reference"", ""candidate_k"": 20, ""coarse_method"": ""paa"", ""n_jobs"": -1, ""paa_segments"": 32, ""standardize"": false}","{""k"": 6, ""n_samples"": 600, ""no_window_threshold"": 96, ""normalize"": true, ""random_state"": 8, ""samples_per_class"": null}",0.5001388726793097,0.6306612093765052,1.3549531000026036,8,none,0,600,60,6
SyntheticControl,idk,distributional,"{""no_window_threshold"": 96, ""psi"": 600, ""t"": 220, ""window_size"": 60, ""window_step"": 60}","{""k"": 6, ""n_samples"": 600, ""no_window_threshold"": 96, ""normalize"": true, ""random_state"": 8, ""samples_per_class"": null}",1.8205810597642956e-05,0.016174890410719938,3.154029500001343,8,none,0,600,60,6
SyntheticControl,sbd,sliding,"{""backend"": ""reference"", ""candidate_k"": 20, ""coarse_method"": ""paa"", ""n_jobs"": -1, ""paa_segments"": 32, ""standardize"": false}","{""k"": 6, ""n_samples"": 600, ""no_window_threshold"": 96, ""normalize"": true, ""random_state"": 9, ""samples_per_class"": null}",0.5528051856338148,0.6800143785510165,2.2902784000034444,9,none,0,600,60,6
SyntheticControl,idk,distributional,"{""no_window_threshold"": 96, ""psi"": 600, ""t"": 220, ""window_size"": 60, ""window_step"": 60}","{""k"": 6, ""n_samples"": 600, ""no_window_threshold"": 96, ""normalize"": true, ""random_state"": 9, ""samples_per_class"": null}",-8.820906993405696e-06,0.016138370472495354,2.646083900006488,9,none,0,600,60,6
SyntheticControl,sbd,sliding,"{""backend"": ""reference"", ""candidate_k"": 20, ""coarse_method"": ""paa"", ""n_jobs"": -1, ""paa_segments"": 32, ""standardize"": false}","{""k"": 6, ""n_samples"": 600, ""no_window_threshold"": 96, ""normalize"": true, ""random_state"": 10, ""samples_per_class"": null}",0.5257064256005541,0.6532685507173853,2.353255199996056,10,none,0,600,60,6
SyntheticControl,idk,distributional,"{""no_window_threshold"": 96, ""psi"": 600, ""t"": 220, ""window_size"": 60, ""window_step"": 60}","{""k"": 6, ""n_samples"": 600, ""no_window_threshold"": 96, ""normalize"": true, ""random_state"": 10, ""samples_per_class"": null}",1.8205810597642956e-05,0.016174890410719938,2.2287873000022955,10,none,0,600,60,6
MoteStrain,sbd,sliding,"{""backend"": ""reference"", ""candidate_k"": 20, ""coarse_method"": ""paa"", ""n_jobs"": -1, ""paa_segments"": 32, ""standardize"": false}","{""k"": 2, ""n_samples"": 1272, ""no_window_threshold"": 96, ""normalize"": true, ""random_state"": 1, ""samples_per_class"": null}",0.6029782165746794,0.4936933936615994,9.442746600005194,1,none,0,1272,84,2
MoteStrain,idk,distributional,"{""no_window_threshold"": 96, ""psi"": 1272, ""t"": 220, ""window_size"": 84, ""window_step"": 84}","{""k"": 2, ""n_samples"": 1272, ""no_window_threshold"": 96, ""normalize"": true, ""random_state"": 1, ""samples_per_class"": null}",0.00026249666131071287,0.0017465787118536116,20.386958000002778,1,none,0,1272,84,2
MoteStrain,sbd,sliding,"{""backend"": ""reference"", ""candidate_k"": 20, ""coarse_method"": ""paa"", ""n_jobs"": -1, ""paa_segments"": 32, ""standardize"": false}","{""k"": 2, ""n_samples"": 1272, ""no_window_threshold"": 96, ""normalize"": true, ""random_state"": 2, ""samples_per_class"": null}",0.5001260556665431,0.4092916734859559,9.550864600008936,2,none,0,1272,84,2
MoteStrain,idk,distributional,"{""no_window_threshold"": 96, ""psi"": 1272, ""t"": 220, ""window_size"": 84, ""window_step"": 84}","{""k"": 2, ""n_samples"": 1272, ""no_window_threshold"": 96, ""normalize"": true, ""random_state"": 2, ""samples_per_class"": null}",0.00026249666131071287,0.0017465787118536116,19.235493100000895,2,none,0,1272,84,2
MoteStrain,sbd,sliding,"{""backend"": ""reference"", ""candidate_k"": 20, ""coarse_method"": ""paa"", ""n_jobs"": -1, ""paa_segments"": 32, ""standardize"": false}","{""k"": 2, ""n_samples"": 1272, ""no_window_threshold"": 96, ""normalize"": true, ""random_state"": 3, ""samples_per_class"": null}",0.6029782165746794,0.4936933936615994,9.660136500009685,3,none,0,1272,84,2
MoteStrain,idk,distributional,"{""no_window_threshold"": 96, ""psi"": 1272, ""t"": 220, ""window_size"": 84, ""window_step"": 84}","{""k"": 2, ""n_samples"": 1272, ""no_window_threshold"": 96, ""normalize"": true, ""random_state"": 3, ""samples_per_class"": null}",-0.00022494239443706344,0.0013978046837770108,19.372867300000507,3,none,0,1272,84,2
MoteStrain,sbd,sliding,"{""backend"": ""reference"", ""candidate_k"": 20, ""coarse_method"": ""paa"", ""n_jobs"": -1, ""paa_segments"": 32, ""standardize"": false}","{""k"": 2, ""n_samples"": 1272, ""no_window_threshold"": 96, ""normalize"": true, ""random_state"": 4, ""samples_per_class"": null}",0.03058077739175986,0.02530219993496121,9.546283199990285,4,none,0,1272,84,2
MoteStrain,idk,distributional,"{""no_window_threshold"": 96, ""psi"": 1272, ""t"": 220, ""window_size"": 84, ""window_step"": 84}","{""k"": 2, ""n_samples"": 1272, ""no_window_threshold"": 96, ""normalize"": true, ""random_state"": 4, ""samples_per_class"": null}",0.00026249666131071287,0.0017465787118536116,19.241651999996975,4,none,0,1272,84,2
MoteStrain,sbd,sliding,"{""backend"": ""reference"", ""candidate_k"": 20, ""coarse_method"": ""paa"", ""n_jobs"": -1, ""paa_segments"": 32, ""standardize"": false}","{""k"": 2, ""n_samples"": 1272, ""no_window_threshold"": 96, ""normalize"": true, ""random_state"": 5, ""samples_per_class"": null}",0.6029782165746794,0.4936933936615994,9.539068700003554,5,none,0,1272,84,2
MoteStrain,idk,distributional,"{""no_window_threshold"": 96, ""psi"": 1272, ""t"": 220, ""window_size"": 84, ""window_step"": 84}","{""k"": 2, ""n_samples"": 1272, ""no_window_threshold"": 96, ""normalize"": true, ""random_state"": 5, ""samples_per_class"": null}",-0.00022494239443706344,0.0013978046837770108,18.085734299995238,5,none,0,1272,84,2
MoteStrain,sbd,sliding,"{""backend"": ""reference"", ""candidate_k"": 20, ""coarse_method"": ""paa"", ""n_jobs"": -1, ""paa_segments"": 32, ""standardize"": false}","{""k"": 2, ""n_samples"": 1272, ""no_window_threshold"": 96, ""normalize"": true, ""random_state"": 6, ""samples_per_class"": null}",0.6029782165746794,0.4936933936615994,10.44399759999942,6,none,0,1272,84,2
MoteStrain,idk,distributional,"{""no_window_threshold"": 96, ""psi"": 1272, ""t"": 220, ""window_size"": 84, ""window_step"": 84}","{""k"": 2, ""n_samples"": 1272, ""no_window_threshold"": 96, ""normalize"": true, ""random_state"": 6, ""samples_per_class"": null}",-0.00022494239443706344,0.0013978046837770108,19.083767300006002,6,none,0,1272,84,2
MoteStrain,sbd,sliding,"{""backend"": ""reference"", ""candidate_k"": 20, ""coarse_method"": ""paa"", ""n_jobs"": -1, ""paa_segments"": 32, ""standardize"": false}","{""k"": 2, ""n_samples"": 1272, ""no_window_threshold"": 96, ""normalize"": true, ""random_state"": 7, ""samples_per_class"": null}",0.015002261922424922,0.010431183001420733,9.601255000001402,7,none,0,1272,84,2
MoteStrain,idk,distributional,"{""no_window_threshold"": 96, ""psi"": 1272, ""t"": 220, ""window_size"": 84, ""window_step"": 84}","{""k"": 2, ""n_samples"": 1272, ""no_window_threshold"": 96, ""normalize"": true, ""random_state"": 7, ""samples_per_class"": null}",0.00026249666131071287,0.0017465787118536116,18.3065523999976,7,none,0,1272,84,2
MoteStrain,sbd,sliding,"{""backend"": ""reference"", ""candidate_k"": 20, ""coarse_method"": ""paa"", ""n_jobs"": -1, ""paa_segments"": 32, ""standardize"": false}","{""k"": 2, ""n_samples"": 1272, ""no_window_threshold"": 96, ""normalize"": true, ""random_state"": 8, ""samples_per_class"": null}",0.015002261922424922,0.010431183001420733,9.532932700007223,8,none,0,1272,84,2
MoteStrain,idk,distributional,"{""no_window_threshold"": 96, ""psi"": 1272, ""t"": 220, ""window_size"": 84, ""window_step"": 84}","{""k"": 2, ""n_samples"": 1272, ""no_window_threshold"": 96, ""normalize"": true, ""random_state"": 8, ""samples_per_class"": null}",-0.00022494239443706344,0.0013978046837770108,19.861309700005222,8,none,0,1272,84,2
MoteStrain,sbd,sliding,"{""backend"": ""reference"", ""candidate_k"": 20, ""coarse_method"": ""paa"", ""n_jobs"": -1, ""paa_segments"": 32, ""standardize"": false}","{""k"": 2, ""n_samples"": 1272, ""no_window_threshold"": 96, ""normalize"": true, ""random_state"": 9, ""samples_per_class"": null}",0.6029782165746794,0.4936933936615994,9.512908000004245,9,none,0,1272,84,2
MoteStrain,idk,distributional,"{""no_window_threshold"": 96, ""psi"": 1272, ""t"": 220, ""window_size"": 84, ""window_step"": 84}","{""k"": 2, ""n_samples"": 1272, ""no_window_threshold"": 96, ""normalize"": true, ""random_state"": 9, ""samples_per_class"": null}",-0.00022494239443706344,0.0013978046837770108,19.013965999998618,9,none,0,1272,84,2
MoteStrain,sbd,sliding,"{""backend"": ""reference"", ""candidate_k"": 20, ""coarse_method"": ""paa"", ""n_jobs"": -1, ""paa_segments"": 32, ""standardize"": false}","{""k"": 2, ""n_samples"": 1272, ""no_window_threshold"": 96, ""normalize"": true, ""random_state"": 10, ""samples_per_class"": null}",0.5001260556665431,0.40929167348595596,9.504913199998555,10,none,0,1272,84,2
MoteStrain,idk,distributional,"{""no_window_threshold"": 96, ""psi"": 1272, ""t"": 220, ""window_size"": 84, ""window_step"": 84}","{""k"": 2, ""n_samples"": 1272, ""no_window_threshold"": 96, ""normalize"": true, ""random_state"": 10, ""samples_per_class"": null}",0.00026249666131071287,0.0017465787118536116,18.101782800004003,10,none,0,1272,84,2
ECG200,sbd,sliding,"{""backend"": ""reference"", ""candidate_k"": 20, ""coarse_method"": ""paa"", ""n_jobs"": -1, ""paa_segments"": 32, ""standardize"": false}","{""k"": 2, ""n_samples"": 200, ""no_window_threshold"": 96, ""normalize"": true, ""random_state"": 1, ""samples_per_class"": null}",0.20264213978503184,0.11711884554963234,0.20442480000201613,1,none,0,200,96,2
ECG200,idk,distributional,"{""no_window_threshold"": 96, ""psi"": 200, ""t"": 220, ""window_size"": 96, ""window_step"": 96}","{""k"": 2, ""n_samples"": 200, ""no_window_threshold"": 96, ""normalize"": true, ""random_state"": 1, ""samples_per_class"": null}",-0.004950860858641839,0.00611578370187565,0.4370595999935176,1,none,0,200,96,2
ECG200,sbd,sliding,"{""backend"": ""reference"", ""candidate_k"": 20, ""coarse_method"": ""paa"", ""n_jobs"": -1, ""paa_segments"": 32, ""standardize"": false}","{""k"": 2, ""n_samples"": 200, ""no_window_threshold"": 96, ""normalize"": true, ""random_state"": 2, ""samples_per_class"": null}",0.19651597227914655,0.11501237068094518,0.1719158000050811,2,none,0,200,96,2
ECG200,idk,distributional,"{""no_window_threshold"": 96, ""psi"": 200, ""t"": 220, ""window_size"": 96, ""window_step"": 96}","{""k"": 2, ""n_samples"": 200, ""no_window_threshold"": 96, ""normalize"": true, ""random_state"": 2, ""samples_per_class"": null}",-0.004950860858641839,0.00611578370187565,0.24510430000373162,2,none,0,200,96,2
ECG200,sbd,sliding,"{""backend"": ""reference"", ""candidate_k"": 20, ""coarse_method"": ""paa"", ""n_jobs"": -1, ""paa_segments"": 32, ""standardize"": false}","{""k"": 2, ""n_samples"": 200, ""no_window_threshold"": 96, ""normalize"": true, ""random_state"": 3, ""samples_per_class"": null}",0.19651597227914655,0.11501237068094518,0.18274459999520332,3,none,0,200,96,2
ECG200,idk,distributional,"{""no_window_threshold"": 96, ""psi"": 200, ""t"": 220, ""window_size"": 96, ""window_step"": 96}","{""k"": 2, ""n_samples"": 200, ""no_window_threshold"": 96, ""normalize"": true, ""random_state"": 3, ""samples_per_class"": null}",-0.004950860858641839,0.00611578370187565,0.24330149999877904,3,none,0,200,96,2
ECG200,sbd,sliding,"{""backend"": ""reference"", ""candidate_k"": 20, ""coarse_method"": ""paa"", ""n_jobs"": -1, ""paa_segments"": 32, ""standardize"": false}","{""k"": 2, ""n_samples"": 200, ""no_window_threshold"": 96, ""normalize"": true, ""random_state"": 4, ""samples_per_class"": null}",0.19651597227914655,0.11501237068094518,0.18420340000011493,4,none,0,200,96,2
ECG200,idk,distributional,"{""no_window_threshold"": 96, ""psi"": 200, ""t"": 220, ""window_size"": 96, ""window_step"": 96}","{""k"": 2, ""n_samples"": 200, ""no_window_threshold"": 96, ""normalize"": true, ""random_state"": 4, ""samples_per_class"": null}",-0.004950860858641839,0.00611578370187565,0.24064699999871664,4,none,0,200,96,2
ECG200,sbd,sliding,"{""backend"": ""reference"", ""candidate_k"": 20, ""coarse_method"": ""paa"", ""n_jobs"": -1, ""paa_segments"": 32, ""standardize"": false}","{""k"": 2, ""n_samples"": 200, ""no_window_threshold"": 96, ""normalize"": true, ""random_state"": 5, ""samples_per_class"": null}",0.15284816713928134,0.09503104175598812,0.18526800000108778,5,none,0,200,96,2
ECG200,idk,distributional,"{""no_window_threshold"": 96, ""psi"": 200, ""t"": 220, ""window_size"": 96, ""window_step"": 96}","{""k"": 2, ""n_samples"": 200, ""no_window_threshold"": 96, ""normalize"": true, ""random_state"": 5, ""samples_per_class"": null}",0.009827828271632305,0.01641834287179623,0.2429818999953568,5,none,0,200,96,2
ECG200,sbd,sliding,"{""backend"": ""reference"", ""candidate_k"": 20, ""coarse_method"": ""paa"", ""n_jobs"": -1, ""paa_segments"": 32, ""standardize"": false}","{""k"": 2, ""n_samples"": 200, ""no_window_threshold"": 96, ""normalize"": true, ""random_state"": 6, ""samples_per_class"": null}",0.15284816713928134,0.09503104175598812,0.17349580000154674,6,none,0,200,96,2
ECG200,idk,distributional,"{""no_window_threshold"": 96, ""psi"": 200, ""t"": 220, ""window_size"": 96, ""window_step"": 96}","{""k"": 2, ""n_samples"": 200, ""no_window_threshold"": 96, ""normalize"": true, ""random_state"": 6, ""samples_per_class"": null}",-0.004950860858641839,0.00611578370187565,0.23916680000547785,6,none,0,200,96,2
ECG200,sbd,sliding,"{""backend"": ""reference"", ""candidate_k"": 20, ""coarse_method"": ""paa"", ""n_jobs"": -1, ""paa_segments"": 32, ""standardize"": false}","{""k"": 2, ""n_samples"": 200, ""no_window_threshold"": 96, ""normalize"": true, ""random_state"": 7, ""samples_per_class"": null}",0.23172619444287815,0.13876468501408243,0.17505599999276455,7,none,0,200,96,2
ECG200,idk,distributional,"{""no_window_threshold"": 96, ""psi"": 200, ""t"": 220, ""window_size"": 96, ""window_step"": 96}","{""k"": 2, ""n_samples"": 200, ""no_window_threshold"": 96, ""normalize"": true, ""random_state"": 7, ""samples_per_class"": null}",-0.004950860858641839,0.00611578370187565,0.25467970001045614,7,none,0,200,96,2
ECG200,sbd,sliding,"{""backend"": ""reference"", ""candidate_k"": 20, ""coarse_method"": ""paa"", ""n_jobs"": -1, ""paa_segments"": 32, ""standardize"": false}","{""k"": 2, ""n_samples"": 200, ""no_window_threshold"": 96, ""normalize"": true, ""random_state"": 8, ""samples_per_class"": null}",0.20264213978503184,0.11711884554963234,1.1017846999893663,8,none,0,200,96,2
ECG200,idk,distributional,"{""no_window_threshold"": 96, ""psi"": 200, ""t"": 220, ""window_size"": 96, ""window_step"": 96}","{""k"": 2, ""n_samples"": 200, ""no_window_threshold"": 96, ""normalize"": true, ""random_state"": 8, ""samples_per_class"": null}",-0.004950860858641839,0.00611578370187565,0.23844419998931699,8,none,0,200,96,2
ECG200,sbd,sliding,"{""backend"": ""reference"", ""candidate_k"": 20, ""coarse_method"": ""paa"", ""n_jobs"": -1, ""paa_segments"": 32, ""standardize"": false}","{""k"": 2, ""n_samples"": 200, ""no_window_threshold"": 96, ""normalize"": true, ""random_state"": 9, ""samples_per_class"": null}",0.20264213978503184,0.11711884554963234,0.17379509999591392,9,none,0,200,96,2
ECG200,idk,distributional,"{""no_window_threshold"": 96, ""psi"": 200, ""t"": 220, ""window_size"": 96, ""window_step"": 96}","{""k"": 2, ""n_samples"": 200, ""no_window_threshold"": 96, ""normalize"": true, ""random_state"": 9, ""samples_per_class"": null}",-0.004950860858641839,0.00611578370187565,0.24863769998773932,9,none,0,200,96,2
ECG200,sbd,sliding,"{""backend"": ""reference"", ""candidate_k"": 20, ""coarse_method"": ""paa"", ""n_jobs"": -1, ""paa_segments"": 32, ""standardize"": false}","{""k"": 2, ""n_samples"": 200, ""no_window_threshold"": 96, ""normalize"": true, ""random_state"": 10, ""samples_per_class"": null}",0.065303355668204,0.06541510291928786,0.1858603000000585,10,none,0,200,96,2
ECG200,idk,distributional,"{""no_window_threshold"": 96, ""psi"": 200, ""t"": 220, ""window_size"": 96, ""window_step"": 96}","{""k"": 2, ""n_samples"": 200, ""no_window_threshold"": 96, ""normalize"": true, ""random_state"": 10, ""samples_per_class"": null}",0.009827828271632305,0.01641834287179623,0.23708069999702275,10,none,0,200,96,2
CBF,sbd,sliding,"{""backend"": ""reference"", ""candidate_k"": 20, ""coarse_method"": ""paa"", ""n_jobs"": -1, ""paa_segments"": 32, ""standardize"": false}","{""k"": 3, ""n_samples"": 930, ""no_window_threshold"": 0, ""normalize"": true, ""random_state"": 1, ""samples_per_class"": null}",0.4326871195594798,0.4411304093858384,6.154216200011433,1,none,0,930,128,3
CBF,idk,distributional,"{""no_window_threshold"": 0, ""psi"": 930, ""t"": 220, ""window_size"": 13, ""window_step"": 3}","{""k"": 3, ""n_samples"": 930, ""no_window_threshold"": 0, ""normalize"": true, ""random_state"": 1, ""samples_per_class"": null}",0.168172142810319,0.19536923028796307,177.00841500000388,1,none,0,930,128,3
CBF,sbd,sliding,"{""backend"": ""reference"", ""candidate_k"": 20, ""coarse_method"": ""paa"", ""n_jobs"": -1, ""paa_segments"": 32, ""standardize"": false}","{""k"": 3, ""n_samples"": 930, ""no_window_threshold"": 0, ""normalize"": true, ""random_state"": 2, ""samples_per_class"": null}",0.4132285540381697,0.4799436604724876,6.022793699987233,2,none,0,930,128,3
CBF,idk,distributional,"{""no_window_threshold"": 0, ""psi"": 930, ""t"": 220, ""window_size"": 13, ""window_step"": 3}","{""k"": 3, ""n_samples"": 930, ""no_window_threshold"": 0, ""normalize"": true, ""random_state"": 2, ""samples_per_class"": null}",0.21347342149226092,0.24587862155236628,179.76002320001135,2,none,0,930,128,3
CBF,sbd,sliding,"{""backend"": ""reference"", ""candidate_k"": 20, ""coarse_method"": ""paa"", ""n_jobs"": -1, ""paa_segments"": 32, ""standardize"": false}","{""k"": 3, ""n_samples"": 930, ""no_window_threshold"": 0, ""normalize"": true, ""random_state"": 3, ""samples_per_class"": null}",0.6803885820026475,0.7485634168696144,6.016444499997306,3,none,0,930,128,3
CBF,idk,distributional,"{""no_window_threshold"": 0, ""psi"": 930, ""t"": 220, ""window_size"": 13, ""window_step"": 3}","{""k"": 3, ""n_samples"": 930, ""no_window_threshold"": 0, ""normalize"": true, ""random_state"": 3, ""samples_per_class"": null}",0.24641807286842948,0.278296746359921,177.34473969999817,3,none,0,930,128,3
CBF,sbd,sliding,"{""backend"": ""reference"", ""candidate_k"": 20, ""coarse_method"": ""paa"", ""n_jobs"": -1, ""paa_segments"": 32, ""standardize"": false}","{""k"": 3, ""n_samples"": 930, ""no_window_threshold"": 0, ""normalize"": true, ""random_state"": 4, ""samples_per_class"": null}",0.6803885820026475,0.7485634168696144,6.061483400000725,4,none,0,930,128,3
CBF,idk,distributional,"{""no_window_threshold"": 0, ""psi"": 930, ""t"": 220, ""window_size"": 13, ""window_step"": 3}","{""k"": 3, ""n_samples"": 930, ""no_window_threshold"": 0, ""normalize"": true, ""random_state"": 4, ""samples_per_class"": null}",0.24602247631524576,0.2773287538615149,180.98980049999955,4,none,0,930,128,3
CBF,sbd,sliding,"{""backend"": ""reference"", ""candidate_k"": 20, ""coarse_method"": ""paa"", ""n_jobs"": -1, ""paa_segments"": 32, ""standardize"": false}","{""k"": 3, ""n_samples"": 930, ""no_window_threshold"": 0, ""normalize"": true, ""random_state"": 5, ""samples_per_class"": null}",0.6803885820026475,0.7485634168696144,6.036963899998227,5,none,0,930,128,3
CBF,idk,distributional,"{""no_window_threshold"": 0, ""psi"": 930, ""t"": 220, ""window_size"": 13, ""window_step"": 3}","{""k"": 3, ""n_samples"": 930, ""no_window_threshold"": 0, ""normalize"": true, ""random_state"": 5, ""samples_per_class"": null}",0.286298549582603,0.312957795028195,178.68992949998938,5,none,0,930,128,3
CBF,sbd,sliding,"{""backend"": ""reference"", ""candidate_k"": 20, ""coarse_method"": ""paa"", ""n_jobs"": -1, ""paa_segments"": 32, ""standardize"": false}","{""k"": 3, ""n_samples"": 930, ""no_window_threshold"": 0, ""normalize"": true, ""random_state"": 6, ""samples_per_class"": null}",0.39275887050242064,0.4444039668178034,6.043048400009866,6,none,0,930,128,3
CBF,idk,distributional,"{""no_window_threshold"": 0, ""psi"": 930, ""t"": 220, ""window_size"": 13, ""window_step"": 3}","{""k"": 3, ""n_samples"": 930, ""no_window_threshold"": 0, ""normalize"": true, ""random_state"": 6, ""samples_per_class"": null}",0.2059187623811293,0.23172911492691303,180.737624100002,6,none,0,930,128,3
CBF,sbd,sliding,"{""backend"": ""reference"", ""candidate_k"": 20, ""coarse_method"": ""paa"", ""n_jobs"": -1, ""paa_segments"": 32, ""standardize"": false}","{""k"": 3, ""n_samples"": 930, ""no_window_threshold"": 0, ""normalize"": true, ""random_state"": 7, ""samples_per_class"": null}",0.39275887050242064,0.4444039668178034,6.037040499999421,7,none,0,930,128,3
CBF,idk,distributional,"{""no_window_threshold"": 0, ""psi"": 930, ""t"": 220, ""window_size"": 13, ""window_step"": 3}","{""k"": 3, ""n_samples"": 930, ""no_window_threshold"": 0, ""normalize"": true, ""random_state"": 7, ""samples_per_class"": null}",0.3634093957793735,0.3388246774175278,182.53251340000133,7,none,0,930,128,3
CBF,sbd,sliding,"{""backend"": ""reference"", ""candidate_k"": 20, ""coarse_method"": ""paa"", ""n_jobs"": -1, ""paa_segments"": 32, ""standardize"": false}","{""k"": 3, ""n_samples"": 930, ""no_window_threshold"": 0, ""normalize"": true, ""random_state"": 8, ""samples_per_class"": null}",0.37307409248859374,0.4759702019799121,6.039607400001842,8,none,0,930,128,3
CBF,idk,distributional,"{""no_window_threshold"": 0, ""psi"": 930, ""t"": 220, ""window_size"": 13, ""window_step"": 3}","{""k"": 3, ""n_samples"": 930, ""no_window_threshold"": 0, ""normalize"": true, ""random_state"": 8, ""samples_per_class"": null}",0.17774088433119653,0.22061722245711093,191.10391669999808,8,none,0,930,128,3
CBF,sbd,sliding,"{""backend"": ""reference"", ""candidate_k"": 20, ""coarse_method"": ""paa"", ""n_jobs"": -1, ""paa_segments"": 32, ""standardize"": false}","{""k"": 3, ""n_samples"": 930, ""no_window_threshold"": 0, ""normalize"": true, ""random_state"": 9, ""samples_per_class"": null}",0.18287831598131116,0.2048101763743906,6.005770200004918,9,none,0,930,128,3
CBF,idk,distributional,"{""no_window_threshold"": 0, ""psi"": 930, ""t"": 220, ""window_size"": 13, ""window_step"": 3}","{""k"": 3, ""n_samples"": 930, ""no_window_threshold"": 0, ""normalize"": true, ""random_state"": 9, ""samples_per_class"": null}",0.24227783296986546,0.2732176738079009,257.23721969999315,9,none,0,930,128,3
CBF,sbd,sliding,"{""backend"": ""reference"", ""candidate_k"": 20, ""coarse_method"": ""paa"", ""n_jobs"": -1, ""paa_segments"": 32, ""standardize"": false}","{""k"": 3, ""n_samples"": 930, ""no_window_threshold"": 0, ""normalize"": true, ""random_state"": 10, ""samples_per_class"": null}",0.6803885820026475,0.7485634168696144,5.969322799996007,10,none,0,930,128,3
CBF,idk,distributional,"{""no_window_threshold"": 0, ""psi"": 930, ""t"": 220, ""window_size"": 13, ""window_step"": 3}","{""k"": 3, ""n_samples"": 930, ""no_window_threshold"": 0, ""normalize"": true, ""random_state"": 10, ""samples_per_class"": null}",0.23185783885300415,0.2661015391411836,177.3212593000062,10,none,0,930,128,3
TwoPatterns,sbd,sliding,"{""backend"": ""reference"", ""candidate_k"": 20, ""coarse_method"": ""paa"", ""n_jobs"": -1, ""paa_segments"": 32, ""standardize"": false}","{""k"": 4, ""n_samples"": 1200, ""no_window_threshold"": 0, ""normalize"": true, ""random_state"": 1, ""samples_per_class"": 300}",0.10245820584009155,0.12124876037419711,10.578626800008351,1,none,0,1200,128,4
TwoPatterns,idk,distributional,"{""no_window_threshold"": 0, ""psi"": 1200, ""t"": 220, ""window_size"": 13, ""window_step"": 3}","{""k"": 4, ""n_samples"": 1200, ""no_window_threshold"": 0, ""normalize"": true, ""random_state"": 1, ""samples_per_class"": 300}",0.10965904255182671,0.1363922457365257,308.4622980999993,1,none,0,1200,128,4
TwoPatterns,sbd,sliding,"{""backend"": ""reference"", ""candidate_k"": 20, ""coarse_method"": ""paa"", ""n_jobs"": -1, ""paa_segments"": 32, ""standardize"": false}","{""k"": 4, ""n_samples"": 1200, ""no_window_threshold"": 0, ""normalize"": true, ""random_state"": 2, ""samples_per_class"": 300}",0.129256006984714,0.16748966895264497,9.599889900011476,2,none,0,1200,128,4
TwoPatterns,idk,distributional,"{""no_window_threshold"": 0, ""psi"": 1200, ""t"": 220, ""window_size"": 13, ""window_step"": 3}","{""k"": 4, ""n_samples"": 1200, ""no_window_threshold"": 0, ""normalize"": true, ""random_state"": 2, ""samples_per_class"": 300}",0.16259355847240206,0.22977360050597775,307.69572390000394,2,none,0,1200,128,4
TwoPatterns,sbd,sliding,"{""backend"": ""reference"", ""candidate_k"": 20, ""coarse_method"": ""paa"", ""n_jobs"": -1, ""paa_segments"": 32, ""standardize"": false}","{""k"": 4, ""n_samples"": 1200, ""no_window_threshold"": 0, ""normalize"": true, ""random_state"": 3, ""samples_per_class"": 300}",0.08602513525128383,0.12183817318321322,9.761762200010708,3,none,0,1200,128,4
TwoPatterns,idk,distributional,"{""no_window_threshold"": 0, ""psi"": 1200, ""t"": 220, ""window_size"": 13, ""window_step"": 3}","{""k"": 4, ""n_samples"": 1200, ""no_window_threshold"": 0, ""normalize"": true, ""random_state"": 3, ""samples_per_class"": 300}",0.18715821512938274,0.20683888971321385,309.04247560001386,3,none,0,1200,128,4
TwoPatterns,sbd,sliding,"{""backend"": ""reference"", ""candidate_k"": 20, ""coarse_method"": ""paa"", ""n_jobs"": -1, ""paa_segments"": 32, ""standardize"": false}","{""k"": 4, ""n_samples"": 1200, ""no_window_threshold"": 0, ""normalize"": true, ""random_state"": 4, ""samples_per_class"": 300}",0.06610651853265168,0.0808256654843912,9.809260599999106,4,none,0,1200,128,4
TwoPatterns,idk,distributional,"{""no_window_threshold"": 0, ""psi"": 1200, ""t"": 220, ""window_size"": 13, ""window_step"": 3}","{""k"": 4, ""n_samples"": 1200, ""no_window_threshold"": 0, ""normalize"": true, ""random_state"": 4, ""samples_per_class"": 300}",0.0011864139710105381,0.004268503588050675,308.7180040999956,4,none,0,1200,128,4
TwoPatterns,sbd,sliding,"{""backend"": ""reference"", ""candidate_k"": 20, ""coarse_method"": ""paa"", ""n_jobs"": -1, ""paa_segments"": 32, ""standardize"": false}","{""k"": 4, ""n_samples"": 1200, ""no_window_threshold"": 0, ""normalize"": true, ""random_state"": 5, ""samples_per_class"": 300}",0.1183682642556164,0.17333014981446354,9.689157900007558,5,none,0,1200,128,4
TwoPatterns,idk,distributional,"{""no_window_threshold"": 0, ""psi"": 1200, ""t"": 220, ""window_size"": 13, ""window_step"": 3}","{""k"": 4, ""n_samples"": 1200, ""no_window_threshold"": 0, ""normalize"": true, ""random_state"": 5, ""samples_per_class"": 300}",0.12407439856063561,0.14432004851545213,314.46620619999885,5,none,0,1200,128,4
TwoPatterns,sbd,sliding,"{""backend"": ""reference"", ""candidate_k"": 20, ""coarse_method"": ""paa"", ""n_jobs"": -1, ""paa_segments"": 32, ""standardize"": false}","{""k"": 4, ""n_samples"": 1200, ""no_window_threshold"": 0, ""normalize"": true, ""random_state"": 6, ""samples_per_class"": 300}",0.027602099197475277,0.036544767281277965,9.767212599996128,6,none,0,1200,128,4
TwoPatterns,idk,distributional,"{""no_window_threshold"": 0, ""psi"": 1200, ""t"": 220, ""window_size"": 13, ""window_step"": 3}","{""k"": 4, ""n_samples"": 1200, ""no_window_threshold"": 0, ""normalize"": true, ""random_state"": 6, ""samples_per_class"": 300}",0.13676958703446565,0.1479828400061141,373.0834449999966,6,none,0,1200,128,4
TwoPatterns,sbd,sliding,"{""backend"": ""reference"", ""candidate_k"": 20, ""coarse_method"": ""paa"", ""n_jobs"": -1, ""paa_segments"": 32, ""standardize"": false}","{""k"": 4, ""n_samples"": 1200, ""no_window_threshold"": 0, ""normalize"": true, ""random_state"": 7, ""samples_per_class"": 300}",0.0980759655545978,0.13997578797676816,9.663547699994524,7,none,0,1200,128,4
TwoPatterns,idk,distributional,"{""no_window_threshold"": 0, ""psi"": 1200, ""t"": 220, ""window_size"": 13, ""window_step"": 3}","{""k"": 4, ""n_samples"": 1200, ""no_window_threshold"": 0, ""normalize"": true, ""random_state"": 7, ""samples_per_class"": 300}",0.09737336448622197,0.11577333359120853,313.1160810000001,7,none,0,1200,128,4
TwoPatterns,sbd,sliding,"{""backend"": ""reference"", ""candidate_k"": 20, ""coarse_method"": ""paa"", ""n_jobs"": -1, ""paa_segments"": 32, ""standardize"": false}","{""k"": 4, ""n_samples"": 1200, ""no_window_threshold"": 0, ""normalize"": true, ""random_state"": 8, ""samples_per_class"": 300}",0.15880229259687254,0.2141004263609422,9.732071899998118,8,none,0,1200,128,4
TwoPatterns,idk,distributional,"{""no_window_threshold"": 0, ""psi"": 1200, ""t"": 220, ""window_size"": 13, ""window_step"": 3}","{""k"": 4, ""n_samples"": 1200, ""no_window_threshold"": 0, ""normalize"": true, ""random_state"": 8, ""samples_per_class"": 300}",0.16113873071958665,0.1840639438420897,307.41988929999934,8,none,0,1200,128,4
TwoPatterns,sbd,sliding,"{""backend"": ""reference"", ""candidate_k"": 20, ""coarse_method"": ""paa"", ""n_jobs"": -1, ""paa_segments"": 32, ""standardize"": false}","{""k"": 4, ""n_samples"": 1200, ""no_window_threshold"": 0, ""normalize"": true, ""random_state"": 9, ""samples_per_class"": 300}",0.070773210376135,0.10913800955989057,10.659518499989645,9,none,0,1200,128,4
TwoPatterns,idk,distributional,"{""no_window_threshold"": 0, ""psi"": 1200, ""t"": 220, ""window_size"": 13, ""window_step"": 3}","{""k"": 4, ""n_samples"": 1200, ""no_window_threshold"": 0, ""normalize"": true, ""random_state"": 9, ""samples_per_class"": 300}",0.08784005795959039,0.10631178813007008,309.5049627000117,9,none,0,1200,128,4
TwoPatterns,sbd,sliding,"{""backend"": ""reference"", ""candidate_k"": 20, ""coarse_method"": ""paa"", ""n_jobs"": -1, ""paa_segments"": 32, ""standardize"": false}","{""k"": 4, ""n_samples"": 1200, ""no_window_threshold"": 0, ""normalize"": true, ""random_state"": 10, ""samples_per_class"": 300}",0.09767260920042714,0.12323802117722081,10.665965599997435,10,none,0,1200,128,4
TwoPatterns,idk,distributional,"{""no_window_threshold"": 0, ""psi"": 1200, ""t"": 220, ""window_size"": 13, ""window_step"": 3}","{""k"": 4, ""n_samples"": 1200, ""no_window_threshold"": 0, ""normalize"": true, ""random_state"": 10, ""samples_per_class"": 300}",0.18181450709990876,0.20062584521074492,307.69210349999776,10,none,0,1200,128,4
ECGFiveDays,sbd,sliding,"{""backend"": ""reference"", ""candidate_k"": 20, ""coarse_method"": ""paa"", ""n_jobs"": -1, ""paa_segments"": 32, ""standardize"": false}","{""k"": 2, ""n_samples"": 884, ""no_window_threshold"": 0, ""normalize"": true, ""random_state"": 1, ""samples_per_class"": null}",0.7943686685405551,0.7468238165746788,5.655053399997996,1,none,0,884,136,2
ECGFiveDays,idk,distributional,"{""no_window_threshold"": 0, ""psi"": 884, ""t"": 220, ""window_size"": 14, ""window_step"": 3}","{""k"": 2, ""n_samples"": 884, ""no_window_threshold"": 0, ""normalize"": true, ""random_state"": 1, ""samples_per_class"": null}",0.05115398740582344,0.03866700139095201,170.2384643999976,1,none,0,884,136,2
ECGFiveDays,sbd,sliding,"{""backend"": ""reference"", ""candidate_k"": 20, ""coarse_method"": ""paa"", ""n_jobs"": -1, ""paa_segments"": 32, ""standardize"": false}","{""k"": 2, ""n_samples"": 884, ""no_window_threshold"": 0, ""normalize"": true, ""random_state"": 2, ""samples_per_class"": null}",0.7943686685405551,0.7468238165746788,4.810550500013051,2,none,0,884,136,2
ECGFiveDays,idk,distributional,"{""no_window_threshold"": 0, ""psi"": 884, ""t"": 220, ""window_size"": 14, ""window_step"": 3}","{""k"": 2, ""n_samples"": 884, ""no_window_threshold"": 0, ""normalize"": true, ""random_state"": 2, ""samples_per_class"": null}",0.11416989827111242,0.08518295467865991,170.76010210000095,2,none,0,884,136,2
ECGFiveDays,sbd,sliding,"{""backend"": ""reference"", ""candidate_k"": 20, ""coarse_method"": ""paa"", ""n_jobs"": -1, ""paa_segments"": 32, ""standardize"": false}","{""k"": 2, ""n_samples"": 884, ""no_window_threshold"": 0, ""normalize"": true, ""random_state"": 3, ""samples_per_class"": null}",0.7943686685405551,0.7468238165746788,5.686443300000974,3,none,0,884,136,2
ECGFiveDays,idk,distributional,"{""no_window_threshold"": 0, ""psi"": 884, ""t"": 220, ""window_size"": 14, ""window_step"": 3}","{""k"": 2, ""n_samples"": 884, ""no_window_threshold"": 0, ""normalize"": true, ""random_state"": 3, ""samples_per_class"": null}",0.039460495517329226,0.029579825402883744,171.0008230000094,3,none,0,884,136,2
ECGFiveDays,sbd,sliding,"{""backend"": ""reference"", ""candidate_k"": 20, ""coarse_method"": ""paa"", ""n_jobs"": -1, ""paa_segments"": 32, ""standardize"": false}","{""k"": 2, ""n_samples"": 884, ""no_window_threshold"": 0, ""normalize"": true, ""random_state"": 4, ""samples_per_class"": null}",0.7943686685405551,0.7468238165746788,5.7559921000065515,4,none,0,884,136,2
ECGFiveDays,idk,distributional,"{""no_window_threshold"": 0, ""psi"": 884, ""t"": 220, ""window_size"": 14, ""window_step"": 3}","{""k"": 2, ""n_samples"": 884, ""no_window_threshold"": 0, ""normalize"": true, ""random_state"": 4, ""samples_per_class"": null}",0.15581006165603625,0.1176197218483242,170.47870079999848,4,none,0,884,136,2
ECGFiveDays,sbd,sliding,"{""backend"": ""reference"", ""candidate_k"": 20, ""coarse_method"": ""paa"", ""n_jobs"": -1, ""paa_segments"": 32, ""standardize"": false}","{""k"": 2, ""n_samples"": 884, ""no_window_threshold"": 0, ""normalize"": true, ""random_state"": 5, ""samples_per_class"": null}",0.7943686685405551,0.7468238165746788,5.684371399998781,5,none,0,884,136,2
ECGFiveDays,idk,distributional,"{""no_window_threshold"": 0, ""psi"": 884, ""t"": 220, ""window_size"": 14, ""window_step"": 3}","{""k"": 2, ""n_samples"": 884, ""no_window_threshold"": 0, ""normalize"": true, ""random_state"": 5, ""samples_per_class"": null}",-0.0005678264281210712,0.0003943172592777077,168.0700070999883,5,none,0,884,136,2
ECGFiveDays,sbd,sliding,"{""backend"": ""reference"", ""candidate_k"": 20, ""coarse_method"": ""paa"", ""n_jobs"": -1, ""paa_segments"": 32, ""standardize"": false}","{""k"": 2, ""n_samples"": 884, ""no_window_threshold"": 0, ""normalize"": true, ""random_state"": 6, ""samples_per_class"": null}",0.7943686685405551,0.7468238165746788,5.709475399999064,6,none,0,884,136,2
ECGFiveDays,idk,distributional,"{""no_window_threshold"": 0, ""psi"": 884, ""t"": 220, ""window_size"": 14, ""window_step"": 3}","{""k"": 2, ""n_samples"": 884, ""no_window_threshold"": 0, ""normalize"": true, ""random_state"": 6, ""samples_per_class"": null}",0.026939671306830625,0.0206233053167747,174.85770010000851,6,none,0,884,136,2
ECGFiveDays,sbd,sliding,"{""backend"": ""reference"", ""candidate_k"": 20, ""coarse_method"": ""paa"", ""n_jobs"": -1, ""paa_segments"": 32, ""standardize"": false}","{""k"": 2, ""n_samples"": 884, ""no_window_threshold"": 0, ""normalize"": true, ""random_state"": 7, ""samples_per_class"": null}",0.7943686685405551,0.7468238165746788,4.7830822999967495,7,none,0,884,136,2
ECGFiveDays,idk,distributional,"{""no_window_threshold"": 0, ""psi"": 884, ""t"": 220, ""window_size"": 14, ""window_step"": 3}","{""k"": 2, ""n_samples"": 884, ""no_window_threshold"": 0, ""normalize"": true, ""random_state"": 7, ""samples_per_class"": null}",0.05645616257153748,0.042543070612256,246.27476220000244,7,none,0,884,136,2
ECGFiveDays,sbd,sliding,"{""backend"": ""reference"", ""candidate_k"": 20, ""coarse_method"": ""paa"", ""n_jobs"": -1, ""paa_segments"": 32, ""standardize"": false}","{""k"": 2, ""n_samples"": 884, ""no_window_threshold"": 0, ""normalize"": true, ""random_state"": 8, ""samples_per_class"": null}",0.7943686685405551,0.7468238165746788,5.6545280999998795,8,none,0,884,136,2
ECGFiveDays,idk,distributional,"{""no_window_threshold"": 0, ""psi"": 884, ""t"": 220, ""window_size"": 14, ""window_step"": 3}","{""k"": 2, ""n_samples"": 884, ""no_window_threshold"": 0, ""normalize"": true, ""random_state"": 8, ""samples_per_class"": null}",0.1007636448346152,0.07668753510963243,175.74249000000418,8,none,0,884,136,2
ECGFiveDays,sbd,sliding,"{""backend"": ""reference"", ""candidate_k"": 20, ""coarse_method"": ""paa"", ""n_jobs"": -1, ""paa_segments"": 32, ""standardize"": false}","{""k"": 2, ""n_samples"": 884, ""no_window_threshold"": 0, ""normalize"": true, ""random_state"": 9, ""samples_per_class"": null}",0.7943686685405551,0.7468238165746788,5.811344999994617,9,none,0,884,136,2
ECGFiveDays,idk,distributional,"{""no_window_threshold"": 0, ""psi"": 884, ""t"": 220, ""window_size"": 14, ""window_step"": 3}","{""k"": 2, ""n_samples"": 884, ""no_window_threshold"": 0, ""normalize"": true, ""random_state"": 9, ""samples_per_class"": null}",0.09226659504172587,0.06907913700303779,181.5473689000064,9,none,0,884,136,2
ECGFiveDays,sbd,sliding,"{""backend"": ""reference"", ""candidate_k"": 20, ""coarse_method"": ""paa"", ""n_jobs"": -1, ""paa_segments"": 32, ""standardize"": false}","{""k"": 2, ""n_samples"": 884, ""no_window_threshold"": 0, ""normalize"": true, ""random_state"": 10, ""samples_per_class"": null}",0.7943686685405551,0.7468238165746788,4.795687199992244,10,none,0,884,136,2
ECGFiveDays,idk,distributional,"{""no_window_threshold"": 0, ""psi"": 884, ""t"": 220, ""window_size"": 14, ""window_step"": 3}","{""k"": 2, ""n_samples"": 884, ""no_window_threshold"": 0, ""normalize"": true, ""random_state"": 10, ""samples_per_class"": null}",0.048086439136536256,0.03599001766298853,180.69838660000823,10,none,0,884,136,2
Plane,sbd,sliding,"{""backend"": ""reference"", ""candidate_k"": 20, ""coarse_method"": ""paa"", ""n_jobs"": -1, ""paa_segments"": 32, ""standardize"": false}","{""k"": 7, ""n_samples"": 210, ""no_window_threshold"": 0, ""normalize"": true, ""random_state"": 1, ""samples_per_class"": null}",0.7126593086872648,0.8421391657088585,0.21374539998942055,1,none,0,210,144,7
Plane,idk,distributional,"{""no_window_threshold"": 0, ""psi"": 210, ""t"": 220, ""window_size"": 14, ""window_step"": 3}","{""k"": 7, ""n_samples"": 210, ""no_window_threshold"": 0, ""normalize"": true, ""random_state"": 1, ""samples_per_class"": null}",1.0,1.0,11.383518700007698,1,none,0,210,144,7
Plane,sbd,sliding,"{""backend"": ""reference"", ""candidate_k"": 20, ""coarse_method"": ""paa"", ""n_jobs"": -1, ""paa_segments"": 32, ""standardize"": false}","{""k"": 7, ""n_samples"": 210, ""no_window_threshold"": 0, ""normalize"": true, ""random_state"": 2, ""samples_per_class"": null}",0.5207937899068611,0.7594043298574649,0.23272159999760333,2,none,0,210,144,7
Plane,idk,distributional,"{""no_window_threshold"": 0, ""psi"": 210, ""t"": 220, ""window_size"": 14, ""window_step"": 3}","{""k"": 7, ""n_samples"": 210, ""no_window_threshold"": 0, ""normalize"": true, ""random_state"": 2, ""samples_per_class"": null}",0.7670158053790305,0.8632852406097644,11.177651299993158,2,none,0,210,144,7
Plane,sbd,sliding,"{""backend"": ""reference"", ""candidate_k"": 20, ""coarse_method"": ""paa"", ""n_jobs"": -1, ""paa_segments"": 32, ""standardize"": false}","{""k"": 7, ""n_samples"": 210, ""no_window_threshold"": 0, ""normalize"": true, ""random_state"": 3, ""samples_per_class"": null}",0.796810246868403,0.891299345037598,0.22732819999509957,3,none,0,210,144,7
Plane,idk,distributional,"{""no_window_threshold"": 0, ""psi"": 210, ""t"": 220, ""window_size"": 14, ""window_step"": 3}","{""k"": 7, ""n_samples"": 210, ""no_window_threshold"": 0, ""normalize"": true, ""random_state"": 3, ""samples_per_class"": null}",0.6014150297412926,0.7854971533226389,10.555840299988631,3,none,0,210,144,7
Plane,sbd,sliding,"{""backend"": ""reference"", ""candidate_k"": 20, ""coarse_method"": ""paa"", ""n_jobs"": -1, ""paa_segments"": 32, ""standardize"": false}","{""k"": 7, ""n_samples"": 210, ""no_window_threshold"": 0, ""normalize"": true, ""random_state"": 4, ""samples_per_class"": null}",0.6356259913222436,0.801638311886657,0.22044360000290908,4,none,0,210,144,7
Plane,idk,distributional,"{""no_window_threshold"": 0, ""psi"": 210, ""t"": 220, ""window_size"": 14, ""window_step"": 3}","{""k"": 7, ""n_samples"": 210, ""no_window_threshold"": 0, ""normalize"": true, ""random_state"": 4, ""samples_per_class"": null}",0.5681488744712854,0.7378325088578506,11.750165899997228,4,none,0,210,144,7
Plane,sbd,sliding,"{""backend"": ""reference"", ""candidate_k"": 20, ""coarse_method"": ""paa"", ""n_jobs"": -1, ""paa_segments"": 32, ""standardize"": false}","{""k"": 7, ""n_samples"": 210, ""no_window_threshold"": 0, ""normalize"": true, ""random_state"": 5, ""samples_per_class"": null}",0.9178600705966244,0.9312060835191215,0.22079459999804385,5,none,0,210,144,7
Plane,idk,distributional,"{""no_window_threshold"": 0, ""psi"": 210, ""t"": 220, ""window_size"": 14, ""window_step"": 3}","{""k"": 7, ""n_samples"": 210, ""no_window_threshold"": 0, ""normalize"": true, ""random_state"": 5, ""samples_per_class"": null}",1.0,1.0,11.473065899990615,5,none,0,210,144,7
Plane,sbd,sliding,"{""backend"": ""reference"", ""candidate_k"": 20, ""coarse_method"": ""paa"", ""n_jobs"": -1, ""paa_segments"": 32, ""standardize"": false}","{""k"": 7, ""n_samples"": 210, ""no_window_threshold"": 0, ""normalize"": true, ""random_state"": 6, ""samples_per_class"": null}",0.7511752420216203,0.8470823017739552,0.22002760000759736,6,none,0,210,144,7
Plane,idk,distributional,"{""no_window_threshold"": 0, ""psi"": 210, ""t"": 220, ""window_size"": 14, ""window_step"": 3}","{""k"": 7, ""n_samples"": 210, ""no_window_threshold"": 0, ""normalize"": true, ""random_state"": 6, ""samples_per_class"": null}",0.8045521548239845,0.9219866949160401,10.556798699995852,6,none,0,210,144,7
Plane,sbd,sliding,"{""backend"": ""reference"", ""candidate_k"": 20, ""coarse_method"": ""paa"", ""n_jobs"": -1, ""paa_segments"": 32, ""standardize"": false}","{""k"": 7, ""n_samples"": 210, ""no_window_threshold"": 0, ""normalize"": true, ""random_state"": 7, ""samples_per_class"": null}",0.5137274512605442,0.7520872519097707,0.23987480001233052,7,none,0,210,144,7
Plane,idk,distributional,"{""no_window_threshold"": 0, ""psi"": 210, ""t"": 220, ""window_size"": 14, ""window_step"": 3}","{""k"": 7, ""n_samples"": 210, ""no_window_threshold"": 0, ""normalize"": true, ""random_state"": 7, ""samples_per_class"": null}",0.7805615196074149,0.8666799288306306,11.403854699994554,7,none,0,210,144,7
Plane,sbd,sliding,"{""backend"": ""reference"", ""candidate_k"": 20, ""coarse_method"": ""paa"", ""n_jobs"": -1, ""paa_segments"": 32, ""standardize"": false}","{""k"": 7, ""n_samples"": 210, ""no_window_threshold"": 0, ""normalize"": true, ""random_state"": 8, ""samples_per_class"": null}",0.649259702823292,0.8181138089032226,0.22375829999509733,8,none,0,210,144,7
Plane,idk,distributional,"{""no_window_threshold"": 0, ""psi"": 210, ""t"": 220, ""window_size"": 14, ""window_step"": 3}","{""k"": 7, ""n_samples"": 210, ""no_window_threshold"": 0, ""normalize"": true, ""random_state"": 8, ""samples_per_class"": null}",0.7739249341796437,0.879072749236169,11.30398489999061,8,none,0,210,144,7
Plane,sbd,sliding,"{""backend"": ""reference"", ""candidate_k"": 20, ""coarse_method"": ""paa"", ""n_jobs"": -1, ""paa_segments"": 32, ""standardize"": false}","{""k"": 7, ""n_samples"": 210, ""no_window_threshold"": 0, ""normalize"": true, ""random_state"": 9, ""samples_per_class"": null}",0.7304584140236059,0.8527640531817313,0.2276315000053728,9,none,0,210,144,7
Plane,idk,distributional,"{""no_window_threshold"": 0, ""psi"": 210, ""t"": 220, ""window_size"": 14, ""window_step"": 3}","{""k"": 7, ""n_samples"": 210, ""no_window_threshold"": 0, ""normalize"": true, ""random_state"": 9, ""samples_per_class"": null}",0.7706099298515908,0.8714360085519913,10.4485480000003,9,none,0,210,144,7
Plane,sbd,sliding,"{""backend"": ""reference"", ""candidate_k"": 20, ""coarse_method"": ""paa"", ""n_jobs"": -1, ""paa_segments"": 32, ""standardize"": false}","{""k"": 7, ""n_samples"": 210, ""no_window_threshold"": 0, ""normalize"": true, ""random_state"": 10, ""samples_per_class"": null}",0.474933109897402,0.7210752239402256,0.233686099993065,10,none,0,210,144,7
Plane,idk,distributional,"{""no_window_threshold"": 0, ""psi"": 210, ""t"": 220, ""window_size"": 14, ""window_step"": 3}","{""k"": 7, ""n_samples"": 210, ""no_window_threshold"": 0, ""normalize"": true, ""random_state"": 10, ""samples_per_class"": null}",0.5923061037895252,0.7567716991783451,11.27836519999255,10,none,0,210,144,7
GunPoint,sbd,sliding,"{""backend"": ""reference"", ""candidate_k"": 20, ""coarse_method"": ""paa"", ""n_jobs"": -1, ""paa_segments"": 32, ""standardize"": false}","{""k"": 2, ""n_samples"": 200, ""no_window_threshold"": 0, ""normalize"": true, ""random_state"": 1, ""samples_per_class"": null}",-0.005050505050505051,0.0,0.2106348999950569,1,none,0,200,150,2
GunPoint,idk,distributional,"{""no_window_threshold"": 0, ""psi"": 200, ""t"": 220, ""window_size"": 15, ""window_step"": 3}","{""k"": 2, ""n_samples"": 200, ""no_window_threshold"": 0, ""normalize"": true, ""random_state"": 1, ""samples_per_class"": null}",0.043872085696282294,0.0382565673470285,10.252593999990495,1,none,0,200,150,2
GunPoint,sbd,sliding,"{""backend"": ""reference"", ""candidate_k"": 20, ""coarse_method"": ""paa"", ""n_jobs"": -1, ""paa_segments"": 32, ""standardize"": false}","{""k"": 2, ""n_samples"": 200, ""no_window_threshold"": 0, ""normalize"": true, ""random_state"": 2, ""samples_per_class"": null}",-0.005050505050505051,0.0,0.2283014999993611,2,none,0,200,150,2
GunPoint,idk,distributional,"{""no_window_threshold"": 0, ""psi"": 200, ""t"": 220, ""window_size"": 15, ""window_step"": 3}","{""k"": 2, ""n_samples"": 200, ""no_window_threshold"": 0, ""normalize"": true, ""random_state"": 2, ""samples_per_class"": null}",0.0531636673539741,0.046319737438660975,9.40899399999762,2,none,0,200,150,2
GunPoint,sbd,sliding,"{""backend"": ""reference"", ""candidate_k"": 20, ""coarse_method"": ""paa"", ""n_jobs"": -1, ""paa_segments"": 32, ""standardize"": false}","{""k"": 2, ""n_samples"": 200, ""no_window_threshold"": 0, ""normalize"": true, ""random_state"": 3, ""samples_per_class"": null}",-0.005050505050505051,0.0,0.25722690000839066,3,none,0,200,150,2
GunPoint,idk,distributional,"{""no_window_threshold"": 0, ""psi"": 200, ""t"": 220, ""window_size"": 15, ""window_step"": 3}","{""k"": 2, ""n_samples"": 200, ""no_window_threshold"": 0, ""normalize"": true, ""random_state"": 3, ""samples_per_class"": null}",-0.004949492449751288,7.214577140847848e-05,18.94475070000044,3,none,0,200,150,2
GunPoint,sbd,sliding,"{""backend"": ""reference"", ""candidate_k"": 20, ""coarse_method"": ""paa"", ""n_jobs"": -1, ""paa_segments"": 32, ""standardize"": false}","{""k"": 2, ""n_samples"": 200, ""no_window_threshold"": 0, ""normalize"": true, ""random_state"": 4, ""samples_per_class"": null}",-0.005050505050505051,0.0,0.2991083999950206,4,none,0,200,150,2
GunPoint,idk,distributional,"{""no_window_threshold"": 0, ""psi"": 200, ""t"": 220, ""window_size"": 15, ""window_step"": 3}","{""k"": 2, ""n_samples"": 200, ""no_window_threshold"": 0, ""normalize"": true, ""random_state"": 4, ""samples_per_class"": null}",-0.004949492449751288,7.214577140847848e-05,19.10113939999428,4,none,0,200,150,2
GunPoint,sbd,sliding,"{""backend"": ""reference"", ""candidate_k"": 20, ""coarse_method"": ""paa"", ""n_jobs"": -1, ""paa_segments"": 32, ""standardize"": false}","{""k"": 2, ""n_samples"": 200, ""no_window_threshold"": 0, ""normalize"": true, ""random_state"": 5, ""samples_per_class"": null}",-0.005050505050505051,0.0,0.2834094999998342,5,none,0,200,150,2
GunPoint,idk,distributional,"{""no_window_threshold"": 0, ""psi"": 200, ""t"": 220, ""window_size"": 15, ""window_step"": 3}","{""k"": 2, ""n_samples"": 200, ""no_window_threshold"": 0, ""normalize"": true, ""random_state"": 5, ""samples_per_class"": null}",0.4461639385325192,0.36651157189660155,18.83683879999444,5,none,0,200,150,2
GunPoint,sbd,sliding,"{""backend"": ""reference"", ""candidate_k"": 20, ""coarse_method"": ""paa"", ""n_jobs"": -1, ""paa_segments"": 32, ""standardize"": false}","{""k"": 2, ""n_samples"": 200, ""no_window_threshold"": 0, ""normalize"": true, ""random_state"": 6, ""samples_per_class"": null}",-0.005050505050505051,0.0,0.2665623999928357,6,none,0,200,150,2
GunPoint,idk,distributional,"{""no_window_threshold"": 0, ""psi"": 200, ""t"": 220, ""window_size"": 15, ""window_step"": 3}","{""k"": 2, ""n_samples"": 200, ""no_window_threshold"": 0, ""normalize"": true, ""random_state"": 6, ""samples_per_class"": null}",-0.004949492449751288,7.214577140847848e-05,19.548509000000195,6,none,0,200,150,2
GunPoint,sbd,sliding,"{""backend"": ""reference"", ""candidate_k"": 20, ""coarse_method"": ""paa"", ""n_jobs"": -1, ""paa_segments"": 32, ""standardize"": false}","{""k"": 2, ""n_samples"": 200, ""no_window_threshold"": 0, ""normalize"": true, ""random_state"": 7, ""samples_per_class"": null}",-0.005050505050505051,0.0,0.379704999999376,7,none,0,200,150,2
GunPoint,idk,distributional,"{""no_window_threshold"": 0, ""psi"": 200, ""t"": 220, ""window_size"": 15, ""window_step"": 3}","{""k"": 2, ""n_samples"": 200, ""no_window_threshold"": 0, ""normalize"": true, ""random_state"": 7, ""samples_per_class"": null}",-0.005048474649546162,0.0,18.874070799996844,7,none,0,200,150,2
GunPoint,sbd,sliding,"{""backend"": ""reference"", ""candidate_k"": 20, ""coarse_method"": ""paa"", ""n_jobs"": -1, ""paa_segments"": 32, ""standardize"": false}","{""k"": 2, ""n_samples"": 200, ""no_window_threshold"": 0, ""normalize"": true, ""random_state"": 8, ""samples_per_class"": null}",-0.005050505050505051,0.0,0.3675951999903191,8,none,0,200,150,2
GunPoint,idk,distributional,"{""no_window_threshold"": 0, ""psi"": 200, ""t"": 220, ""window_size"": 15, ""window_step"": 3}","{""k"": 2, ""n_samples"": 200, ""no_window_threshold"": 0, ""normalize"": true, ""random_state"": 8, ""samples_per_class"": null}",-0.004949492449751288,7.214577140847848e-05,19.384685299999546,8,none,0,200,150,2
GunPoint,sbd,sliding,"{""backend"": ""reference"", ""candidate_k"": 20, ""coarse_method"": ""paa"", ""n_jobs"": -1, ""paa_segments"": 32, ""standardize"": false}","{""k"": 2, ""n_samples"": 200, ""no_window_threshold"": 0, ""normalize"": true, ""random_state"": 9, ""samples_per_class"": null}",-0.005050505050505051,0.0,0.3323932000057539,9,none,0,200,150,2
GunPoint,idk,distributional,"{""no_window_threshold"": 0, ""psi"": 200, ""t"": 220, ""window_size"": 15, ""window_step"": 3}","{""k"": 2, ""n_samples"": 200, ""no_window_threshold"": 0, ""normalize"": true, ""random_state"": 9, ""samples_per_class"": null}",-0.004949492449751288,7.214577140847848e-05,19.573741200001677,9,none,0,200,150,2
GunPoint,sbd,sliding,"{""backend"": ""reference"", ""candidate_k"": 20, ""coarse_method"": ""paa"", ""n_jobs"": -1, ""paa_segments"": 32, ""standardize"": false}","{""k"": 2, ""n_samples"": 200, ""no_window_threshold"": 0, ""normalize"": true, ""random_state"": 10, ""samples_per_class"": null}",-0.005050505050505051,0.0,0.36760599999979604,10,none,0,200,150,2
GunPoint,idk,distributional,"{""no_window_threshold"": 0, ""psi"": 200, ""t"": 220, ""window_size"": 15, ""window_step"": 3}","{""k"": 2, ""n_samples"": 200, ""no_window_threshold"": 0, ""normalize"": true, ""random_state"": 10, ""samples_per_class"": null}",-0.004949492449751288,7.214577140847848e-05,19.897040700001526,10,none,0,200,150,2
Wine,sbd,sliding,"{""backend"": ""reference"", ""candidate_k"": 20, ""coarse_method"": ""paa"", ""n_jobs"": -1, ""paa_segments"": 32, ""standardize"": false}","{""k"": 2, ""n_samples"": 111, ""no_window_threshold"": 0, ""normalize"": true, ""random_state"": 1, ""samples_per_class"": null}",-0.005187919471714703,0.0010564787158772687,0.08661810000194237,1,none,0,111,234,2
Wine,idk,distributional,"{""no_window_threshold"": 0, ""psi"": 111, ""t"": 220, ""window_size"": 23, ""window_step"": 5}","{""k"": 2, ""n_samples"": 111, ""no_window_threshold"": 0, ""normalize"": true, ""random_state"": 1, ""samples_per_class"": null}",-0.0014908738257559308,0.0071072910361065535,2.9904035000072327,1,none,0,111,234,2
Wine,sbd,sliding,"{""backend"": ""reference"", ""candidate_k"": 20, ""coarse_method"": ""paa"", ""n_jobs"": -1, ""paa_segments"": 32, ""standardize"": false}","{""k"": 2, ""n_samples"": 111, ""no_window_threshold"": 0, ""normalize"": true, ""random_state"": 2, ""samples_per_class"": null}",-0.005187919471714703,0.0010564787158772687,0.07905339999706484,2,none,0,111,234,2
Wine,idk,distributional,"{""no_window_threshold"": 0, ""psi"": 111, ""t"": 220, ""window_size"": 23, ""window_step"": 5}","{""k"": 2, ""n_samples"": 111, ""no_window_threshold"": 0, ""normalize"": true, ""random_state"": 2, ""samples_per_class"": null}",-0.002033320975067198,0.006042122306287452,5.612056800004211,2,none,0,111,234,2
Wine,sbd,sliding,"{""backend"": ""reference"", ""candidate_k"": 20, ""coarse_method"": ""paa"", ""n_jobs"": -1, ""paa_segments"": 32, ""standardize"": false}","{""k"": 2, ""n_samples"": 111, ""no_window_threshold"": 0, ""normalize"": true, ""random_state"": 3, ""samples_per_class"": null}",-0.008422559911189053,0.0002210469190251605,0.1086321000038879,3,none,0,111,234,2
Wine,idk,distributional,"{""no_window_threshold"": 0, ""psi"": 111, ""t"": 220, ""window_size"": 23, ""window_step"": 5}","{""k"": 2, ""n_samples"": 111, ""no_window_threshold"": 0, ""normalize"": true, ""random_state"": 3, ""samples_per_class"": null}",0.026959122285396344,0.026235691353139707,5.509628100000555,3,none,0,111,234,2
Wine,sbd,sliding,"{""backend"": ""reference"", ""candidate_k"": 20, ""coarse_method"": ""paa"", ""n_jobs"": -1, ""paa_segments"": 32, ""standardize"": false}","{""k"": 2, ""n_samples"": 111, ""no_window_threshold"": 0, ""normalize"": true, ""random_state"": 4, ""samples_per_class"": null}",-0.008422559911189053,0.0002210469190251605,0.10819199999968987,4,none,0,111,234,2
Wine,idk,distributional,"{""no_window_threshold"": 0, ""psi"": 111, ""t"": 220, ""window_size"": 23, ""window_step"": 5}","{""k"": 2, ""n_samples"": 111, ""no_window_threshold"": 0, ""normalize"": true, ""random_state"": 4, ""samples_per_class"": null}",0.04205600706036827,0.037742805664530046,4.779294100007974,4,none,0,111,234,2
Wine,sbd,sliding,"{""backend"": ""reference"", ""candidate_k"": 20, ""coarse_method"": ""paa"", ""n_jobs"": -1, ""paa_segments"": 32, ""standardize"": false}","{""k"": 2, ""n_samples"": 111, ""no_window_threshold"": 0, ""normalize"": true, ""random_state"": 5, ""samples_per_class"": null}",-0.00465301593186476,0.002503433643233547,0.1836704000015743,5,none,0,111,234,2
Wine,idk,distributional,"{""no_window_threshold"": 0, ""psi"": 111, ""t"": 220, ""window_size"": 23, ""window_step"": 5}","{""k"": 2, ""n_samples"": 111, ""no_window_threshold"": 0, ""normalize"": true, ""random_state"": 5, ""samples_per_class"": null}",-0.008720528825897456,0.0001636010190933287,4.586425400004373,5,none,0,111,234,2
Wine,sbd,sliding,"{""backend"": ""reference"", ""candidate_k"": 20, ""coarse_method"": ""paa"", ""n_jobs"": -1, ""paa_segments"": 32, ""standardize"": false}","{""k"": 2, ""n_samples"": 111, ""no_window_threshold"": 0, ""normalize"": true, ""random_state"": 6, ""samples_per_class"": null}",-0.008422559911189053,0.0002210469190251605,0.14384020000579767,6,none,0,111,234,2
Wine,idk,distributional,"{""no_window_threshold"": 0, ""psi"": 111, ""t"": 220, ""window_size"": 23, ""window_step"": 5}","{""k"": 2, ""n_samples"": 111, ""no_window_threshold"": 0, ""normalize"": true, ""random_state"": 6, ""samples_per_class"": null}",0.02040129633237112,0.021325585041830908,3.0206553999887547,6,none,0,111,234,2
Wine,sbd,sliding,"{""backend"": ""reference"", ""candidate_k"": 20, ""coarse_method"": ""paa"", ""n_jobs"": -1, ""paa_segments"": 32, ""standardize"": false}","{""k"": 2, ""n_samples"": 111, ""no_window_threshold"": 0, ""normalize"": true, ""random_state"": 7, ""samples_per_class"": null}",-0.008422559911189053,0.0002210469190251605,0.09399309998843819,7,none,0,111,234,2
Wine,idk,distributional,"{""no_window_threshold"": 0, ""psi"": 111, ""t"": 220, ""window_size"": 23, ""window_step"": 5}","{""k"": 2, ""n_samples"": 111, ""no_window_threshold"": 0, ""normalize"": true, ""random_state"": 7, ""samples_per_class"": null}",0.026959122285396344,0.026235691353139707,3.008925800008001,7,none,0,111,234,2
Wine,sbd,sliding,"{""backend"": ""reference"", ""candidate_k"": 20, ""coarse_method"": ""paa"", ""n_jobs"": -1, ""paa_segments"": 32, ""standardize"": false}","{""k"": 2, ""n_samples"": 111, ""no_window_threshold"": 0, ""normalize"": true, ""random_state"": 8, ""samples_per_class"": null}",-0.008422559911189053,0.0002210469190251605,0.0839265999966301,8,none,0,111,234,2
Wine,idk,distributional,"{""no_window_threshold"": 0, ""psi"": 111, ""t"": 220, ""window_size"": 23, ""window_step"": 5}","{""k"": 2, ""n_samples"": 111, ""no_window_threshold"": 0, ""normalize"": true, ""random_state"": 8, ""samples_per_class"": null}",-0.002033320975067198,0.006042122306287452,4.125973700007307,8,none,0,111,234,2
Wine,sbd,sliding,"{""backend"": ""reference"", ""candidate_k"": 20, ""coarse_method"": ""paa"", ""n_jobs"": -1, ""paa_segments"": 32, ""standardize"": false}","{""k"": 2, ""n_samples"": 111, ""no_window_threshold"": 0, ""normalize"": true, ""random_state"": 9, ""samples_per_class"": null}",-0.008422559911189053,0.0002210469190251605,0.0851634999999078,9,none,0,111,234,2
Wine,idk,distributional,"{""no_window_threshold"": 0, ""psi"": 111, ""t"": 220, ""window_size"": 23, ""window_step"": 5}","{""k"": 2, ""n_samples"": 111, ""no_window_threshold"": 0, ""normalize"": true, ""random_state"": 9, ""samples_per_class"": null}",0.034177405935340285,0.03170027939473417,2.926628899993375,9,none,0,111,234,2
Wine,sbd,sliding,"{""backend"": ""reference"", ""candidate_k"": 20, ""coarse_method"": ""paa"", ""n_jobs"": -1, ""paa_segments"": 32, ""standardize"": false}","{""k"": 2, ""n_samples"": 111, ""no_window_threshold"": 0, ""normalize"": true, ""random_state"": 10, ""samples_per_class"": null}",-0.0007521189505047875,0.00873984192836292,0.08620979999250267,10,none,0,111,234,2
Wine,idk,distributional,"{""no_window_threshold"": 0, ""psi"": 111, ""t"": 220, ""window_size"": 23, ""window_step"": 5}","{""k"": 2, ""n_samples"": 111, ""no_window_threshold"": 0, ""normalize"": true, ""random_state"": 10, ""samples_per_class"": null}",-0.008720528825897456,0.0001636010190933287,2.9414416999934474,10,none,0,111,234,2
ArrowHead,sbd,sliding,"{""backend"": ""reference"", ""candidate_k"": 20, ""coarse_method"": ""paa"", ""n_jobs"": -1, ""paa_segments"": 32, ""standardize"": false}","{""k"": 3, ""n_samples"": 211, ""no_window_threshold"": 0, ""normalize"": true, ""random_state"": 1, ""samples_per_class"": null}",0.24735175188270658,0.2849795816216414,0.33139439999649767,1,none,0,211,251,3
ArrowHead,idk,distributional,"{""no_window_threshold"": 0, ""psi"": 211, ""t"": 220, ""window_size"": 25, ""window_step"": 6}","{""k"": 3, ""n_samples"": 211, ""no_window_threshold"": 0, ""normalize"": true, ""random_state"": 1, ""samples_per_class"": null}",0.18737545315717496,0.16353417638128204,9.666404400006286,1,none,0,211,251,3
ArrowHead,sbd,sliding,"{""backend"": ""reference"", ""candidate_k"": 20, ""coarse_method"": ""paa"", ""n_jobs"": -1, ""paa_segments"": 32, ""standardize"": false}","{""k"": 3, ""n_samples"": 211, ""no_window_threshold"": 0, ""normalize"": true, ""random_state"": 2, ""samples_per_class"": null}",0.28686028319187246,0.34149544109128266,0.34344989999954123,2,none,0,211,251,3
ArrowHead,idk,distributional,"{""no_window_threshold"": 0, ""psi"": 211, ""t"": 220, ""window_size"": 25, ""window_step"": 6}","{""k"": 3, ""n_samples"": 211, ""no_window_threshold"": 0, ""normalize"": true, ""random_state"": 2, ""samples_per_class"": null}",0.19669279445573118,0.2180500103637208,8.682361400002264,2,none,0,211,251,3
ArrowHead,sbd,sliding,"{""backend"": ""reference"", ""candidate_k"": 20, ""coarse_method"": ""paa"", ""n_jobs"": -1, ""paa_segments"": 32, ""standardize"": false}","{""k"": 3, ""n_samples"": 211, ""no_window_threshold"": 0, ""normalize"": true, ""random_state"": 3, ""samples_per_class"": null}",0.2812232714842196,0.32800007558977917,0.34909209999023005,3,none,0,211,251,3
ArrowHead,idk,distributional,"{""no_window_threshold"": 0, ""psi"": 211, ""t"": 220, ""window_size"": 25, ""window_step"": 6}","{""k"": 3, ""n_samples"": 211, ""no_window_threshold"": 0, ""normalize"": true, ""random_state"": 3, ""samples_per_class"": null}",0.11823251093129791,0.1662587965305183,9.26455160000478,3,none,0,211,251,3
ArrowHead,sbd,sliding,"{""backend"": ""reference"", ""candidate_k"": 20, ""coarse_method"": ""paa"", ""n_jobs"": -1, ""paa_segments"": 32, ""standardize"": false}","{""k"": 3, ""n_samples"": 211, ""no_window_threshold"": 0, ""normalize"": true, ""random_state"": 4, ""samples_per_class"": null}",0.3103187935378854,0.2939929935014329,0.3621716000052402,4,none,0,211,251,3
ArrowHead,idk,distributional,"{""no_window_threshold"": 0, ""psi"": 211, ""t"": 220, ""window_size"": 25, ""window_step"": 6}","{""k"": 3, ""n_samples"": 211, ""no_window_threshold"": 0, ""normalize"": true, ""random_state"": 4, ""samples_per_class"": null}",0.20165387053063383,0.17355905597051785,8.206382000003941,4,none,0,211,251,3
ArrowHead,sbd,sliding,"{""backend"": ""reference"", ""candidate_k"": 20, ""coarse_method"": ""paa"", ""n_jobs"": -1, ""paa_segments"": 32, ""standardize"": false}","{""k"": 3, ""n_samples"": 211, ""no_window_threshold"": 0, ""normalize"": true, ""random_state"": 5, ""samples_per_class"": null}",0.20561860694484346,0.2578859161029652,0.3531261000025552,5,none,0,211,251,3
ArrowHead,idk,distributional,"{""no_window_threshold"": 0, ""psi"": 211, ""t"": 220, ""window_size"": 25, ""window_step"": 6}","{""k"": 3, ""n_samples"": 211, ""no_window_threshold"": 0, ""normalize"": true, ""random_state"": 5, ""samples_per_class"": null}",0.1892967988557758,0.1650017218703798,12.788277799991192,5,none,0,211,251,3
ArrowHead,sbd,sliding,"{""backend"": ""reference"", ""candidate_k"": 20, ""coarse_method"": ""paa"", ""n_jobs"": -1, ""paa_segments"": 32, ""standardize"": false}","{""k"": 3, ""n_samples"": 211, ""no_window_threshold"": 0, ""normalize"": true, ""random_state"": 6, ""samples_per_class"": null}",0.23312905694412595,0.2875217521372253,0.3514366000017617,6,none,0,211,251,3
ArrowHead,idk,distributional,"{""no_window_threshold"": 0, ""psi"": 211, ""t"": 220, ""window_size"": 25, ""window_step"": 6}","{""k"": 3, ""n_samples"": 211, ""no_window_threshold"": 0, ""normalize"": true, ""random_state"": 6, ""samples_per_class"": null}",0.19748498979689458,0.16822209106249394,8.808813800002099,6,none,0,211,251,3
ArrowHead,sbd,sliding,"{""backend"": ""reference"", ""candidate_k"": 20, ""coarse_method"": ""paa"", ""n_jobs"": -1, ""paa_segments"": 32, ""standardize"": false}","{""k"": 3, ""n_samples"": 211, ""no_window_threshold"": 0, ""normalize"": true, ""random_state"": 7, ""samples_per_class"": null}",0.19060408552449745,0.30718469669982773,0.33943200000794604,7,none,0,211,251,3
ArrowHead,idk,distributional,"{""no_window_threshold"": 0, ""psi"": 211, ""t"": 220, ""window_size"": 25, ""window_step"": 6}","{""k"": 3, ""n_samples"": 211, ""no_window_threshold"": 0, ""normalize"": true, ""random_state"": 7, ""samples_per_class"": null}",0.20900903929543313,0.22782785622800147,12.452959499991266,7,none,0,211,251,3
ArrowHead,sbd,sliding,"{""backend"": ""reference"", ""candidate_k"": 20, ""coarse_method"": ""paa"", ""n_jobs"": -1, ""paa_segments"": 32, ""standardize"": false}","{""k"": 3, ""n_samples"": 211, ""no_window_threshold"": 0, ""normalize"": true, ""random_state"": 8, ""samples_per_class"": null}",0.17862088690645778,0.24532848937749802,0.34674779999477323,8,none,0,211,251,3
ArrowHead,idk,distributional,"{""no_window_threshold"": 0, ""psi"": 211, ""t"": 220, ""window_size"": 25, ""window_step"": 6}","{""k"": 3, ""n_samples"": 211, ""no_window_threshold"": 0, ""normalize"": true, ""random_state"": 8, ""samples_per_class"": null}",0.2015382708403825,0.17403059594860243,8.325486499990802,8,none,0,211,251,3
ArrowHead,sbd,sliding,"{""backend"": ""reference"", ""candidate_k"": 20, ""coarse_method"": ""paa"", ""n_jobs"": -1, ""paa_segments"": 32, ""standardize"": false}","{""k"": 3, ""n_samples"": 211, ""no_window_threshold"": 0, ""normalize"": true, ""random_state"": 9, ""samples_per_class"": null}",0.14785076061115526,0.2643269071619646,0.3443084999889834,9,none,0,211,251,3
ArrowHead,idk,distributional,"{""no_window_threshold"": 0, ""psi"": 211, ""t"": 220, ""window_size"": 25, ""window_step"": 6}","{""k"": 3, ""n_samples"": 211, ""no_window_threshold"": 0, ""normalize"": true, ""random_state"": 9, ""samples_per_class"": null}",0.2033559401365597,0.1756617927106717,8.686304900009418,9,none,0,211,251,3
ArrowHead,sbd,sliding,"{""backend"": ""reference"", ""candidate_k"": 20, ""coarse_method"": ""paa"", ""n_jobs"": -1, ""paa_segments"": 32, ""standardize"": false}","{""k"": 3, ""n_samples"": 211, ""no_window_threshold"": 0, ""normalize"": true, ""random_state"": 10, ""samples_per_class"": null}",0.17862088690645778,0.24532848937749802,0.36244920000899583,10,none,0,211,251,3
ArrowHead,idk,distributional,"{""no_window_threshold"": 0, ""psi"": 211, ""t"": 220, ""window_size"": 25, ""window_step"": 6}","{""k"": 3, ""n_samples"": 211, ""no_window_threshold"": 0, ""normalize"": true, ""random_state"": 10, ""samples_per_class"": null}",0.18621961695983932,0.16238152992821508,8.42938650000724,10,none,0,211,251,3
Trace,sbd,sliding,"{""backend"": ""reference"", ""candidate_k"": 20, ""coarse_method"": ""paa"", ""n_jobs"": -1, ""paa_segments"": 32, ""standardize"": false}","{""k"": 4, ""n_samples"": 200, ""no_window_threshold"": 0, ""normalize"": true, ""random_state"": 1, ""samples_per_class"": null}",0.6258062067299321,0.800246559228825,0.3145285999926273,1,none,0,200,275,4
Trace,idk,distributional,"{""no_window_threshold"": 0, ""psi"": 200, ""t"": 220, ""window_size"": 28, ""window_step"": 7}","{""k"": 4, ""n_samples"": 200, ""no_window_threshold"": 0, ""normalize"": true, ""random_state"": 1, ""samples_per_class"": null}",0.23703040862278052,0.2751876161742882,8.640462199997273,1,none,0,200,275,4
Trace,sbd,sliding,"{""backend"": ""reference"", ""candidate_k"": 20, ""coarse_method"": ""paa"", ""n_jobs"": -1, ""paa_segments"": 32, ""standardize"": false}","{""k"": 4, ""n_samples"": 200, ""no_window_threshold"": 0, ""normalize"": true, ""random_state"": 2, ""samples_per_class"": null}",0.663572323010511,0.7522843471933999,0.3282908999972278,2,none,0,200,275,4
Trace,idk,distributional,"{""no_window_threshold"": 0, ""psi"": 200, ""t"": 220, ""window_size"": 28, ""window_step"": 7}","{""k"": 4, ""n_samples"": 200, ""no_window_threshold"": 0, ""normalize"": true, ""random_state"": 2, ""samples_per_class"": null}",0.2356375262143804,0.27463774131994206,8.173979200000758,2,none,0,200,275,4
Trace,sbd,sliding,"{""backend"": ""reference"", ""candidate_k"": 20, ""coarse_method"": ""paa"", ""n_jobs"": -1, ""paa_segments"": 32, ""standardize"": false}","{""k"": 4, ""n_samples"": 200, ""no_window_threshold"": 0, ""normalize"": true, ""random_state"": 3, ""samples_per_class"": null}",0.38172444999296534,0.5028837084715381,0.3301769000099739,3,none,0,200,275,4
Trace,idk,distributional,"{""no_window_threshold"": 0, ""psi"": 200, ""t"": 220, ""window_size"": 28, ""window_step"": 7}","{""k"": 4, ""n_samples"": 200, ""no_window_threshold"": 0, ""normalize"": true, ""random_state"": 3, ""samples_per_class"": null}",0.11394311623507905,0.15407328031959835,7.2140481999958865,3,none,0,200,275,4
Trace,sbd,sliding,"{""backend"": ""reference"", ""candidate_k"": 20, ""coarse_method"": ""paa"", ""n_jobs"": -1, ""paa_segments"": 32, ""standardize"": false}","{""k"": 4, ""n_samples"": 200, ""no_window_threshold"": 0, ""normalize"": true, ""random_state"": 4, ""samples_per_class"": null}",0.6619090643948742,0.7503161040328223,0.3192530000087572,4,none,0,200,275,4
Trace,idk,distributional,"{""no_window_threshold"": 0, ""psi"": 200, ""t"": 220, ""window_size"": 28, ""window_step"": 7}","{""k"": 4, ""n_samples"": 200, ""no_window_threshold"": 0, ""normalize"": true, ""random_state"": 4, ""samples_per_class"": null}",0.23806829654736844,0.26443963858219993,7.285786499996902,4,none,0,200,275,4
Trace,sbd,sliding,"{""backend"": ""reference"", ""candidate_k"": 20, ""coarse_method"": ""paa"", ""n_jobs"": -1, ""paa_segments"": 32, ""standardize"": false}","{""k"": 4, ""n_samples"": 200, ""no_window_threshold"": 0, ""normalize"": true, ""random_state"": 5, ""samples_per_class"": null}",0.6258062067299321,0.800246559228825,0.32872190000489354,5,none,0,200,275,4
Trace,idk,distributional,"{""no_window_threshold"": 0, ""psi"": 200, ""t"": 220, ""window_size"": 28, ""window_step"": 7}","{""k"": 4, ""n_samples"": 200, ""no_window_threshold"": 0, ""normalize"": true, ""random_state"": 5, ""samples_per_class"": null}",0.22402394862633382,0.24847958692377795,7.449987799991504,5,none,0,200,275,4
Trace,sbd,sliding,"{""backend"": ""reference"", ""candidate_k"": 20, ""coarse_method"": ""paa"", ""n_jobs"": -1, ""paa_segments"": 32, ""standardize"": false}","{""k"": 4, ""n_samples"": 200, ""no_window_threshold"": 0, ""normalize"": true, ""random_state"": 6, ""samples_per_class"": null}",0.6258062067299321,0.800246559228825,0.31118489999789745,6,none,0,200,275,4
Trace,idk,distributional,"{""no_window_threshold"": 0, ""psi"": 200, ""t"": 220, ""window_size"": 28, ""window_step"": 7}","{""k"": 4, ""n_samples"": 200, ""no_window_threshold"": 0, ""normalize"": true, ""random_state"": 6, ""samples_per_class"": null}",0.26627577387051177,0.30006545246672733,7.2344194000033895,6,none,0,200,275,4
Trace,sbd,sliding,"{""backend"": ""reference"", ""candidate_k"": 20, ""coarse_method"": ""paa"", ""n_jobs"": -1, ""paa_segments"": 32, ""standardize"": false}","{""k"": 4, ""n_samples"": 200, ""no_window_threshold"": 0, ""normalize"": true, ""random_state"": 7, ""samples_per_class"": null}",0.6619090643948742,0.7503161040328223,0.3211816999973962,7,none,0,200,275,4
Trace,idk,distributional,"{""no_window_threshold"": 0, ""psi"": 200, ""t"": 220, ""window_size"": 28, ""window_step"": 7}","{""k"": 4, ""n_samples"": 200, ""no_window_threshold"": 0, ""normalize"": true, ""random_state"": 7, ""samples_per_class"": null}",0.2290929537022871,0.2537205343422294,7.4925346999953035,7,none,0,200,275,4
Trace,sbd,sliding,"{""backend"": ""reference"", ""candidate_k"": 20, ""coarse_method"": ""paa"", ""n_jobs"": -1, ""paa_segments"": 32, ""standardize"": false}","{""k"": 4, ""n_samples"": 200, ""no_window_threshold"": 0, ""normalize"": true, ""random_state"": 8, ""samples_per_class"": null}",0.39565636657943626,0.5156003107159223,0.3304013000015402,8,none,0,200,275,4
Trace,idk,distributional,"{""no_window_threshold"": 0, ""psi"": 200, ""t"": 220, ""window_size"": 28, ""window_step"": 7}","{""k"": 4, ""n_samples"": 200, ""no_window_threshold"": 0, ""normalize"": true, ""random_state"": 8, ""samples_per_class"": null}",0.07683667958565125,0.12362171701711534,7.449190400002408,8,none,0,200,275,4
Trace,sbd,sliding,"{""backend"": ""reference"", ""candidate_k"": 20, ""coarse_method"": ""paa"", ""n_jobs"": -1, ""paa_segments"": 32, ""standardize"": false}","{""k"": 4, ""n_samples"": 200, ""no_window_threshold"": 0, ""normalize"": true, ""random_state"": 9, ""samples_per_class"": null}",0.663572323010511,0.7522843471933999,0.3160801000049105,9,none,0,200,275,4
Trace,idk,distributional,"{""no_window_threshold"": 0, ""psi"": 200, ""t"": 220, ""window_size"": 28, ""window_step"": 7}","{""k"": 4, ""n_samples"": 200, ""no_window_threshold"": 0, ""normalize"": true, ""random_state"": 9, ""samples_per_class"": null}",0.28600305733802134,0.3208506024052106,7.437958599999547,9,none,0,200,275,4
Trace,sbd,sliding,"{""backend"": ""reference"", ""candidate_k"": 20, ""coarse_method"": ""paa"", ""n_jobs"": -1, ""paa_segments"": 32, ""standardize"": false}","{""k"": 4, ""n_samples"": 200, ""no_window_threshold"": 0, ""normalize"": true, ""random_state"": 10, ""samples_per_class"": null}",0.6258062067299321,0.800246559228825,0.31463459999940824,10,none,0,200,275,4
Trace,idk,distributional,"{""no_window_threshold"": 0, ""psi"": 200, ""t"": 220, ""window_size"": 28, ""window_step"": 7}","{""k"": 4, ""n_samples"": 200, ""no_window_threshold"": 0, ""normalize"": true, ""random_state"": 10, ""samples_per_class"": null}",0.21221565423313105,0.25515803894387934,7.441946299994015,10,none,0,200,275,4
Coffee,sbd,sliding,"{""backend"": ""reference"", ""candidate_k"": 20, ""coarse_method"": ""paa"", ""n_jobs"": -1, ""paa_segments"": 32, ""standardize"": false}","{""k"": 2, ""n_samples"": 56, ""no_window_threshold"": 0, ""normalize"": true, ""random_state"": 1, ""samples_per_class"": null}",0.03304496149539238,0.06492347743064289,0.025906399998348206,1,none,0,56,286,2
Coffee,idk,distributional,"{""no_window_threshold"": 0, ""psi"": 56, ""t"": 220, ""window_size"": 29, ""window_step"": 7}","{""k"": 2, ""n_samples"": 56, ""no_window_threshold"": 0, ""normalize"": true, ""random_state"": 1, ""samples_per_class"": null}",0.005975643579334863,0.01603827770898737,1.6551723000011407,1,none,0,56,286,2
Coffee,sbd,sliding,"{""backend"": ""reference"", ""candidate_k"": 20, ""coarse_method"": ""paa"", ""n_jobs"": -1, ""paa_segments"": 32, ""standardize"": false}","{""k"": 2, ""n_samples"": 56, ""no_window_threshold"": 0, ""normalize"": true, ""random_state"": 2, ""samples_per_class"": null}",0.007906820547093463,0.0632311711858987,0.02504199999384582,2,none,0,56,286,2
Coffee,idk,distributional,"{""no_window_threshold"": 0, ""psi"": 56, ""t"": 220, ""window_size"": 29, ""window_step"": 7}","{""k"": 2, ""n_samples"": 56, ""no_window_threshold"": 0, ""normalize"": true, ""random_state"": 2, ""samples_per_class"": null}",0.610278524322163,0.5161511168055759,0.536267500006943,2,none,0,56,286,2
Coffee,sbd,sliding,"{""backend"": ""reference"", ""candidate_k"": 20, ""coarse_method"": ""paa"", ""n_jobs"": -1, ""paa_segments"": 32, ""standardize"": false}","{""k"": 2, ""n_samples"": 56, ""no_window_threshold"": 0, ""normalize"": true, ""random_state"": 3, ""samples_per_class"": null}",0.9285494957129697,0.8883460672052379,0.028058400013833307,3,none,0,56,286,2
Coffee,idk,distributional,"{""no_window_threshold"": 0, ""psi"": 56, ""t"": 220, ""window_size"": 29, ""window_step"": 7}","{""k"": 2, ""n_samples"": 56, ""no_window_threshold"": 0, ""normalize"": true, ""random_state"": 3, ""samples_per_class"": null}",0.554447762201191,0.4702871686289219,0.6613404999952763,3,none,0,56,286,2
Coffee,sbd,sliding,"{""backend"": ""reference"", ""candidate_k"": 20, ""coarse_method"": ""paa"", ""n_jobs"": -1, ""paa_segments"": 32, ""standardize"": false}","{""k"": 2, ""n_samples"": 56, ""no_window_threshold"": 0, ""normalize"": true, ""random_state"": 4, ""samples_per_class"": null}",0.9285494957129697,0.8883460672052379,0.025226999990991317,4,none,0,56,286,2
Coffee,idk,distributional,"{""no_window_threshold"": 0, ""psi"": 56, ""t"": 220, ""window_size"": 29, ""window_step"": 7}","{""k"": 2, ""n_samples"": 56, ""no_window_threshold"": 0, ""normalize"": true, ""random_state"": 4, ""samples_per_class"": null}",0.7935155483146294,0.7484581820782018,0.5541155999962939,4,none,0,56,286,2
Coffee,sbd,sliding,"{""backend"": ""reference"", ""candidate_k"": 20, ""coarse_method"": ""paa"", ""n_jobs"": -1, ""paa_segments"": 32, ""standardize"": false}","{""k"": 2, ""n_samples"": 56, ""no_window_threshold"": 0, ""normalize"": true, ""random_state"": 5, ""samples_per_class"": null}",0.6104835568415781,0.6032384572008246,0.02540130000852514,5,none,0,56,286,2
Coffee,idk,distributional,"{""no_window_threshold"": 0, ""psi"": 56, ""t"": 220, ""window_size"": 29, ""window_step"": 7}","{""k"": 2, ""n_samples"": 56, ""no_window_threshold"": 0, ""normalize"": true, ""random_state"": 5, ""samples_per_class"": null}",0.35717104663988425,0.30492851994145354,0.5350162999966415,5,none,0,56,286,2
Coffee,sbd,sliding,"{""backend"": ""reference"", ""candidate_k"": 20, ""coarse_method"": ""paa"", ""n_jobs"": -1, ""paa_segments"": 32, ""standardize"": false}","{""k"": 2, ""n_samples"": 56, ""no_window_threshold"": 0, ""normalize"": true, ""random_state"": 6, ""samples_per_class"": null}",0.9285494957129697,0.8883460672052379,0.0264374999969732,6,none,0,56,286,2
Coffee,idk,distributional,"{""no_window_threshold"": 0, ""psi"": 56, ""t"": 220, ""window_size"": 29, ""window_step"": 7}","{""k"": 2, ""n_samples"": 56, ""no_window_threshold"": 0, ""normalize"": true, ""random_state"": 6, ""samples_per_class"": null}",0.6687294801237688,0.5681062928944013,1.474112600000808,6,none,0,56,286,2
Coffee,sbd,sliding,"{""backend"": ""reference"", ""candidate_k"": 20, ""coarse_method"": ""paa"", ""n_jobs"": -1, ""paa_segments"": 32, ""standardize"": false}","{""k"": 2, ""n_samples"": 56, ""no_window_threshold"": 0, ""normalize"": true, ""random_state"": 7, ""samples_per_class"": null}",0.9285494957129697,0.8883460672052379,0.023295599996345118,7,none,0,56,286,2
Coffee,idk,distributional,"{""no_window_threshold"": 0, ""psi"": 56, ""t"": 220, ""window_size"": 29, ""window_step"": 7}","{""k"": 2, ""n_samples"": 56, ""no_window_threshold"": 0, ""normalize"": true, ""random_state"": 7, ""samples_per_class"": null}",0.554447762201191,0.4702871686289219,0.5265356999880169,7,none,0,56,286,2
Coffee,sbd,sliding,"{""backend"": ""reference"", ""candidate_k"": 20, ""coarse_method"": ""paa"", ""n_jobs"": -1, ""paa_segments"": 32, ""standardize"": false}","{""k"": 2, ""n_samples"": 56, ""no_window_threshold"": 0, ""normalize"": true, ""random_state"": 8, ""samples_per_class"": null}",0.7298405121155127,0.6951740782696901,0.02481549998628907,8,none,0,56,286,2
Coffee,idk,distributional,"{""no_window_threshold"": 0, ""psi"": 56, ""t"": 220, ""window_size"": 29, ""window_step"": 7}","{""k"": 2, ""n_samples"": 56, ""no_window_threshold"": 0, ""normalize"": true, ""random_state"": 8, ""samples_per_class"": null}",0.5012440223671004,0.42912186293947246,0.5559693999966839,8,none,0,56,286,2
Coffee,sbd,sliding,"{""backend"": ""reference"", ""candidate_k"": 20, ""coarse_method"": ""paa"", ""n_jobs"": -1, ""paa_segments"": 32, ""standardize"": false}","{""k"": 2, ""n_samples"": 56, ""no_window_threshold"": 0, ""normalize"": true, ""random_state"": 9, ""samples_per_class"": null}",0.9285494957129697,0.8883460672052379,0.026855200005229563,9,none,0,56,286,2
Coffee,idk,distributional,"{""no_window_threshold"": 0, ""psi"": 56, ""t"": 220, ""window_size"": 29, ""window_step"": 7}","{""k"": 2, ""n_samples"": 56, ""no_window_threshold"": 0, ""normalize"": true, ""random_state"": 9, ""samples_per_class"": null}",0.7297931101966997,0.6284966101428285,0.5492863999970723,9,none,0,56,286,2
Coffee,sbd,sliding,"{""backend"": ""reference"", ""candidate_k"": 20, ""coarse_method"": ""paa"", ""n_jobs"": -1, ""paa_segments"": 32, ""standardize"": false}","{""k"": 2, ""n_samples"": 56, ""no_window_threshold"": 0, ""normalize"": true, ""random_state"": 10, ""samples_per_class"": null}",0.6104835568415781,0.6032384572008246,0.025728199994773604,10,none,0,56,286,2
Coffee,idk,distributional,"{""no_window_threshold"": 0, ""psi"": 56, ""t"": 220, ""window_size"": 29, ""window_step"": 7}","{""k"": 2, ""n_samples"": 56, ""no_window_threshold"": 0, ""normalize"": true, ""random_state"": 10, ""samples_per_class"": null}",0.610278524322163,0.5161511168055759,1.4655914000031771,10,none,0,56,286,2
DiatomSizeReduction,sbd,sliding,"{""backend"": ""reference"", ""candidate_k"": 20, ""coarse_method"": ""paa"", ""n_jobs"": -1, ""paa_segments"": 32, ""standardize"": false}","{""k"": 4, ""n_samples"": 322, ""no_window_threshold"": 0, ""normalize"": true, ""random_state"": 1, ""samples_per_class"": null}",0.7147742422982811,0.7898504216234715,1.9719337999995332,1,none,0,322,345,4
DiatomSizeReduction,idk,distributional,"{""no_window_threshold"": 0, ""psi"": 322, ""t"": 220, ""window_size"": 34, ""window_step"": 8}","{""k"": 4, ""n_samples"": 322, ""no_window_threshold"": 0, ""normalize"": true, ""random_state"": 1, ""samples_per_class"": null}",0.4764602121558541,0.5514173358941133,20.14829740001005,1,none,0,322,345,4
DiatomSizeReduction,sbd,sliding,"{""backend"": ""reference"", ""candidate_k"": 20, ""coarse_method"": ""paa"", ""n_jobs"": -1, ""paa_segments"": 32, ""standardize"": false}","{""k"": 4, ""n_samples"": 322, ""no_window_threshold"": 0, ""normalize"": true, ""random_state"": 2, ""samples_per_class"": null}",0.7685395804516075,0.7804467407005997,1.047575799995684,2,none,0,322,345,4
DiatomSizeReduction,idk,distributional,"{""no_window_threshold"": 0, ""psi"": 322, ""t"": 220, ""window_size"": 34, ""window_step"": 8}","{""k"": 4, ""n_samples"": 322, ""no_window_threshold"": 0, ""normalize"": true, ""random_state"": 2, ""samples_per_class"": null}",0.46685628724510964,0.5336039975307608,20.961341900008847,2,none,0,322,345,4
DiatomSizeReduction,sbd,sliding,"{""backend"": ""reference"", ""candidate_k"": 20, ""coarse_method"": ""paa"", ""n_jobs"": -1, ""paa_segments"": 32, ""standardize"": false}","{""k"": 4, ""n_samples"": 322, ""no_window_threshold"": 0, ""normalize"": true, ""random_state"": 3, ""samples_per_class"": null}",0.9575163105869651,0.9340338602587451,1.0387316000123974,3,none,0,322,345,4
DiatomSizeReduction,idk,distributional,"{""no_window_threshold"": 0, ""psi"": 322, ""t"": 220, ""window_size"": 34, ""window_step"": 8}","{""k"": 4, ""n_samples"": 322, ""no_window_threshold"": 0, ""normalize"": true, ""random_state"": 3, ""samples_per_class"": null}",0.6580258822915958,0.6908796959320999,20.665822599999956,3,none,0,322,345,4
DiatomSizeReduction,sbd,sliding,"{""backend"": ""reference"", ""candidate_k"": 20, ""coarse_method"": ""paa"", ""n_jobs"": -1, ""paa_segments"": 32, ""standardize"": false}","{""k"": 4, ""n_samples"": 322, ""no_window_threshold"": 0, ""normalize"": true, ""random_state"": 4, ""samples_per_class"": null}",0.7054914728789894,0.7694224166173252,1.969867300009355,4,none,0,322,345,4
DiatomSizeReduction,idk,distributional,"{""no_window_threshold"": 0, ""psi"": 322, ""t"": 220, ""window_size"": 34, ""window_step"": 8}","{""k"": 4, ""n_samples"": 322, ""no_window_threshold"": 0, ""normalize"": true, ""random_state"": 4, ""samples_per_class"": null}",0.4743375246638264,0.5516535078988238,19.964192600004026,4,none,0,322,345,4
DiatomSizeReduction,sbd,sliding,"{""backend"": ""reference"", ""candidate_k"": 20, ""coarse_method"": ""paa"", ""n_jobs"": -1, ""paa_segments"": 32, ""standardize"": false}","{""k"": 4, ""n_samples"": 322, ""no_window_threshold"": 0, ""normalize"": true, ""random_state"": 5, ""samples_per_class"": null}",0.7502865848379111,0.7654946652288253,1.316914100010763,5,none,0,322,345,4
DiatomSizeReduction,idk,distributional,"{""no_window_threshold"": 0, ""psi"": 322, ""t"": 220, ""window_size"": 34, ""window_step"": 8}","{""k"": 4, ""n_samples"": 322, ""no_window_threshold"": 0, ""normalize"": true, ""random_state"": 5, ""samples_per_class"": null}",0.6620768969186117,0.6795662112568911,20.773469600011595,5,none,0,322,345,4
DiatomSizeReduction,sbd,sliding,"{""backend"": ""reference"", ""candidate_k"": 20, ""coarse_method"": ""paa"", ""n_jobs"": -1, ""paa_segments"": 32, ""standardize"": false}","{""k"": 4, ""n_samples"": 322, ""no_window_threshold"": 0, ""normalize"": true, ""random_state"": 6, ""samples_per_class"": null}",0.9575163105869651,0.9340338602587454,1.9765317999990657,6,none,0,322,345,4
DiatomSizeReduction,idk,distributional,"{""no_window_threshold"": 0, ""psi"": 322, ""t"": 220, ""window_size"": 34, ""window_step"": 8}","{""k"": 4, ""n_samples"": 322, ""no_window_threshold"": 0, ""normalize"": true, ""random_state"": 6, ""samples_per_class"": null}",0.6180564963235836,0.6192817926071255,29.863702100003138,6,none,0,322,345,4
DiatomSizeReduction,sbd,sliding,"{""backend"": ""reference"", ""candidate_k"": 20, ""coarse_method"": ""paa"", ""n_jobs"": -1, ""paa_segments"": 32, ""standardize"": false}","{""k"": 4, ""n_samples"": 322, ""no_window_threshold"": 0, ""normalize"": true, ""random_state"": 7, ""samples_per_class"": null}",0.7502865848379111,0.7654946652288253,1.0519590999901993,7,none,0,322,345,4
DiatomSizeReduction,idk,distributional,"{""no_window_threshold"": 0, ""psi"": 322, ""t"": 220, ""window_size"": 34, ""window_step"": 8}","{""k"": 4, ""n_samples"": 322, ""no_window_threshold"": 0, ""normalize"": true, ""random_state"": 7, ""samples_per_class"": null}",0.6623107047509115,0.6788977007640145,30.563487100007478,7,none,0,322,345,4
DiatomSizeReduction,sbd,sliding,"{""backend"": ""reference"", ""candidate_k"": 20, ""coarse_method"": ""paa"", ""n_jobs"": -1, ""paa_segments"": 32, ""standardize"": false}","{""k"": 4, ""n_samples"": 322, ""no_window_threshold"": 0, ""normalize"": true, ""random_state"": 8, ""samples_per_class"": null}",0.7147742422982811,0.7898504216234715,1.9609322999895085,8,none,0,322,345,4
DiatomSizeReduction,idk,distributional,"{""no_window_threshold"": 0, ""psi"": 322, ""t"": 220, ""window_size"": 34, ""window_step"": 8}","{""k"": 4, ""n_samples"": 322, ""no_window_threshold"": 0, ""normalize"": true, ""random_state"": 8, ""samples_per_class"": null}",0.49235319340430406,0.5722178801298391,20.095990800007712,8,none,0,322,345,4
DiatomSizeReduction,sbd,sliding,"{""backend"": ""reference"", ""candidate_k"": 20, ""coarse_method"": ""paa"", ""n_jobs"": -1, ""paa_segments"": 32, ""standardize"": false}","{""k"": 4, ""n_samples"": 322, ""no_window_threshold"": 0, ""normalize"": true, ""random_state"": 9, ""samples_per_class"": null}",0.7502865848379111,0.7654946652288253,1.0471619000018109,9,none,0,322,345,4
DiatomSizeReduction,idk,distributional,"{""no_window_threshold"": 0, ""psi"": 322, ""t"": 220, ""window_size"": 34, ""window_step"": 8}","{""k"": 4, ""n_samples"": 322, ""no_window_threshold"": 0, ""normalize"": true, ""random_state"": 9, ""samples_per_class"": null}",0.5902190589694076,0.5906574984060902,20.852229299998726,9,none,0,322,345,4
DiatomSizeReduction,sbd,sliding,"{""backend"": ""reference"", ""candidate_k"": 20, ""coarse_method"": ""paa"", ""n_jobs"": -1, ""paa_segments"": 32, ""standardize"": false}","{""k"": 4, ""n_samples"": 322, ""no_window_threshold"": 0, ""normalize"": true, ""random_state"": 10, ""samples_per_class"": null}",0.739483062442805,0.7756962725085064,1.0544890000019222,10,none,0,322,345,4
DiatomSizeReduction,idk,distributional,"{""no_window_threshold"": 0, ""psi"": 322, ""t"": 220, ""window_size"": 34, ""window_step"": 8}","{""k"": 4, ""n_samples"": 322, ""no_window_threshold"": 0, ""normalize"": true, ""random_state"": 10, ""samples_per_class"": null}",0.4795451638407526,0.5572724621804412,20.643392300000414,10,none,0,322,345,4
Symbols,sbd,sliding,"{""backend"": ""reference"", ""candidate_k"": 20, ""coarse_method"": ""paa"", ""n_jobs"": -1, ""paa_segments"": 32, ""standardize"": false}","{""k"": 6, ""n_samples"": 720, ""no_window_threshold"": 0, ""normalize"": true, ""random_state"": 1, ""samples_per_class"": 120}",0.6370533674331466,0.7692961420433925,8.85206059999473,1,none,0,720,398,6
Symbols,idk,distributional,"{""no_window_threshold"": 0, ""psi"": 720, ""t"": 220, ""window_size"": 40, ""window_step"": 10}","{""k"": 6, ""n_samples"": 720, ""no_window_threshold"": 0, ""normalize"": true, ""random_state"": 1, ""samples_per_class"": 120}",0.7223423818155085,0.7823661024537023,96.16942010000639,1,none,0,720,398,6
Symbols,sbd,sliding,"{""backend"": ""reference"", ""candidate_k"": 20, ""coarse_method"": ""paa"", ""n_jobs"": -1, ""paa_segments"": 32, ""standardize"": false}","{""k"": 6, ""n_samples"": 720, ""no_window_threshold"": 0, ""normalize"": true, ""random_state"": 2, ""samples_per_class"": 120}",0.7907493189267901,0.857053472841691,8.188739300007,2,none,0,720,398,6
Symbols,idk,distributional,"{""no_window_threshold"": 0, ""psi"": 720, ""t"": 220, ""window_size"": 40, ""window_step"": 10}","{""k"": 6, ""n_samples"": 720, ""no_window_threshold"": 0, ""normalize"": true, ""random_state"": 2, ""samples_per_class"": 120}",0.5363938526621301,0.6533048008413316,140.98886779999884,2,none,0,720,398,6
Symbols,sbd,sliding,"{""backend"": ""reference"", ""candidate_k"": 20, ""coarse_method"": ""paa"", ""n_jobs"": -1, ""paa_segments"": 32, ""standardize"": false}","{""k"": 6, ""n_samples"": 720, ""no_window_threshold"": 0, ""normalize"": true, ""random_state"": 3, ""samples_per_class"": 120}",0.6679938559034982,0.7983495045395888,8.82951170000888,3,none,0,720,398,6
Symbols,idk,distributional,"{""no_window_threshold"": 0, ""psi"": 720, ""t"": 220, ""window_size"": 40, ""window_step"": 10}","{""k"": 6, ""n_samples"": 720, ""no_window_threshold"": 0, ""normalize"": true, ""random_state"": 3, ""samples_per_class"": 120}",0.6816309966027165,0.7885562291845312,96.6525907000032,3,none,0,720,398,6
Symbols,sbd,sliding,"{""backend"": ""reference"", ""candidate_k"": 20, ""coarse_method"": ""paa"", ""n_jobs"": -1, ""paa_segments"": 32, ""standardize"": false}","{""k"": 6, ""n_samples"": 720, ""no_window_threshold"": 0, ""normalize"": true, ""random_state"": 4, ""samples_per_class"": 120}",0.7219921551652975,0.8329907464380999,8.850976700006868,4,none,0,720,398,6
Symbols,idk,distributional,"{""no_window_threshold"": 0, ""psi"": 720, ""t"": 220, ""window_size"": 40, ""window_step"": 10}","{""k"": 6, ""n_samples"": 720, ""no_window_threshold"": 0, ""normalize"": true, ""random_state"": 4, ""samples_per_class"": 120}",0.5965009037482437,0.7056288047914268,97.74455339999986,4,none,0,720,398,6
Symbols,sbd,sliding,"{""backend"": ""reference"", ""candidate_k"": 20, ""coarse_method"": ""paa"", ""n_jobs"": -1, ""paa_segments"": 32, ""standardize"": false}","{""k"": 6, ""n_samples"": 720, ""no_window_threshold"": 0, ""normalize"": true, ""random_state"": 5, ""samples_per_class"": 120}",0.5366898579385517,0.7108546059530849,7.944104800000787,5,none,0,720,398,6
Symbols,idk,distributional,"{""no_window_threshold"": 0, ""psi"": 720, ""t"": 220, ""window_size"": 40, ""window_step"": 10}","{""k"": 6, ""n_samples"": 720, ""no_window_threshold"": 0, ""normalize"": true, ""random_state"": 5, ""samples_per_class"": 120}",0.5386445835377117,0.6341423087706137,97.82607660000212,5,none,0,720,398,6
Symbols,sbd,sliding,"{""backend"": ""reference"", ""candidate_k"": 20, ""coarse_method"": ""paa"", ""n_jobs"": -1, ""paa_segments"": 32, ""standardize"": false}","{""k"": 6, ""n_samples"": 720, ""no_window_threshold"": 0, ""normalize"": true, ""random_state"": 6, ""samples_per_class"": 120}",0.7580140689430328,0.8453557272296371,8.986691700003576,6,none,0,720,398,6
Symbols,idk,distributional,"{""no_window_threshold"": 0, ""psi"": 720, ""t"": 220, ""window_size"": 40, ""window_step"": 10}","{""k"": 6, ""n_samples"": 720, ""no_window_threshold"": 0, ""normalize"": true, ""random_state"": 6, ""samples_per_class"": 120}",0.5503487955827066,0.6774890408809608,95.45213389999117,6,none,0,720,398,6
Symbols,sbd,sliding,"{""backend"": ""reference"", ""candidate_k"": 20, ""coarse_method"": ""paa"", ""n_jobs"": -1, ""paa_segments"": 32, ""standardize"": false}","{""k"": 6, ""n_samples"": 720, ""no_window_threshold"": 0, ""normalize"": true, ""random_state"": 7, ""samples_per_class"": 120}",0.6120255866408941,0.7928981595547769,8.93978880000941,7,none,0,720,398,6
Symbols,idk,distributional,"{""no_window_threshold"": 0, ""psi"": 720, ""t"": 220, ""window_size"": 40, ""window_step"": 10}","{""k"": 6, ""n_samples"": 720, ""no_window_threshold"": 0, ""normalize"": true, ""random_state"": 7, ""samples_per_class"": 120}",0.5682288623020454,0.6844117487655148,95.79301599999599,7,none,0,720,398,6
Symbols,sbd,sliding,"{""backend"": ""reference"", ""candidate_k"": 20, ""coarse_method"": ""paa"", ""n_jobs"": -1, ""paa_segments"": 32, ""standardize"": false}","{""k"": 6, ""n_samples"": 720, ""no_window_threshold"": 0, ""normalize"": true, ""random_state"": 8, ""samples_per_class"": 120}",0.6705983910918782,0.8016763022294418,7.969020799995633,8,none,0,720,398,6
Symbols,idk,distributional,"{""no_window_threshold"": 0, ""psi"": 720, ""t"": 220, ""window_size"": 40, ""window_step"": 10}","{""k"": 6, ""n_samples"": 720, ""no_window_threshold"": 0, ""normalize"": true, ""random_state"": 8, ""samples_per_class"": 120}",0.6726467110140307,0.7725892727579317,95.89802589999454,8,none,0,720,398,6
Symbols,sbd,sliding,"{""backend"": ""reference"", ""candidate_k"": 20, ""coarse_method"": ""paa"", ""n_jobs"": -1, ""paa_segments"": 32, ""standardize"": false}","{""k"": 6, ""n_samples"": 720, ""no_window_threshold"": 0, ""normalize"": true, ""random_state"": 9, ""samples_per_class"": 120}",0.7113730115027395,0.8284079171552953,7.9675569999963045,9,none,0,720,398,6
Symbols,idk,distributional,"{""no_window_threshold"": 0, ""psi"": 720, ""t"": 220, ""window_size"": 40, ""window_step"": 10}","{""k"": 6, ""n_samples"": 720, ""no_window_threshold"": 0, ""normalize"": true, ""random_state"": 9, ""samples_per_class"": 120}",0.6115081464364933,0.7097616112855922,96.57807239999238,9,none,0,720,398,6
Symbols,sbd,sliding,"{""backend"": ""reference"", ""candidate_k"": 20, ""coarse_method"": ""paa"", ""n_jobs"": -1, ""paa_segments"": 32, ""standardize"": false}","{""k"": 6, ""n_samples"": 720, ""no_window_threshold"": 0, ""normalize"": true, ""random_state"": 10, ""samples_per_class"": 120}",0.6535403133884095,0.8124449721710023,7.907673899986548,10,none,0,720,398,6
Symbols,idk,distributional,"{""no_window_threshold"": 0, ""psi"": 720, ""t"": 220, ""window_size"": 40, ""window_step"": 10}","{""k"": 6, ""n_samples"": 720, ""no_window_threshold"": 0, ""normalize"": true, ""random_state"": 10, ""samples_per_class"": 120}",0.5453042896745877,0.6507047244813942,96.54286430000502,10,none,0,720,398,6
OSULeaf,sbd,sliding,"{""backend"": ""reference"", ""candidate_k"": 20, ""coarse_method"": ""paa"", ""n_jobs"": -1, ""paa_segments"": 32, ""standardize"": false}","{""k"": 6, ""n_samples"": 442, ""no_window_threshold"": 0, ""normalize"": true, ""random_state"": 1, ""samples_per_class"": null}",0.2462411753648453,0.349269374318043,3.4743992000003345,1,none,0,442,427,6
OSULeaf,idk,distributional,"{""no_window_threshold"": 0, ""psi"": 442, ""t"": 220, ""window_size"": 43, ""window_step"": 10}","{""k"": 6, ""n_samples"": 442, ""no_window_threshold"": 0, ""normalize"": true, ""random_state"": 1, ""samples_per_class"": null}",0.222634217743456,0.3254972257642098,41.592839799996,1,none,0,442,427,6
OSULeaf,sbd,sliding,"{""backend"": ""reference"", ""candidate_k"": 20, ""coarse_method"": ""paa"", ""n_jobs"": -1, ""paa_segments"": 32, ""standardize"": false}","{""k"": 6, ""n_samples"": 442, ""no_window_threshold"": 0, ""normalize"": true, ""random_state"": 2, ""samples_per_class"": null}",0.21559707190988442,0.282344490678033,3.526013499998953,2,none,0,442,427,6
OSULeaf,idk,distributional,"{""no_window_threshold"": 0, ""psi"": 442, ""t"": 220, ""window_size"": 43, ""window_step"": 10}","{""k"": 6, ""n_samples"": 442, ""no_window_threshold"": 0, ""normalize"": true, ""random_state"": 2, ""samples_per_class"": null}",0.2318289473265152,0.2882617104763327,41.60605289999512,2,none,0,442,427,6
OSULeaf,sbd,sliding,"{""backend"": ""reference"", ""candidate_k"": 20, ""coarse_method"": ""paa"", ""n_jobs"": -1, ""paa_segments"": 32, ""standardize"": false}","{""k"": 6, ""n_samples"": 442, ""no_window_threshold"": 0, ""normalize"": true, ""random_state"": 3, ""samples_per_class"": null}",0.25305439686064596,0.3258157857029535,3.563097699996433,3,none,0,442,427,6
OSULeaf,idk,distributional,"{""no_window_threshold"": 0, ""psi"": 442, ""t"": 220, ""window_size"": 43, ""window_step"": 10}","{""k"": 6, ""n_samples"": 442, ""no_window_threshold"": 0, ""normalize"": true, ""random_state"": 3, ""samples_per_class"": null}",0.16558257784790203,0.22936287099218275,41.28343969999696,3,none,0,442,427,6
OSULeaf,sbd,sliding,"{""backend"": ""reference"", ""candidate_k"": 20, ""coarse_method"": ""paa"", ""n_jobs"": -1, ""paa_segments"": 32, ""standardize"": false}","{""k"": 6, ""n_samples"": 442, ""no_window_threshold"": 0, ""normalize"": true, ""random_state"": 4, ""samples_per_class"": null}",0.27055349966573505,0.3396654360714217,3.588160600003903,4,none,0,442,427,6
OSULeaf,idk,distributional,"{""no_window_threshold"": 0, ""psi"": 442, ""t"": 220, ""window_size"": 43, ""window_step"": 10}","{""k"": 6, ""n_samples"": 442, ""no_window_threshold"": 0, ""normalize"": true, ""random_state"": 4, ""samples_per_class"": null}",0.18027752260765176,0.2452843529151253,40.73981410000124,4,none,0,442,427,6
OSULeaf,sbd,sliding,"{""backend"": ""reference"", ""candidate_k"": 20, ""coarse_method"": ""paa"", ""n_jobs"": -1, ""paa_segments"": 32, ""standardize"": false}","{""k"": 6, ""n_samples"": 442, ""no_window_threshold"": 0, ""normalize"": true, ""random_state"": 5, ""samples_per_class"": null}",0.23647447829003437,0.32355916651274585,3.5188990000024205,5,none,0,442,427,6
OSULeaf,idk,distributional,"{""no_window_threshold"": 0, ""psi"": 442, ""t"": 220, ""window_size"": 43, ""window_step"": 10}","{""k"": 6, ""n_samples"": 442, ""no_window_threshold"": 0, ""normalize"": true, ""random_state"": 5, ""samples_per_class"": null}",0.18314075370507163,0.22960074880291975,41.61628370000108,5,none,0,442,427,6
OSULeaf,sbd,sliding,"{""backend"": ""reference"", ""candidate_k"": 20, ""coarse_method"": ""paa"", ""n_jobs"": -1, ""paa_segments"": 32, ""standardize"": false}","{""k"": 6, ""n_samples"": 442, ""no_window_threshold"": 0, ""normalize"": true, ""random_state"": 6, ""samples_per_class"": null}",0.38637081923550837,0.4470439061506106,3.5332421000057366,6,none,0,442,427,6
OSULeaf,idk,distributional,"{""no_window_threshold"": 0, ""psi"": 442, ""t"": 220, ""window_size"": 43, ""window_step"": 10}","{""k"": 6, ""n_samples"": 442, ""no_window_threshold"": 0, ""normalize"": true, ""random_state"": 6, ""samples_per_class"": null}",0.2692621101064052,0.303640177170187,42.726599999994505,6,none,0,442,427,6
OSULeaf,sbd,sliding,"{""backend"": ""reference"", ""candidate_k"": 20, ""coarse_method"": ""paa"", ""n_jobs"": -1, ""paa_segments"": 32, ""standardize"": false}","{""k"": 6, ""n_samples"": 442, ""no_window_threshold"": 0, ""normalize"": true, ""random_state"": 7, ""samples_per_class"": null}",0.26533535931826613,0.3368503528956384,3.5320595999946818,7,none,0,442,427,6
OSULeaf,idk,distributional,"{""no_window_threshold"": 0, ""psi"": 442, ""t"": 220, ""window_size"": 43, ""window_step"": 10}","{""k"": 6, ""n_samples"": 442, ""no_window_threshold"": 0, ""normalize"": true, ""random_state"": 7, ""samples_per_class"": null}",0.2263939491092051,0.2963996576034933,41.55234160000691,7,none,0,442,427,6
OSULeaf,sbd,sliding,"{""backend"": ""reference"", ""candidate_k"": 20, ""coarse_method"": ""paa"", ""n_jobs"": -1, ""paa_segments"": 32, ""standardize"": false}","{""k"": 6, ""n_samples"": 442, ""no_window_threshold"": 0, ""normalize"": true, ""random_state"": 8, ""samples_per_class"": null}",0.3091183659697935,0.38410959427137803,3.555747299993527,8,none,0,442,427,6
OSULeaf,idk,distributional,"{""no_window_threshold"": 0, ""psi"": 442, ""t"": 220, ""window_size"": 43, ""window_step"": 10}","{""k"": 6, ""n_samples"": 442, ""no_window_threshold"": 0, ""normalize"": true, ""random_state"": 8, ""samples_per_class"": null}",0.21036832970776354,0.2750048983182879,42.58861310000066,8,none,0,442,427,6
OSULeaf,sbd,sliding,"{""backend"": ""reference"", ""candidate_k"": 20, ""coarse_method"": ""paa"", ""n_jobs"": -1, ""paa_segments"": 32, ""standardize"": false}","{""k"": 6, ""n_samples"": 442, ""no_window_threshold"": 0, ""normalize"": true, ""random_state"": 9, ""samples_per_class"": null}",0.3128395858504997,0.3766211863268428,3.5987468999956036,9,none,0,442,427,6
OSULeaf,idk,distributional,"{""no_window_threshold"": 0, ""psi"": 442, ""t"": 220, ""window_size"": 43, ""window_step"": 10}","{""k"": 6, ""n_samples"": 442, ""no_window_threshold"": 0, ""normalize"": true, ""random_state"": 9, ""samples_per_class"": null}",0.30383426639978345,0.3922977705866269,42.57061219999741,9,none,0,442,427,6
OSULeaf,sbd,sliding,"{""backend"": ""reference"", ""candidate_k"": 20, ""coarse_method"": ""paa"", ""n_jobs"": -1, ""paa_segments"": 32, ""standardize"": false}","{""k"": 6, ""n_samples"": 442, ""no_window_threshold"": 0, ""normalize"": true, ""random_state"": 10, ""samples_per_class"": null}",0.2088435412682804,0.2796350117816534,3.540831899998011,10,none,0,442,427,6
OSULeaf,idk,distributional,"{""no_window_threshold"": 0, ""psi"": 442, ""t"": 220, ""window_size"": 43, ""window_step"": 10}","{""k"": 6, ""n_samples"": 442, ""no_window_threshold"": 0, ""normalize"": true, ""random_state"": 10, ""samples_per_class"": null}",0.23729311121729466,0.30789813342534567,42.56945179999457,10,none,0,442,427,6
Computers,sbd,sliding,"{""backend"": ""reference"", ""candidate_k"": 20, ""coarse_method"": ""paa"", ""n_jobs"": -1, ""paa_segments"": 32, ""standardize"": false}","{""k"": 2, ""n_samples"": 300, ""no_window_threshold"": 0, ""normalize"": true, ""random_state"": 1, ""samples_per_class"": 150}",0.02037470841241099,0.01808355791770558,3.1488414999912493,1,none,0,300,720,2
Computers,idk,distributional,"{""no_window_threshold"": 0, ""psi"": 300, ""t"": 220, ""window_size"": 72, ""window_step"": 18}","{""k"": 2, ""n_samples"": 300, ""no_window_threshold"": 0, ""normalize"": true, ""random_state"": 1, ""samples_per_class"": 150}",0.0039238383161649265,0.006902202077499439,18.141271000000415,1,none,0,300,720,2
Computers,sbd,sliding,"{""backend"": ""reference"", ""candidate_k"": 20, ""coarse_method"": ""paa"", ""n_jobs"": -1, ""paa_segments"": 32, ""standardize"": false}","{""k"": 2, ""n_samples"": 300, ""no_window_threshold"": 0, ""normalize"": true, ""random_state"": 2, ""samples_per_class"": 150}",0.02037470841241099,0.01808355791770558,3.2280367000057595,2,none,0,300,720,2
Computers,idk,distributional,"{""no_window_threshold"": 0, ""psi"": 300, ""t"": 220, ""window_size"": 72, ""window_step"": 18}","{""k"": 2, ""n_samples"": 300, ""no_window_threshold"": 0, ""normalize"": true, ""random_state"": 2, ""samples_per_class"": 150}",0.018050044358385982,0.03964738578207306,21.923746900007245,2,none,0,300,720,2
Computers,sbd,sliding,"{""backend"": ""reference"", ""candidate_k"": 20, ""coarse_method"": ""paa"", ""n_jobs"": -1, ""paa_segments"": 32, ""standardize"": false}","{""k"": 2, ""n_samples"": 300, ""no_window_threshold"": 0, ""normalize"": true, ""random_state"": 3, ""samples_per_class"": 150}",0.04552116983383103,0.04069641166703784,3.256252699997276,3,none,0,300,720,2
Computers,idk,distributional,"{""no_window_threshold"": 0, ""psi"": 300, ""t"": 220, ""window_size"": 72, ""window_step"": 18}","{""k"": 2, ""n_samples"": 300, ""no_window_threshold"": 0, ""normalize"": true, ""random_state"": 3, ""samples_per_class"": 150}",0.0011519204739398126,0.003272459728810782,33.328570899990154,3,none,0,300,720,2
Computers,sbd,sliding,"{""backend"": ""reference"", ""candidate_k"": 20, ""coarse_method"": ""paa"", ""n_jobs"": -1, ""paa_segments"": 32, ""standardize"": false}","{""k"": 2, ""n_samples"": 300, ""no_window_threshold"": 0, ""normalize"": true, ""random_state"": 4, ""samples_per_class"": 150}",0.05176373012012705,0.05025914348662114,3.1720312999968883,4,none,0,300,720,2
Computers,idk,distributional,"{""no_window_threshold"": 0, ""psi"": 300, ""t"": 220, ""window_size"": 72, ""window_step"": 18}","{""k"": 2, ""n_samples"": 300, ""no_window_threshold"": 0, ""normalize"": true, ""random_state"": 4, ""samples_per_class"": 150}",0.018050044358385982,0.03964738578207306,34.21792949999508,4,none,0,300,720,2
Computers,sbd,sliding,"{""backend"": ""reference"", ""candidate_k"": 20, ""coarse_method"": ""paa"", ""n_jobs"": -1, ""paa_segments"": 32, ""standardize"": false}","{""k"": 2, ""n_samples"": 300, ""no_window_threshold"": 0, ""normalize"": true, ""random_state"": 5, ""samples_per_class"": 150}",0.04552116983383103,0.04069641166703784,3.3700574999966193,5,none,0,300,720,2
Computers,idk,distributional,"{""no_window_threshold"": 0, ""psi"": 300, ""t"": 220, ""window_size"": 72, ""window_step"": 18}","{""k"": 2, ""n_samples"": 300, ""no_window_threshold"": 0, ""normalize"": true, ""random_state"": 5, ""samples_per_class"": 150}",-0.000463516978322677,0.0020850619815914215,34.011928199994145,5,none,0,300,720,2
Computers,sbd,sliding,"{""backend"": ""reference"", ""candidate_k"": 20, ""coarse_method"": ""paa"", ""n_jobs"": -1, ""paa_segments"": 32, ""standardize"": false}","{""k"": 2, ""n_samples"": 300, ""no_window_threshold"": 0, ""normalize"": true, ""random_state"": 6, ""samples_per_class"": 150}",0.04552116983383103,0.04069641166703784,3.2714944999897853,6,none,0,300,720,2
Computers,idk,distributional,"{""no_window_threshold"": 0, ""psi"": 300, ""t"": 220, ""window_size"": 72, ""window_step"": 18}","{""k"": 2, ""n_samples"": 300, ""no_window_threshold"": 0, ""normalize"": true, ""random_state"": 6, ""samples_per_class"": 150}",0.0011632415664986429,0.0032878054014800393,25.785027700010687,6,none,0,300,720,2
Computers,sbd,sliding,"{""backend"": ""reference"", ""candidate_k"": 20, ""coarse_method"": ""paa"", ""n_jobs"": -1, ""paa_segments"": 32, ""standardize"": false}","{""k"": 2, ""n_samples"": 300, ""no_window_threshold"": 0, ""normalize"": true, ""random_state"": 7, ""samples_per_class"": 150}",0.05176373012012705,0.05025914348662114,3.127593800003524,7,none,0,300,720,2
Computers,idk,distributional,"{""no_window_threshold"": 0, ""psi"": 300, ""t"": 220, ""window_size"": 72, ""window_step"": 18}","{""k"": 2, ""n_samples"": 300, ""no_window_threshold"": 0, ""normalize"": true, ""random_state"": 7, ""samples_per_class"": 150}",0.019932514117127192,0.04248862572887831,16.971389899990754,7,none,0,300,720,2
Computers,sbd,sliding,"{""backend"": ""reference"", ""candidate_k"": 20, ""coarse_method"": ""paa"", ""n_jobs"": -1, ""paa_segments"": 32, ""standardize"": false}","{""k"": 2, ""n_samples"": 300, ""no_window_threshold"": 0, ""normalize"": true, ""random_state"": 8, ""samples_per_class"": 150}",0.02037470841241099,0.01808355791770558,3.1787445999943884,8,none,0,300,720,2
Computers,idk,distributional,"{""no_window_threshold"": 0, ""psi"": 300, ""t"": 220, ""window_size"": 72, ""window_step"": 18}","{""k"": 2, ""n_samples"": 300, ""no_window_threshold"": 0, ""normalize"": true, ""random_state"": 8, ""samples_per_class"": 150}",-0.0021976681392852715,0.0008158740986182512,17.01455390000774,8,none,0,300,720,2
Computers,sbd,sliding,"{""backend"": ""reference"", ""candidate_k"": 20, ""coarse_method"": ""paa"", ""n_jobs"": -1, ""paa_segments"": 32, ""standardize"": false}","{""k"": 2, ""n_samples"": 300, ""no_window_threshold"": 0, ""normalize"": true, ""random_state"": 9, ""samples_per_class"": 150}",0.003932752373422899,0.03909287526407262,3.168765100010205,9,none,0,300,720,2
Computers,idk,distributional,"{""no_window_threshold"": 0, ""psi"": 300, ""t"": 220, ""window_size"": 72, ""window_step"": 18}","{""k"": 2, ""n_samples"": 300, ""no_window_threshold"": 0, ""normalize"": true, ""random_state"": 9, ""samples_per_class"": 150}",0.016193157793809546,0.03482636856887437,17.155322999999044,9,none,0,300,720,2
Computers,sbd,sliding,"{""backend"": ""reference"", ""candidate_k"": 20, ""coarse_method"": ""paa"", ""n_jobs"": -1, ""paa_segments"": 32, ""standardize"": false}","{""k"": 2, ""n_samples"": 300, ""no_window_threshold"": 0, ""normalize"": true, ""random_state"": 10, ""samples_per_class"": 150}",0.004662915762369584,0.006706384715648841,3.1477902000042377,10,none,0,300,720,2
Computers,idk,distributional,"{""no_window_threshold"": 0, ""psi"": 300, ""t"": 220, ""window_size"": 72, ""window_step"": 18}","{""k"": 2, ""n_samples"": 300, ""no_window_threshold"": 0, ""normalize"": true, ""random_state"": 10, ""samples_per_class"": 150}",0.018050044358385982,0.03964738578207306,16.80104140000185,10,none,0,300,720,2
ACSF1,sbd,sliding,"{""backend"": ""reference"", ""candidate_k"": 20, ""coarse_method"": ""paa"", ""n_jobs"": -1, ""paa_segments"": 32, ""standardize"": false}","{""k"": 10, ""n_samples"": 200, ""no_window_threshold"": 96, ""normalize"": true, ""random_state"": 1, ""samples_per_class"": null}",0.20104138603522306,0.4209241927210812,4.178708399998868,1,none,0,200,1460,10
ACSF1,idk,distributional,"{""no_window_threshold"": 96, ""psi"": 200, ""t"": 220, ""window_size"": 146, ""window_step"": 36}","{""k"": 10, ""n_samples"": 200, ""no_window_threshold"": 96, ""normalize"": true, ""random_state"": 1, ""samples_per_class"": null}",0.3622001186047765,0.5710248939496907,11.777777600000263,1,none,0,200,1460,10
ACSF1,sbd,sliding,"{""backend"": ""reference"", ""candidate_k"": 20, ""coarse_method"": ""paa"", ""n_jobs"": -1, ""paa_segments"": 32, ""standardize"": false}","{""k"": 10, ""n_samples"": 200, ""no_window_threshold"": 96, ""normalize"": true, ""random_state"": 2, ""samples_per_class"": null}",0.20789269348341408,0.4342138109811683,4.224421300001268,2,none,0,200,1460,10
ACSF1,idk,distributional,"{""no_window_threshold"": 96, ""psi"": 200, ""t"": 220, ""window_size"": 146, ""window_step"": 36}","{""k"": 10, ""n_samples"": 200, ""no_window_threshold"": 96, ""normalize"": true, ""random_state"": 2, ""samples_per_class"": null}",0.3836199624623041,0.5706523323826144,9.04643809999834,2,none,0,200,1460,10
ACSF1,sbd,sliding,"{""backend"": ""reference"", ""candidate_k"": 20, ""coarse_method"": ""paa"", ""n_jobs"": -1, ""paa_segments"": 32, ""standardize"": false}","{""k"": 10, ""n_samples"": 200, ""no_window_threshold"": 96, ""normalize"": true, ""random_state"": 3, ""samples_per_class"": null}",0.18476599085104184,0.4089965666331817,4.154785800001264,3,none,0,200,1460,10
ACSF1,idk,distributional,"{""no_window_threshold"": 96, ""psi"": 200, ""t"": 220, ""window_size"": 146, ""window_step"": 36}","{""k"": 10, ""n_samples"": 200, ""no_window_threshold"": 96, ""normalize"": true, ""random_state"": 3, ""samples_per_class"": null}",0.299221276297808,0.5152459738223741,7.719710900000791,3,none,0,200,1460,10
ACSF1,sbd,sliding,"{""backend"": ""reference"", ""candidate_k"": 20, ""coarse_method"": ""paa"", ""n_jobs"": -1, ""paa_segments"": 32, ""standardize"": false}","{""k"": 10, ""n_samples"": 200, ""no_window_threshold"": 96, ""normalize"": true, ""random_state"": 4, ""samples_per_class"": null}",0.14648392953449788,0.37077413275515697,4.0522407999997085,4,none,0,200,1460,10
ACSF1,idk,distributional,"{""no_window_threshold"": 96, ""psi"": 200, ""t"": 220, ""window_size"": 146, ""window_step"": 36}","{""k"": 10, ""n_samples"": 200, ""no_window_threshold"": 96, ""normalize"": true, ""random_state"": 4, ""samples_per_class"": null}",0.3323624736920878,0.5471127907816261,7.7177214000003005,4,none,0,200,1460,10
ACSF1,sbd,sliding,"{""backend"": ""reference"", ""candidate_k"": 20, ""coarse_method"": ""paa"", ""n_jobs"": -1, ""paa_segments"": 32, ""standardize"": false}","{""k"": 10, ""n_samples"": 200, ""no_window_threshold"": 96, ""normalize"": true, ""random_state"": 5, ""samples_per_class"": null}",0.17152982053302804,0.35887734128692944,4.064968700000463,5,none,0,200,1460,10
ACSF1,idk,distributional,"{""no_window_threshold"": 96, ""psi"": 200, ""t"": 220, ""window_size"": 146, ""window_step"": 36}","{""k"": 10, ""n_samples"": 200, ""no_window_threshold"": 96, ""normalize"": true, ""random_state"": 5, ""samples_per_class"": null}",0.3164614204728294,0.5288612564543108,7.726086500002566,5,none,0,200,1460,10
ACSF1,sbd,sliding,"{""backend"": ""reference"", ""candidate_k"": 20, ""coarse_method"": ""paa"", ""n_jobs"": -1, ""paa_segments"": 32, ""standardize"": false}","{""k"": 10, ""n_samples"": 200, ""no_window_threshold"": 96, ""normalize"": true, ""random_state"": 6, ""samples_per_class"": null}",0.2123623655234847,0.4239130631449222,4.067118099999789,6,none,0,200,1460,10
ACSF1,idk,distributional,"{""no_window_threshold"": 96, ""psi"": 200, ""t"": 220, ""window_size"": 146, ""window_step"": 36}","{""k"": 10, ""n_samples"": 200, ""no_window_threshold"": 96, ""normalize"": true, ""random_state"": 6, ""samples_per_class"": null}",0.33809944465691,0.5447062039052478,7.724806099999114,6,none,0,200,1460,10
ACSF1,sbd,sliding,"{""backend"": ""reference"", ""candidate_k"": 20, ""coarse_method"": ""paa"", ""n_jobs"": -1, ""paa_segments"": 32, ""standardize"": false}","{""k"": 10, ""n_samples"": 200, ""no_window_threshold"": 96, ""normalize"": true, ""random_state"": 7, ""samples_per_class"": null}",0.12352594937993465,0.337687172949683,5.026627899998857,7,none,0,200,1460,10
ACSF1,idk,distributional,"{""no_window_threshold"": 96, ""psi"": 200, ""t"": 220, ""window_size"": 146, ""window_step"": 36}","{""k"": 10, ""n_samples"": 200, ""no_window_threshold"": 96, ""normalize"": true, ""random_state"": 7, ""samples_per_class"": null}",0.3050593538068483,0.5478575954918653,7.702517000001535,7,none,0,200,1460,10
ACSF1,sbd,sliding,"{""backend"": ""reference"", ""candidate_k"": 20, ""coarse_method"": ""paa"", ""n_jobs"": -1, ""paa_segments"": 32, ""standardize"": false}","{""k"": 10, ""n_samples"": 200, ""no_window_threshold"": 96, ""normalize"": true, ""random_state"": 8, ""samples_per_class"": null}",0.16684320314874207,0.3763097851670515,4.034869300001446,8,none,0,200,1460,10
ACSF1,idk,distributional,"{""no_window_threshold"": 96, ""psi"": 200, ""t"": 220, ""window_size"": 146, ""window_step"": 36}","{""k"": 10, ""n_samples"": 200, ""no_window_threshold"": 96, ""normalize"": true, ""random_state"": 8, ""samples_per_class"": null}",0.34259152426611494,0.5365240532465272,7.769492100000207,8,none,0,200,1460,10
ACSF1,sbd,sliding,"{""backend"": ""reference"", ""candidate_k"": 20, ""coarse_method"": ""paa"", ""n_jobs"": -1, ""paa_segments"": 32, ""standardize"": false}","{""k"": 10, ""n_samples"": 200, ""no_window_threshold"": 96, ""normalize"": true, ""random_state"": 9, ""samples_per_class"": null}",0.1961186784631304,0.4259282191725438,3.135388200000307,9,none,0,200,1460,10
ACSF1,idk,distributional,"{""no_window_threshold"": 96, ""psi"": 200, ""t"": 220, ""window_size"": 146, ""window_step"": 36}","{""k"": 10, ""n_samples"": 200, ""no_window_threshold"": 96, ""normalize"": true, ""random_state"": 9, ""samples_per_class"": null}",0.39567647544651996,0.5821622477841352,7.739954699998634,9,none,0,200,1460,10
ACSF1,sbd,sliding,"{""backend"": ""reference"", ""candidate_k"": 20, ""coarse_method"": ""paa"", ""n_jobs"": -1, ""paa_segments"": 32, ""standardize"": false}","{""k"": 10, ""n_samples"": 200, ""no_window_threshold"": 96, ""normalize"": true, ""random_state"": 10, ""samples_per_class"": null}",0.207619130005572,0.42833982772583334,3.1441190999976243,10,none,0,200,1460,10
ACSF1,idk,distributional,"{""no_window_threshold"": 96, ""psi"": 200, ""t"": 220, ""window_size"": 146, ""window_step"": 36}","{""k"": 10, ""n_samples"": 200, ""no_window_threshold"": 96, ""normalize"": true, ""random_state"": 10, ""samples_per_class"": null}",0.3316632972268786,0.5518619632025937,7.757893000001786,10,none,0,200,1460,10
