dataset,measure,paradigm,ari,nmi,runtime,subsample_seed,clustering_seed,perturbation_type,perturbation_level,n_original,n_sampled,series_length,k,measure_params,clustering_params
CBF,ed,lock-step,0.21976899108768466,0.2616295556891146,0.0019083999999995882,42,1,noise,0.0,930,150,128,3,,"{""init"": ""random"", ""max_iter"": 300, ""method"": ""alternate""}"
CBF,dtw,elastic,0.7781076632899532,0.7703043379830262,7.943012000000001,42,1,noise,0.0,930,150,128,3,"{""window"": 13, ""backend"": ""aeon""}","{""init"": ""random"", ""max_iter"": 300, ""method"": ""alternate""}"
CBF,msm,elastic,0.6182486143596568,0.6760570465467395,1.092762200000001,42,1,noise,0.0,930,150,128,3,"{""c"": 1.0, ""backend"": ""aeon""}","{""init"": ""random"", ""max_iter"": 300, ""method"": ""alternate""}"
CBF,ed,lock-step,0.21801735352642948,0.26207329845403593,0.0028132999999996855,42,2,noise,0.0,930,150,128,3,,"{""init"": ""random"", ""max_iter"": 300, ""method"": ""alternate""}"
CBF,dtw,elastic,0.8031884679783747,0.8314786667170627,6.270226500000003,42,2,noise,0.0,930,150,128,3,"{""window"": 13, ""backend"": ""aeon""}","{""init"": ""random"", ""max_iter"": 300, ""method"": ""alternate""}"
CBF,msm,elastic,0.6182486143596568,0.6760570465467395,0.9161347999999983,42,2,noise,0.0,930,150,128,3,"{""c"": 1.0, ""backend"": ""aeon""}","{""init"": ""random"", ""max_iter"": 300, ""method"": ""alternate""}"
CBF,ed,lock-step,0.18295991731644637,0.25409064310623236,0.002493699999998711,42,3,noise,0.0,930,150,128,3,,"{""init"": ""random"", ""max_iter"": 300, ""method"": ""alternate""}"
CBF,dtw,elastic,0.29005799181779424,0.32312497355643893,5.893173300000001,42,3,noise,0.0,930,150,128,3,"{""window"": 13, ""backend"": ""aeon""}","{""init"": ""random"", ""max_iter"": 300, ""method"": ""alternate""}"
CBF,msm,elastic,0.5110945323789361,0.5515270900859249,0.9229006999999996,42,3,noise,0.0,930,150,128,3,"{""c"": 1.0, ""backend"": ""aeon""}","{""init"": ""random"", ""max_iter"": 300, ""method"": ""alternate""}"
CBF,ed,lock-step,0.18411433169074418,0.24724661884096702,0.0024123000000031425,42,4,noise,0.0,930,150,128,3,,"{""init"": ""random"", ""max_iter"": 300, ""method"": ""alternate""}"
CBF,dtw,elastic,0.7781076632899532,0.7703043379830262,6.173335400000003,42,4,noise,0.0,930,150,128,3,"{""window"": 13, ""backend"": ""aeon""}","{""init"": ""random"", ""max_iter"": 300, ""method"": ""alternate""}"
CBF,msm,elastic,0.28200140553487124,0.3367004915386714,0.9031035999999943,42,4,noise,0.0,930,150,128,3,"{""c"": 1.0, ""backend"": ""aeon""}","{""init"": ""random"", ""max_iter"": 300, ""method"": ""alternate""}"
CBF,ed,lock-step,0.15032785101946397,0.255175463721561,0.0017324000000016326,42,5,noise,0.0,930,150,128,3,,"{""init"": ""random"", ""max_iter"": 300, ""method"": ""alternate""}"
CBF,dtw,elastic,0.7781076632899532,0.7703043379830262,6.108241600000007,42,5,noise,0.0,930,150,128,3,"{""window"": 13, ""backend"": ""aeon""}","{""init"": ""random"", ""max_iter"": 300, ""method"": ""alternate""}"
CBF,msm,elastic,0.6182486143596568,0.6760570465467395,0.8657876999999985,42,5,noise,0.0,930,150,128,3,"{""c"": 1.0, ""backend"": ""aeon""}","{""init"": ""random"", ""max_iter"": 300, ""method"": ""alternate""}"
CBF,ed,lock-step,0.2412420784818695,0.29930119575002195,0.00411489999999759,42,6,noise,0.0,930,150,128,3,,"{""init"": ""random"", ""max_iter"": 300, ""method"": ""alternate""}"
CBF,dtw,elastic,0.7704085965841763,0.793321002507109,5.9206715000000045,42,6,noise,0.0,930,150,128,3,"{""window"": 13, ""backend"": ""aeon""}","{""init"": ""random"", ""max_iter"": 300, ""method"": ""alternate""}"
CBF,msm,elastic,0.3156473975775406,0.4048173191768149,0.9277300000000039,42,6,noise,0.0,930,150,128,3,"{""c"": 1.0, ""backend"": ""aeon""}","{""init"": ""random"", ""max_iter"": 300, ""method"": ""alternate""}"
CBF,ed,lock-step,0.242781372960611,0.3144958777930363,0.0015321000000056983,42,7,noise,0.0,930,150,128,3,,"{""init"": ""random"", ""max_iter"": 300, ""method"": ""alternate""}"
CBF,dtw,elastic,0.20640321936352474,0.25597146696144646,6.245002000000007,42,7,noise,0.0,930,150,128,3,"{""window"": 13, ""backend"": ""aeon""}","{""init"": ""random"", ""max_iter"": 300, ""method"": ""alternate""}"
CBF,msm,elastic,0.5804583144033054,0.6148190807689878,1.0327672999999962,42,7,noise,0.0,930,150,128,3,"{""c"": 1.0, ""backend"": ""aeon""}","{""init"": ""random"", ""max_iter"": 300, ""method"": ""alternate""}"
CBF,ed,lock-step,0.23542056722834756,0.27549173225723567,0.0022306000000043014,42,8,noise,0.0,930,150,128,3,,"{""init"": ""random"", ""max_iter"": 300, ""method"": ""alternate""}"
CBF,dtw,elastic,0.7781076632899532,0.7703043379830262,6.129050699999993,42,8,noise,0.0,930,150,128,3,"{""window"": 13, ""backend"": ""aeon""}","{""init"": ""random"", ""max_iter"": 300, ""method"": ""alternate""}"
CBF,msm,elastic,0.6182486143596568,0.6760570465467395,0.984585800000005,42,8,noise,0.0,930,150,128,3,"{""c"": 1.0, ""backend"": ""aeon""}","{""init"": ""random"", ""max_iter"": 300, ""method"": ""alternate""}"
CBF,ed,lock-step,0.17507826239433932,0.1808155982196754,0.0012425999999976511,42,9,noise,0.0,930,150,128,3,,"{""init"": ""random"", ""max_iter"": 300, ""method"": ""alternate""}"
CBF,dtw,elastic,0.7781076632899532,0.7703043379830262,6.250336799999992,42,9,noise,0.0,930,150,128,3,"{""window"": 13, ""backend"": ""aeon""}","{""init"": ""random"", ""max_iter"": 300, ""method"": ""alternate""}"
CBF,msm,elastic,0.4328934976163429,0.6072411891488683,0.9306940000000026,42,9,noise,0.0,930,150,128,3,"{""c"": 1.0, ""backend"": ""aeon""}","{""init"": ""random"", ""max_iter"": 300, ""method"": ""alternate""}"
CBF,ed,lock-step,0.19947203098280664,0.23440317234814387,0.003953199999997992,42,10,noise,0.0,930,150,128,3,,"{""init"": ""random"", ""max_iter"": 300, ""method"": ""alternate""}"
CBF,dtw,elastic,0.20640321936352474,0.25597146696144646,6.388766600000011,42,10,noise,0.0,930,150,128,3,"{""window"": 13, ""backend"": ""aeon""}","{""init"": ""random"", ""max_iter"": 300, ""method"": ""alternate""}"
CBF,msm,elastic,0.26143765286273773,0.28465581601719603,1.0462810000000076,42,10,noise,0.0,930,150,128,3,"{""c"": 1.0, ""backend"": ""aeon""}","{""init"": ""random"", ""max_iter"": 300, ""method"": ""alternate""}"
CBF,ed,lock-step,0.21976899108768466,0.2616295556891146,0.0022754999999961,42,1,noise,0.1,930,150,128,3,,"{""init"": ""random"", ""max_iter"": 300, ""method"": ""alternate""}"
CBF,dtw,elastic,0.799321313118623,0.8007850308795834,6.348815299999998,42,1,noise,0.1,930,150,128,3,"{""window"": 13, ""backend"": ""aeon""}","{""init"": ""random"", ""max_iter"": 300, ""method"": ""alternate""}"
CBF,msm,elastic,0.49573310096378165,0.5752291400802748,1.0086914000000178,42,1,noise,0.1,930,150,128,3,"{""c"": 1.0, ""backend"": ""aeon""}","{""init"": ""random"", ""max_iter"": 300, ""method"": ""alternate""}"
CBF,ed,lock-step,0.23151017964231918,0.27133450995489344,0.002983100000008676,42,2,noise,0.1,930,150,128,3,,"{""init"": ""random"", ""max_iter"": 300, ""method"": ""alternate""}"
CBF,dtw,elastic,0.799321313118623,0.8007850308795834,6.315440099999989,42,2,noise,0.1,930,150,128,3,"{""window"": 13, ""backend"": ""aeon""}","{""init"": ""random"", ""max_iter"": 300, ""method"": ""alternate""}"
CBF,msm,elastic,0.5988235902371511,0.6622134051341639,1.0201620999999932,42,2,noise,0.1,930,150,128,3,"{""c"": 1.0, ""backend"": ""aeon""}","{""init"": ""random"", ""max_iter"": 300, ""method"": ""alternate""}"
CBF,ed,lock-step,0.18644831670847808,0.2574803716736202,0.0010382999999904996,42,3,noise,0.1,930,150,128,3,,"{""init"": ""random"", ""max_iter"": 300, ""method"": ""alternate""}"
CBF,dtw,elastic,0.2918199909506973,0.33979280581873816,6.504457399999993,42,3,noise,0.1,930,150,128,3,"{""window"": 13, ""backend"": ""aeon""}","{""init"": ""random"", ""max_iter"": 300, ""method"": ""alternate""}"
CBF,msm,elastic,0.598049554408974,0.604862649259335,1.031648599999997,42,3,noise,0.1,930,150,128,3,"{""c"": 1.0, ""backend"": ""aeon""}","{""init"": ""random"", ""max_iter"": 300, ""method"": ""alternate""}"
CBF,ed,lock-step,0.18776329739822295,0.24932177099808583,0.0027402000000051885,42,4,noise,0.1,930,150,128,3,,"{""init"": ""random"", ""max_iter"": 300, ""method"": ""alternate""}"
CBF,dtw,elastic,0.799321313118623,0.8007850308795834,6.435587399999989,42,4,noise,0.1,930,150,128,3,"{""window"": 13, ""backend"": ""aeon""}","{""init"": ""random"", ""max_iter"": 300, ""method"": ""alternate""}"
CBF,msm,elastic,0.28737128076654034,0.35468094385380167,1.04952440000001,42,4,noise,0.1,930,150,128,3,"{""c"": 1.0, ""backend"": ""aeon""}","{""init"": ""random"", ""max_iter"": 300, ""method"": ""alternate""}"
CBF,ed,lock-step,0.16893402033819543,0.2679830770217819,0.0010642999999959102,42,5,noise,0.1,930,150,128,3,,"{""init"": ""random"", ""max_iter"": 300, ""method"": ""alternate""}"
CBF,dtw,elastic,0.799321313118623,0.8007850308795834,6.562196300000011,42,5,noise,0.1,930,150,128,3,"{""window"": 13, ""backend"": ""aeon""}","{""init"": ""random"", ""max_iter"": 300, ""method"": ""alternate""}"
CBF,msm,elastic,0.5988235902371511,0.662213405134164,0.9147265000000004,42,5,noise,0.1,930,150,128,3,"{""c"": 1.0, ""backend"": ""aeon""}","{""init"": ""random"", ""max_iter"": 300, ""method"": ""alternate""}"
CBF,ed,lock-step,0.2443027197559689,0.30427270382435917,0.0027153999999995904,42,6,noise,0.1,930,150,128,3,,"{""init"": ""random"", ""max_iter"": 300, ""method"": ""alternate""}"
CBF,dtw,elastic,0.799321313118623,0.8007850308795834,6.724472199999994,42,6,noise,0.1,930,150,128,3,"{""window"": 13, ""backend"": ""aeon""}","{""init"": ""random"", ""max_iter"": 300, ""method"": ""alternate""}"
CBF,msm,elastic,0.41982313756929474,0.5772018483250057,1.1109805999999907,42,6,noise,0.1,930,150,128,3,"{""c"": 1.0, ""backend"": ""aeon""}","{""init"": ""random"", ""max_iter"": 300, ""method"": ""alternate""}"
CBF,ed,lock-step,0.2418324721949096,0.303357015983491,0.0010290000000026112,42,7,noise,0.1,930,150,128,3,,"{""init"": ""random"", ""max_iter"": 300, ""method"": ""alternate""}"
CBF,dtw,elastic,0.17896922328318146,0.22848826774623746,6.73474689999999,42,7,noise,0.1,930,150,128,3,"{""window"": 13, ""backend"": ""aeon""}","{""init"": ""random"", ""max_iter"": 300, ""method"": ""alternate""}"
CBF,msm,elastic,0.6079614833520314,0.636791920330416,1.0418051999999989,42,7,noise,0.1,930,150,128,3,"{""c"": 1.0, ""backend"": ""aeon""}","{""init"": ""random"", ""max_iter"": 300, ""method"": ""alternate""}"
CBF,ed,lock-step,0.23151017964231918,0.27133450995489344,0.0009218000000146276,42,8,noise,0.1,930,150,128,3,,"{""init"": ""random"", ""max_iter"": 300, ""method"": ""alternate""}"
CBF,dtw,elastic,0.799321313118623,0.8007850308795834,6.246382099999977,42,8,noise,0.1,930,150,128,3,"{""window"": 13, ""backend"": ""aeon""}","{""init"": ""random"", ""max_iter"": 300, ""method"": ""alternate""}"
CBF,msm,elastic,0.5034737290531152,0.561347726060604,1.0760094999999978,42,8,noise,0.1,930,150,128,3,"{""c"": 1.0, ""backend"": ""aeon""}","{""init"": ""random"", ""max_iter"": 300, ""method"": ""alternate""}"
CBF,ed,lock-step,0.20671900462336312,0.2189912733566708,0.013119399999993675,42,9,noise,0.1,930,150,128,3,,"{""init"": ""random"", ""max_iter"": 300, ""method"": ""alternate""}"
CBF,dtw,elastic,0.4079028171076743,0.5520870537279715,6.1685961000000304,42,9,noise,0.1,930,150,128,3,"{""window"": 13, ""backend"": ""aeon""}","{""init"": ""random"", ""max_iter"": 300, ""method"": ""alternate""}"
CBF,msm,elastic,0.4372937835985926,0.5996404861149102,0.9911510999999678,42,9,noise,0.1,930,150,128,3,"{""c"": 1.0, ""backend"": ""aeon""}","{""init"": ""random"", ""max_iter"": 300, ""method"": ""alternate""}"
CBF,ed,lock-step,0.19947203098280664,0.23377087002851635,0.0011883000000239008,42,10,noise,0.1,930,150,128,3,,"{""init"": ""random"", ""max_iter"": 300, ""method"": ""alternate""}"
CBF,dtw,elastic,0.17896922328318146,0.22848826774623746,6.20679100000001,42,10,noise,0.1,930,150,128,3,"{""window"": 13, ""backend"": ""aeon""}","{""init"": ""random"", ""max_iter"": 300, ""method"": ""alternate""}"
CBF,msm,elastic,0.27623691130985145,0.31307169023289405,0.9218188000000112,42,10,noise,0.1,930,150,128,3,"{""c"": 1.0, ""backend"": ""aeon""}","{""init"": ""random"", ""max_iter"": 300, ""method"": ""alternate""}"
CBF,ed,lock-step,0.25551307952099256,0.305987650447644,0.0014606000000014774,42,1,noise,0.2,930,150,128,3,,"{""init"": ""random"", ""max_iter"": 300, ""method"": ""alternate""}"
CBF,dtw,elastic,0.7707868162749476,0.7929927223650075,6.217936099999974,42,1,noise,0.2,930,150,128,3,"{""window"": 13, ""backend"": ""aeon""}","{""init"": ""random"", ""max_iter"": 300, ""method"": ""alternate""}"
CBF,msm,elastic,0.6182486143596568,0.6760570465467395,0.9836923999999954,42,1,noise,0.2,930,150,128,3,"{""c"": 1.0, ""backend"": ""aeon""}","{""init"": ""random"", ""max_iter"": 300, ""method"": ""alternate""}"
CBF,ed,lock-step,0.25400048421810145,0.288738977539829,0.002614799999975048,42,2,noise,0.2,930,150,128,3,,"{""init"": ""random"", ""max_iter"": 300, ""method"": ""alternate""}"
CBF,dtw,elastic,0.7707868162749476,0.7929927223650075,6.116113600000006,42,2,noise,0.2,930,150,128,3,"{""window"": 13, ""backend"": ""aeon""}","{""init"": ""random"", ""max_iter"": 300, ""method"": ""alternate""}"
CBF,msm,elastic,0.6182486143596568,0.6760570465467395,0.9526938999999857,42,2,noise,0.2,930,150,128,3,"{""c"": 1.0, ""backend"": ""aeon""}","{""init"": ""random"", ""max_iter"": 300, ""method"": ""alternate""}"
CBF,ed,lock-step,0.1894232039421803,0.2572329429536217,0.0013879999999915071,42,3,noise,0.2,930,150,128,3,,"{""init"": ""random"", ""max_iter"": 300, ""method"": ""alternate""}"
CBF,dtw,elastic,0.4386040395835763,0.5040525841228015,6.038623200000018,42,3,noise,0.2,930,150,128,3,"{""window"": 13, ""backend"": ""aeon""}","{""init"": ""random"", ""max_iter"": 300, ""method"": ""alternate""}"
CBF,msm,elastic,0.598049554408974,0.604862649259335,1.0261998999999662,42,3,noise,0.2,930,150,128,3,"{""c"": 1.0, ""backend"": ""aeon""}","{""init"": ""random"", ""max_iter"": 300, ""method"": ""alternate""}"
CBF,ed,lock-step,0.18776329739822295,0.24932177099808583,0.0010810999999932847,42,4,noise,0.2,930,150,128,3,,"{""init"": ""random"", ""max_iter"": 300, ""method"": ""alternate""}"
CBF,dtw,elastic,0.7707868162749476,0.7929927223650075,6.2101667000000305,42,4,noise,0.2,930,150,128,3,"{""window"": 13, ""backend"": ""aeon""}","{""init"": ""random"", ""max_iter"": 300, ""method"": ""alternate""}"
CBF,msm,elastic,0.33341077151524784,0.3723166307944531,0.9474514999999997,42,4,noise,0.2,930,150,128,3,"{""c"": 1.0, ""backend"": ""aeon""}","{""init"": ""random"", ""max_iter"": 300, ""method"": ""alternate""}"
CBF,ed,lock-step,0.14342035468008543,0.2533414071277991,0.0010338000000160719,42,5,noise,0.2,930,150,128,3,,"{""init"": ""random"", ""max_iter"": 300, ""method"": ""alternate""}"
CBF,dtw,elastic,0.7218270190234011,0.7384346369344905,6.227296800000033,42,5,noise,0.2,930,150,128,3,"{""window"": 13, ""backend"": ""aeon""}","{""init"": ""random"", ""max_iter"": 300, ""method"": ""alternate""}"
CBF,msm,elastic,0.43407487791644056,0.4705600087598521,1.0083115999999848,42,5,noise,0.2,930,150,128,3,"{""c"": 1.0, ""backend"": ""aeon""}","{""init"": ""random"", ""max_iter"": 300, ""method"": ""alternate""}"
CBF,ed,lock-step,0.22581772044719928,0.25565617888405506,0.0033554999999978463,42,6,noise,0.2,930,150,128,3,,"{""init"": ""random"", ""max_iter"": 300, ""method"": ""alternate""}"
CBF,dtw,elastic,0.7707868162749476,0.7929927223650075,5.662449200000026,42,6,noise,0.2,930,150,128,3,"{""window"": 13, ""backend"": ""aeon""}","{""init"": ""random"", ""max_iter"": 300, ""method"": ""alternate""}"
CBF,msm,elastic,0.4260312763080691,0.5941390624380891,0.937645099999969,42,6,noise,0.2,930,150,128,3,"{""c"": 1.0, ""backend"": ""aeon""}","{""init"": ""random"", ""max_iter"": 300, ""method"": ""alternate""}"
CBF,ed,lock-step,0.26878671491004247,0.3226022688123346,0.0012260000000026139,42,7,noise,0.2,930,150,128,3,,"{""init"": ""random"", ""max_iter"": 300, ""method"": ""alternate""}"
CBF,dtw,elastic,0.19160958640358206,0.2599666711580155,6.310680500000018,42,7,noise,0.2,930,150,128,3,"{""window"": 13, ""backend"": ""aeon""}","{""init"": ""random"", ""max_iter"": 300, ""method"": ""alternate""}"
CBF,msm,elastic,0.598049554408974,0.604862649259335,0.9406971999999882,42,7,noise,0.2,930,150,128,3,"{""c"": 1.0, ""backend"": ""aeon""}","{""init"": ""random"", ""max_iter"": 300, ""method"": ""alternate""}"
CBF,ed,lock-step,0.25400048421810145,0.28873897753982897,0.002014300000013236,42,8,noise,0.2,930,150,128,3,,"{""init"": ""random"", ""max_iter"": 300, ""method"": ""alternate""}"
CBF,dtw,elastic,0.7707868162749476,0.7929927223650075,6.050155899999993,42,8,noise,0.2,930,150,128,3,"{""window"": 13, ""backend"": ""aeon""}","{""init"": ""random"", ""max_iter"": 300, ""method"": ""alternate""}"
CBF,msm,elastic,0.6182486143596568,0.6760570465467395,1.0260182999999756,42,8,noise,0.2,930,150,128,3,"{""c"": 1.0, ""backend"": ""aeon""}","{""init"": ""random"", ""max_iter"": 300, ""method"": ""alternate""}"
CBF,ed,lock-step,0.19071752951861945,0.19913377540646973,0.0020891999999719246,42,9,noise,0.2,930,150,128,3,,"{""init"": ""random"", ""max_iter"": 300, ""method"": ""alternate""}"
CBF,dtw,elastic,0.3520008792545761,0.4131008696307381,6.326635899999985,42,9,noise,0.2,930,150,128,3,"{""window"": 13, ""backend"": ""aeon""}","{""init"": ""random"", ""max_iter"": 300, ""method"": ""alternate""}"
CBF,msm,elastic,0.4210699004696059,0.5763333847425277,0.9162073999999905,42,9,noise,0.2,930,150,128,3,"{""c"": 1.0, ""backend"": ""aeon""}","{""init"": ""random"", ""max_iter"": 300, ""method"": ""alternate""}"
CBF,ed,lock-step,0.209771312294442,0.24582829096192432,0.0010870000000124946,42,10,noise,0.2,930,150,128,3,,"{""init"": ""random"", ""max_iter"": 300, ""method"": ""alternate""}"
CBF,dtw,elastic,0.19160958640358206,0.25996667115801547,5.989607299999989,42,10,noise,0.2,930,150,128,3,"{""window"": 13, ""backend"": ""aeon""}","{""init"": ""random"", ""max_iter"": 300, ""method"": ""alternate""}"
CBF,msm,elastic,0.18745699823880452,0.20302544714598575,1.1050318000000061,42,10,noise,0.2,930,150,128,3,"{""c"": 1.0, ""backend"": ""aeon""}","{""init"": ""random"", ""max_iter"": 300, ""method"": ""alternate""}"
CBF,ed,lock-step,0.2666127541295859,0.3345806285144977,0.004317299999996749,42,1,noise,0.4,930,150,128,3,,"{""init"": ""random"", ""max_iter"": 300, ""method"": ""alternate""}"
CBF,dtw,elastic,0.6145311591535848,0.6295358930214819,6.214457100000004,42,1,noise,0.4,930,150,128,3,"{""window"": 13, ""backend"": ""aeon""}","{""init"": ""random"", ""max_iter"": 300, ""method"": ""alternate""}"
CBF,msm,elastic,0.6132894259481484,0.6706586522192037,0.976564499999995,42,1,noise,0.4,930,150,128,3,"{""c"": 1.0, ""backend"": ""aeon""}","{""init"": ""random"", ""max_iter"": 300, ""method"": ""alternate""}"
CBF,ed,lock-step,0.190100726941259,0.21150736069579962,0.0010453000000154589,42,2,noise,0.4,930,150,128,3,,"{""init"": ""random"", ""max_iter"": 300, ""method"": ""alternate""}"
CBF,dtw,elastic,0.6885343622750029,0.6880220522622648,6.149969299999981,42,2,noise,0.4,930,150,128,3,"{""window"": 13, ""backend"": ""aeon""}","{""init"": ""random"", ""max_iter"": 300, ""method"": ""alternate""}"
CBF,msm,elastic,0.6132894259481484,0.6706586522192037,1.0206675000000018,42,2,noise,0.4,930,150,128,3,"{""c"": 1.0, ""backend"": ""aeon""}","{""init"": ""random"", ""max_iter"": 300, ""method"": ""alternate""}"
CBF,ed,lock-step,0.2155142155142155,0.29466429834092916,0.0011738999999693078,42,3,noise,0.4,930,150,128,3,,"{""init"": ""random"", ""max_iter"": 300, ""method"": ""alternate""}"
CBF,dtw,elastic,0.19328126200681695,0.28280669688079724,6.285381699999988,42,3,noise,0.4,930,150,128,3,"{""window"": 13, ""backend"": ""aeon""}","{""init"": ""random"", ""max_iter"": 300, ""method"": ""alternate""}"
CBF,msm,elastic,0.3535070237887465,0.4226700751132931,1.031495800000016,42,3,noise,0.4,930,150,128,3,"{""c"": 1.0, ""backend"": ""aeon""}","{""init"": ""random"", ""max_iter"": 300, ""method"": ""alternate""}"
CBF,ed,lock-step,0.20537978127758721,0.2779621095080174,0.005307799999997087,42,4,noise,0.4,930,150,128,3,,"{""init"": ""random"", ""max_iter"": 300, ""method"": ""alternate""}"
CBF,dtw,elastic,0.6885343622750029,0.6880220522622649,6.162856399999981,42,4,noise,0.4,930,150,128,3,"{""window"": 13, ""backend"": ""aeon""}","{""init"": ""random"", ""max_iter"": 300, ""method"": ""alternate""}"
CBF,msm,elastic,0.44420601150189637,0.45795876913424716,1.0426908999999966,42,4,noise,0.4,930,150,128,3,"{""c"": 1.0, ""backend"": ""aeon""}","{""init"": ""random"", ""max_iter"": 300, ""method"": ""alternate""}"
CBF,ed,lock-step,0.15228067140323906,0.25943264671794486,0.00168049999999198,42,5,noise,0.4,930,150,128,3,,"{""init"": ""random"", ""max_iter"": 300, ""method"": ""alternate""}"
CBF,dtw,elastic,0.6145311591535848,0.6295358930214819,5.910303700000014,42,5,noise,0.4,930,150,128,3,"{""window"": 13, ""backend"": ""aeon""}","{""init"": ""random"", ""max_iter"": 300, ""method"": ""alternate""}"
CBF,msm,elastic,0.6132894259481484,0.6706586522192037,1.0082402999999545,42,5,noise,0.4,930,150,128,3,"{""c"": 1.0, ""backend"": ""aeon""}","{""init"": ""random"", ""max_iter"": 300, ""method"": ""alternate""}"
CBF,ed,lock-step,0.1693721151871857,0.2602661301654108,0.0014372999999636704,42,6,noise,0.4,930,150,128,3,,"{""init"": ""random"", ""max_iter"": 300, ""method"": ""alternate""}"
CBF,dtw,elastic,0.6214967555568015,0.6307380523168321,6.112693600000057,42,6,noise,0.4,930,150,128,3,"{""window"": 13, ""backend"": ""aeon""}","{""init"": ""random"", ""max_iter"": 300, ""method"": ""alternate""}"
CBF,msm,elastic,0.3785264648392409,0.47184174485062075,0.9596956000000318,42,6,noise,0.4,930,150,128,3,"{""c"": 1.0, ""backend"": ""aeon""}","{""init"": ""random"", ""max_iter"": 300, ""method"": ""alternate""}"
CBF,ed,lock-step,0.275878671780156,0.3164642695881908,0.0017844000000195592,42,7,noise,0.4,930,150,128,3,,"{""init"": ""random"", ""max_iter"": 300, ""method"": ""alternate""}"
CBF,dtw,elastic,0.1459546676911256,0.1932892398611502,6.173833299999956,42,7,noise,0.4,930,150,128,3,"{""window"": 13, ""backend"": ""aeon""}","{""init"": ""random"", ""max_iter"": 300, ""method"": ""alternate""}"
CBF,msm,elastic,0.5535558019961689,0.564144216475133,1.0825695999999994,42,7,noise,0.4,930,150,128,3,"{""c"": 1.0, ""backend"": ""aeon""}","{""init"": ""random"", ""max_iter"": 300, ""method"": ""alternate""}"
CBF,ed,lock-step,0.25867670030398066,0.290447020210991,0.001164500000015778,42,8,noise,0.4,930,150,128,3,,"{""init"": ""random"", ""max_iter"": 300, ""method"": ""alternate""}"
CBF,dtw,elastic,0.6885343622750029,0.6880220522622648,6.093838499999947,42,8,noise,0.4,930,150,128,3,"{""window"": 13, ""backend"": ""aeon""}","{""init"": ""random"", ""max_iter"": 300, ""method"": ""alternate""}"
CBF,msm,elastic,0.6132894259481484,0.6706586522192037,1.0979802000000518,42,8,noise,0.4,930,150,128,3,"{""c"": 1.0, ""backend"": ""aeon""}","{""init"": ""random"", ""max_iter"": 300, ""method"": ""alternate""}"
CBF,ed,lock-step,0.1698310757121089,0.2603911142194052,0.0010049999999637294,42,9,noise,0.4,930,150,128,3,,"{""init"": ""random"", ""max_iter"": 300, ""method"": ""alternate""}"
CBF,dtw,elastic,0.4576866661076497,0.5157229478483853,6.101827700000058,42,9,noise,0.4,930,150,128,3,"{""window"": 13, ""backend"": ""aeon""}","{""init"": ""random"", ""max_iter"": 300, ""method"": ""alternate""}"
CBF,msm,elastic,0.38753357923569326,0.5144238428013869,0.9420481000000223,42,9,noise,0.4,930,150,128,3,"{""c"": 1.0, ""backend"": ""aeon""}","{""init"": ""random"", ""max_iter"": 300, ""method"": ""alternate""}"
CBF,ed,lock-step,0.20537978127758721,0.2779621095080174,0.002414299999998093,42,10,noise,0.4,930,150,128,3,,"{""init"": ""random"", ""max_iter"": 300, ""method"": ""alternate""}"
CBF,dtw,elastic,0.1459546676911256,0.1932892398611502,6.1109727000000476,42,10,noise,0.4,930,150,128,3,"{""window"": 13, ""backend"": ""aeon""}","{""init"": ""random"", ""max_iter"": 300, ""method"": ""alternate""}"
CBF,msm,elastic,0.5535558019961689,0.564144216475133,1.0522697000000107,42,10,noise,0.4,930,150,128,3,"{""c"": 1.0, ""backend"": ""aeon""}","{""init"": ""random"", ""max_iter"": 300, ""method"": ""alternate""}"
CBF,ed,lock-step,0.24156991721119117,0.26502233721264307,0.001487099999962993,42,1,noise,0.8,930,150,128,3,,"{""init"": ""random"", ""max_iter"": 300, ""method"": ""alternate""}"
CBF,dtw,elastic,0.5651893064961679,0.5558912747617654,7.161050400000022,42,1,noise,0.8,930,150,128,3,"{""window"": 13, ""backend"": ""aeon""}","{""init"": ""random"", ""max_iter"": 300, ""method"": ""alternate""}"
CBF,msm,elastic,0.40552790626825086,0.4178910341396746,1.4806011999999669,42,1,noise,0.8,930,150,128,3,"{""c"": 1.0, ""backend"": ""aeon""}","{""init"": ""random"", ""max_iter"": 300, ""method"": ""alternate""}"
CBF,ed,lock-step,0.22729966880934732,0.30098164372735065,0.001736899999968955,42,2,noise,0.8,930,150,128,3,,"{""init"": ""random"", ""max_iter"": 300, ""method"": ""alternate""}"
CBF,dtw,elastic,0.5651893064961679,0.5558912747617654,6.082598699999949,42,2,noise,0.8,930,150,128,3,"{""window"": 13, ""backend"": ""aeon""}","{""init"": ""random"", ""max_iter"": 300, ""method"": ""alternate""}"
CBF,msm,elastic,0.49625957374961277,0.5058210293899408,1.0817382999999836,42,2,noise,0.8,930,150,128,3,"{""c"": 1.0, ""backend"": ""aeon""}","{""init"": ""random"", ""max_iter"": 300, ""method"": ""alternate""}"
CBF,ed,lock-step,0.25497233319009194,0.27182430726908663,0.0020948999999745865,42,3,noise,0.8,930,150,128,3,,"{""init"": ""random"", ""max_iter"": 300, ""method"": ""alternate""}"
CBF,dtw,elastic,0.189316397811433,0.24866132029560903,11.949438600000008,42,3,noise,0.8,930,150,128,3,"{""window"": 13, ""backend"": ""aeon""}","{""init"": ""random"", ""max_iter"": 300, ""method"": ""alternate""}"
CBF,msm,elastic,0.24039592158884074,0.2996130454453457,2.681476600000053,42,3,noise,0.8,930,150,128,3,"{""c"": 1.0, ""backend"": ""aeon""}","{""init"": ""random"", ""max_iter"": 300, ""method"": ""alternate""}"
CBF,ed,lock-step,0.26714657068586284,0.30580822371330624,0.0041791000000444,42,4,noise,0.8,930,150,128,3,,"{""init"": ""random"", ""max_iter"": 300, ""method"": ""alternate""}"
CBF,dtw,elastic,0.3413040718097488,0.4523052554043929,14.508748800000035,42,4,noise,0.8,930,150,128,3,"{""window"": 13, ""backend"": ""aeon""}","{""init"": ""random"", ""max_iter"": 300, ""method"": ""alternate""}"
CBF,msm,elastic,0.3242533898501,0.36342083656768526,2.657504899999992,42,4,noise,0.8,930,150,128,3,"{""c"": 1.0, ""backend"": ""aeon""}","{""init"": ""random"", ""max_iter"": 300, ""method"": ""alternate""}"
CBF,ed,lock-step,0.2614216877404802,0.2828347229345619,0.003924499999982345,42,5,noise,0.8,930,150,128,3,,"{""init"": ""random"", ""max_iter"": 300, ""method"": ""alternate""}"
CBF,dtw,elastic,0.5651893064961679,0.5558912747617655,14.452946300000008,42,5,noise,0.8,930,150,128,3,"{""window"": 13, ""backend"": ""aeon""}","{""init"": ""random"", ""max_iter"": 300, ""method"": ""alternate""}"
CBF,msm,elastic,0.29714382306176673,0.3583991775341713,2.7408185999999546,42,5,noise,0.8,930,150,128,3,"{""c"": 1.0, ""backend"": ""aeon""}","{""init"": ""random"", ""max_iter"": 300, ""method"": ""alternate""}"
CBF,ed,lock-step,0.2969437647834743,0.28832661575772467,0.005008400000008351,42,6,noise,0.8,930,150,128,3,,"{""init"": ""random"", ""max_iter"": 300, ""method"": ""alternate""}"
CBF,dtw,elastic,0.5795845954949089,0.551498143724352,14.573424799999998,42,6,noise,0.8,930,150,128,3,"{""window"": 13, ""backend"": ""aeon""}","{""init"": ""random"", ""max_iter"": 300, ""method"": ""alternate""}"
CBF,msm,elastic,0.5492819238010602,0.5529188776467262,2.7404346999999802,42,6,noise,0.8,930,150,128,3,"{""c"": 1.0, ""backend"": ""aeon""}","{""init"": ""random"", ""max_iter"": 300, ""method"": ""alternate""}"
CBF,ed,lock-step,0.28521722421943263,0.27179339240383066,0.004722500000013952,42,7,noise,0.8,930,150,128,3,,"{""init"": ""random"", ""max_iter"": 300, ""method"": ""alternate""}"
CBF,dtw,elastic,0.5353035201991013,0.5764737687549041,14.898764500000027,42,7,noise,0.8,930,150,128,3,"{""window"": 13, ""backend"": ""aeon""}","{""init"": ""random"", ""max_iter"": 300, ""method"": ""alternate""}"
CBF,msm,elastic,0.4381735755879103,0.494946837441733,2.79252630000002,42,7,noise,0.8,930,150,128,3,"{""c"": 1.0, ""backend"": ""aeon""}","{""init"": ""random"", ""max_iter"": 300, ""method"": ""alternate""}"
CBF,ed,lock-step,0.26714657068586284,0.30580822371330624,0.0040735999999697015,42,8,noise,0.8,930,150,128,3,,"{""init"": ""random"", ""max_iter"": 300, ""method"": ""alternate""}"
CBF,dtw,elastic,0.5710590418587337,0.5506085324607944,15.050845400000014,42,8,noise,0.8,930,150,128,3,"{""window"": 13, ""backend"": ""aeon""}","{""init"": ""random"", ""max_iter"": 300, ""method"": ""alternate""}"
CBF,msm,elastic,0.4537734098754498,0.43921880036420946,2.63800219999996,42,8,noise,0.8,930,150,128,3,"{""c"": 1.0, ""backend"": ""aeon""}","{""init"": ""random"", ""max_iter"": 300, ""method"": ""alternate""}"
CBF,ed,lock-step,0.28654891145798894,0.3313553574790408,0.004701900000043224,42,9,noise,0.8,930,150,128,3,,"{""init"": ""random"", ""max_iter"": 300, ""method"": ""alternate""}"
CBF,dtw,elastic,0.38381910438732353,0.4052263367158761,14.49314609999999,42,9,noise,0.8,930,150,128,3,"{""window"": 13, ""backend"": ""aeon""}","{""init"": ""random"", ""max_iter"": 300, ""method"": ""alternate""}"
CBF,msm,elastic,0.3711911071164763,0.4604847173238435,2.682123499999989,42,9,noise,0.8,930,150,128,3,"{""c"": 1.0, ""backend"": ""aeon""}","{""init"": ""random"", ""max_iter"": 300, ""method"": ""alternate""}"
CBF,ed,lock-step,0.26175410084464057,0.2816136964167942,0.005583099999967089,42,10,noise,0.8,930,150,128,3,,"{""init"": ""random"", ""max_iter"": 300, ""method"": ""alternate""}"
CBF,dtw,elastic,0.10712081187913829,0.14998053834046113,14.255641400000002,42,10,noise,0.8,930,150,128,3,"{""window"": 13, ""backend"": ""aeon""}","{""init"": ""random"", ""max_iter"": 300, ""method"": ""alternate""}"
CBF,msm,elastic,0.22496828071263344,0.2995031967031159,2.6511248999999566,42,10,noise,0.8,930,150,128,3,"{""c"": 1.0, ""backend"": ""aeon""}","{""init"": ""random"", ""max_iter"": 300, ""method"": ""alternate""}"
CBF,ed,lock-step,0.21976899108768466,0.2616295556891146,0.0026386999999772343,42,1,shift,0.0,930,150,128,3,,"{""init"": ""random"", ""max_iter"": 300, ""method"": ""alternate""}"
CBF,dtw,elastic,0.7781076632899532,0.7703043379830262,14.123413999999968,42,1,shift,0.0,930,150,128,3,"{""window"": 13, ""backend"": ""aeon""}","{""init"": ""random"", ""max_iter"": 300, ""method"": ""alternate""}"
CBF,msm,elastic,0.6182486143596568,0.6760570465467395,2.5463199000000145,42,1,shift,0.0,930,150,128,3,"{""c"": 1.0, ""backend"": ""aeon""}","{""init"": ""random"", ""max_iter"": 300, ""method"": ""alternate""}"
CBF,ed,lock-step,0.21801735352642948,0.26207329845403593,0.00432559999995874,42,2,shift,0.0,930,150,128,3,,"{""init"": ""random"", ""max_iter"": 300, ""method"": ""alternate""}"
CBF,dtw,elastic,0.8031884679783747,0.8314786667170627,14.757217999999966,42,2,shift,0.0,930,150,128,3,"{""window"": 13, ""backend"": ""aeon""}","{""init"": ""random"", ""max_iter"": 300, ""method"": ""alternate""}"
CBF,msm,elastic,0.6182486143596568,0.6760570465467395,2.547598100000016,42,2,shift,0.0,930,150,128,3,"{""c"": 1.0, ""backend"": ""aeon""}","{""init"": ""random"", ""max_iter"": 300, ""method"": ""alternate""}"
CBF,ed,lock-step,0.18295991731644637,0.25409064310623236,0.005595900000002985,42,3,shift,0.0,930,150,128,3,,"{""init"": ""random"", ""max_iter"": 300, ""method"": ""alternate""}"
CBF,dtw,elastic,0.29005799181779424,0.32312497355643893,14.533841099999961,42,3,shift,0.0,930,150,128,3,"{""window"": 13, ""backend"": ""aeon""}","{""init"": ""random"", ""max_iter"": 300, ""method"": ""alternate""}"
CBF,msm,elastic,0.5110945323789361,0.5515270900859249,2.5719232000000147,42,3,shift,0.0,930,150,128,3,"{""c"": 1.0, ""backend"": ""aeon""}","{""init"": ""random"", ""max_iter"": 300, ""method"": ""alternate""}"
CBF,ed,lock-step,0.18411433169074418,0.24724661884096702,0.00489140000001953,42,4,shift,0.0,930,150,128,3,,"{""init"": ""random"", ""max_iter"": 300, ""method"": ""alternate""}"
CBF,dtw,elastic,0.7781076632899532,0.7703043379830262,14.712909199999956,42,4,shift,0.0,930,150,128,3,"{""window"": 13, ""backend"": ""aeon""}","{""init"": ""random"", ""max_iter"": 300, ""method"": ""alternate""}"
CBF,msm,elastic,0.28200140553487124,0.3367004915386714,2.576698800000031,42,4,shift,0.0,930,150,128,3,"{""c"": 1.0, ""backend"": ""aeon""}","{""init"": ""random"", ""max_iter"": 300, ""method"": ""alternate""}"
CBF,ed,lock-step,0.15032785101946397,0.255175463721561,0.004230199999938122,42,5,shift,0.0,930,150,128,3,,"{""init"": ""random"", ""max_iter"": 300, ""method"": ""alternate""}"
CBF,dtw,elastic,0.7781076632899532,0.7703043379830262,14.777027800000042,42,5,shift,0.0,930,150,128,3,"{""window"": 13, ""backend"": ""aeon""}","{""init"": ""random"", ""max_iter"": 300, ""method"": ""alternate""}"
CBF,msm,elastic,0.6182486143596568,0.6760570465467395,2.593241199999966,42,5,shift,0.0,930,150,128,3,"{""c"": 1.0, ""backend"": ""aeon""}","{""init"": ""random"", ""max_iter"": 300, ""method"": ""alternate""}"
CBF,ed,lock-step,0.2412420784818695,0.29930119575002195,0.004348200000094948,42,6,shift,0.0,930,150,128,3,,"{""init"": ""random"", ""max_iter"": 300, ""method"": ""alternate""}"
CBF,dtw,elastic,0.7704085965841763,0.793321002507109,14.839694299999906,42,6,shift,0.0,930,150,128,3,"{""window"": 13, ""backend"": ""aeon""}","{""init"": ""random"", ""max_iter"": 300, ""method"": ""alternate""}"
CBF,msm,elastic,0.3156473975775406,0.4048173191768149,2.5137470999999323,42,6,shift,0.0,930,150,128,3,"{""c"": 1.0, ""backend"": ""aeon""}","{""init"": ""random"", ""max_iter"": 300, ""method"": ""alternate""}"
CBF,ed,lock-step,0.242781372960611,0.3144958777930363,0.004339100000038343,42,7,shift,0.0,930,150,128,3,,"{""init"": ""random"", ""max_iter"": 300, ""method"": ""alternate""}"
CBF,dtw,elastic,0.20640321936352474,0.25597146696144646,14.272226100000012,42,7,shift,0.0,930,150,128,3,"{""window"": 13, ""backend"": ""aeon""}","{""init"": ""random"", ""max_iter"": 300, ""method"": ""alternate""}"
CBF,msm,elastic,0.5804583144033054,0.6148190807689878,2.541400899999985,42,7,shift,0.0,930,150,128,3,"{""c"": 1.0, ""backend"": ""aeon""}","{""init"": ""random"", ""max_iter"": 300, ""method"": ""alternate""}"
CBF,ed,lock-step,0.23542056722834756,0.27549173225723567,0.0038135999998303305,42,8,shift,0.0,930,150,128,3,,"{""init"": ""random"", ""max_iter"": 300, ""method"": ""alternate""}"
CBF,dtw,elastic,0.7781076632899532,0.7703043379830262,14.518674499999975,42,8,shift,0.0,930,150,128,3,"{""window"": 13, ""backend"": ""aeon""}","{""init"": ""random"", ""max_iter"": 300, ""method"": ""alternate""}"
CBF,msm,elastic,0.6182486143596568,0.6760570465467395,2.562406699999997,42,8,shift,0.0,930,150,128,3,"{""c"": 1.0, ""backend"": ""aeon""}","{""init"": ""random"", ""max_iter"": 300, ""method"": ""alternate""}"
CBF,ed,lock-step,0.17507826239433932,0.1808155982196754,0.003819200000066303,42,9,shift,0.0,930,150,128,3,,"{""init"": ""random"", ""max_iter"": 300, ""method"": ""alternate""}"
CBF,dtw,elastic,0.7781076632899532,0.7703043379830262,14.824989899999991,42,9,shift,0.0,930,150,128,3,"{""window"": 13, ""backend"": ""aeon""}","{""init"": ""random"", ""max_iter"": 300, ""method"": ""alternate""}"
CBF,msm,elastic,0.4328934976163429,0.6072411891488683,2.5522649999999203,42,9,shift,0.0,930,150,128,3,"{""c"": 1.0, ""backend"": ""aeon""}","{""init"": ""random"", ""max_iter"": 300, ""method"": ""alternate""}"
CBF,ed,lock-step,0.19947203098280664,0.23440317234814387,0.003671999999937725,42,10,shift,0.0,930,150,128,3,,"{""init"": ""random"", ""max_iter"": 300, ""method"": ""alternate""}"
CBF,dtw,elastic,0.20640321936352474,0.25597146696144646,14.12122260000001,42,10,shift,0.0,930,150,128,3,"{""window"": 13, ""backend"": ""aeon""}","{""init"": ""random"", ""max_iter"": 300, ""method"": ""alternate""}"
CBF,msm,elastic,0.26143765286273773,0.28465581601719603,2.5266465999999355,42,10,shift,0.0,930,150,128,3,"{""c"": 1.0, ""backend"": ""aeon""}","{""init"": ""random"", ""max_iter"": 300, ""method"": ""alternate""}"
CBF,ed,lock-step,0.23405871254516963,0.24407819858351532,0.003132999999934327,42,1,shift,5.0,930,150,128,3,,"{""init"": ""random"", ""max_iter"": 300, ""method"": ""alternate""}"
CBF,dtw,elastic,0.5476004692368531,0.5892538210809865,15.039861100000053,42,1,shift,5.0,930,150,128,3,"{""window"": 13, ""backend"": ""aeon""}","{""init"": ""random"", ""max_iter"": 300, ""method"": ""alternate""}"
CBF,msm,elastic,0.42686594603972383,0.5333569364601524,2.6260379000000285,42,1,shift,5.0,930,150,128,3,"{""c"": 1.0, ""backend"": ""aeon""}","{""init"": ""random"", ""max_iter"": 300, ""method"": ""alternate""}"
CBF,ed,lock-step,0.23405871254516963,0.24407819858351537,0.005520899999964968,42,2,shift,5.0,930,150,128,3,,"{""init"": ""random"", ""max_iter"": 300, ""method"": ""alternate""}"
CBF,dtw,elastic,0.7633085370461405,0.7401759019202756,13.726902999999993,42,2,shift,5.0,930,150,128,3,"{""window"": 13, ""backend"": ""aeon""}","{""init"": ""random"", ""max_iter"": 300, ""method"": ""alternate""}"
CBF,msm,elastic,0.591926146776001,0.6166077957043934,2.503137200000083,42,2,shift,5.0,930,150,128,3,"{""c"": 1.0, ""backend"": ""aeon""}","{""init"": ""random"", ""max_iter"": 300, ""method"": ""alternate""}"
CBF,ed,lock-step,0.2113069714446743,0.2901061309181106,0.006209000000012566,42,3,shift,5.0,930,150,128,3,,"{""init"": ""random"", ""max_iter"": 300, ""method"": ""alternate""}"
CBF,dtw,elastic,0.7633085370461405,0.7401759019202756,14.578792900000053,42,3,shift,5.0,930,150,128,3,"{""window"": 13, ""backend"": ""aeon""}","{""init"": ""random"", ""max_iter"": 300, ""method"": ""alternate""}"
CBF,msm,elastic,0.3841899289229531,0.4230339323811335,2.3412451000000374,42,3,shift,5.0,930,150,128,3,"{""c"": 1.0, ""backend"": ""aeon""}","{""init"": ""random"", ""max_iter"": 300, ""method"": ""alternate""}"
CBF,ed,lock-step,0.17322576704083947,0.26046432922350415,0.0036092999998800224,42,4,shift,5.0,930,150,128,3,,"{""init"": ""random"", ""max_iter"": 300, ""method"": ""alternate""}"
CBF,dtw,elastic,0.7797898429506439,0.7584519817706091,14.468377900000064,42,4,shift,5.0,930,150,128,3,"{""window"": 13, ""backend"": ""aeon""}","{""init"": ""random"", ""max_iter"": 300, ""method"": ""alternate""}"
CBF,msm,elastic,0.510937267350007,0.5845409940266425,2.384637899999916,42,4,shift,5.0,930,150,128,3,"{""c"": 1.0, ""backend"": ""aeon""}","{""init"": ""random"", ""max_iter"": 300, ""method"": ""alternate""}"
CBF,ed,lock-step,0.21373859245770693,0.2523865858372092,0.003798399999936919,42,5,shift,5.0,930,150,128,3,,"{""init"": ""random"", ""max_iter"": 300, ""method"": ""alternate""}"
CBF,dtw,elastic,0.5476004692368531,0.5892538210809866,14.822163000000046,42,5,shift,5.0,930,150,128,3,"{""window"": 13, ""backend"": ""aeon""}","{""init"": ""random"", ""max_iter"": 300, ""method"": ""alternate""}"
CBF,msm,elastic,0.510937267350007,0.5845409940266425,2.3649769999999535,42,5,shift,5.0,930,150,128,3,"{""c"": 1.0, ""backend"": ""aeon""}","{""init"": ""random"", ""max_iter"": 300, ""method"": ""alternate""}"
CBF,ed,lock-step,0.20003158966354354,0.21796538929299705,0.00399019999997563,42,6,shift,5.0,930,150,128,3,,"{""init"": ""random"", ""max_iter"": 300, ""method"": ""alternate""}"
CBF,dtw,elastic,0.7511506613686963,0.752570996961633,14.416321100000005,42,6,shift,5.0,930,150,128,3,"{""window"": 13, ""backend"": ""aeon""}","{""init"": ""random"", ""max_iter"": 300, ""method"": ""alternate""}"
CBF,msm,elastic,0.2529032838007009,0.33654521522948294,2.6317640000000893,42,6,shift,5.0,930,150,128,3,"{""c"": 1.0, ""backend"": ""aeon""}","{""init"": ""random"", ""max_iter"": 300, ""method"": ""alternate""}"
CBF,ed,lock-step,0.11054457210868286,0.23076973174779838,0.004099600000017745,42,7,shift,5.0,930,150,128,3,,"{""init"": ""random"", ""max_iter"": 300, ""method"": ""alternate""}"
CBF,dtw,elastic,0.21960007994143935,0.2400578025393536,15.134499300000016,42,7,shift,5.0,930,150,128,3,"{""window"": 13, ""backend"": ""aeon""}","{""init"": ""random"", ""max_iter"": 300, ""method"": ""alternate""}"
CBF,msm,elastic,0.591926146776001,0.6166077957043934,2.61095899999998,42,7,shift,5.0,930,150,128,3,"{""c"": 1.0, ""backend"": ""aeon""}","{""init"": ""random"", ""max_iter"": 300, ""method"": ""alternate""}"
CBF,ed,lock-step,0.2148748491446009,0.24043609314346645,0.0035944999999628635,42,8,shift,5.0,930,150,128,3,,"{""init"": ""random"", ""max_iter"": 300, ""method"": ""alternate""}"
CBF,dtw,elastic,0.7797898429506439,0.7584519817706091,14.92021580000005,42,8,shift,5.0,930,150,128,3,"{""window"": 13, ""backend"": ""aeon""}","{""init"": ""random"", ""max_iter"": 300, ""method"": ""alternate""}"
CBF,msm,elastic,0.510937267350007,0.5845409940266425,2.495288100000039,42,8,shift,5.0,930,150,128,3,"{""c"": 1.0, ""backend"": ""aeon""}","{""init"": ""random"", ""max_iter"": 300, ""method"": ""alternate""}"
CBF,ed,lock-step,0.20003158966354354,0.21796538929299705,0.003898499999991145,42,9,shift,5.0,930,150,128,3,,"{""init"": ""random"", ""max_iter"": 300, ""method"": ""alternate""}"
CBF,dtw,elastic,0.3463006379494716,0.482033449941879,14.317012699999964,42,9,shift,5.0,930,150,128,3,"{""window"": 13, ""backend"": ""aeon""}","{""init"": ""random"", ""max_iter"": 300, ""method"": ""alternate""}"
CBF,msm,elastic,0.37166343259637274,0.479953113729155,2.5416655000001356,42,9,shift,5.0,930,150,128,3,"{""c"": 1.0, ""backend"": ""aeon""}","{""init"": ""random"", ""max_iter"": 300, ""method"": ""alternate""}"
CBF,ed,lock-step,0.20921217633909278,0.2495483834356028,0.0066335999999864725,42,10,shift,5.0,930,150,128,3,,"{""init"": ""random"", ""max_iter"": 300, ""method"": ""alternate""}"
CBF,dtw,elastic,0.20161481685780344,0.2572708856044225,14.401664099999948,42,10,shift,5.0,930,150,128,3,"{""window"": 13, ""backend"": ""aeon""}","{""init"": ""random"", ""max_iter"": 300, ""method"": ""alternate""}"
CBF,msm,elastic,0.1695247047125584,0.19593848086184815,2.571300400000041,42,10,shift,5.0,930,150,128,3,"{""c"": 1.0, ""backend"": ""aeon""}","{""init"": ""random"", ""max_iter"": 300, ""method"": ""alternate""}"
CBF,ed,lock-step,0.18171063747392321,0.20182566014383332,0.004963200000133838,42,1,shift,10.0,930,150,128,3,,"{""init"": ""random"", ""max_iter"": 300, ""method"": ""alternate""}"
CBF,dtw,elastic,0.19948373825806298,0.21472557904662068,14.480601399999955,42,1,shift,10.0,930,150,128,3,"{""window"": 13, ""backend"": ""aeon""}","{""init"": ""random"", ""max_iter"": 300, ""method"": ""alternate""}"
CBF,msm,elastic,0.39215776715200157,0.5118864514993879,2.617274400000042,42,1,shift,10.0,930,150,128,3,"{""c"": 1.0, ""backend"": ""aeon""}","{""init"": ""random"", ""max_iter"": 300, ""method"": ""alternate""}"
CBF,ed,lock-step,0.13311575123475128,0.14648964486827062,0.00447620000011284,42,2,shift,10.0,930,150,128,3,,"{""init"": ""random"", ""max_iter"": 300, ""method"": ""alternate""}"
CBF,dtw,elastic,0.7642853385877107,0.761632395395694,14.571651599999996,42,2,shift,10.0,930,150,128,3,"{""window"": 13, ""backend"": ""aeon""}","{""init"": ""random"", ""max_iter"": 300, ""method"": ""alternate""}"
CBF,msm,elastic,0.5240233370716915,0.5530335916574516,2.581003699999883,42,2,shift,10.0,930,150,128,3,"{""c"": 1.0, ""backend"": ""aeon""}","{""init"": ""random"", ""max_iter"": 300, ""method"": ""alternate""}"
CBF,ed,lock-step,0.1240127489741936,0.18579588415740764,0.0038477000000511907,42,3,shift,10.0,930,150,128,3,,"{""init"": ""random"", ""max_iter"": 300, ""method"": ""alternate""}"
CBF,dtw,elastic,0.2911653789365781,0.3170896548012658,14.387554399999999,42,3,shift,10.0,930,150,128,3,"{""window"": 13, ""backend"": ""aeon""}","{""init"": ""random"", ""max_iter"": 300, ""method"": ""alternate""}"
CBF,msm,elastic,0.26863548956624284,0.3311126514439761,2.5223496999999497,42,3,shift,10.0,930,150,128,3,"{""c"": 1.0, ""backend"": ""aeon""}","{""init"": ""random"", ""max_iter"": 300, ""method"": ""alternate""}"
CBF,ed,lock-step,0.1425430797581714,0.19188713295670906,0.004928699999936725,42,4,shift,10.0,930,150,128,3,,"{""init"": ""random"", ""max_iter"": 300, ""method"": ""alternate""}"
CBF,dtw,elastic,0.7642853385877107,0.761632395395694,14.632049600000073,42,4,shift,10.0,930,150,128,3,"{""window"": 13, ""backend"": ""aeon""}","{""init"": ""random"", ""max_iter"": 300, ""method"": ""alternate""}"
CBF,msm,elastic,0.25578639575185735,0.31432534092504005,2.444547000000057,42,4,shift,10.0,930,150,128,3,"{""c"": 1.0, ""backend"": ""aeon""}","{""init"": ""random"", ""max_iter"": 300, ""method"": ""alternate""}"
CBF,ed,lock-step,0.1425430797581714,0.19188713295670906,0.003985599999964506,42,5,shift,10.0,930,150,128,3,,"{""init"": ""random"", ""max_iter"": 300, ""method"": ""alternate""}"
CBF,dtw,elastic,0.5401603525831314,0.5553629575742238,14.036660299999994,42,5,shift,10.0,930,150,128,3,"{""window"": 13, ""backend"": ""aeon""}","{""init"": ""random"", ""max_iter"": 300, ""method"": ""alternate""}"
CBF,msm,elastic,0.5399943867527365,0.6219591116597879,2.5314778999999135,42,5,shift,10.0,930,150,128,3,"{""c"": 1.0, ""backend"": ""aeon""}","{""init"": ""random"", ""max_iter"": 300, ""method"": ""alternate""}"
CBF,ed,lock-step,0.1425430797581714,0.19188713295670906,0.006604599999946004,42,6,shift,10.0,930,150,128,3,,"{""init"": ""random"", ""max_iter"": 300, ""method"": ""alternate""}"
CBF,dtw,elastic,0.7494267545082072,0.7526802022596649,14.670570999999995,42,6,shift,10.0,930,150,128,3,"{""window"": 13, ""backend"": ""aeon""}","{""init"": ""random"", ""max_iter"": 300, ""method"": ""alternate""}"
CBF,msm,elastic,0.32197195423250646,0.3864685398847583,2.4885865999999623,42,6,shift,10.0,930,150,128,3,"{""c"": 1.0, ""backend"": ""aeon""}","{""init"": ""random"", ""max_iter"": 300, ""method"": ""alternate""}"
CBF,ed,lock-step,0.07708758661088447,0.1473441863942952,0.004508999999984553,42,7,shift,10.0,930,150,128,3,,"{""init"": ""random"", ""max_iter"": 300, ""method"": ""alternate""}"
CBF,dtw,elastic,0.1972691214996868,0.22629843303826666,14.43799880000006,42,7,shift,10.0,930,150,128,3,"{""window"": 13, ""backend"": ""aeon""}","{""init"": ""random"", ""max_iter"": 300, ""method"": ""alternate""}"
CBF,msm,elastic,0.26093741291868694,0.32524090850087417,2.624131899999952,42,7,shift,10.0,930,150,128,3,"{""c"": 1.0, ""backend"": ""aeon""}","{""init"": ""random"", ""max_iter"": 300, ""method"": ""alternate""}"
CBF,ed,lock-step,0.1425430797581714,0.19188713295670906,0.0035896999999067702,42,8,shift,10.0,930,150,128,3,,"{""init"": ""random"", ""max_iter"": 300, ""method"": ""alternate""}"
CBF,dtw,elastic,0.684373934228208,0.6537202675014527,15.011073899999815,42,8,shift,10.0,930,150,128,3,"{""window"": 13, ""backend"": ""aeon""}","{""init"": ""random"", ""max_iter"": 300, ""method"": ""alternate""}"
CBF,msm,elastic,0.5399943867527365,0.6219591116597879,2.5728833000000577,42,8,shift,10.0,930,150,128,3,"{""c"": 1.0, ""backend"": ""aeon""}","{""init"": ""random"", ""max_iter"": 300, ""method"": ""alternate""}"
CBF,ed,lock-step,0.1425430797581714,0.19188713295670906,0.0031804999999849315,42,9,shift,10.0,930,150,128,3,,"{""init"": ""random"", ""max_iter"": 300, ""method"": ""alternate""}"
CBF,dtw,elastic,0.31923933200064053,0.3943705301312753,14.332501699999966,42,9,shift,10.0,930,150,128,3,"{""window"": 13, ""backend"": ""aeon""}","{""init"": ""random"", ""max_iter"": 300, ""method"": ""alternate""}"
CBF,msm,elastic,0.32197195423250646,0.3864685398847583,2.286505899999952,42,9,shift,10.0,930,150,128,3,"{""c"": 1.0, ""backend"": ""aeon""}","{""init"": ""random"", ""max_iter"": 300, ""method"": ""alternate""}"
CBF,ed,lock-step,0.13407211974971409,0.16284696401672635,0.0029747999999472086,42,10,shift,10.0,930,150,128,3,,"{""init"": ""random"", ""max_iter"": 300, ""method"": ""alternate""}"
CBF,dtw,elastic,0.21324119488167553,0.2565432321448453,14.330080100000032,42,10,shift,10.0,930,150,128,3,"{""window"": 13, ""backend"": ""aeon""}","{""init"": ""random"", ""max_iter"": 300, ""method"": ""alternate""}"
CBF,msm,elastic,0.16692937375020495,0.19653254397697975,2.6109655000000203,42,10,shift,10.0,930,150,128,3,"{""c"": 1.0, ""backend"": ""aeon""}","{""init"": ""random"", ""max_iter"": 300, ""method"": ""alternate""}"
CBF,ed,lock-step,0.05608826284599882,0.10516988497546575,0.004955799999947885,42,1,shift,20.0,930,150,128,3,,"{""init"": ""random"", ""max_iter"": 300, ""method"": ""alternate""}"
CBF,dtw,elastic,0.1989456812908866,0.20782494920900008,14.770112299999937,42,1,shift,20.0,930,150,128,3,"{""window"": 13, ""backend"": ""aeon""}","{""init"": ""random"", ""max_iter"": 300, ""method"": ""alternate""}"
CBF,msm,elastic,0.39835984192566126,0.47133971909221284,2.5569090000000188,42,1,shift,20.0,930,150,128,3,"{""c"": 1.0, ""backend"": ""aeon""}","{""init"": ""random"", ""max_iter"": 300, ""method"": ""alternate""}"
CBF,ed,lock-step,0.09209952509932105,0.11543343289746819,0.005260399999997389,42,2,shift,20.0,930,150,128,3,,"{""init"": ""random"", ""max_iter"": 300, ""method"": ""alternate""}"
CBF,dtw,elastic,0.3338277242076013,0.31594872514370187,14.675685600000065,42,2,shift,20.0,930,150,128,3,"{""window"": 13, ""backend"": ""aeon""}","{""init"": ""random"", ""max_iter"": 300, ""method"": ""alternate""}"
CBF,msm,elastic,0.3059388122375525,0.33916917105528843,2.5175393000000668,42,2,shift,20.0,930,150,128,3,"{""c"": 1.0, ""backend"": ""aeon""}","{""init"": ""random"", ""max_iter"": 300, ""method"": ""alternate""}"
CBF,ed,lock-step,0.09098100408525947,0.11519736299472098,0.006282400000031885,42,3,shift,20.0,930,150,128,3,,"{""init"": ""random"", ""max_iter"": 300, ""method"": ""alternate""}"
CBF,dtw,elastic,0.19467023016818763,0.24115274126884106,14.666962799999965,42,3,shift,20.0,930,150,128,3,"{""window"": 13, ""backend"": ""aeon""}","{""init"": ""random"", ""max_iter"": 300, ""method"": ""alternate""}"
CBF,msm,elastic,0.16533929258369662,0.20738903463305203,2.585354999999936,42,3,shift,20.0,930,150,128,3,"{""c"": 1.0, ""backend"": ""aeon""}","{""init"": ""random"", ""max_iter"": 300, ""method"": ""alternate""}"
CBF,ed,lock-step,0.09545993150129044,0.12099095824997101,0.003397599999971135,42,4,shift,20.0,930,150,128,3,,"{""init"": ""random"", ""max_iter"": 300, ""method"": ""alternate""}"
CBF,dtw,elastic,0.3975781712935903,0.43678844692245766,14.342031899999938,42,4,shift,20.0,930,150,128,3,"{""window"": 13, ""backend"": ""aeon""}","{""init"": ""random"", ""max_iter"": 300, ""method"": ""alternate""}"
CBF,msm,elastic,0.13154285714285716,0.17920492925359618,2.609754800000019,42,4,shift,20.0,930,150,128,3,"{""c"": 1.0, ""backend"": ""aeon""}","{""init"": ""random"", ""max_iter"": 300, ""method"": ""alternate""}"
CBF,ed,lock-step,0.06373584627729474,0.1105744231598355,0.003697199999805889,42,5,shift,20.0,930,150,128,3,,"{""init"": ""random"", ""max_iter"": 300, ""method"": ""alternate""}"
CBF,dtw,elastic,0.18477765865904994,0.19532359428692112,14.112761099999943,42,5,shift,20.0,930,150,128,3,"{""window"": 13, ""backend"": ""aeon""}","{""init"": ""random"", ""max_iter"": 300, ""method"": ""alternate""}"
CBF,msm,elastic,0.3624686067591749,0.4300980363634942,2.585107500000049,42,5,shift,20.0,930,150,128,3,"{""c"": 1.0, ""backend"": ""aeon""}","{""init"": ""random"", ""max_iter"": 300, ""method"": ""alternate""}"
CBF,ed,lock-step,0.0703867619421379,0.1187340682168302,0.005265900000040347,42,6,shift,20.0,930,150,128,3,,"{""init"": ""random"", ""max_iter"": 300, ""method"": ""alternate""}"
CBF,dtw,elastic,0.2000200687414844,0.2578738122366707,14.801114200000029,42,6,shift,20.0,930,150,128,3,"{""window"": 13, ""backend"": ""aeon""}","{""init"": ""random"", ""max_iter"": 300, ""method"": ""alternate""}"
CBF,msm,elastic,0.11147459867342727,0.16809075959163053,2.638528300000189,42,6,shift,20.0,930,150,128,3,"{""c"": 1.0, ""backend"": ""aeon""}","{""init"": ""random"", ""max_iter"": 300, ""method"": ""alternate""}"
CBF,ed,lock-step,0.06841381775678405,0.09066643647637745,0.00447970000004716,42,7,shift,20.0,930,150,128,3,,"{""init"": ""random"", ""max_iter"": 300, ""method"": ""alternate""}"
CBF,dtw,elastic,0.2062153577255011,0.21688262443238854,14.65498599999978,42,7,shift,20.0,930,150,128,3,"{""window"": 13, ""backend"": ""aeon""}","{""init"": ""random"", ""max_iter"": 300, ""method"": ""alternate""}"
CBF,msm,elastic,0.24924156488247554,0.3196129007467405,2.50167859999965,42,7,shift,20.0,930,150,128,3,"{""c"": 1.0, ""backend"": ""aeon""}","{""init"": ""random"", ""max_iter"": 300, ""method"": ""alternate""}"
CBF,ed,lock-step,0.09098100408525947,0.11519736299472098,0.004389100000025792,42,8,shift,20.0,930,150,128,3,,"{""init"": ""random"", ""max_iter"": 300, ""method"": ""alternate""}"
CBF,dtw,elastic,0.5666367005243397,0.5377735297929994,14.793241099999932,42,8,shift,20.0,930,150,128,3,"{""window"": 13, ""backend"": ""aeon""}","{""init"": ""random"", ""max_iter"": 300, ""method"": ""alternate""}"
CBF,msm,elastic,0.3313482321512478,0.37207936744908265,2.5479184999999234,42,8,shift,20.0,930,150,128,3,"{""c"": 1.0, ""backend"": ""aeon""}","{""init"": ""random"", ""max_iter"": 300, ""method"": ""alternate""}"
CBF,ed,lock-step,0.09098100408525947,0.11519736299472098,0.005478499999981068,42,9,shift,20.0,930,150,128,3,,"{""init"": ""random"", ""max_iter"": 300, ""method"": ""alternate""}"
CBF,dtw,elastic,0.1989456812908866,0.20782494920900008,14.715584499999977,42,9,shift,20.0,930,150,128,3,"{""window"": 13, ""backend"": ""aeon""}","{""init"": ""random"", ""max_iter"": 300, ""method"": ""alternate""}"
CBF,msm,elastic,0.11147459867342727,0.16809075959163053,2.632342299999891,42,9,shift,20.0,930,150,128,3,"{""c"": 1.0, ""backend"": ""aeon""}","{""init"": ""random"", ""max_iter"": 300, ""method"": ""alternate""}"
CBF,ed,lock-step,0.04185800411705411,0.061922327673070106,0.004020499999796812,42,10,shift,20.0,930,150,128,3,,"{""init"": ""random"", ""max_iter"": 300, ""method"": ""alternate""}"
CBF,dtw,elastic,0.014874240614183657,0.07937319202924598,14.514612599999964,42,10,shift,20.0,930,150,128,3,"{""window"": 13, ""backend"": ""aeon""}","{""init"": ""random"", ""max_iter"": 300, ""method"": ""alternate""}"
CBF,msm,elastic,0.14120161694941527,0.16965720580899604,2.5293543000000227,42,10,shift,20.0,930,150,128,3,"{""c"": 1.0, ""backend"": ""aeon""}","{""init"": ""random"", ""max_iter"": 300, ""method"": ""alternate""}"
CBF,ed,lock-step,0.03689195193047474,0.04652831508514658,0.00446990000000369,42,1,shift,30.0,930,150,128,3,,"{""init"": ""random"", ""max_iter"": 300, ""method"": ""alternate""}"
CBF,dtw,elastic,0.15723788261154278,0.17960412007584983,14.548136699999986,42,1,shift,30.0,930,150,128,3,"{""window"": 13, ""backend"": ""aeon""}","{""init"": ""random"", ""max_iter"": 300, ""method"": ""alternate""}"
CBF,msm,elastic,0.12823556445702616,0.1562649173576863,2.561094099999991,42,1,shift,30.0,930,150,128,3,"{""c"": 1.0, ""backend"": ""aeon""}","{""init"": ""random"", ""max_iter"": 300, ""method"": ""alternate""}"
CBF,ed,lock-step,0.03689195193047474,0.04652831508514658,0.004510299999765266,42,2,shift,30.0,930,150,128,3,,"{""init"": ""random"", ""max_iter"": 300, ""method"": ""alternate""}"
CBF,dtw,elastic,0.15723788261154278,0.17960412007584983,14.611931500000082,42,2,shift,30.0,930,150,128,3,"{""window"": 13, ""backend"": ""aeon""}","{""init"": ""random"", ""max_iter"": 300, ""method"": ""alternate""}"
CBF,msm,elastic,0.26440129578789245,0.3133584592713302,2.537156700000196,42,2,shift,30.0,930,150,128,3,"{""c"": 1.0, ""backend"": ""aeon""}","{""init"": ""random"", ""max_iter"": 300, ""method"": ""alternate""}"
CBF,ed,lock-step,0.03689195193047474,0.04652831508514658,0.0049888999999438965,42,3,shift,30.0,930,150,128,3,,"{""init"": ""random"", ""max_iter"": 300, ""method"": ""alternate""}"
CBF,dtw,elastic,0.18937595227712004,0.19685671732368612,14.33756799999992,42,3,shift,30.0,930,150,128,3,"{""window"": 13, ""backend"": ""aeon""}","{""init"": ""random"", ""max_iter"": 300, ""method"": ""alternate""}"
CBF,msm,elastic,0.12823556445702616,0.1562649173576863,2.5697927000001073,42,3,shift,30.0,930,150,128,3,"{""c"": 1.0, ""backend"": ""aeon""}","{""init"": ""random"", ""max_iter"": 300, ""method"": ""alternate""}"
CBF,ed,lock-step,0.041332098002882435,0.052913345938331746,0.0042687000000114494,42,4,shift,30.0,930,150,128,3,,"{""init"": ""random"", ""max_iter"": 300, ""method"": ""alternate""}"
CBF,dtw,elastic,0.20276839546702863,0.2872594537540431,14.682942099999991,42,4,shift,30.0,930,150,128,3,"{""window"": 13, ""backend"": ""aeon""}","{""init"": ""random"", ""max_iter"": 300, ""method"": ""alternate""}"
CBF,msm,elastic,0.16138247023220295,0.21108670107761832,2.4789473000000726,42,4,shift,30.0,930,150,128,3,"{""c"": 1.0, ""backend"": ""aeon""}","{""init"": ""random"", ""max_iter"": 300, ""method"": ""alternate""}"
CBF,ed,lock-step,0.03689195193047474,0.046528315085146564,0.007870499999853564,42,5,shift,30.0,930,150,128,3,,"{""init"": ""random"", ""max_iter"": 300, ""method"": ""alternate""}"
CBF,dtw,elastic,0.1499111661497093,0.15792911638612467,14.582680199999913,42,5,shift,30.0,930,150,128,3,"{""window"": 13, ""backend"": ""aeon""}","{""init"": ""random"", ""max_iter"": 300, ""method"": ""alternate""}"
CBF,msm,elastic,0.07288140835562297,0.1265446786133624,2.5067139000000225,42,5,shift,30.0,930,150,128,3,"{""c"": 1.0, ""backend"": ""aeon""}","{""init"": ""random"", ""max_iter"": 300, ""method"": ""alternate""}"
CBF,ed,lock-step,0.038148714370039305,0.05345446415154429,0.002846599999884347,42,6,shift,30.0,930,150,128,3,,"{""init"": ""random"", ""max_iter"": 300, ""method"": ""alternate""}"
CBF,dtw,elastic,0.1399331395458152,0.17295309686762794,14.49728059999984,42,6,shift,30.0,930,150,128,3,"{""window"": 13, ""backend"": ""aeon""}","{""init"": ""random"", ""max_iter"": 300, ""method"": ""alternate""}"
CBF,msm,elastic,0.07821964105405489,0.11362868084269132,2.5592583000000104,42,6,shift,30.0,930,150,128,3,"{""c"": 1.0, ""backend"": ""aeon""}","{""init"": ""random"", ""max_iter"": 300, ""method"": ""alternate""}"
CBF,ed,lock-step,0.036066145603069595,0.04685827454534136,0.005906500000264714,42,7,shift,30.0,930,150,128,3,,"{""init"": ""random"", ""max_iter"": 300, ""method"": ""alternate""}"
CBF,dtw,elastic,0.15723788261154278,0.17960412007584983,14.676356299999952,42,7,shift,30.0,930,150,128,3,"{""window"": 13, ""backend"": ""aeon""}","{""init"": ""random"", ""max_iter"": 300, ""method"": ""alternate""}"
CBF,msm,elastic,0.11395419010460932,0.17959879470239595,2.490120299999944,42,7,shift,30.0,930,150,128,3,"{""c"": 1.0, ""backend"": ""aeon""}","{""init"": ""random"", ""max_iter"": 300, ""method"": ""alternate""}"
CBF,ed,lock-step,0.041332098002882435,0.052913345938331746,0.0035900000000310683,42,8,shift,30.0,930,150,128,3,,"{""init"": ""random"", ""max_iter"": 300, ""method"": ""alternate""}"
CBF,dtw,elastic,0.20348772182312364,0.1989173864194296,14.770011600000089,42,8,shift,30.0,930,150,128,3,"{""window"": 13, ""backend"": ""aeon""}","{""init"": ""random"", ""max_iter"": 300, ""method"": ""alternate""}"
CBF,msm,elastic,0.1646573667448542,0.1669436102421295,2.6077306000001954,42,8,shift,30.0,930,150,128,3,"{""c"": 1.0, ""backend"": ""aeon""}","{""init"": ""random"", ""max_iter"": 300, ""method"": ""alternate""}"
CBF,ed,lock-step,0.01560337335436315,0.03319968923840568,0.004264799999873503,42,9,shift,30.0,930,150,128,3,,"{""init"": ""random"", ""max_iter"": 300, ""method"": ""alternate""}"
CBF,dtw,elastic,0.16339484683631283,0.1914339284049914,14.272373500000185,42,9,shift,30.0,930,150,128,3,"{""window"": 13, ""backend"": ""aeon""}","{""init"": ""random"", ""max_iter"": 300, ""method"": ""alternate""}"
CBF,msm,elastic,0.07288140835562297,0.1265446786133624,2.396575299999995,42,9,shift,30.0,930,150,128,3,"{""c"": 1.0, ""backend"": ""aeon""}","{""init"": ""random"", ""max_iter"": 300, ""method"": ""alternate""}"
CBF,ed,lock-step,0.001119273020432603,0.011433074271101948,0.0031431000002157816,42,10,shift,30.0,930,150,128,3,,"{""init"": ""random"", ""max_iter"": 300, ""method"": ""alternate""}"
CBF,dtw,elastic,0.03802562446241481,0.10939228594078812,14.374050500000067,42,10,shift,30.0,930,150,128,3,"{""window"": 13, ""backend"": ""aeon""}","{""init"": ""random"", ""max_iter"": 300, ""method"": ""alternate""}"
CBF,msm,elastic,0.03946172519452828,0.041467685431768715,2.5935911000001397,42,10,shift,30.0,930,150,128,3,"{""c"": 1.0, ""backend"": ""aeon""}","{""init"": ""random"", ""max_iter"": 300, ""method"": ""alternate""}"
CBF,ed,lock-step,0.21976899108768466,0.2616295556891146,0.0031829999998080893,42,1,length,1.0,930,150,128,3,,"{""init"": ""random"", ""max_iter"": 300, ""method"": ""alternate""}"
CBF,dtw,elastic,0.7781076632899532,0.7703043379830262,14.574603700000125,42,1,length,1.0,930,150,128,3,"{""window"": 13, ""backend"": ""aeon""}","{""init"": ""random"", ""max_iter"": 300, ""method"": ""alternate""}"
CBF,msm,elastic,0.6182486143596568,0.6760570465467395,2.5643589999999676,42,1,length,1.0,930,150,128,3,"{""c"": 1.0, ""backend"": ""aeon""}","{""init"": ""random"", ""max_iter"": 300, ""method"": ""alternate""}"
CBF,ed,lock-step,0.21801735352642948,0.26207329845403593,0.004038600000058068,42,2,length,1.0,930,150,128,3,,"{""init"": ""random"", ""max_iter"": 300, ""method"": ""alternate""}"
CBF,dtw,elastic,0.8031884679783747,0.8314786667170627,14.422465599999896,42,2,length,1.0,930,150,128,3,"{""window"": 13, ""backend"": ""aeon""}","{""init"": ""random"", ""max_iter"": 300, ""method"": ""alternate""}"
CBF,msm,elastic,0.6182486143596568,0.6760570465467395,2.4967759999999544,42,2,length,1.0,930,150,128,3,"{""c"": 1.0, ""backend"": ""aeon""}","{""init"": ""random"", ""max_iter"": 300, ""method"": ""alternate""}"
CBF,ed,lock-step,0.18295991731644637,0.25409064310623236,0.004682599999796366,42,3,length,1.0,930,150,128,3,,"{""init"": ""random"", ""max_iter"": 300, ""method"": ""alternate""}"
CBF,dtw,elastic,0.29005799181779424,0.32312497355643893,14.916380599999911,42,3,length,1.0,930,150,128,3,"{""window"": 13, ""backend"": ""aeon""}","{""init"": ""random"", ""max_iter"": 300, ""method"": ""alternate""}"
CBF,msm,elastic,0.5110945323789361,0.5515270900859249,2.667556300000115,42,3,length,1.0,930,150,128,3,"{""c"": 1.0, ""backend"": ""aeon""}","{""init"": ""random"", ""max_iter"": 300, ""method"": ""alternate""}"
CBF,ed,lock-step,0.18411433169074418,0.24724661884096702,0.004741799999919749,42,4,length,1.0,930,150,128,3,,"{""init"": ""random"", ""max_iter"": 300, ""method"": ""alternate""}"
CBF,dtw,elastic,0.7781076632899532,0.7703043379830262,14.957846699999891,42,4,length,1.0,930,150,128,3,"{""window"": 13, ""backend"": ""aeon""}","{""init"": ""random"", ""max_iter"": 300, ""method"": ""alternate""}"
CBF,msm,elastic,0.28200140553487124,0.3367004915386714,2.61974680000003,42,4,length,1.0,930,150,128,3,"{""c"": 1.0, ""backend"": ""aeon""}","{""init"": ""random"", ""max_iter"": 300, ""method"": ""alternate""}"
CBF,ed,lock-step,0.15032785101946397,0.255175463721561,0.0043643999997584615,42,5,length,1.0,930,150,128,3,,"{""init"": ""random"", ""max_iter"": 300, ""method"": ""alternate""}"
CBF,dtw,elastic,0.7781076632899532,0.7703043379830262,14.969463099999984,42,5,length,1.0,930,150,128,3,"{""window"": 13, ""backend"": ""aeon""}","{""init"": ""random"", ""max_iter"": 300, ""method"": ""alternate""}"
CBF,msm,elastic,0.6182486143596568,0.6760570465467395,2.540743399999883,42,5,length,1.0,930,150,128,3,"{""c"": 1.0, ""backend"": ""aeon""}","{""init"": ""random"", ""max_iter"": 300, ""method"": ""alternate""}"
CBF,ed,lock-step,0.2412420784818695,0.29930119575002195,0.004011699999864504,42,6,length,1.0,930,150,128,3,,"{""init"": ""random"", ""max_iter"": 300, ""method"": ""alternate""}"
CBF,dtw,elastic,0.7704085965841763,0.793321002507109,14.06527119999987,42,6,length,1.0,930,150,128,3,"{""window"": 13, ""backend"": ""aeon""}","{""init"": ""random"", ""max_iter"": 300, ""method"": ""alternate""}"
CBF,msm,elastic,0.3156473975775406,0.4048173191768149,2.4551848000000973,42,6,length,1.0,930,150,128,3,"{""c"": 1.0, ""backend"": ""aeon""}","{""init"": ""random"", ""max_iter"": 300, ""method"": ""alternate""}"
CBF,ed,lock-step,0.242781372960611,0.3144958777930363,0.004892500000096334,42,7,length,1.0,930,150,128,3,,"{""init"": ""random"", ""max_iter"": 300, ""method"": ""alternate""}"
CBF,dtw,elastic,0.20640321936352474,0.25597146696144646,14.413020700000288,42,7,length,1.0,930,150,128,3,"{""window"": 13, ""backend"": ""aeon""}","{""init"": ""random"", ""max_iter"": 300, ""method"": ""alternate""}"
CBF,msm,elastic,0.5804583144033054,0.6148190807689878,2.6184085999998388,42,7,length,1.0,930,150,128,3,"{""c"": 1.0, ""backend"": ""aeon""}","{""init"": ""random"", ""max_iter"": 300, ""method"": ""alternate""}"
CBF,ed,lock-step,0.23542056722834756,0.27549173225723567,0.0038222999999106833,42,8,length,1.0,930,150,128,3,,"{""init"": ""random"", ""max_iter"": 300, ""method"": ""alternate""}"
CBF,dtw,elastic,0.7781076632899532,0.7703043379830262,14.862801699999864,42,8,length,1.0,930,150,128,3,"{""window"": 13, ""backend"": ""aeon""}","{""init"": ""random"", ""max_iter"": 300, ""method"": ""alternate""}"
CBF,msm,elastic,0.6182486143596568,0.6760570465467395,2.5542385999999624,42,8,length,1.0,930,150,128,3,"{""c"": 1.0, ""backend"": ""aeon""}","{""init"": ""random"", ""max_iter"": 300, ""method"": ""alternate""}"
CBF,ed,lock-step,0.17507826239433932,0.1808155982196754,0.003985300000067582,42,9,length,1.0,930,150,128,3,,"{""init"": ""random"", ""max_iter"": 300, ""method"": ""alternate""}"
CBF,dtw,elastic,0.7781076632899532,0.7703043379830262,14.647142600000052,42,9,length,1.0,930,150,128,3,"{""window"": 13, ""backend"": ""aeon""}","{""init"": ""random"", ""max_iter"": 300, ""method"": ""alternate""}"
CBF,msm,elastic,0.4328934976163429,0.6072411891488683,2.5766863999999714,42,9,length,1.0,930,150,128,3,"{""c"": 1.0, ""backend"": ""aeon""}","{""init"": ""random"", ""max_iter"": 300, ""method"": ""alternate""}"
CBF,ed,lock-step,0.19947203098280664,0.23440317234814387,0.0031741000000238273,42,10,length,1.0,930,150,128,3,,"{""init"": ""random"", ""max_iter"": 300, ""method"": ""alternate""}"
CBF,dtw,elastic,0.20640321936352474,0.25597146696144646,14.358845299999984,42,10,length,1.0,930,150,128,3,"{""window"": 13, ""backend"": ""aeon""}","{""init"": ""random"", ""max_iter"": 300, ""method"": ""alternate""}"
CBF,msm,elastic,0.26143765286273773,0.28465581601719603,2.4426720000001296,42,10,length,1.0,930,150,128,3,"{""c"": 1.0, ""backend"": ""aeon""}","{""init"": ""random"", ""max_iter"": 300, ""method"": ""alternate""}"
CBF,ed,lock-step,0.2830211844101118,0.30903901751210505,0.0031864000000041415,42,1,length,0.9,930,150,128,3,,"{""init"": ""random"", ""max_iter"": 300, ""method"": ""alternate""}"
CBF,dtw,elastic,0.15440093528439386,0.18281977790268863,14.295910900000308,42,1,length,0.9,930,150,128,3,"{""window"": 13, ""backend"": ""aeon""}","{""init"": ""random"", ""max_iter"": 300, ""method"": ""alternate""}"
CBF,msm,elastic,0.5988235902371511,0.6622134051341639,2.467329300000074,42,1,length,0.9,930,150,128,3,"{""c"": 1.0, ""backend"": ""aeon""}","{""init"": ""random"", ""max_iter"": 300, ""method"": ""alternate""}"
CBF,ed,lock-step,0.2236434171441557,0.2658629990864118,0.004587300000139294,42,2,length,0.9,930,150,128,3,,"{""init"": ""random"", ""max_iter"": 300, ""method"": ""alternate""}"
CBF,dtw,elastic,0.6872789537629046,0.6860540585109778,14.432319300000245,42,2,length,0.9,930,150,128,3,"{""window"": 13, ""backend"": ""aeon""}","{""init"": ""random"", ""max_iter"": 300, ""method"": ""alternate""}"
CBF,msm,elastic,0.701087530355823,0.7440134159606245,2.516295899999932,42,2,length,0.9,930,150,128,3,"{""c"": 1.0, ""backend"": ""aeon""}","{""init"": ""random"", ""max_iter"": 300, ""method"": ""alternate""}"
CBF,ed,lock-step,0.1895512649287103,0.25975030266984467,0.004050600000027771,42,3,length,0.9,930,150,128,3,,"{""init"": ""random"", ""max_iter"": 300, ""method"": ""alternate""}"
CBF,dtw,elastic,0.21573730519793477,0.28412989282774487,14.418692700000065,42,3,length,0.9,930,150,128,3,"{""window"": 13, ""backend"": ""aeon""}","{""init"": ""random"", ""max_iter"": 300, ""method"": ""alternate""}"
CBF,msm,elastic,0.591926146776001,0.6166077957043934,2.5423772999999983,42,3,length,0.9,930,150,128,3,"{""c"": 1.0, ""backend"": ""aeon""}","{""init"": ""random"", ""max_iter"": 300, ""method"": ""alternate""}"
CBF,ed,lock-step,0.18839592449523687,0.2508137955333644,0.005021100000021761,42,4,length,0.9,930,150,128,3,,"{""init"": ""random"", ""max_iter"": 300, ""method"": ""alternate""}"
CBF,dtw,elastic,0.8133591449626654,0.7885564964876673,14.894558899999993,42,4,length,0.9,930,150,128,3,"{""window"": 13, ""backend"": ""aeon""}","{""init"": ""random"", ""max_iter"": 300, ""method"": ""alternate""}"
CBF,msm,elastic,0.701087530355823,0.7440134159606245,2.62779189999992,42,4,length,0.9,930,150,128,3,"{""c"": 1.0, ""backend"": ""aeon""}","{""init"": ""random"", ""max_iter"": 300, ""method"": ""alternate""}"
CBF,ed,lock-step,0.1870339233571028,0.27191432245347125,0.0052013999998052896,42,5,length,0.9,930,150,128,3,,"{""init"": ""random"", ""max_iter"": 300, ""method"": ""alternate""}"
CBF,dtw,elastic,0.15440093528439386,0.1828197779026886,14.57847670000001,42,5,length,0.9,930,150,128,3,"{""window"": 13, ""backend"": ""aeon""}","{""init"": ""random"", ""max_iter"": 300, ""method"": ""alternate""}"
CBF,msm,elastic,0.5988235902371511,0.662213405134164,2.505731400000059,42,5,length,0.9,930,150,128,3,"{""c"": 1.0, ""backend"": ""aeon""}","{""init"": ""random"", ""max_iter"": 300, ""method"": ""alternate""}"
CBF,ed,lock-step,0.2316039069320272,0.3060539495615247,0.004371499999933803,42,6,length,0.9,930,150,128,3,,"{""init"": ""random"", ""max_iter"": 300, ""method"": ""alternate""}"
CBF,dtw,elastic,0.5063317562811608,0.576416513518181,14.598226999999952,42,6,length,0.9,930,150,128,3,"{""window"": 13, ""backend"": ""aeon""}","{""init"": ""random"", ""max_iter"": 300, ""method"": ""alternate""}"
CBF,msm,elastic,0.591926146776001,0.6166077957043934,2.594391500000029,42,6,length,0.9,930,150,128,3,"{""c"": 1.0, ""backend"": ""aeon""}","{""init"": ""random"", ""max_iter"": 300, ""method"": ""alternate""}"
CBF,ed,lock-step,0.24047035472083966,0.309359236625288,0.005040400000098089,42,7,length,0.9,930,150,128,3,,"{""init"": ""random"", ""max_iter"": 300, ""method"": ""alternate""}"
CBF,dtw,elastic,0.15440093528439386,0.1828197779026886,14.689300400000093,42,7,length,0.9,930,150,128,3,"{""window"": 13, ""backend"": ""aeon""}","{""init"": ""random"", ""max_iter"": 300, ""method"": ""alternate""}"
CBF,msm,elastic,0.701087530355823,0.7440134159606245,2.5302701000000525,42,7,length,0.9,930,150,128,3,"{""c"": 1.0, ""backend"": ""aeon""}","{""init"": ""random"", ""max_iter"": 300, ""method"": ""alternate""}"
CBF,ed,lock-step,0.2236434171441557,0.26586299908641176,0.004513699999961318,42,8,length,0.9,930,150,128,3,,"{""init"": ""random"", ""max_iter"": 300, ""method"": ""alternate""}"
CBF,dtw,elastic,0.5266389471391015,0.5252939992777393,14.679514400000016,42,8,length,0.9,930,150,128,3,"{""window"": 13, ""backend"": ""aeon""}","{""init"": ""random"", ""max_iter"": 300, ""method"": ""alternate""}"
CBF,msm,elastic,0.5988235902371511,0.662213405134164,2.532015499999943,42,8,length,0.9,930,150,128,3,"{""c"": 1.0, ""backend"": ""aeon""}","{""init"": ""random"", ""max_iter"": 300, ""method"": ""alternate""}"
CBF,ed,lock-step,0.17507597526909657,0.19023621020499445,0.0052419999999528955,42,9,length,0.9,930,150,128,3,,"{""init"": ""random"", ""max_iter"": 300, ""method"": ""alternate""}"
CBF,dtw,elastic,0.3926412635924245,0.4537129114510807,14.692919899999879,42,9,length,0.9,930,150,128,3,"{""window"": 13, ""backend"": ""aeon""}","{""init"": ""random"", ""max_iter"": 300, ""method"": ""alternate""}"
CBF,msm,elastic,0.4275233228348569,0.594309424519505,2.557023500000014,42,9,length,0.9,930,150,128,3,"{""c"": 1.0, ""backend"": ""aeon""}","{""init"": ""random"", ""max_iter"": 300, ""method"": ""alternate""}"
CBF,ed,lock-step,0.17521818134937922,0.21343094862873632,0.004584100000329272,42,10,length,0.9,930,150,128,3,,"{""init"": ""random"", ""max_iter"": 300, ""method"": ""alternate""}"
CBF,dtw,elastic,0.15440093528439386,0.18281977790268863,14.477917699999807,42,10,length,0.9,930,150,128,3,"{""window"": 13, ""backend"": ""aeon""}","{""init"": ""random"", ""max_iter"": 300, ""method"": ""alternate""}"
CBF,msm,elastic,0.591926146776001,0.6166077957043934,2.5586717000001045,42,10,length,0.9,930,150,128,3,"{""c"": 1.0, ""backend"": ""aeon""}","{""init"": ""random"", ""max_iter"": 300, ""method"": ""alternate""}"
CBF,ed,lock-step,0.34860844689885695,0.3902158769587703,0.0036748999998508225,42,1,length,0.75,930,150,128,3,,"{""init"": ""random"", ""max_iter"": 300, ""method"": ""alternate""}"
CBF,dtw,elastic,0.29826894732310716,0.3795970891833499,14.573070899999948,42,1,length,0.75,930,150,128,3,"{""window"": 13, ""backend"": ""aeon""}","{""init"": ""random"", ""max_iter"": 300, ""method"": ""alternate""}"
CBF,msm,elastic,0.6850584105442081,0.7146695970494332,2.5383606999998847,42,1,length,0.75,930,150,128,3,"{""c"": 1.0, ""backend"": ""aeon""}","{""init"": ""random"", ""max_iter"": 300, ""method"": ""alternate""}"
CBF,ed,lock-step,0.2435317473232011,0.27524550361571587,0.004647500000146465,42,2,length,0.75,930,150,128,3,,"{""init"": ""random"", ""max_iter"": 300, ""method"": ""alternate""}"
CBF,dtw,elastic,0.6786622461132391,0.6770277967774844,14.304714500000046,42,2,length,0.75,930,150,128,3,"{""window"": 13, ""backend"": ""aeon""}","{""init"": ""random"", ""max_iter"": 300, ""method"": ""alternate""}"
CBF,msm,elastic,0.6850584105442081,0.7146695970494332,2.4952332000000297,42,2,length,0.75,930,150,128,3,"{""c"": 1.0, ""backend"": ""aeon""}","{""init"": ""random"", ""max_iter"": 300, ""method"": ""alternate""}"
CBF,ed,lock-step,0.15442914562696025,0.2531065158467843,0.004659100000026228,42,3,length,0.75,930,150,128,3,,"{""init"": ""random"", ""max_iter"": 300, ""method"": ""alternate""}"
CBF,dtw,elastic,0.6235226025346772,0.6374463597011308,14.733519199999819,42,3,length,0.75,930,150,128,3,"{""window"": 13, ""backend"": ""aeon""}","{""init"": ""random"", ""max_iter"": 300, ""method"": ""alternate""}"
CBF,msm,elastic,0.4325528274202661,0.4445150043372464,2.5893255999999383,42,3,length,0.75,930,150,128,3,"{""c"": 1.0, ""backend"": ""aeon""}","{""init"": ""random"", ""max_iter"": 300, ""method"": ""alternate""}"
CBF,ed,lock-step,0.15442914562696025,0.2531065158467843,0.0038083999997979845,42,4,length,0.75,930,150,128,3,,"{""init"": ""random"", ""max_iter"": 300, ""method"": ""alternate""}"
CBF,dtw,elastic,0.4048533339304218,0.4472068529507849,14.772312099999908,42,4,length,0.75,930,150,128,3,"{""window"": 13, ""backend"": ""aeon""}","{""init"": ""random"", ""max_iter"": 300, ""method"": ""alternate""}"
CBF,msm,elastic,0.6850584105442081,0.7146695970494332,2.5019474999999147,42,4,length,0.75,930,150,128,3,"{""c"": 1.0, ""backend"": ""aeon""}","{""init"": ""random"", ""max_iter"": 300, ""method"": ""alternate""}"
CBF,ed,lock-step,0.15442914562696025,0.2531065158467843,0.004766799999970317,42,5,length,0.75,930,150,128,3,,"{""init"": ""random"", ""max_iter"": 300, ""method"": ""alternate""}"
CBF,dtw,elastic,0.29415333500956325,0.4259706975042004,14.784161999999924,42,5,length,0.75,930,150,128,3,"{""window"": 13, ""backend"": ""aeon""}","{""init"": ""random"", ""max_iter"": 300, ""method"": ""alternate""}"
CBF,msm,elastic,0.6850584105442081,0.7146695970494332,2.5622255000000678,42,5,length,0.75,930,150,128,3,"{""c"": 1.0, ""backend"": ""aeon""}","{""init"": ""random"", ""max_iter"": 300, ""method"": ""alternate""}"
CBF,ed,lock-step,0.3471483839261987,0.3887007235426908,0.004312999999910971,42,6,length,0.75,930,150,128,3,,"{""init"": ""random"", ""max_iter"": 300, ""method"": ""alternate""}"
CBF,dtw,elastic,0.39882508634324265,0.4545154548703724,14.49225239999987,42,6,length,0.75,930,150,128,3,"{""window"": 13, ""backend"": ""aeon""}","{""init"": ""random"", ""max_iter"": 300, ""method"": ""alternate""}"
CBF,msm,elastic,0.3602316514710456,0.4002873738740592,2.550043599999981,42,6,length,0.75,930,150,128,3,"{""c"": 1.0, ""backend"": ""aeon""}","{""init"": ""random"", ""max_iter"": 300, ""method"": ""alternate""}"
CBF,ed,lock-step,0.13971896086774935,0.23676899895562434,0.005765699999983553,42,7,length,0.75,930,150,128,3,,"{""init"": ""random"", ""max_iter"": 300, ""method"": ""alternate""}"
CBF,dtw,elastic,0.1926175460587306,0.3008997227105147,14.376096199999893,42,7,length,0.75,930,150,128,3,"{""window"": 13, ""backend"": ""aeon""}","{""init"": ""random"", ""max_iter"": 300, ""method"": ""alternate""}"
CBF,msm,elastic,0.6850584105442081,0.7146695970494332,2.5335074000001896,42,7,length,0.75,930,150,128,3,"{""c"": 1.0, ""backend"": ""aeon""}","{""init"": ""random"", ""max_iter"": 300, ""method"": ""alternate""}"
CBF,ed,lock-step,0.2435317473232011,0.27524550361571587,0.004355500000201573,42,8,length,0.75,930,150,128,3,,"{""init"": ""random"", ""max_iter"": 300, ""method"": ""alternate""}"
CBF,dtw,elastic,0.6235226025346772,0.6374463597011308,14.406931600000007,42,8,length,0.75,930,150,128,3,"{""window"": 13, ""backend"": ""aeon""}","{""init"": ""random"", ""max_iter"": 300, ""method"": ""alternate""}"
CBF,msm,elastic,0.6850584105442081,0.7146695970494332,2.4204016999999567,42,8,length,0.75,930,150,128,3,"{""c"": 1.0, ""backend"": ""aeon""}","{""init"": ""random"", ""max_iter"": 300, ""method"": ""alternate""}"
CBF,ed,lock-step,0.30037072476953885,0.3446928234930692,0.0032231999998657557,42,9,length,0.75,930,150,128,3,,"{""init"": ""random"", ""max_iter"": 300, ""method"": ""alternate""}"
CBF,dtw,elastic,0.29415333500956325,0.4259706975042005,14.242589400000043,42,9,length,0.75,930,150,128,3,"{""window"": 13, ""backend"": ""aeon""}","{""init"": ""random"", ""max_iter"": 300, ""method"": ""alternate""}"
CBF,msm,elastic,0.32677281467878366,0.3825792040021103,2.5473663999998735,42,9,length,0.75,930,150,128,3,"{""c"": 1.0, ""backend"": ""aeon""}","{""init"": ""random"", ""max_iter"": 300, ""method"": ""alternate""}"
CBF,ed,lock-step,0.1281947176376138,0.23125561931267954,0.004026199999771052,42,10,length,0.75,930,150,128,3,,"{""init"": ""random"", ""max_iter"": 300, ""method"": ""alternate""}"
CBF,dtw,elastic,0.2105310885527591,0.25920763835054994,14.161048000000164,42,10,length,0.75,930,150,128,3,"{""window"": 13, ""backend"": ""aeon""}","{""init"": ""random"", ""max_iter"": 300, ""method"": ""alternate""}"
CBF,msm,elastic,0.6850584105442081,0.7146695970494332,2.512344199999916,42,10,length,0.75,930,150,128,3,"{""c"": 1.0, ""backend"": ""aeon""}","{""init"": ""random"", ""max_iter"": 300, ""method"": ""alternate""}"
CBF,ed,lock-step,0.3072542756956857,0.3945566458394243,0.003660399999944275,42,1,length,0.5,930,150,128,3,,"{""init"": ""random"", ""max_iter"": 300, ""method"": ""alternate""}"
CBF,dtw,elastic,0.6112009150736945,0.6755172234515281,14.76658620000012,42,1,length,0.5,930,150,128,3,"{""window"": 13, ""backend"": ""aeon""}","{""init"": ""random"", ""max_iter"": 300, ""method"": ""alternate""}"
CBF,msm,elastic,0.5980626935015361,0.6415096141720941,2.5075637999998435,42,1,length,0.5,930,150,128,3,"{""c"": 1.0, ""backend"": ""aeon""}","{""init"": ""random"", ""max_iter"": 300, ""method"": ""alternate""}"
CBF,ed,lock-step,0.33002252806887933,0.38763489403074197,0.0035726000000977365,42,2,length,0.5,930,150,128,3,,"{""init"": ""random"", ""max_iter"": 300, ""method"": ""alternate""}"
CBF,dtw,elastic,0.6112009150736945,0.6755172234515281,14.257340399999975,42,2,length,0.5,930,150,128,3,"{""window"": 13, ""backend"": ""aeon""}","{""init"": ""random"", ""max_iter"": 300, ""method"": ""alternate""}"
CBF,msm,elastic,0.5980626935015361,0.6415096141720941,2.0238662999997814,42,2,length,0.5,930,150,128,3,"{""c"": 1.0, ""backend"": ""aeon""}","{""init"": ""random"", ""max_iter"": 300, ""method"": ""alternate""}"
CBF,ed,lock-step,0.3921011135232047,0.41777888815516595,0.0041442000001552515,42,3,length,0.5,930,150,128,3,,"{""init"": ""random"", ""max_iter"": 300, ""method"": ""alternate""}"
CBF,dtw,elastic,0.6112009150736945,0.6755172234515281,12.736607199999753,42,3,length,0.5,930,150,128,3,"{""window"": 13, ""backend"": ""aeon""}","{""init"": ""random"", ""max_iter"": 300, ""method"": ""alternate""}"
CBF,msm,elastic,0.39469566462808214,0.41542643745374885,1.1259472000001551,42,3,length,0.5,930,150,128,3,"{""c"": 1.0, ""backend"": ""aeon""}","{""init"": ""random"", ""max_iter"": 300, ""method"": ""alternate""}"
CBF,ed,lock-step,0.39612397828339607,0.4380258993410344,0.0013139000000137457,42,4,length,0.5,930,150,128,3,,"{""init"": ""random"", ""max_iter"": 300, ""method"": ""alternate""}"
CBF,dtw,elastic,0.6409265483436509,0.6579140056906809,5.842892200000051,42,4,length,0.5,930,150,128,3,"{""window"": 13, ""backend"": ""aeon""}","{""init"": ""random"", ""max_iter"": 300, ""method"": ""alternate""}"
CBF,msm,elastic,0.5980626935015361,0.6415096141720941,0.9811333000002378,42,4,length,0.5,930,150,128,3,"{""c"": 1.0, ""backend"": ""aeon""}","{""init"": ""random"", ""max_iter"": 300, ""method"": ""alternate""}"
CBF,ed,lock-step,0.33692185636450567,0.3881109254893197,0.001446600000235776,42,5,length,0.5,930,150,128,3,,"{""init"": ""random"", ""max_iter"": 300, ""method"": ""alternate""}"
CBF,dtw,elastic,0.6112009150736945,0.6755172234515281,6.035808799999813,42,5,length,0.5,930,150,128,3,"{""window"": 13, ""backend"": ""aeon""}","{""init"": ""random"", ""max_iter"": 300, ""method"": ""alternate""}"
CBF,msm,elastic,0.5980626935015361,0.641509614172094,0.9676792000000205,42,5,length,0.5,930,150,128,3,"{""c"": 1.0, ""backend"": ""aeon""}","{""init"": ""random"", ""max_iter"": 300, ""method"": ""alternate""}"
CBF,ed,lock-step,0.33002252806887933,0.38763489403074197,0.0009972000000288972,42,6,length,0.5,930,150,128,3,,"{""init"": ""random"", ""max_iter"": 300, ""method"": ""alternate""}"
CBF,dtw,elastic,0.32660893276441033,0.3980109695993751,6.250030899999729,42,6,length,0.5,930,150,128,3,"{""window"": 13, ""backend"": ""aeon""}","{""init"": ""random"", ""max_iter"": 300, ""method"": ""alternate""}"
CBF,msm,elastic,0.36500336521360843,0.41651350154864947,0.9102234999998018,42,6,length,0.5,930,150,128,3,"{""c"": 1.0, ""backend"": ""aeon""}","{""init"": ""random"", ""max_iter"": 300, ""method"": ""alternate""}"
CBF,ed,lock-step,0.33692185636450567,0.3881109254893197,0.0021323999999367516,42,7,length,0.5,930,150,128,3,,"{""init"": ""random"", ""max_iter"": 300, ""method"": ""alternate""}"
CBF,dtw,elastic,0.3997117707881301,0.46002007325387473,6.194275800000014,42,7,length,0.5,930,150,128,3,"{""window"": 13, ""backend"": ""aeon""}","{""init"": ""random"", ""max_iter"": 300, ""method"": ""alternate""}"
CBF,msm,elastic,0.3449001719734851,0.3877992621688126,0.9972531000000799,42,7,length,0.5,930,150,128,3,"{""c"": 1.0, ""backend"": ""aeon""}","{""init"": ""random"", ""max_iter"": 300, ""method"": ""alternate""}"
CBF,ed,lock-step,0.2732941386068056,0.33286258608767627,0.0015896000002157962,42,8,length,0.5,930,150,128,3,,"{""init"": ""random"", ""max_iter"": 300, ""method"": ""alternate""}"
CBF,dtw,elastic,0.6112009150736945,0.6755172234515281,6.187417900000128,42,8,length,0.5,930,150,128,3,"{""window"": 13, ""backend"": ""aeon""}","{""init"": ""random"", ""max_iter"": 300, ""method"": ""alternate""}"
CBF,msm,elastic,0.5980626935015361,0.641509614172094,0.9160204000002068,42,8,length,0.5,930,150,128,3,"{""c"": 1.0, ""backend"": ""aeon""}","{""init"": ""random"", ""max_iter"": 300, ""method"": ""alternate""}"
CBF,ed,lock-step,0.21737460450065058,0.29394485248109253,0.0016831999998885294,42,9,length,0.5,930,150,128,3,,"{""init"": ""random"", ""max_iter"": 300, ""method"": ""alternate""}"
CBF,dtw,elastic,0.3652497727234736,0.4651406428022934,6.375279699999965,42,9,length,0.5,930,150,128,3,"{""window"": 13, ""backend"": ""aeon""}","{""init"": ""random"", ""max_iter"": 300, ""method"": ""alternate""}"
CBF,msm,elastic,0.36500336521360843,0.41651350154864947,0.8417877999997927,42,9,length,0.5,930,150,128,3,"{""c"": 1.0, ""backend"": ""aeon""}","{""init"": ""random"", ""max_iter"": 300, ""method"": ""alternate""}"
CBF,ed,lock-step,0.3921011135232047,0.41777888815516595,0.0025351000001592183,42,10,length,0.5,930,150,128,3,,"{""init"": ""random"", ""max_iter"": 300, ""method"": ""alternate""}"
CBF,dtw,elastic,0.3790489484534419,0.42488502326251415,5.970098999999891,42,10,length,0.5,930,150,128,3,"{""window"": 13, ""backend"": ""aeon""}","{""init"": ""random"", ""max_iter"": 300, ""method"": ""alternate""}"
CBF,msm,elastic,0.3449001719734851,0.3877992621688126,0.9398363999998764,42,10,length,0.5,930,150,128,3,"{""c"": 1.0, ""backend"": ""aeon""}","{""init"": ""random"", ""max_iter"": 300, ""method"": ""alternate""}"
CBF,ed,lock-step,0.3542170214525484,0.397718181480867,0.006535899999789763,42,1,length,0.25,930,150,128,3,,"{""init"": ""random"", ""max_iter"": 300, ""method"": ""alternate""}"
CBF,dtw,elastic,0.4925229001583731,0.49501864558063446,6.0450969999999415,42,1,length,0.25,930,150,128,3,"{""window"": 13, ""backend"": ""aeon""}","{""init"": ""random"", ""max_iter"": 300, ""method"": ""alternate""}"
CBF,msm,elastic,0.6256580947656463,0.638115642633016,0.9004022999997687,42,1,length,0.25,930,150,128,3,"{""c"": 1.0, ""backend"": ""aeon""}","{""init"": ""random"", ""max_iter"": 300, ""method"": ""alternate""}"
CBF,ed,lock-step,0.2668769104778136,0.3173067245676719,0.010134499999821855,42,2,length,0.25,930,150,128,3,,"{""init"": ""random"", ""max_iter"": 300, ""method"": ""alternate""}"
CBF,dtw,elastic,0.5016695428552093,0.5127764219575149,6.201524000000063,42,2,length,0.25,930,150,128,3,"{""window"": 13, ""backend"": ""aeon""}","{""init"": ""random"", ""max_iter"": 300, ""method"": ""alternate""}"
CBF,msm,elastic,0.4188028472793116,0.4375797514325246,0.8134997999998177,42,2,length,0.25,930,150,128,3,"{""c"": 1.0, ""backend"": ""aeon""}","{""init"": ""random"", ""max_iter"": 300, ""method"": ""alternate""}"
CBF,ed,lock-step,0.3469423796297783,0.34662413691099503,0.0012760999998135958,42,3,length,0.25,930,150,128,3,,"{""init"": ""random"", ""max_iter"": 300, ""method"": ""alternate""}"
CBF,dtw,elastic,0.31568827832465557,0.3557433728212321,6.169263499999715,42,3,length,0.25,930,150,128,3,"{""window"": 13, ""backend"": ""aeon""}","{""init"": ""random"", ""max_iter"": 300, ""method"": ""alternate""}"
CBF,msm,elastic,0.30302957341990405,0.3514597728154823,0.8616015999998581,42,3,length,0.25,930,150,128,3,"{""c"": 1.0, ""backend"": ""aeon""}","{""init"": ""random"", ""max_iter"": 300, ""method"": ""alternate""}"
CBF,ed,lock-step,0.31491668089849856,0.32009294505586294,0.0015057999999044114,42,4,length,0.25,930,150,128,3,,"{""init"": ""random"", ""max_iter"": 300, ""method"": ""alternate""}"
CBF,dtw,elastic,0.3508640781563805,0.3640061107580382,6.062564900000098,42,4,length,0.25,930,150,128,3,"{""window"": 13, ""backend"": ""aeon""}","{""init"": ""random"", ""max_iter"": 300, ""method"": ""alternate""}"
CBF,msm,elastic,0.31278424055748344,0.3543740563012139,0.9325647999999092,42,4,length,0.25,930,150,128,3,"{""c"": 1.0, ""backend"": ""aeon""}","{""init"": ""random"", ""max_iter"": 300, ""method"": ""alternate""}"
CBF,ed,lock-step,0.26590422506146644,0.295053772807839,0.002632599999969898,42,5,length,0.25,930,150,128,3,,"{""init"": ""random"", ""max_iter"": 300, ""method"": ""alternate""}"
CBF,dtw,elastic,0.2532574737426324,0.30807729040842885,6.266408199999887,42,5,length,0.25,930,150,128,3,"{""window"": 13, ""backend"": ""aeon""}","{""init"": ""random"", ""max_iter"": 300, ""method"": ""alternate""}"
CBF,msm,elastic,0.5954564123900509,0.5943148461558293,0.8953870000000279,42,5,length,0.25,930,150,128,3,"{""c"": 1.0, ""backend"": ""aeon""}","{""init"": ""random"", ""max_iter"": 300, ""method"": ""alternate""}"
CBF,ed,lock-step,0.26483022653522914,0.31557591208281704,0.0038272000001597917,42,6,length,0.25,930,150,128,3,,"{""init"": ""random"", ""max_iter"": 300, ""method"": ""alternate""}"
CBF,dtw,elastic,0.5319617085870479,0.5331384466314123,5.98342700000012,42,6,length,0.25,930,150,128,3,"{""window"": 13, ""backend"": ""aeon""}","{""init"": ""random"", ""max_iter"": 300, ""method"": ""alternate""}"
CBF,msm,elastic,0.45678520894998836,0.48424415488952216,0.8202209999999468,42,6,length,0.25,930,150,128,3,"{""c"": 1.0, ""backend"": ""aeon""}","{""init"": ""random"", ""max_iter"": 300, ""method"": ""alternate""}"
CBF,ed,lock-step,0.3469423796297783,0.34662413691099503,0.0013053000000127213,42,7,length,0.25,930,150,128,3,,"{""init"": ""random"", ""max_iter"": 300, ""method"": ""alternate""}"
CBF,dtw,elastic,0.5179543856123782,0.5164451460063866,6.499609400000054,42,7,length,0.25,930,150,128,3,"{""window"": 13, ""backend"": ""aeon""}","{""init"": ""random"", ""max_iter"": 300, ""method"": ""alternate""}"
CBF,msm,elastic,0.3397017377009271,0.38985939349995624,0.8708065999999235,42,7,length,0.25,930,150,128,3,"{""c"": 1.0, ""backend"": ""aeon""}","{""init"": ""random"", ""max_iter"": 300, ""method"": ""alternate""}"
CBF,ed,lock-step,0.3243967795358221,0.37054889210547876,0.001287999999931344,42,8,length,0.25,930,150,128,3,,"{""init"": ""random"", ""max_iter"": 300, ""method"": ""alternate""}"
CBF,dtw,elastic,0.4592722511396334,0.46333392510030735,6.462307900000042,42,8,length,0.25,930,150,128,3,"{""window"": 13, ""backend"": ""aeon""}","{""init"": ""random"", ""max_iter"": 300, ""method"": ""alternate""}"
CBF,msm,elastic,0.6108114133157141,0.6006510790742808,0.9276497000000745,42,8,length,0.25,930,150,128,3,"{""c"": 1.0, ""backend"": ""aeon""}","{""init"": ""random"", ""max_iter"": 300, ""method"": ""alternate""}"
CBF,ed,lock-step,0.271147734169086,0.3154550176943339,0.003071900000122696,42,9,length,0.25,930,150,128,3,,"{""init"": ""random"", ""max_iter"": 300, ""method"": ""alternate""}"
CBF,dtw,elastic,0.38474665353366455,0.43035073466111906,6.146526500000164,42,9,length,0.25,930,150,128,3,"{""window"": 13, ""backend"": ""aeon""}","{""init"": ""random"", ""max_iter"": 300, ""method"": ""alternate""}"
CBF,msm,elastic,0.3971022382829092,0.4363967542900995,0.9357594000000518,42,9,length,0.25,930,150,128,3,"{""c"": 1.0, ""backend"": ""aeon""}","{""init"": ""random"", ""max_iter"": 300, ""method"": ""alternate""}"
CBF,ed,lock-step,0.375850199750263,0.40777149203783525,0.0016319999999723223,42,10,length,0.25,930,150,128,3,,"{""init"": ""random"", ""max_iter"": 300, ""method"": ""alternate""}"
CBF,dtw,elastic,0.40313189861608645,0.4290254490358143,6.056775199999947,42,10,length,0.25,930,150,128,3,"{""window"": 13, ""backend"": ""aeon""}","{""init"": ""random"", ""max_iter"": 300, ""method"": ""alternate""}"
CBF,msm,elastic,0.5794750251343527,0.5528587203223363,0.8521444999998948,42,10,length,0.25,930,150,128,3,"{""c"": 1.0, ""backend"": ""aeon""}","{""init"": ""random"", ""max_iter"": 300, ""method"": ""alternate""}"
Trace,ed,lock-step,0.3970771698449474,0.5310472906884609,0.003488800000241099,42,1,noise,0.0,200,200,275,4,,"{""init"": ""random"", ""max_iter"": 300, ""method"": ""alternate""}"
Trace,dtw,elastic,0.6258062067299321,0.800246559228825,51.8414123,42,1,noise,0.0,200,200,275,4,"{""window"": 28, ""backend"": ""aeon""}","{""init"": ""random"", ""max_iter"": 300, ""method"": ""alternate""}"
Trace,msm,elastic,0.47508778265526974,0.6111570311240329,20.170547100000476,42,1,noise,0.0,200,200,275,4,"{""c"": 1.0, ""backend"": ""aeon""}","{""init"": ""random"", ""max_iter"": 300, ""method"": ""alternate""}"
Trace,ed,lock-step,0.3293473151695709,0.5027812536798705,0.004523000000062893,42,2,noise,0.0,200,200,275,4,,"{""init"": ""random"", ""max_iter"": 300, ""method"": ""alternate""}"
Trace,dtw,elastic,0.6695430576205196,0.7584153924830414,105.40954449999981,42,2,noise,0.0,200,200,275,4,"{""window"": 28, ""backend"": ""aeon""}","{""init"": ""random"", ""max_iter"": 300, ""method"": ""alternate""}"
Trace,msm,elastic,0.34065271864654384,0.5089173059499711,44.721287200000006,42,2,noise,0.0,200,200,275,4,"{""c"": 1.0, ""backend"": ""aeon""}","{""init"": ""random"", ""max_iter"": 300, ""method"": ""alternate""}"
Trace,ed,lock-step,0.3293473151695709,0.5027812536798704,0.03669499999978143,42,3,noise,0.0,200,200,275,4,,"{""init"": ""random"", ""max_iter"": 300, ""method"": ""alternate""}"
Trace,dtw,elastic,0.6655235055431996,0.7525044461276025,120.1642423000003,42,3,noise,0.0,200,200,275,4,"{""window"": 28, ""backend"": ""aeon""}","{""init"": ""random"", ""max_iter"": 300, ""method"": ""alternate""}"
Trace,msm,elastic,0.34065271864654384,0.5089173059499711,44.52567109999973,42,3,noise,0.0,200,200,275,4,"{""c"": 1.0, ""backend"": ""aeon""}","{""init"": ""random"", ""max_iter"": 300, ""method"": ""alternate""}"
Trace,ed,lock-step,0.393930573582276,0.528533951323854,0.006150100000013481,42,4,noise,0.0,200,200,275,4,,"{""init"": ""random"", ""max_iter"": 300, ""method"": ""alternate""}"
Trace,dtw,elastic,0.4095704245400628,0.5442029245450124,120.6382294,42,4,noise,0.0,200,200,275,4,"{""window"": 28, ""backend"": ""aeon""}","{""init"": ""random"", ""max_iter"": 300, ""method"": ""alternate""}"
Trace,msm,elastic,0.34065271864654384,0.5089173059499711,43.99393700000019,42,4,noise,0.0,200,200,275,4,"{""c"": 1.0, ""backend"": ""aeon""}","{""init"": ""random"", ""max_iter"": 300, ""method"": ""alternate""}"
Trace,ed,lock-step,0.4010723406827558,0.5350890051293287,0.006058499999653577,42,5,noise,0.0,200,200,275,4,,"{""init"": ""random"", ""max_iter"": 300, ""method"": ""alternate""}"
Trace,dtw,elastic,0.6423800966262183,0.8077843044298384,118.8350633,42,5,noise,0.0,200,200,275,4,"{""window"": 28, ""backend"": ""aeon""}","{""init"": ""random"", ""max_iter"": 300, ""method"": ""alternate""}"
Trace,msm,elastic,0.4848984915126794,0.6735370190814333,42.80399710000029,42,5,noise,0.0,200,200,275,4,"{""c"": 1.0, ""backend"": ""aeon""}","{""init"": ""random"", ""max_iter"": 300, ""method"": ""alternate""}"
Trace,ed,lock-step,0.3293473151695709,0.5027812536798705,0.006594399999812595,42,6,noise,0.0,200,200,275,4,,"{""init"": ""random"", ""max_iter"": 300, ""method"": ""alternate""}"
Trace,dtw,elastic,0.4716834216187735,0.6627959101608362,939.5310122999999,42,6,noise,0.0,200,200,275,4,"{""window"": 28, ""backend"": ""aeon""}","{""init"": ""random"", ""max_iter"": 300, ""method"": ""alternate""}"
Trace,msm,elastic,0.40644456952737157,0.5411994180858049,19.608283700000356,42,6,noise,0.0,200,200,275,4,"{""c"": 1.0, ""backend"": ""aeon""}","{""init"": ""random"", ""max_iter"": 300, ""method"": ""alternate""}"
Trace,ed,lock-step,0.3293473151695709,0.5027812536798704,0.001561500000207161,42,7,noise,0.0,200,200,275,4,,"{""init"": ""random"", ""max_iter"": 300, ""method"": ""alternate""}"
Trace,dtw,elastic,0.6655235055431996,0.7525044461276026,45.36945319999995,42,7,noise,0.0,200,200,275,4,"{""window"": 28, ""backend"": ""aeon""}","{""init"": ""random"", ""max_iter"": 300, ""method"": ""alternate""}"
Trace,msm,elastic,0.34013469230609006,0.5082473123885117,17.661257900000237,42,7,noise,0.0,200,200,275,4,"{""c"": 1.0, ""backend"": ""aeon""}","{""init"": ""random"", ""max_iter"": 300, ""method"": ""alternate""}"
Trace,ed,lock-step,0.4010723406827558,0.5350890051293287,0.0014792000001762062,42,8,noise,0.0,200,200,275,4,,"{""init"": ""random"", ""max_iter"": 300, ""method"": ""alternate""}"
Trace,dtw,elastic,0.6275169462086189,0.8009903500739666,46.3699816000003,42,8,noise,0.0,200,200,275,4,"{""window"": 28, ""backend"": ""aeon""}","{""init"": ""random"", ""max_iter"": 300, ""method"": ""alternate""}"
Trace,msm,elastic,0.3471097724890644,0.5124363745387334,17.807598300000336,42,8,noise,0.0,200,200,275,4,"{""c"": 1.0, ""backend"": ""aeon""}","{""init"": ""random"", ""max_iter"": 300, ""method"": ""alternate""}"
Trace,ed,lock-step,0.3293473151695709,0.5027812536798704,0.001327300000411924,42,9,noise,0.0,200,200,275,4,,"{""init"": ""random"", ""max_iter"": 300, ""method"": ""alternate""}"
Trace,dtw,elastic,0.6258062067299321,0.800246559228825,47.18540570000005,42,9,noise,0.0,200,200,275,4,"{""window"": 28, ""backend"": ""aeon""}","{""init"": ""random"", ""max_iter"": 300, ""method"": ""alternate""}"
Trace,msm,elastic,0.34065271864654384,0.5089173059499711,18.80577799999992,42,9,noise,0.0,200,200,275,4,"{""c"": 1.0, ""backend"": ""aeon""}","{""init"": ""random"", ""max_iter"": 300, ""method"": ""alternate""}"
Trace,ed,lock-step,0.40602902348360365,0.5408223494611252,0.15428539999993518,42,10,noise,0.0,200,200,275,4,,"{""init"": ""random"", ""max_iter"": 300, ""method"": ""alternate""}"
Trace,dtw,elastic,0.6423800966262183,0.8077843044298384,47.343325399999685,42,10,noise,0.0,200,200,275,4,"{""window"": 28, ""backend"": ""aeon""}","{""init"": ""random"", ""max_iter"": 300, ""method"": ""alternate""}"
Trace,msm,elastic,0.4672539154643533,0.6100677595940187,19.166447600000083,42,10,noise,0.0,200,200,275,4,"{""c"": 1.0, ""backend"": ""aeon""}","{""init"": ""random"", ""max_iter"": 300, ""method"": ""alternate""}"
Trace,ed,lock-step,0.3271146248282996,0.5020447227493601,0.001447300000108953,42,1,noise,0.1,200,200,275,4,,"{""init"": ""random"", ""max_iter"": 300, ""method"": ""alternate""}"
Trace,dtw,elastic,0.625378131410156,0.8000615761527523,43.72450269999945,42,1,noise,0.1,200,200,275,4,"{""window"": 28, ""backend"": ""aeon""}","{""init"": ""random"", ""max_iter"": 300, ""method"": ""alternate""}"
Trace,msm,elastic,0.45496206291872854,0.5865227513758757,17.975930900000094,42,1,noise,0.1,200,200,275,4,"{""c"": 1.0, ""backend"": ""aeon""}","{""init"": ""random"", ""max_iter"": 300, ""method"": ""alternate""}"
Trace,ed,lock-step,0.3271146248282996,0.50204472274936,0.0015505999999732012,42,2,noise,0.1,200,200,275,4,,"{""init"": ""random"", ""max_iter"": 300, ""method"": ""alternate""}"
Trace,dtw,elastic,0.6644893035518995,0.7533907719567732,44.438309200000276,42,2,noise,0.1,200,200,275,4,"{""window"": 28, ""backend"": ""aeon""}","{""init"": ""random"", ""max_iter"": 300, ""method"": ""alternate""}"
Trace,msm,elastic,0.3303580533103106,0.5038018912943223,23.0876202000004,42,2,noise,0.1,200,200,275,4,"{""c"": 1.0, ""backend"": ""aeon""}","{""init"": ""random"", ""max_iter"": 300, ""method"": ""alternate""}"
Trace,ed,lock-step,0.3271146248282996,0.5020447227493601,0.003534399999807647,42,3,noise,0.1,200,200,275,4,,"{""init"": ""random"", ""max_iter"": 300, ""method"": ""alternate""}"
Trace,dtw,elastic,0.6655235055431996,0.7525044461276026,55.73865810000052,42,3,noise,0.1,200,200,275,4,"{""window"": 28, ""backend"": ""aeon""}","{""init"": ""random"", ""max_iter"": 300, ""method"": ""alternate""}"
Trace,msm,elastic,0.3303580533103106,0.5038018912943223,23.700319600000512,42,3,noise,0.1,200,200,275,4,"{""c"": 1.0, ""backend"": ""aeon""}","{""init"": ""random"", ""max_iter"": 300, ""method"": ""alternate""}"
Trace,ed,lock-step,0.39380909758280674,0.5283654392586975,0.015504799999689567,42,4,noise,0.1,200,200,275,4,,"{""init"": ""random"", ""max_iter"": 300, ""method"": ""alternate""}"
Trace,dtw,elastic,0.39567295867052094,0.5299659575179858,56.0546132999998,42,4,noise,0.1,200,200,275,4,"{""window"": 28, ""backend"": ""aeon""}","{""init"": ""random"", ""max_iter"": 300, ""method"": ""alternate""}"
Trace,msm,elastic,0.32829204447067817,0.5020757138821541,24.989334700000654,42,4,noise,0.1,200,200,275,4,"{""c"": 1.0, ""backend"": ""aeon""}","{""init"": ""random"", ""max_iter"": 300, ""method"": ""alternate""}"
Trace,ed,lock-step,0.40104155638143857,0.5352605553467983,0.003499000000374508,42,5,noise,0.1,200,200,275,4,,"{""init"": ""random"", ""max_iter"": 300, ""method"": ""alternate""}"
Trace,dtw,elastic,0.6394225729645547,0.8063816560847118,57.692973000000165,42,5,noise,0.1,200,200,275,4,"{""window"": 28, ""backend"": ""aeon""}","{""init"": ""random"", ""max_iter"": 300, ""method"": ""alternate""}"
Trace,msm,elastic,0.4229619799272647,0.5592677628436682,21.897523399999955,42,5,noise,0.1,200,200,275,4,"{""c"": 1.0, ""backend"": ""aeon""}","{""init"": ""random"", ""max_iter"": 300, ""method"": ""alternate""}"
Trace,ed,lock-step,0.3293473151695709,0.5027812536798705,0.0034606999997777166,42,6,noise,0.1,200,200,275,4,,"{""init"": ""random"", ""max_iter"": 300, ""method"": ""alternate""}"
Trace,dtw,elastic,0.45563614487917276,0.6266880227627538,56.55918120000024,42,6,noise,0.1,200,200,275,4,"{""window"": 28, ""backend"": ""aeon""}","{""init"": ""random"", ""max_iter"": 300, ""method"": ""alternate""}"
Trace,msm,elastic,0.41202035348487526,0.5475267900037135,20.323699199999282,42,6,noise,0.1,200,200,275,4,"{""c"": 1.0, ""backend"": ""aeon""}","{""init"": ""random"", ""max_iter"": 300, ""method"": ""alternate""}"
Trace,ed,lock-step,0.3293473151695709,0.5027812536798704,0.01541449999967881,42,7,noise,0.1,200,200,275,4,,"{""init"": ""random"", ""max_iter"": 300, ""method"": ""alternate""}"
Trace,dtw,elastic,0.6652028088730914,0.7529314092461399,57.7689962000004,42,7,noise,0.1,200,200,275,4,"{""window"": 28, ""backend"": ""aeon""}","{""init"": ""random"", ""max_iter"": 300, ""method"": ""alternate""}"
Trace,msm,elastic,0.34334360796617286,0.5099995090234004,23.484678100000565,42,7,noise,0.1,200,200,275,4,"{""c"": 1.0, ""backend"": ""aeon""}","{""init"": ""random"", ""max_iter"": 300, ""method"": ""alternate""}"
Trace,ed,lock-step,0.40104155638143857,0.5352605553467984,0.0015752999997857842,42,8,noise,0.1,200,200,275,4,,"{""init"": ""random"", ""max_iter"": 300, ""method"": ""alternate""}"
Trace,dtw,elastic,0.6287983633190926,0.8015523078704747,53.67256720000023,42,8,noise,0.1,200,200,275,4,"{""window"": 28, ""backend"": ""aeon""}","{""init"": ""random"", ""max_iter"": 300, ""method"": ""alternate""}"
Trace,msm,elastic,0.33072567396240565,0.5039590415062897,22.899513899999874,42,8,noise,0.1,200,200,275,4,"{""c"": 1.0, ""backend"": ""aeon""}","{""init"": ""random"", ""max_iter"": 300, ""method"": ""alternate""}"
Trace,ed,lock-step,0.3293473151695709,0.5027812536798704,0.001880199999504839,42,9,noise,0.1,200,200,275,4,,"{""init"": ""random"", ""max_iter"": 300, ""method"": ""alternate""}"
Trace,dtw,elastic,0.6287983633190926,0.8015523078704747,51.657802799999445,42,9,noise,0.1,200,200,275,4,"{""window"": 28, ""backend"": ""aeon""}","{""init"": ""random"", ""max_iter"": 300, ""method"": ""alternate""}"
Trace,msm,elastic,0.3303580533103106,0.5038018912943223,19.204788799999733,42,9,noise,0.1,200,200,275,4,"{""c"": 1.0, ""backend"": ""aeon""}","{""init"": ""random"", ""max_iter"": 300, ""method"": ""alternate""}"
Trace,ed,lock-step,0.40826438571656154,0.5437364713700853,0.0017127000000982662,42,10,noise,0.1,200,200,275,4,,"{""init"": ""random"", ""max_iter"": 300, ""method"": ""alternate""}"
Trace,dtw,elastic,0.6343350107663466,0.8040298671099791,54.00111899999956,42,10,noise,0.1,200,200,275,4,"{""window"": 28, ""backend"": ""aeon""}","{""init"": ""random"", ""max_iter"": 300, ""method"": ""alternate""}"
Trace,msm,elastic,0.4455339506303788,0.5875280155511264,19.370979200000875,42,10,noise,0.1,200,200,275,4,"{""c"": 1.0, ""backend"": ""aeon""}","{""init"": ""random"", ""max_iter"": 300, ""method"": ""alternate""}"
Trace,ed,lock-step,0.3294627975351239,0.5032788831864564,0.00146740000036516,42,1,noise,0.2,200,200,275,4,,"{""init"": ""random"", ""max_iter"": 300, ""method"": ""alternate""}"
Trace,dtw,elastic,0.632208632453777,0.8030686221487029,53.25785090000045,42,1,noise,0.2,200,200,275,4,"{""window"": 28, ""backend"": ""aeon""}","{""init"": ""random"", ""max_iter"": 300, ""method"": ""alternate""}"
Trace,msm,elastic,0.4425308334648594,0.5732154838780529,20.182592099999965,42,1,noise,0.2,200,200,275,4,"{""c"": 1.0, ""backend"": ""aeon""}","{""init"": ""random"", ""max_iter"": 300, ""method"": ""alternate""}"
Trace,ed,lock-step,0.3294627975351239,0.5032788831864564,0.0016358999992007739,42,2,noise,0.2,200,200,275,4,,"{""init"": ""random"", ""max_iter"": 300, ""method"": ""alternate""}"
Trace,dtw,elastic,0.663572323010511,0.7522843471933998,54.85180169999967,42,2,noise,0.2,200,200,275,4,"{""window"": 28, ""backend"": ""aeon""}","{""init"": ""random"", ""max_iter"": 300, ""method"": ""alternate""}"
Trace,msm,elastic,0.327824339784601,0.5024932286605133,20.920876400000452,42,2,noise,0.2,200,200,275,4,"{""c"": 1.0, ""backend"": ""aeon""}","{""init"": ""random"", ""max_iter"": 300, ""method"": ""alternate""}"
Trace,ed,lock-step,0.3294627975351239,0.5032788831864564,0.0017516000007162802,42,3,noise,0.2,200,200,275,4,,"{""init"": ""random"", ""max_iter"": 300, ""method"": ""alternate""}"
Trace,dtw,elastic,0.663572323010511,0.7522843471933998,55.44893450000018,42,3,noise,0.2,200,200,275,4,"{""window"": 28, ""backend"": ""aeon""}","{""init"": ""random"", ""max_iter"": 300, ""method"": ""alternate""}"
Trace,msm,elastic,0.327824339784601,0.5024932286605133,20.762640200000533,42,3,noise,0.2,200,200,275,4,"{""c"": 1.0, ""backend"": ""aeon""}","{""init"": ""random"", ""max_iter"": 300, ""method"": ""alternate""}"
Trace,ed,lock-step,0.3684000206329467,0.4723507029125112,0.002249199999823759,42,4,noise,0.2,200,200,275,4,,"{""init"": ""random"", ""max_iter"": 300, ""method"": ""alternate""}"
Trace,dtw,elastic,0.394107595137279,0.5285580236524312,51.202378099998896,42,4,noise,0.2,200,200,275,4,"{""window"": 28, ""backend"": ""aeon""}","{""init"": ""random"", ""max_iter"": 300, ""method"": ""alternate""}"
Trace,msm,elastic,0.43939525005247676,0.582804742408862,23.996743900000183,42,4,noise,0.2,200,200,275,4,"{""c"": 1.0, ""backend"": ""aeon""}","{""init"": ""random"", ""max_iter"": 300, ""method"": ""alternate""}"
Trace,ed,lock-step,0.40104155638143857,0.5352605553467983,0.034515299999839044,42,5,noise,0.2,200,200,275,4,,"{""init"": ""random"", ""max_iter"": 300, ""method"": ""alternate""}"
Trace,dtw,elastic,0.6528816898338525,0.8129989038127053,54.80110120000063,42,5,noise,0.2,200,200,275,4,"{""window"": 28, ""backend"": ""aeon""}","{""init"": ""random"", ""max_iter"": 300, ""method"": ""alternate""}"
Trace,msm,elastic,0.48152784961257544,0.6711543229695098,21.708314800000153,42,5,noise,0.2,200,200,275,4,"{""c"": 1.0, ""backend"": ""aeon""}","{""init"": ""random"", ""max_iter"": 300, ""method"": ""alternate""}"
Trace,ed,lock-step,0.33008218822779267,0.5030565335862407,0.001879400000689202,42,6,noise,0.2,200,200,275,4,,"{""init"": ""random"", ""max_iter"": 300, ""method"": ""alternate""}"
Trace,dtw,elastic,0.41780032496544384,0.5548767992367034,48.95775689999937,42,6,noise,0.2,200,200,275,4,"{""window"": 28, ""backend"": ""aeon""}","{""init"": ""random"", ""max_iter"": 300, ""method"": ""alternate""}"
Trace,msm,elastic,0.41191682874083746,0.547480783726806,22.045750899999803,42,6,noise,0.2,200,200,275,4,"{""c"": 1.0, ""backend"": ""aeon""}","{""init"": ""random"", ""max_iter"": 300, ""method"": ""alternate""}"
Trace,ed,lock-step,0.3293473151695709,0.5027812536798704,0.0029475000001184526,42,7,noise,0.2,200,200,275,4,,"{""init"": ""random"", ""max_iter"": 300, ""method"": ""alternate""}"
Trace,dtw,elastic,0.663572323010511,0.7522843471933998,52.85636759999943,42,7,noise,0.2,200,200,275,4,"{""window"": 28, ""backend"": ""aeon""}","{""init"": ""random"", ""max_iter"": 300, ""method"": ""alternate""}"
Trace,msm,elastic,0.346898457518967,0.5119871940367836,20.034502299999986,42,7,noise,0.2,200,200,275,4,"{""c"": 1.0, ""backend"": ""aeon""}","{""init"": ""random"", ""max_iter"": 300, ""method"": ""alternate""}"
Trace,ed,lock-step,0.40104155638143857,0.5352605553467984,0.0018165000001317821,42,8,noise,0.2,200,200,275,4,,"{""init"": ""random"", ""max_iter"": 300, ""method"": ""alternate""}"
Trace,dtw,elastic,0.625378131410156,0.8000615761527523,51.999517400000514,42,8,noise,0.2,200,200,275,4,"{""window"": 28, ""backend"": ""aeon""}","{""init"": ""random"", ""max_iter"": 300, ""method"": ""alternate""}"
Trace,msm,elastic,0.4367461129463736,0.5663267226772396,20.351632100000643,42,8,noise,0.2,200,200,275,4,"{""c"": 1.0, ""backend"": ""aeon""}","{""init"": ""random"", ""max_iter"": 300, ""method"": ""alternate""}"
Trace,ed,lock-step,0.33008218822779267,0.5030565335862407,0.002668199999789067,42,9,noise,0.2,200,200,275,4,,"{""init"": ""random"", ""max_iter"": 300, ""method"": ""alternate""}"
Trace,dtw,elastic,0.6252354048964218,0.7999999999999997,53.80008150000049,42,9,noise,0.2,200,200,275,4,"{""window"": 28, ""backend"": ""aeon""}","{""init"": ""random"", ""max_iter"": 300, ""method"": ""alternate""}"
Trace,msm,elastic,0.327824339784601,0.5024932286605133,20.107754800000293,42,9,noise,0.2,200,200,275,4,"{""c"": 1.0, ""backend"": ""aeon""}","{""init"": ""random"", ""max_iter"": 300, ""method"": ""alternate""}"
Trace,ed,lock-step,0.40026637269898974,0.5352258536375802,0.001527899999928195,42,10,noise,0.2,200,200,275,4,,"{""init"": ""random"", ""max_iter"": 300, ""method"": ""alternate""}"
Trace,dtw,elastic,0.632208632453777,0.8030686221487029,53.19571290000022,42,10,noise,0.2,200,200,275,4,"{""window"": 28, ""backend"": ""aeon""}","{""init"": ""random"", ""max_iter"": 300, ""method"": ""alternate""}"
Trace,msm,elastic,0.440802160597273,0.5843621464128562,23.707809300000008,42,10,noise,0.2,200,200,275,4,"{""c"": 1.0, ""backend"": ""aeon""}","{""init"": ""random"", ""max_iter"": 300, ""method"": ""alternate""}"
Trace,ed,lock-step,0.33004710256575226,0.503288232777202,0.0022030999998605694,42,1,noise,0.4,200,200,275,4,,"{""init"": ""random"", ""max_iter"": 300, ""method"": ""alternate""}"
Trace,dtw,elastic,0.6635854311381788,0.7520396350501346,50.38695520000056,42,1,noise,0.4,200,200,275,4,"{""window"": 28, ""backend"": ""aeon""}","{""init"": ""random"", ""max_iter"": 300, ""method"": ""alternate""}"
Trace,msm,elastic,0.4570829979165054,0.5989603935921505,23.071119699999144,42,1,noise,0.4,200,200,275,4,"{""c"": 1.0, ""backend"": ""aeon""}","{""init"": ""random"", ""max_iter"": 300, ""method"": ""alternate""}"
Trace,ed,lock-step,0.33004710256575226,0.503288232777202,0.023881799999799114,42,2,noise,0.4,200,200,275,4,,"{""init"": ""random"", ""max_iter"": 300, ""method"": ""alternate""}"
Trace,dtw,elastic,0.6858342061643905,0.7832926337891031,52.83691770000041,42,2,noise,0.4,200,200,275,4,"{""window"": 28, ""backend"": ""aeon""}","{""init"": ""random"", ""max_iter"": 300, ""method"": ""alternate""}"
Trace,msm,elastic,0.33093464709758064,0.5038598130428986,24.716048399999636,42,2,noise,0.4,200,200,275,4,"{""c"": 1.0, ""backend"": ""aeon""}","{""init"": ""random"", ""max_iter"": 300, ""method"": ""alternate""}"
Trace,ed,lock-step,0.33004710256575226,0.503288232777202,0.0034781999993356294,42,3,noise,0.4,200,200,275,4,,"{""init"": ""random"", ""max_iter"": 300, ""method"": ""alternate""}"
Trace,dtw,elastic,0.6635854311381788,0.7520396350501346,50.2222283000001,42,3,noise,0.4,200,200,275,4,"{""window"": 28, ""backend"": ""aeon""}","{""init"": ""random"", ""max_iter"": 300, ""method"": ""alternate""}"
Trace,msm,elastic,0.33093464709758064,0.5038598130428986,19.603867299999365,42,3,noise,0.4,200,200,275,4,"{""c"": 1.0, ""backend"": ""aeon""}","{""init"": ""random"", ""max_iter"": 300, ""method"": ""alternate""}"
Trace,ed,lock-step,0.3930007530051946,0.5179143198100119,0.002614699999867298,42,4,noise,0.4,200,200,275,4,,"{""init"": ""random"", ""max_iter"": 300, ""method"": ""alternate""}"
Trace,dtw,elastic,0.40565628939143905,0.5395426688283154,53.00202379999973,42,4,noise,0.4,200,200,275,4,"{""window"": 28, ""backend"": ""aeon""}","{""init"": ""random"", ""max_iter"": 300, ""method"": ""alternate""}"
Trace,msm,elastic,0.3417367889372934,0.5093799603736784,23.74609169999985,42,4,noise,0.4,200,200,275,4,"{""c"": 1.0, ""backend"": ""aeon""}","{""init"": ""random"", ""max_iter"": 300, ""method"": ""alternate""}"
Trace,ed,lock-step,0.40104155638143857,0.5352605553467983,0.005966900000203168,42,5,noise,0.4,200,200,275,4,,"{""init"": ""random"", ""max_iter"": 300, ""method"": ""alternate""}"
Trace,dtw,elastic,0.6809724816519833,0.8293595724997516,52.793010700000195,42,5,noise,0.4,200,200,275,4,"{""window"": 28, ""backend"": ""aeon""}","{""init"": ""random"", ""max_iter"": 300, ""method"": ""alternate""}"
Trace,msm,elastic,0.47146877418022065,0.639706125118581,22.94639989999996,42,5,noise,0.4,200,200,275,4,"{""c"": 1.0, ""backend"": ""aeon""}","{""init"": ""random"", ""max_iter"": 300, ""method"": ""alternate""}"
Trace,ed,lock-step,0.33004710256575226,0.503288232777202,0.008066999999755353,42,6,noise,0.4,200,200,275,4,,"{""init"": ""random"", ""max_iter"": 300, ""method"": ""alternate""}"
Trace,dtw,elastic,0.4184938865419291,0.5561124427928813,50.85494180000023,42,6,noise,0.4,200,200,275,4,"{""window"": 28, ""backend"": ""aeon""}","{""init"": ""random"", ""max_iter"": 300, ""method"": ""alternate""}"
Trace,msm,elastic,0.4191308108513567,0.5597344622864883,23.342781899998954,42,6,noise,0.4,200,200,275,4,"{""c"": 1.0, ""backend"": ""aeon""}","{""init"": ""random"", ""max_iter"": 300, ""method"": ""alternate""}"
Trace,ed,lock-step,0.33004710256575226,0.503288232777202,0.005538200000046345,42,7,noise,0.4,200,200,275,4,,"{""init"": ""random"", ""max_iter"": 300, ""method"": ""alternate""}"
Trace,dtw,elastic,0.6635854311381788,0.7520396350501344,50.67065819999971,42,7,noise,0.4,200,200,275,4,"{""window"": 28, ""backend"": ""aeon""}","{""init"": ""random"", ""max_iter"": 300, ""method"": ""alternate""}"
Trace,msm,elastic,0.3417367889372934,0.5093799603736784,21.95897630000036,42,7,noise,0.4,200,200,275,4,"{""c"": 1.0, ""backend"": ""aeon""}","{""init"": ""random"", ""max_iter"": 300, ""method"": ""alternate""}"
Trace,ed,lock-step,0.40104155638143857,0.5352605553467984,0.0040561000005254755,42,8,noise,0.4,200,200,275,4,,"{""init"": ""random"", ""max_iter"": 300, ""method"": ""alternate""}"
Trace,dtw,elastic,0.6343350107663466,0.804029867109979,50.04704630000015,42,8,noise,0.4,200,200,275,4,"{""window"": 28, ""backend"": ""aeon""}","{""init"": ""random"", ""max_iter"": 300, ""method"": ""alternate""}"
Trace,msm,elastic,0.4020466491201802,0.5351475264515022,19.115745400000378,42,8,noise,0.4,200,200,275,4,"{""c"": 1.0, ""backend"": ""aeon""}","{""init"": ""random"", ""max_iter"": 300, ""method"": ""alternate""}"
Trace,ed,lock-step,0.33004710256575226,0.503288232777202,0.040028800000072806,42,9,noise,0.4,200,200,275,4,,"{""init"": ""random"", ""max_iter"": 300, ""method"": ""alternate""}"
Trace,dtw,elastic,0.6635854311381788,0.7520396350501344,50.34935299999961,42,9,noise,0.4,200,200,275,4,"{""window"": 28, ""backend"": ""aeon""}","{""init"": ""random"", ""max_iter"": 300, ""method"": ""alternate""}"
Trace,msm,elastic,0.33093464709758064,0.5038598130428986,22.362893200000144,42,9,noise,0.4,200,200,275,4,"{""c"": 1.0, ""backend"": ""aeon""}","{""init"": ""random"", ""max_iter"": 300, ""method"": ""alternate""}"
Trace,ed,lock-step,0.409059755745675,0.5437655748118784,0.0017373000009683892,42,10,noise,0.4,200,200,275,4,,"{""init"": ""random"", ""max_iter"": 300, ""method"": ""alternate""}"
Trace,dtw,elastic,0.636740235410385,0.8051323722515673,52.27470149999863,42,10,noise,0.4,200,200,275,4,"{""window"": 28, ""backend"": ""aeon""}","{""init"": ""random"", ""max_iter"": 300, ""method"": ""alternate""}"
Trace,msm,elastic,0.4333407095247706,0.569042476872293,23.84050170000046,42,10,noise,0.4,200,200,275,4,"{""c"": 1.0, ""backend"": ""aeon""}","{""init"": ""random"", ""max_iter"": 300, ""method"": ""alternate""}"
Trace,ed,lock-step,0.33003355818446833,0.5033804565236418,0.039764099999047176,42,1,noise,0.8,200,200,275,4,,"{""init"": ""random"", ""max_iter"": 300, ""method"": ""alternate""}"
Trace,dtw,elastic,0.48658521462039067,0.6026086100648844,53.162218599999505,42,1,noise,0.8,200,200,275,4,"{""window"": 28, ""backend"": ""aeon""}","{""init"": ""random"", ""max_iter"": 300, ""method"": ""alternate""}"
Trace,msm,elastic,0.4258904168180238,0.5693182261769734,23.970770499999162,42,1,noise,0.8,200,200,275,4,"{""c"": 1.0, ""backend"": ""aeon""}","{""init"": ""random"", ""max_iter"": 300, ""method"": ""alternate""}"
Trace,ed,lock-step,0.3630345611039931,0.5190762046500491,0.002211699999861594,42,2,noise,0.8,200,200,275,4,,"{""init"": ""random"", ""max_iter"": 300, ""method"": ""alternate""}"
Trace,dtw,elastic,0.5374423973607794,0.6485177673294308,49.66508049999993,42,2,noise,0.8,200,200,275,4,"{""window"": 28, ""backend"": ""aeon""}","{""init"": ""random"", ""max_iter"": 300, ""method"": ""alternate""}"
Trace,msm,elastic,0.3249806444433437,0.5007419757416085,23.529311699999198,42,2,noise,0.8,200,200,275,4,"{""c"": 1.0, ""backend"": ""aeon""}","{""init"": ""random"", ""max_iter"": 300, ""method"": ""alternate""}"
Trace,ed,lock-step,0.33003355818446833,0.5033804565236418,0.001268799999706971,42,3,noise,0.8,200,200,275,4,,"{""init"": ""random"", ""max_iter"": 300, ""method"": ""alternate""}"
Trace,dtw,elastic,0.4846992827187411,0.6014951953789901,50.71236039999985,42,3,noise,0.8,200,200,275,4,"{""window"": 28, ""backend"": ""aeon""}","{""init"": ""random"", ""max_iter"": 300, ""method"": ""alternate""}"
Trace,msm,elastic,0.3249806444433437,0.5007419757416085,20.06075670000064,42,3,noise,0.8,200,200,275,4,"{""c"": 1.0, ""backend"": ""aeon""}","{""init"": ""random"", ""max_iter"": 300, ""method"": ""alternate""}"
Trace,ed,lock-step,0.3629750711587842,0.465285793773285,0.0033782999989853124,42,4,noise,0.8,200,200,275,4,,"{""init"": ""random"", ""max_iter"": 300, ""method"": ""alternate""}"
Trace,dtw,elastic,0.39922973592243116,0.5332047085326346,53.249498700000004,42,4,noise,0.8,200,200,275,4,"{""window"": 28, ""backend"": ""aeon""}","{""init"": ""random"", ""max_iter"": 300, ""method"": ""alternate""}"
Trace,msm,elastic,0.4006324200321036,0.5346693547877326,23.35528389999945,42,4,noise,0.8,200,200,275,4,"{""c"": 1.0, ""backend"": ""aeon""}","{""init"": ""random"", ""max_iter"": 300, ""method"": ""alternate""}"
Trace,ed,lock-step,0.39911352802758776,0.5332440414687452,0.004288599999199505,42,5,noise,0.8,200,200,275,4,,"{""init"": ""random"", ""max_iter"": 300, ""method"": ""alternate""}"
Trace,dtw,elastic,0.5987455271761205,0.7531325637018933,51.21296449999954,42,5,noise,0.8,200,200,275,4,"{""window"": 28, ""backend"": ""aeon""}","{""init"": ""random"", ""max_iter"": 300, ""method"": ""alternate""}"
Trace,msm,elastic,0.45972763505251074,0.6183465263235903,22.83225709999988,42,5,noise,0.8,200,200,275,4,"{""c"": 1.0, ""backend"": ""aeon""}","{""init"": ""random"", ""max_iter"": 300, ""method"": ""alternate""}"
Trace,ed,lock-step,0.39989272470236215,0.5226666127572153,0.001469399999223242,42,6,noise,0.8,200,200,275,4,,"{""init"": ""random"", ""max_iter"": 300, ""method"": ""alternate""}"
Trace,dtw,elastic,0.4121724000306006,0.5483594232258424,50.445907199999965,42,6,noise,0.8,200,200,275,4,"{""window"": 28, ""backend"": ""aeon""}","{""init"": ""random"", ""max_iter"": 300, ""method"": ""alternate""}"
Trace,msm,elastic,0.40630140143253834,0.5393459881342995,25.43621660000008,42,6,noise,0.8,200,200,275,4,"{""c"": 1.0, ""backend"": ""aeon""}","{""init"": ""random"", ""max_iter"": 300, ""method"": ""alternate""}"
Trace,ed,lock-step,0.33003355818446833,0.5033804565236418,0.0018741000012596487,42,7,noise,0.8,200,200,275,4,,"{""init"": ""random"", ""max_iter"": 300, ""method"": ""alternate""}"
Trace,dtw,elastic,0.5041470170934397,0.6128025216358262,53.13656369999899,42,7,noise,0.8,200,200,275,4,"{""window"": 28, ""backend"": ""aeon""}","{""init"": ""random"", ""max_iter"": 300, ""method"": ""alternate""}"
Trace,msm,elastic,0.3249806444433437,0.5007419757416085,23.552510299999085,42,7,noise,0.8,200,200,275,4,"{""c"": 1.0, ""backend"": ""aeon""}","{""init"": ""random"", ""max_iter"": 300, ""method"": ""alternate""}"
Trace,ed,lock-step,0.39911352802758776,0.5332440414687452,0.011522499999045976,42,8,noise,0.8,200,200,275,4,,"{""init"": ""random"", ""max_iter"": 300, ""method"": ""alternate""}"
Trace,dtw,elastic,0.3315366825564853,0.5037146888892725,50.90238769999996,42,8,noise,0.8,200,200,275,4,"{""window"": 28, ""backend"": ""aeon""}","{""init"": ""random"", ""max_iter"": 300, ""method"": ""alternate""}"
Trace,msm,elastic,0.4258904168180238,0.5693182261769735,24.05989630000022,42,8,noise,0.8,200,200,275,4,"{""c"": 1.0, ""backend"": ""aeon""}","{""init"": ""random"", ""max_iter"": 300, ""method"": ""alternate""}"
Trace,ed,lock-step,0.39911352802758776,0.5332440414687452,0.005401200000960671,42,9,noise,0.8,200,200,275,4,,"{""init"": ""random"", ""max_iter"": 300, ""method"": ""alternate""}"
Trace,dtw,elastic,0.6306166727582809,0.7767569044101295,54.98534080000081,42,9,noise,0.8,200,200,275,4,"{""window"": 28, ""backend"": ""aeon""}","{""init"": ""random"", ""max_iter"": 300, ""method"": ""alternate""}"
Trace,msm,elastic,0.3249806444433437,0.5007419757416085,25.337686400000166,42,9,noise,0.8,200,200,275,4,"{""c"": 1.0, ""backend"": ""aeon""}","{""init"": ""random"", ""max_iter"": 300, ""method"": ""alternate""}"
Trace,ed,lock-step,0.40439532442467147,0.5378584582249543,0.0017817999996623257,42,10,noise,0.8,200,200,275,4,,"{""init"": ""random"", ""max_iter"": 300, ""method"": ""alternate""}"
Trace,dtw,elastic,0.4548889486470103,0.6001318107241044,52.638222500000666,42,10,noise,0.8,200,200,275,4,"{""window"": 28, ""backend"": ""aeon""}","{""init"": ""random"", ""max_iter"": 300, ""method"": ""alternate""}"
Trace,msm,elastic,0.4034803317919545,0.5392830763891912,23.94201939999948,42,10,noise,0.8,200,200,275,4,"{""c"": 1.0, ""backend"": ""aeon""}","{""init"": ""random"", ""max_iter"": 300, ""method"": ""alternate""}"
Trace,ed,lock-step,0.3970771698449474,0.5310472906884609,0.013036299999839684,42,1,shift,0.0,200,200,275,4,,"{""init"": ""random"", ""max_iter"": 300, ""method"": ""alternate""}"
Trace,dtw,elastic,0.6258062067299321,0.800246559228825,50.54688720000013,42,1,shift,0.0,200,200,275,4,"{""window"": 28, ""backend"": ""aeon""}","{""init"": ""random"", ""max_iter"": 300, ""method"": ""alternate""}"
Trace,msm,elastic,0.47508778265526974,0.6111570311240329,22.15649619999931,42,1,shift,0.0,200,200,275,4,"{""c"": 1.0, ""backend"": ""aeon""}","{""init"": ""random"", ""max_iter"": 300, ""method"": ""alternate""}"
Trace,ed,lock-step,0.3293473151695709,0.5027812536798705,0.0022003000003678608,42,2,shift,0.0,200,200,275,4,,"{""init"": ""random"", ""max_iter"": 300, ""method"": ""alternate""}"
Trace,dtw,elastic,0.6695430576205196,0.7584153924830414,50.622802500000034,42,2,shift,0.0,200,200,275,4,"{""window"": 28, ""backend"": ""aeon""}","{""init"": ""random"", ""max_iter"": 300, ""method"": ""alternate""}"
Trace,msm,elastic,0.34065271864654384,0.5089173059499711,22.221691899999314,42,2,shift,0.0,200,200,275,4,"{""c"": 1.0, ""backend"": ""aeon""}","{""init"": ""random"", ""max_iter"": 300, ""method"": ""alternate""}"
Trace,ed,lock-step,0.3293473151695709,0.5027812536798704,0.0016146999996635714,42,3,shift,0.0,200,200,275,4,,"{""init"": ""random"", ""max_iter"": 300, ""method"": ""alternate""}"
Trace,dtw,elastic,0.6655235055431996,0.7525044461276025,50.57087910000064,42,3,shift,0.0,200,200,275,4,"{""window"": 28, ""backend"": ""aeon""}","{""init"": ""random"", ""max_iter"": 300, ""method"": ""alternate""}"
Trace,msm,elastic,0.34065271864654384,0.5089173059499711,23.91629970000031,42,3,shift,0.0,200,200,275,4,"{""c"": 1.0, ""backend"": ""aeon""}","{""init"": ""random"", ""max_iter"": 300, ""method"": ""alternate""}"
Trace,ed,lock-step,0.393930573582276,0.528533951323854,0.0026859999998123385,42,4,shift,0.0,200,200,275,4,,"{""init"": ""random"", ""max_iter"": 300, ""method"": ""alternate""}"
Trace,dtw,elastic,0.4095704245400628,0.5442029245450124,54.96886650000033,42,4,shift,0.0,200,200,275,4,"{""window"": 28, ""backend"": ""aeon""}","{""init"": ""random"", ""max_iter"": 300, ""method"": ""alternate""}"
Trace,msm,elastic,0.34065271864654384,0.5089173059499711,23.207507900000564,42,4,shift,0.0,200,200,275,4,"{""c"": 1.0, ""backend"": ""aeon""}","{""init"": ""random"", ""max_iter"": 300, ""method"": ""alternate""}"
Trace,ed,lock-step,0.4010723406827558,0.5350890051293287,0.004511699999966368,42,5,shift,0.0,200,200,275,4,,"{""init"": ""random"", ""max_iter"": 300, ""method"": ""alternate""}"
Trace,dtw,elastic,0.6423800966262183,0.8077843044298384,51.48188469999968,42,5,shift,0.0,200,200,275,4,"{""window"": 28, ""backend"": ""aeon""}","{""init"": ""random"", ""max_iter"": 300, ""method"": ""alternate""}"
Trace,msm,elastic,0.4848984915126794,0.6735370190814333,22.821398400000362,42,5,shift,0.0,200,200,275,4,"{""c"": 1.0, ""backend"": ""aeon""}","{""init"": ""random"", ""max_iter"": 300, ""method"": ""alternate""}"
Trace,ed,lock-step,0.3293473151695709,0.5027812536798705,0.002711799999815412,42,6,shift,0.0,200,200,275,4,,"{""init"": ""random"", ""max_iter"": 300, ""method"": ""alternate""}"
Trace,dtw,elastic,0.4716834216187735,0.6627959101608362,53.20100719999937,42,6,shift,0.0,200,200,275,4,"{""window"": 28, ""backend"": ""aeon""}","{""init"": ""random"", ""max_iter"": 300, ""method"": ""alternate""}"
Trace,msm,elastic,0.40644456952737157,0.5411994180858049,23.704009699999915,42,6,shift,0.0,200,200,275,4,"{""c"": 1.0, ""backend"": ""aeon""}","{""init"": ""random"", ""max_iter"": 300, ""method"": ""alternate""}"
Trace,ed,lock-step,0.3293473151695709,0.5027812536798704,0.0031101999993552454,42,7,shift,0.0,200,200,275,4,,"{""init"": ""random"", ""max_iter"": 300, ""method"": ""alternate""}"
Trace,dtw,elastic,0.6655235055431996,0.7525044461276026,52.74406249999993,42,7,shift,0.0,200,200,275,4,"{""window"": 28, ""backend"": ""aeon""}","{""init"": ""random"", ""max_iter"": 300, ""method"": ""alternate""}"
Trace,msm,elastic,0.34013469230609006,0.5082473123885117,22.544078300000365,42,7,shift,0.0,200,200,275,4,"{""c"": 1.0, ""backend"": ""aeon""}","{""init"": ""random"", ""max_iter"": 300, ""method"": ""alternate""}"
Trace,ed,lock-step,0.4010723406827558,0.5350890051293287,0.00376710000091407,42,8,shift,0.0,200,200,275,4,,"{""init"": ""random"", ""max_iter"": 300, ""method"": ""alternate""}"
Trace,dtw,elastic,0.6275169462086189,0.8009903500739666,49.304079399999864,42,8,shift,0.0,200,200,275,4,"{""window"": 28, ""backend"": ""aeon""}","{""init"": ""random"", ""max_iter"": 300, ""method"": ""alternate""}"
Trace,msm,elastic,0.3471097724890644,0.5124363745387334,23.206986200000756,42,8,shift,0.0,200,200,275,4,"{""c"": 1.0, ""backend"": ""aeon""}","{""init"": ""random"", ""max_iter"": 300, ""method"": ""alternate""}"
Trace,ed,lock-step,0.3293473151695709,0.5027812536798704,0.017520800000056624,42,9,shift,0.0,200,200,275,4,,"{""init"": ""random"", ""max_iter"": 300, ""method"": ""alternate""}"
Trace,dtw,elastic,0.6258062067299321,0.800246559228825,54.64522399999987,42,9,shift,0.0,200,200,275,4,"{""window"": 28, ""backend"": ""aeon""}","{""init"": ""random"", ""max_iter"": 300, ""method"": ""alternate""}"
Trace,msm,elastic,0.34065271864654384,0.5089173059499711,23.215555499999937,42,9,shift,0.0,200,200,275,4,"{""c"": 1.0, ""backend"": ""aeon""}","{""init"": ""random"", ""max_iter"": 300, ""method"": ""alternate""}"
Trace,ed,lock-step,0.40602902348360365,0.5408223494611252,0.002012700000705081,42,10,shift,0.0,200,200,275,4,,"{""init"": ""random"", ""max_iter"": 300, ""method"": ""alternate""}"
Trace,dtw,elastic,0.6423800966262183,0.8077843044298384,53.47018499999922,42,10,shift,0.0,200,200,275,4,"{""window"": 28, ""backend"": ""aeon""}","{""init"": ""random"", ""max_iter"": 300, ""method"": ""alternate""}"
Trace,msm,elastic,0.4672539154643533,0.6100677595940187,20.80710910000016,42,10,shift,0.0,200,200,275,4,"{""c"": 1.0, ""backend"": ""aeon""}","{""init"": ""random"", ""max_iter"": 300, ""method"": ""alternate""}"
Trace,ed,lock-step,0.3343960880195599,0.5053528683016095,0.0014648999995188206,42,1,shift,5.0,200,200,275,4,,"{""init"": ""random"", ""max_iter"": 300, ""method"": ""alternate""}"
Trace,dtw,elastic,0.3404406844325211,0.5408148601269143,53.07565539999996,42,1,shift,5.0,200,200,275,4,"{""window"": 28, ""backend"": ""aeon""}","{""init"": ""random"", ""max_iter"": 300, ""method"": ""alternate""}"
Trace,msm,elastic,0.44944497658836857,0.578265927026303,18.92577259999962,42,1,shift,5.0,200,200,275,4,"{""c"": 1.0, ""backend"": ""aeon""}","{""init"": ""random"", ""max_iter"": 300, ""method"": ""alternate""}"
Trace,ed,lock-step,0.33635039648958254,0.4739609360187123,0.00608860000011191,42,2,shift,5.0,200,200,275,4,,"{""init"": ""random"", ""max_iter"": 300, ""method"": ""alternate""}"
Trace,dtw,elastic,0.6125895779161797,0.6726116516553802,53.060744200000045,42,2,shift,5.0,200,200,275,4,"{""window"": 28, ""backend"": ""aeon""}","{""init"": ""random"", ""max_iter"": 300, ""method"": ""alternate""}"
Trace,msm,elastic,0.3594357929066449,0.5182916895057464,21.783704499999658,42,2,shift,5.0,200,200,275,4,"{""c"": 1.0, ""backend"": ""aeon""}","{""init"": ""random"", ""max_iter"": 300, ""method"": ""alternate""}"
Trace,ed,lock-step,0.33902276619301375,0.464170868925054,0.0032322999995813007,42,3,shift,5.0,200,200,275,4,,"{""init"": ""random"", ""max_iter"": 300, ""method"": ""alternate""}"
Trace,dtw,elastic,0.5668292995227717,0.630481899889752,51.988880300000346,42,3,shift,5.0,200,200,275,4,"{""window"": 28, ""backend"": ""aeon""}","{""init"": ""random"", ""max_iter"": 300, ""method"": ""alternate""}"
Trace,msm,elastic,0.34474248573031113,0.509386129466544,19.930539599999975,42,3,shift,5.0,200,200,275,4,"{""c"": 1.0, ""backend"": ""aeon""}","{""init"": ""random"", ""max_iter"": 300, ""method"": ""alternate""}"
Trace,ed,lock-step,0.33635039648958254,0.4739609360187123,0.00346350000017992,42,4,shift,5.0,200,200,275,4,,"{""init"": ""random"", ""max_iter"": 300, ""method"": ""alternate""}"
Trace,dtw,elastic,0.09242234054455443,0.21592765010137613,52.793683599999895,42,4,shift,5.0,200,200,275,4,"{""window"": 28, ""backend"": ""aeon""}","{""init"": ""random"", ""max_iter"": 300, ""method"": ""alternate""}"
Trace,msm,elastic,0.3677029970710396,0.5241824792578381,20.500547700000425,42,4,shift,5.0,200,200,275,4,"{""c"": 1.0, ""backend"": ""aeon""}","{""init"": ""random"", ""max_iter"": 300, ""method"": ""alternate""}"
Trace,ed,lock-step,0.4135718173067321,0.544270717975767,0.001850699999522476,42,5,shift,5.0,200,200,275,4,,"{""init"": ""random"", ""max_iter"": 300, ""method"": ""alternate""}"
Trace,dtw,elastic,0.3648229966377641,0.54761140006482,50.645481700000346,42,5,shift,5.0,200,200,275,4,"{""window"": 28, ""backend"": ""aeon""}","{""init"": ""random"", ""max_iter"": 300, ""method"": ""alternate""}"
Trace,msm,elastic,0.44679502309344443,0.5884434374834284,18.634847800000898,42,5,shift,5.0,200,200,275,4,"{""c"": 1.0, ""backend"": ""aeon""}","{""init"": ""random"", ""max_iter"": 300, ""method"": ""alternate""}"
Trace,ed,lock-step,0.37284179002024004,0.4756075696841749,0.0018722999993769918,42,6,shift,5.0,200,200,275,4,,"{""init"": ""random"", ""max_iter"": 300, ""method"": ""alternate""}"
Trace,dtw,elastic,0.4696755640427897,0.5714253018148951,51.39667129999998,42,6,shift,5.0,200,200,275,4,"{""window"": 28, ""backend"": ""aeon""}","{""init"": ""random"", ""max_iter"": 300, ""method"": ""alternate""}"
Trace,msm,elastic,0.4046996842182742,0.5381527365812246,22.65697950000049,42,6,shift,5.0,200,200,275,4,"{""c"": 1.0, ""backend"": ""aeon""}","{""init"": ""random"", ""max_iter"": 300, ""method"": ""alternate""}"
Trace,ed,lock-step,0.3503117322038774,0.5120948359894761,0.0033939000004465925,42,7,shift,5.0,200,200,275,4,,"{""init"": ""random"", ""max_iter"": 300, ""method"": ""alternate""}"
Trace,dtw,elastic,0.26672659093415685,0.3615313758667522,51.368511199999375,42,7,shift,5.0,200,200,275,4,"{""window"": 28, ""backend"": ""aeon""}","{""init"": ""random"", ""max_iter"": 300, ""method"": ""alternate""}"
Trace,msm,elastic,0.367367579516676,0.5243289776131879,20.961342399999012,42,7,shift,5.0,200,200,275,4,"{""c"": 1.0, ""backend"": ""aeon""}","{""init"": ""random"", ""max_iter"": 300, ""method"": ""alternate""}"
Trace,ed,lock-step,0.4097820294196465,0.5424235902453282,0.002076400000078138,42,8,shift,5.0,200,200,275,4,,"{""init"": ""random"", ""max_iter"": 300, ""method"": ""alternate""}"
Trace,dtw,elastic,0.5290213139111551,0.5845198111051716,50.57440790000055,42,8,shift,5.0,200,200,275,4,"{""window"": 28, ""backend"": ""aeon""}","{""init"": ""random"", ""max_iter"": 300, ""method"": ""alternate""}"
Trace,msm,elastic,0.36471032204049264,0.5217422661943258,19.577898399998958,42,8,shift,5.0,200,200,275,4,"{""c"": 1.0, ""backend"": ""aeon""}","{""init"": ""random"", ""max_iter"": 300, ""method"": ""alternate""}"
Trace,ed,lock-step,0.4097820294196465,0.5424235902453282,0.0017619999998714775,42,9,shift,5.0,200,200,275,4,,"{""init"": ""random"", ""max_iter"": 300, ""method"": ""alternate""}"
Trace,dtw,elastic,0.5668292995227717,0.630481899889752,53.2280709000006,42,9,shift,5.0,200,200,275,4,"{""window"": 28, ""backend"": ""aeon""}","{""init"": ""random"", ""max_iter"": 300, ""method"": ""alternate""}"
Trace,msm,elastic,0.44944497658836857,0.578265927026303,19.28364760000113,42,9,shift,5.0,200,200,275,4,"{""c"": 1.0, ""backend"": ""aeon""}","{""init"": ""random"", ""max_iter"": 300, ""method"": ""alternate""}"
Trace,ed,lock-step,0.4097820294196465,0.5424235902453282,0.0015236000017466722,42,10,shift,5.0,200,200,275,4,,"{""init"": ""random"", ""max_iter"": 300, ""method"": ""alternate""}"
Trace,dtw,elastic,0.5668292995227717,0.630481899889752,53.05997209999987,42,10,shift,5.0,200,200,275,4,"{""window"": 28, ""backend"": ""aeon""}","{""init"": ""random"", ""max_iter"": 300, ""method"": ""alternate""}"
Trace,msm,elastic,0.45293252732505546,0.5825731904332798,18.781024999998408,42,10,shift,5.0,200,200,275,4,"{""c"": 1.0, ""backend"": ""aeon""}","{""init"": ""random"", ""max_iter"": 300, ""method"": ""alternate""}"
Trace,ed,lock-step,0.3006492727779024,0.44076495508506885,0.006539300000440562,42,1,shift,10.0,200,200,275,4,,"{""init"": ""random"", ""max_iter"": 300, ""method"": ""alternate""}"
Trace,dtw,elastic,0.38080750594380114,0.5513931867799627,51.74804149999727,42,1,shift,10.0,200,200,275,4,"{""window"": 28, ""backend"": ""aeon""}","{""init"": ""random"", ""max_iter"": 300, ""method"": ""alternate""}"
Trace,msm,elastic,0.4258547173080255,0.5478029970916445,19.59390700000222,42,1,shift,10.0,200,200,275,4,"{""c"": 1.0, ""backend"": ""aeon""}","{""init"": ""random"", ""max_iter"": 300, ""method"": ""alternate""}"
Trace,ed,lock-step,0.32331450331477896,0.4549451254303439,0.0019314999990456272,42,2,shift,10.0,200,200,275,4,,"{""init"": ""random"", ""max_iter"": 300, ""method"": ""alternate""}"
Trace,dtw,elastic,0.557371159870003,0.6213934594218531,50.3490982000003,42,2,shift,10.0,200,200,275,4,"{""window"": 28, ""backend"": ""aeon""}","{""init"": ""random"", ""max_iter"": 300, ""method"": ""alternate""}"
Trace,msm,elastic,0.3333162360398349,0.504837802746743,19.635393399999884,42,2,shift,10.0,200,200,275,4,"{""c"": 1.0, ""backend"": ""aeon""}","{""init"": ""random"", ""max_iter"": 300, ""method"": ""alternate""}"
Trace,ed,lock-step,0.29911008711834663,0.42194056007419306,0.0031065000002854504,42,3,shift,10.0,200,200,275,4,,"{""init"": ""random"", ""max_iter"": 300, ""method"": ""alternate""}"
Trace,dtw,elastic,0.5534589186038155,0.6187996392264489,51.019421999999395,42,3,shift,10.0,200,200,275,4,"{""window"": 28, ""backend"": ""aeon""}","{""init"": ""random"", ""max_iter"": 300, ""method"": ""alternate""}"
Trace,msm,elastic,0.33636981241946007,0.5063832241656997,22.098410200000217,42,3,shift,10.0,200,200,275,4,"{""c"": 1.0, ""backend"": ""aeon""}","{""init"": ""random"", ""max_iter"": 300, ""method"": ""alternate""}"
Trace,ed,lock-step,0.307322135619537,0.4484486451578048,0.0018191000017395709,42,4,shift,10.0,200,200,275,4,,"{""init"": ""random"", ""max_iter"": 300, ""method"": ""alternate""}"
Trace,dtw,elastic,0.21170588648477645,0.3264072858121397,53.59129589999975,42,4,shift,10.0,200,200,275,4,"{""window"": 28, ""backend"": ""aeon""}","{""init"": ""random"", ""max_iter"": 300, ""method"": ""alternate""}"
Trace,msm,elastic,0.3349559089607923,0.4947434383439962,23.653154100000393,42,4,shift,10.0,200,200,275,4,"{""c"": 1.0, ""backend"": ""aeon""}","{""init"": ""random"", ""max_iter"": 300, ""method"": ""alternate""}"
Trace,ed,lock-step,0.3518275547952322,0.4440988067055,0.14935139999943203,42,5,shift,10.0,200,200,275,4,,"{""init"": ""random"", ""max_iter"": 300, ""method"": ""alternate""}"
Trace,dtw,elastic,0.3566262875467358,0.5435368720365731,52.557929599999625,42,5,shift,10.0,200,200,275,4,"{""window"": 28, ""backend"": ""aeon""}","{""init"": ""random"", ""max_iter"": 300, ""method"": ""alternate""}"
Trace,msm,elastic,0.4258547173080255,0.5478029970916445,22.855270400001245,42,5,shift,10.0,200,200,275,4,"{""c"": 1.0, ""backend"": ""aeon""}","{""init"": ""random"", ""max_iter"": 300, ""method"": ""alternate""}"
Trace,ed,lock-step,0.3379782873466424,0.4390125762592432,0.001323200000115321,42,6,shift,10.0,200,200,275,4,,"{""init"": ""random"", ""max_iter"": 300, ""method"": ""alternate""}"
Trace,dtw,elastic,0.5462252507737716,0.6132319931748089,53.62772969999969,42,6,shift,10.0,200,200,275,4,"{""window"": 28, ""backend"": ""aeon""}","{""init"": ""random"", ""max_iter"": 300, ""method"": ""alternate""}"
Trace,msm,elastic,0.3897159278134195,0.5008351029828776,23.299877299999935,42,6,shift,10.0,200,200,275,4,"{""c"": 1.0, ""backend"": ""aeon""}","{""init"": ""random"", ""max_iter"": 300, ""method"": ""alternate""}"
Trace,ed,lock-step,0.3379782873466424,0.4390125762592432,0.0021551999998337124,42,7,shift,10.0,200,200,275,4,,"{""init"": ""random"", ""max_iter"": 300, ""method"": ""alternate""}"
Trace,dtw,elastic,0.2376655097056177,0.3304749150817569,52.67181049999999,42,7,shift,10.0,200,200,275,4,"{""window"": 28, ""backend"": ""aeon""}","{""init"": ""random"", ""max_iter"": 300, ""method"": ""alternate""}"
Trace,msm,elastic,0.3390238556811697,0.49676147103178603,22.27846859999954,42,7,shift,10.0,200,200,275,4,"{""c"": 1.0, ""backend"": ""aeon""}","{""init"": ""random"", ""max_iter"": 300, ""method"": ""alternate""}"
Trace,ed,lock-step,0.3489066719918564,0.4411098389269602,0.0013490000001183944,42,8,shift,10.0,200,200,275,4,,"{""init"": ""random"", ""max_iter"": 300, ""method"": ""alternate""}"
Trace,dtw,elastic,0.5462252507737716,0.6132319931748087,51.80321379999987,42,8,shift,10.0,200,200,275,4,"{""window"": 28, ""backend"": ""aeon""}","{""init"": ""random"", ""max_iter"": 300, ""method"": ""alternate""}"
Trace,msm,elastic,0.43947615286920055,0.5511675177991614,23.64861959999871,42,8,shift,10.0,200,200,275,4,"{""c"": 1.0, ""backend"": ""aeon""}","{""init"": ""random"", ""max_iter"": 300, ""method"": ""alternate""}"
Trace,ed,lock-step,0.3518275547952322,0.4440988067055,0.0014155000008031493,42,9,shift,10.0,200,200,275,4,,"{""init"": ""random"", ""max_iter"": 300, ""method"": ""alternate""}"
Trace,dtw,elastic,0.5534589186038155,0.6187996392264489,51.67032089999884,42,9,shift,10.0,200,200,275,4,"{""window"": 28, ""backend"": ""aeon""}","{""init"": ""random"", ""max_iter"": 300, ""method"": ""alternate""}"
Trace,msm,elastic,0.4258547173080255,0.5478029970916445,22.367400000001,42,9,shift,10.0,200,200,275,4,"{""c"": 1.0, ""backend"": ""aeon""}","{""init"": ""random"", ""max_iter"": 300, ""method"": ""alternate""}"
Trace,ed,lock-step,0.29911008711834663,0.42194056007419306,0.003342599999086815,42,10,shift,10.0,200,200,275,4,,"{""init"": ""random"", ""max_iter"": 300, ""method"": ""alternate""}"
Trace,dtw,elastic,0.5216090318854222,0.5788155410280038,51.19038469999941,42,10,shift,10.0,200,200,275,4,"{""window"": 28, ""backend"": ""aeon""}","{""init"": ""random"", ""max_iter"": 300, ""method"": ""alternate""}"
Trace,msm,elastic,0.4258112217077476,0.5322647133657545,19.085725200000525,42,10,shift,10.0,200,200,275,4,"{""c"": 1.0, ""backend"": ""aeon""}","{""init"": ""random"", ""max_iter"": 300, ""method"": ""alternate""}"
Trace,ed,lock-step,0.1932066093185677,0.2887644033383121,0.027970000001005246,42,1,shift,20.0,200,200,275,4,,"{""init"": ""random"", ""max_iter"": 300, ""method"": ""alternate""}"
Trace,dtw,elastic,0.5301711605570547,0.6022573001020456,52.46214660000078,42,1,shift,20.0,200,200,275,4,"{""window"": 28, ""backend"": ""aeon""}","{""init"": ""random"", ""max_iter"": 300, ""method"": ""alternate""}"
Trace,msm,elastic,0.21555387328998654,0.3132830526474156,22.31299089999993,42,1,shift,20.0,200,200,275,4,"{""c"": 1.0, ""backend"": ""aeon""}","{""init"": ""random"", ""max_iter"": 300, ""method"": ""alternate""}"
Trace,ed,lock-step,0.1729937946271904,0.28723491916444516,0.0019012000011571217,42,2,shift,20.0,200,200,275,4,,"{""init"": ""random"", ""max_iter"": 300, ""method"": ""alternate""}"
Trace,dtw,elastic,0.5633386221752599,0.626431998621536,53.074301299999206,42,2,shift,20.0,200,200,275,4,"{""window"": 28, ""backend"": ""aeon""}","{""init"": ""random"", ""max_iter"": 300, ""method"": ""alternate""}"
Trace,msm,elastic,0.19076743718491299,0.3235031862857674,21.59233630000017,42,2,shift,20.0,200,200,275,4,"{""c"": 1.0, ""backend"": ""aeon""}","{""init"": ""random"", ""max_iter"": 300, ""method"": ""alternate""}"
Trace,ed,lock-step,0.1932066093185677,0.2887644033383122,0.0033919000015885103,42,3,shift,20.0,200,200,275,4,,"{""init"": ""random"", ""max_iter"": 300, ""method"": ""alternate""}"
Trace,dtw,elastic,0.5657763848926635,0.6295331643937501,47.38288310000098,42,3,shift,20.0,200,200,275,4,"{""window"": 28, ""backend"": ""aeon""}","{""init"": ""random"", ""max_iter"": 300, ""method"": ""alternate""}"
Trace,msm,elastic,0.2716502616990733,0.3754584933131554,20.01976350000041,42,3,shift,20.0,200,200,275,4,"{""c"": 1.0, ""backend"": ""aeon""}","{""init"": ""random"", ""max_iter"": 300, ""method"": ""alternate""}"
Trace,ed,lock-step,0.18946856410598714,0.30608043217179504,0.002894700002798345,42,4,shift,20.0,200,200,275,4,,"{""init"": ""random"", ""max_iter"": 300, ""method"": ""alternate""}"
Trace,dtw,elastic,0.08345464488806438,0.20966608941896764,48.844549699999334,42,4,shift,20.0,200,200,275,4,"{""window"": 28, ""backend"": ""aeon""}","{""init"": ""random"", ""max_iter"": 300, ""method"": ""alternate""}"
Trace,msm,elastic,0.1838966407171847,0.30457326567746856,20.20281469999827,42,4,shift,20.0,200,200,275,4,"{""c"": 1.0, ""backend"": ""aeon""}","{""init"": ""random"", ""max_iter"": 300, ""method"": ""alternate""}"
Trace,ed,lock-step,0.1848711407660605,0.29213404142918176,0.0020612999996956205,42,5,shift,20.0,200,200,275,4,,"{""init"": ""random"", ""max_iter"": 300, ""method"": ""alternate""}"
Trace,dtw,elastic,0.3566262875467358,0.5435368720365731,51.9166720000012,42,5,shift,20.0,200,200,275,4,"{""window"": 28, ""backend"": ""aeon""}","{""init"": ""random"", ""max_iter"": 300, ""method"": ""alternate""}"
Trace,msm,elastic,0.21555387328998654,0.3132830526474156,22.367872999999236,42,5,shift,20.0,200,200,275,4,"{""c"": 1.0, ""backend"": ""aeon""}","{""init"": ""random"", ""max_iter"": 300, ""method"": ""alternate""}"
Trace,ed,lock-step,0.18978568590295264,0.3127600475996327,0.003885100000843522,42,6,shift,20.0,200,200,275,4,,"{""init"": ""random"", ""max_iter"": 300, ""method"": ""alternate""}"
Trace,dtw,elastic,0.5581684498852477,0.6229283105774756,49.84319040000082,42,6,shift,20.0,200,200,275,4,"{""window"": 28, ""backend"": ""aeon""}","{""init"": ""random"", ""max_iter"": 300, ""method"": ""alternate""}"
Trace,msm,elastic,0.18707364089451764,0.30741559399262863,23.63305600000058,42,6,shift,20.0,200,200,275,4,"{""c"": 1.0, ""backend"": ""aeon""}","{""init"": ""random"", ""max_iter"": 300, ""method"": ""alternate""}"
Trace,ed,lock-step,0.18891231719344978,0.3070242106340498,0.002169299999877694,42,7,shift,20.0,200,200,275,4,,"{""init"": ""random"", ""max_iter"": 300, ""method"": ""alternate""}"
Trace,dtw,elastic,0.2297719876371581,0.3230368248395993,61.658396699998775,42,7,shift,20.0,200,200,275,4,"{""window"": 28, ""backend"": ""aeon""}","{""init"": ""random"", ""max_iter"": 300, ""method"": ""alternate""}"
Trace,msm,elastic,0.20268464889586219,0.31913229008224786,67.6237858000004,42,7,shift,20.0,200,200,275,4,"{""c"": 1.0, ""backend"": ""aeon""}","{""init"": ""random"", ""max_iter"": 300, ""method"": ""alternate""}"
Trace,ed,lock-step,0.22209732272382304,0.3053685946903204,0.0074939999994967366,42,8,shift,20.0,200,200,275,4,,"{""init"": ""random"", ""max_iter"": 300, ""method"": ""alternate""}"
Trace,dtw,elastic,0.6186945642906705,0.6825425039629882,101.05491359999905,42,8,shift,20.0,200,200,275,4,"{""window"": 28, ""backend"": ""aeon""}","{""init"": ""random"", ""max_iter"": 300, ""method"": ""alternate""}"
Trace,msm,elastic,0.22598762644866402,0.30385097546274176,108.44129959999918,42,8,shift,20.0,200,200,275,4,"{""c"": 1.0, ""backend"": ""aeon""}","{""init"": ""random"", ""max_iter"": 300, ""method"": ""alternate""}"
Trace,ed,lock-step,0.1932066093185677,0.2887644033383122,0.03202330000203801,42,9,shift,20.0,200,200,275,4,,"{""init"": ""random"", ""max_iter"": 300, ""method"": ""alternate""}"
Trace,dtw,elastic,0.6186945642906705,0.6825425039629883,93.36903960000018,42,9,shift,20.0,200,200,275,4,"{""window"": 28, ""backend"": ""aeon""}","{""init"": ""random"", ""max_iter"": 300, ""method"": ""alternate""}"
Trace,msm,elastic,0.21555387328998654,0.31328305264741557,36.99153359999946,42,9,shift,20.0,200,200,275,4,"{""c"": 1.0, ""backend"": ""aeon""}","{""init"": ""random"", ""max_iter"": 300, ""method"": ""alternate""}"
Trace,ed,lock-step,0.1932066093185677,0.2887644033383121,0.0025915999995049788,42,10,shift,20.0,200,200,275,4,,"{""init"": ""random"", ""max_iter"": 300, ""method"": ""alternate""}"
Trace,dtw,elastic,0.5657763848926635,0.6295331643937501,70.00264179999976,42,10,shift,20.0,200,200,275,4,"{""window"": 28, ""backend"": ""aeon""}","{""init"": ""random"", ""max_iter"": 300, ""method"": ""alternate""}"
Trace,msm,elastic,0.2245305852296389,0.32938209967880916,45.23965920000046,42,10,shift,20.0,200,200,275,4,"{""c"": 1.0, ""backend"": ""aeon""}","{""init"": ""random"", ""max_iter"": 300, ""method"": ""alternate""}"
Trace,ed,lock-step,0.09355929718536135,0.13906359761748194,0.0027205999995203456,42,1,shift,30.0,200,200,275,4,,"{""init"": ""random"", ""max_iter"": 300, ""method"": ""alternate""}"
Trace,dtw,elastic,0.5617052084837416,0.6109458831162923,91.77760549999948,42,1,shift,30.0,200,200,275,4,"{""window"": 28, ""backend"": ""aeon""}","{""init"": ""random"", ""max_iter"": 300, ""method"": ""alternate""}"
Trace,msm,elastic,0.13002763122797087,0.20793236941169269,43.514617000000726,42,1,shift,30.0,200,200,275,4,"{""c"": 1.0, ""backend"": ""aeon""}","{""init"": ""random"", ""max_iter"": 300, ""method"": ""alternate""}"
Trace,ed,lock-step,0.07679447378677311,0.13278760673748974,0.022601199998462107,42,2,shift,30.0,200,200,275,4,,"{""init"": ""random"", ""max_iter"": 300, ""method"": ""alternate""}"
Trace,dtw,elastic,0.2633720544571436,0.3484381803935252,76.93741330000194,42,2,shift,30.0,200,200,275,4,"{""window"": 28, ""backend"": ""aeon""}","{""init"": ""random"", ""max_iter"": 300, ""method"": ""alternate""}"
Trace,msm,elastic,0.10684451691805952,0.16086066568609025,59.84009920000062,42,2,shift,30.0,200,200,275,4,"{""c"": 1.0, ""backend"": ""aeon""}","{""init"": ""random"", ""max_iter"": 300, ""method"": ""alternate""}"
Trace,ed,lock-step,0.07679447378677311,0.13278760673748977,0.004938099998980761,42,3,shift,30.0,200,200,275,4,,"{""init"": ""random"", ""max_iter"": 300, ""method"": ""alternate""}"
Trace,dtw,elastic,0.4748210032481618,0.5410812142200863,71.22281020000082,42,3,shift,30.0,200,200,275,4,"{""window"": 28, ""backend"": ""aeon""}","{""init"": ""random"", ""max_iter"": 300, ""method"": ""alternate""}"
Trace,msm,elastic,0.1394862170149731,0.18010724342026987,26.47557080000115,42,3,shift,30.0,200,200,275,4,"{""c"": 1.0, ""backend"": ""aeon""}","{""init"": ""random"", ""max_iter"": 300, ""method"": ""alternate""}"
Trace,ed,lock-step,0.12078056241735,0.17137529592935355,0.0015798999993421603,42,4,shift,30.0,200,200,275,4,,"{""init"": ""random"", ""max_iter"": 300, ""method"": ""alternate""}"
Trace,dtw,elastic,0.06473775058534001,0.15867855130882208,73.89566059999925,42,4,shift,30.0,200,200,275,4,"{""window"": 28, ""backend"": ""aeon""}","{""init"": ""random"", ""max_iter"": 300, ""method"": ""alternate""}"
Trace,msm,elastic,0.11542276394138112,0.2129613430093382,28.35172099999909,42,4,shift,30.0,200,200,275,4,"{""c"": 1.0, ""backend"": ""aeon""}","{""init"": ""random"", ""max_iter"": 300, ""method"": ""alternate""}"
Trace,ed,lock-step,0.0834573158301758,0.13159180496945808,0.002142400000593625,42,5,shift,30.0,200,200,275,4,,"{""init"": ""random"", ""max_iter"": 300, ""method"": ""alternate""}"
Trace,dtw,elastic,0.3004201919765196,0.4722127252493598,69.45724309999969,42,5,shift,30.0,200,200,275,4,"{""window"": 28, ""backend"": ""aeon""}","{""init"": ""random"", ""max_iter"": 300, ""method"": ""alternate""}"
Trace,msm,elastic,0.12207618013513329,0.18111165496942686,31.61562220000087,42,5,shift,30.0,200,200,275,4,"{""c"": 1.0, ""backend"": ""aeon""}","{""init"": ""random"", ""max_iter"": 300, ""method"": ""alternate""}"
Trace,ed,lock-step,0.11251625231739724,0.17439060643303836,0.00319360000139568,42,6,shift,30.0,200,200,275,4,,"{""init"": ""random"", ""max_iter"": 300, ""method"": ""alternate""}"
Trace,dtw,elastic,0.4810482728517552,0.5534673666957557,84.29004480000003,42,6,shift,30.0,200,200,275,4,"{""window"": 28, ""backend"": ""aeon""}","{""init"": ""random"", ""max_iter"": 300, ""method"": ""alternate""}"
Trace,msm,elastic,0.12426489042952114,0.20272790880861416,39.99141109999982,42,6,shift,30.0,200,200,275,4,"{""c"": 1.0, ""backend"": ""aeon""}","{""init"": ""random"", ""max_iter"": 300, ""method"": ""alternate""}"
Trace,ed,lock-step,0.07679447378677311,0.13278760673748974,0.003957899998567882,42,7,shift,30.0,200,200,275,4,,"{""init"": ""random"", ""max_iter"": 300, ""method"": ""alternate""}"
Trace,dtw,elastic,0.06213831858353867,0.1554537055021788,83.1627169000003,42,7,shift,30.0,200,200,275,4,"{""window"": 28, ""backend"": ""aeon""}","{""init"": ""random"", ""max_iter"": 300, ""method"": ""alternate""}"
Trace,msm,elastic,0.13196949704171074,0.24017473334656475,51.89161769999919,42,7,shift,30.0,200,200,275,4,"{""c"": 1.0, ""backend"": ""aeon""}","{""init"": ""random"", ""max_iter"": 300, ""method"": ""alternate""}"
Trace,ed,lock-step,0.12396496421232192,0.17360554113758309,0.0017948999993677717,42,8,shift,30.0,200,200,275,4,,"{""init"": ""random"", ""max_iter"": 300, ""method"": ""alternate""}"
Trace,dtw,elastic,0.5617052084837416,0.6109458831162923,82.85778199999913,42,8,shift,30.0,200,200,275,4,"{""window"": 28, ""backend"": ""aeon""}","{""init"": ""random"", ""max_iter"": 300, ""method"": ""alternate""}"
Trace,msm,elastic,0.13002763122797087,0.20793236941169266,43.00710599999911,42,8,shift,30.0,200,200,275,4,"{""c"": 1.0, ""backend"": ""aeon""}","{""init"": ""random"", ""max_iter"": 300, ""method"": ""alternate""}"
Trace,ed,lock-step,0.07679447378677311,0.13278760673748974,0.01359240000056161,42,9,shift,30.0,200,200,275,4,,"{""init"": ""random"", ""max_iter"": 300, ""method"": ""alternate""}"
Trace,dtw,elastic,0.47992816097739727,0.5265114413584987,89.770860300001,42,9,shift,30.0,200,200,275,4,"{""window"": 28, ""backend"": ""aeon""}","{""init"": ""random"", ""max_iter"": 300, ""method"": ""alternate""}"
Trace,msm,elastic,0.08454766251537926,0.1388912902963808,31.24914020000142,42,9,shift,30.0,200,200,275,4,"{""c"": 1.0, ""backend"": ""aeon""}","{""init"": ""random"", ""max_iter"": 300, ""method"": ""alternate""}"
Trace,ed,lock-step,0.09355929718536135,0.13906359761748194,0.002829799999744864,42,10,shift,30.0,200,200,275,4,,"{""init"": ""random"", ""max_iter"": 300, ""method"": ""alternate""}"
Trace,dtw,elastic,0.3812892811296101,0.4636065282932431,73.3351418000002,42,10,shift,30.0,200,200,275,4,"{""window"": 28, ""backend"": ""aeon""}","{""init"": ""random"", ""max_iter"": 300, ""method"": ""alternate""}"
Trace,msm,elastic,0.14110423332635588,0.2199977568630789,38.483809100000144,42,10,shift,30.0,200,200,275,4,"{""c"": 1.0, ""backend"": ""aeon""}","{""init"": ""random"", ""max_iter"": 300, ""method"": ""alternate""}"
Trace,ed,lock-step,0.3970771698449474,0.5310472906884609,0.0024305000006279442,42,1,length,1.0,200,200,275,4,,"{""init"": ""random"", ""max_iter"": 300, ""method"": ""alternate""}"
Trace,dtw,elastic,0.6258062067299321,0.800246559228825,75.57117089999883,42,1,length,1.0,200,200,275,4,"{""window"": 28, ""backend"": ""aeon""}","{""init"": ""random"", ""max_iter"": 300, ""method"": ""alternate""}"
Trace,msm,elastic,0.47508778265526974,0.6111570311240329,24.325993599999492,42,1,length,1.0,200,200,275,4,"{""c"": 1.0, ""backend"": ""aeon""}","{""init"": ""random"", ""max_iter"": 300, ""method"": ""alternate""}"
Trace,ed,lock-step,0.3293473151695709,0.5027812536798705,0.0017759000020305393,42,2,length,1.0,200,200,275,4,,"{""init"": ""random"", ""max_iter"": 300, ""method"": ""alternate""}"
Trace,dtw,elastic,0.6695430576205196,0.7584153924830414,59.88808710000012,42,2,length,1.0,200,200,275,4,"{""window"": 28, ""backend"": ""aeon""}","{""init"": ""random"", ""max_iter"": 300, ""method"": ""alternate""}"
Trace,msm,elastic,0.34065271864654384,0.5089173059499711,28.191505200000393,42,2,length,1.0,200,200,275,4,"{""c"": 1.0, ""backend"": ""aeon""}","{""init"": ""random"", ""max_iter"": 300, ""method"": ""alternate""}"
Trace,ed,lock-step,0.3293473151695709,0.5027812536798704,0.0024985999989439733,42,3,length,1.0,200,200,275,4,,"{""init"": ""random"", ""max_iter"": 300, ""method"": ""alternate""}"
Trace,dtw,elastic,0.6655235055431996,0.7525044461276025,72.29562669999905,42,3,length,1.0,200,200,275,4,"{""window"": 28, ""backend"": ""aeon""}","{""init"": ""random"", ""max_iter"": 300, ""method"": ""alternate""}"
Trace,msm,elastic,0.34065271864654384,0.5089173059499711,21.55694070000027,42,3,length,1.0,200,200,275,4,"{""c"": 1.0, ""backend"": ""aeon""}","{""init"": ""random"", ""max_iter"": 300, ""method"": ""alternate""}"
Trace,ed,lock-step,0.393930573582276,0.528533951323854,0.00217020000127377,42,4,length,1.0,200,200,275,4,,"{""init"": ""random"", ""max_iter"": 300, ""method"": ""alternate""}"
Trace,dtw,elastic,0.4095704245400628,0.5442029245450124,85.12665299999753,42,4,length,1.0,200,200,275,4,"{""window"": 28, ""backend"": ""aeon""}","{""init"": ""random"", ""max_iter"": 300, ""method"": ""alternate""}"
Trace,msm,elastic,0.34065271864654384,0.5089173059499711,42.60702499999934,42,4,length,1.0,200,200,275,4,"{""c"": 1.0, ""backend"": ""aeon""}","{""init"": ""random"", ""max_iter"": 300, ""method"": ""alternate""}"
Trace,ed,lock-step,0.4010723406827558,0.5350890051293287,0.0017952999987755902,42,5,length,1.0,200,200,275,4,,"{""init"": ""random"", ""max_iter"": 300, ""method"": ""alternate""}"
Trace,dtw,elastic,0.6423800966262183,0.8077843044298384,73.33818409999913,42,5,length,1.0,200,200,275,4,"{""window"": 28, ""backend"": ""aeon""}","{""init"": ""random"", ""max_iter"": 300, ""method"": ""alternate""}"
Trace,msm,elastic,0.4848984915126794,0.6735370190814333,30.389972199998738,42,5,length,1.0,200,200,275,4,"{""c"": 1.0, ""backend"": ""aeon""}","{""init"": ""random"", ""max_iter"": 300, ""method"": ""alternate""}"
Trace,ed,lock-step,0.3293473151695709,0.5027812536798705,0.0018930000005639158,42,6,length,1.0,200,200,275,4,,"{""init"": ""random"", ""max_iter"": 300, ""method"": ""alternate""}"
Trace,dtw,elastic,0.4716834216187735,0.6627959101608362,76.44104850000076,42,6,length,1.0,200,200,275,4,"{""window"": 28, ""backend"": ""aeon""}","{""init"": ""random"", ""max_iter"": 300, ""method"": ""alternate""}"
Trace,msm,elastic,0.40644456952737157,0.5411994180858049,27.571937299997444,42,6,length,1.0,200,200,275,4,"{""c"": 1.0, ""backend"": ""aeon""}","{""init"": ""random"", ""max_iter"": 300, ""method"": ""alternate""}"
Trace,ed,lock-step,0.3293473151695709,0.5027812536798704,0.001972800000658026,42,7,length,1.0,200,200,275,4,,"{""init"": ""random"", ""max_iter"": 300, ""method"": ""alternate""}"
Trace,dtw,elastic,0.6655235055431996,0.7525044461276026,70.55309130000205,42,7,length,1.0,200,200,275,4,"{""window"": 28, ""backend"": ""aeon""}","{""init"": ""random"", ""max_iter"": 300, ""method"": ""alternate""}"
Trace,msm,elastic,0.34013469230609006,0.5082473123885117,32.438208500001565,42,7,length,1.0,200,200,275,4,"{""c"": 1.0, ""backend"": ""aeon""}","{""init"": ""random"", ""max_iter"": 300, ""method"": ""alternate""}"
Trace,ed,lock-step,0.4010723406827558,0.5350890051293287,0.0049993999982689274,42,8,length,1.0,200,200,275,4,,"{""init"": ""random"", ""max_iter"": 300, ""method"": ""alternate""}"
Trace,dtw,elastic,0.6275169462086189,0.8009903500739666,68.94653780000044,42,8,length,1.0,200,200,275,4,"{""window"": 28, ""backend"": ""aeon""}","{""init"": ""random"", ""max_iter"": 300, ""method"": ""alternate""}"
Trace,msm,elastic,0.3471097724890644,0.5124363745387334,32.7083601000013,42,8,length,1.0,200,200,275,4,"{""c"": 1.0, ""backend"": ""aeon""}","{""init"": ""random"", ""max_iter"": 300, ""method"": ""alternate""}"
Trace,ed,lock-step,0.3293473151695709,0.5027812536798704,0.001522200002000318,42,9,length,1.0,200,200,275,4,,"{""init"": ""random"", ""max_iter"": 300, ""method"": ""alternate""}"
Trace,dtw,elastic,0.6258062067299321,0.800246559228825,72.60945289999836,42,9,length,1.0,200,200,275,4,"{""window"": 28, ""backend"": ""aeon""}","{""init"": ""random"", ""max_iter"": 300, ""method"": ""alternate""}"
Trace,msm,elastic,0.34065271864654384,0.5089173059499711,26.907703000000765,42,9,length,1.0,200,200,275,4,"{""c"": 1.0, ""backend"": ""aeon""}","{""init"": ""random"", ""max_iter"": 300, ""method"": ""alternate""}"
Trace,ed,lock-step,0.40602902348360365,0.5408223494611252,0.0031107000013435027,42,10,length,1.0,200,200,275,4,,"{""init"": ""random"", ""max_iter"": 300, ""method"": ""alternate""}"
Trace,dtw,elastic,0.6423800966262183,0.8077843044298384,60.38976209999964,42,10,length,1.0,200,200,275,4,"{""window"": 28, ""backend"": ""aeon""}","{""init"": ""random"", ""max_iter"": 300, ""method"": ""alternate""}"
Trace,msm,elastic,0.4672539154643533,0.6100677595940187,38.42784169999868,42,10,length,1.0,200,200,275,4,"{""c"": 1.0, ""backend"": ""aeon""}","{""init"": ""random"", ""max_iter"": 300, ""method"": ""alternate""}"
Trace,ed,lock-step,0.3970771698449474,0.5310472906884609,0.00560599999880651,42,1,length,0.9,200,200,275,4,,"{""init"": ""random"", ""max_iter"": 300, ""method"": ""alternate""}"
Trace,dtw,elastic,0.6265193183816744,0.8005557179615888,71.9172785999981,42,1,length,0.9,200,200,275,4,"{""window"": 28, ""backend"": ""aeon""}","{""init"": ""random"", ""max_iter"": 300, ""method"": ""alternate""}"
Trace,msm,elastic,0.46972302036071456,0.603509907698587,25.27424869999959,42,1,length,0.9,200,200,275,4,"{""c"": 1.0, ""backend"": ""aeon""}","{""init"": ""random"", ""max_iter"": 300, ""method"": ""alternate""}"
Trace,ed,lock-step,0.3293473151695709,0.5027812536798705,0.0023675000011280645,42,2,length,0.9,200,200,275,4,,"{""init"": ""random"", ""max_iter"": 300, ""method"": ""alternate""}"
Trace,dtw,elastic,0.6681988674959525,0.7566755695936515,71.41364860000067,42,2,length,0.9,200,200,275,4,"{""window"": 28, ""backend"": ""aeon""}","{""init"": ""random"", ""max_iter"": 300, ""method"": ""alternate""}"
Trace,msm,elastic,0.3383215355387434,0.5076272636175402,26.7694874000008,42,2,length,0.9,200,200,275,4,"{""c"": 1.0, ""backend"": ""aeon""}","{""init"": ""random"", ""max_iter"": 300, ""method"": ""alternate""}"
Trace,ed,lock-step,0.3293473151695709,0.5027812536798704,0.0016933000006247312,42,3,length,0.9,200,200,275,4,,"{""init"": ""random"", ""max_iter"": 300, ""method"": ""alternate""}"
Trace,dtw,elastic,0.6638740625633404,0.7527333068874064,77.85269599999992,42,3,length,0.9,200,200,275,4,"{""window"": 28, ""backend"": ""aeon""}","{""init"": ""random"", ""max_iter"": 300, ""method"": ""alternate""}"
Trace,msm,elastic,0.3383215355387434,0.5076272636175402,37.17883409999922,42,3,length,0.9,200,200,275,4,"{""c"": 1.0, ""backend"": ""aeon""}","{""init"": ""random"", ""max_iter"": 300, ""method"": ""alternate""}"
Trace,ed,lock-step,0.3518175317117746,0.4547034513218119,0.002422699999442557,42,4,length,0.9,200,200,275,4,,"{""init"": ""random"", ""max_iter"": 300, ""method"": ""alternate""}"
Trace,dtw,elastic,0.40335614936759445,0.5367042639670517,83.15207609999925,42,4,length,0.9,200,200,275,4,"{""window"": 28, ""backend"": ""aeon""}","{""init"": ""random"", ""max_iter"": 300, ""method"": ""alternate""}"
Trace,msm,elastic,0.32829204447067817,0.5020757138821541,30.832304400000794,42,4,length,0.9,200,200,275,4,"{""c"": 1.0, ""backend"": ""aeon""}","{""init"": ""random"", ""max_iter"": 300, ""method"": ""alternate""}"
Trace,ed,lock-step,0.4010723406827558,0.5350890051293287,0.0017883000000438187,42,5,length,0.9,200,200,275,4,,"{""init"": ""random"", ""max_iter"": 300, ""method"": ""alternate""}"
Trace,dtw,elastic,0.6258062067299321,0.800246559228825,84.22679210000024,42,5,length,0.9,200,200,275,4,"{""window"": 28, ""backend"": ""aeon""}","{""init"": ""random"", ""max_iter"": 300, ""method"": ""alternate""}"
Trace,msm,elastic,0.4848984915126794,0.6735370190814333,40.532537799997954,42,5,length,0.9,200,200,275,4,"{""c"": 1.0, ""backend"": ""aeon""}","{""init"": ""random"", ""max_iter"": 300, ""method"": ""alternate""}"
Trace,ed,lock-step,0.3293473151695709,0.5027812536798705,0.0019366999986232258,42,6,length,0.9,200,200,275,4,,"{""init"": ""random"", ""max_iter"": 300, ""method"": ""alternate""}"
Trace,dtw,elastic,0.4902153976747359,0.6775034944026076,66.27342469999894,42,6,length,0.9,200,200,275,4,"{""window"": 28, ""backend"": ""aeon""}","{""init"": ""random"", ""max_iter"": 300, ""method"": ""alternate""}"
Trace,msm,elastic,0.40932868869781613,0.5439792042422874,43.267037400000845,42,6,length,0.9,200,200,275,4,"{""c"": 1.0, ""backend"": ""aeon""}","{""init"": ""random"", ""max_iter"": 300, ""method"": ""alternate""}"
Trace,ed,lock-step,0.3293473151695709,0.5027812536798704,0.0015926999985822476,42,7,length,0.9,200,200,275,4,,"{""init"": ""random"", ""max_iter"": 300, ""method"": ""alternate""}"
Trace,dtw,elastic,0.6651560361653917,0.7520572375287914,78.48590879999938,42,7,length,0.9,200,200,275,4,"{""window"": 28, ""backend"": ""aeon""}","{""init"": ""random"", ""max_iter"": 300, ""method"": ""alternate""}"
Trace,msm,elastic,0.346898457518967,0.5119871940367836,31.161644400001023,42,7,length,0.9,200,200,275,4,"{""c"": 1.0, ""backend"": ""aeon""}","{""init"": ""random"", ""max_iter"": 300, ""method"": ""alternate""}"
Trace,ed,lock-step,0.4010723406827558,0.5350890051293287,0.0018708000006881775,42,8,length,0.9,200,200,275,4,,"{""init"": ""random"", ""max_iter"": 300, ""method"": ""alternate""}"
Trace,dtw,elastic,0.625378131410156,0.8000615761527523,61.11678740000025,42,8,length,0.9,200,200,275,4,"{""window"": 28, ""backend"": ""aeon""}","{""init"": ""random"", ""max_iter"": 300, ""method"": ""alternate""}"
Trace,msm,elastic,0.34013469230609006,0.5082473123885117,32.55809649999901,42,8,length,0.9,200,200,275,4,"{""c"": 1.0, ""backend"": ""aeon""}","{""init"": ""random"", ""max_iter"": 300, ""method"": ""alternate""}"
Trace,ed,lock-step,0.3293473151695709,0.5027812536798704,0.005675400001564412,42,9,length,0.9,200,200,275,4,,"{""init"": ""random"", ""max_iter"": 300, ""method"": ""alternate""}"
Trace,dtw,elastic,0.6275169462086189,0.8009903500739666,74.02105550000124,42,9,length,0.9,200,200,275,4,"{""window"": 28, ""backend"": ""aeon""}","{""init"": ""random"", ""max_iter"": 300, ""method"": ""alternate""}"
Trace,msm,elastic,0.3383215355387434,0.5076272636175402,30.315889899999092,42,9,length,0.9,200,200,275,4,"{""c"": 1.0, ""backend"": ""aeon""}","{""init"": ""random"", ""max_iter"": 300, ""method"": ""alternate""}"
Trace,ed,lock-step,0.40602902348360365,0.5408223494611252,0.0018002999986492796,42,10,length,0.9,200,200,275,4,,"{""init"": ""random"", ""max_iter"": 300, ""method"": ""alternate""}"
Trace,dtw,elastic,0.6265193183816744,0.8005557179615888,77.38331500000095,42,10,length,0.9,200,200,275,4,"{""window"": 28, ""backend"": ""aeon""}","{""init"": ""random"", ""max_iter"": 300, ""method"": ""alternate""}"
Trace,msm,elastic,0.45710176684797527,0.5961676786765705,39.46065689999887,42,10,length,0.9,200,200,275,4,"{""c"": 1.0, ""backend"": ""aeon""}","{""init"": ""random"", ""max_iter"": 300, ""method"": ""alternate""}"
Trace,ed,lock-step,0.3293473151695709,0.5027812536798704,0.0024336000005860114,42,1,length,0.75,200,200,275,4,,"{""init"": ""random"", ""max_iter"": 300, ""method"": ""alternate""}"
Trace,dtw,elastic,0.625378131410156,0.8000615761527523,66.52327370000057,42,1,length,0.75,200,200,275,4,"{""window"": 28, ""backend"": ""aeon""}","{""init"": ""random"", ""max_iter"": 300, ""method"": ""alternate""}"
Trace,msm,elastic,0.3383215355387434,0.5076272636175402,32.889605200000005,42,1,length,0.75,200,200,275,4,"{""c"": 1.0, ""backend"": ""aeon""}","{""init"": ""random"", ""max_iter"": 300, ""method"": ""alternate""}"
Trace,ed,lock-step,0.3293473151695709,0.5027812536798705,0.002742299999226816,42,2,length,0.75,200,200,275,4,,"{""init"": ""random"", ""max_iter"": 300, ""method"": ""alternate""}"
Trace,dtw,elastic,0.6753601694915254,0.764450698096865,65.76356089999899,42,2,length,0.75,200,200,275,4,"{""window"": 28, ""backend"": ""aeon""}","{""init"": ""random"", ""max_iter"": 300, ""method"": ""alternate""}"
Trace,msm,elastic,0.3383215355387434,0.5076272636175402,23.901440800000273,42,2,length,0.75,200,200,275,4,"{""c"": 1.0, ""backend"": ""aeon""}","{""init"": ""random"", ""max_iter"": 300, ""method"": ""alternate""}"
Trace,ed,lock-step,0.3293473151695709,0.5027812536798704,0.0012940999986312818,42,3,length,0.75,200,200,275,4,,"{""init"": ""random"", ""max_iter"": 300, ""method"": ""alternate""}"
Trace,dtw,elastic,0.6670250258665287,0.7551871965064898,85.2804570999997,42,3,length,0.75,200,200,275,4,"{""window"": 28, ""backend"": ""aeon""}","{""init"": ""random"", ""max_iter"": 300, ""method"": ""alternate""}"
Trace,msm,elastic,0.3383215355387434,0.5076272636175402,45.13118939999913,42,3,length,0.75,200,200,275,4,"{""c"": 1.0, ""backend"": ""aeon""}","{""init"": ""random"", ""max_iter"": 300, ""method"": ""alternate""}"
Trace,ed,lock-step,0.3117754755881325,0.41565749176837524,0.005779199998869444,42,4,length,0.75,200,200,275,4,,"{""init"": ""random"", ""max_iter"": 300, ""method"": ""alternate""}"
Trace,dtw,elastic,0.40399270359062694,0.5378734757973722,68.58619209999961,42,4,length,0.75,200,200,275,4,"{""window"": 28, ""backend"": ""aeon""}","{""init"": ""random"", ""max_iter"": 300, ""method"": ""alternate""}"
Trace,msm,elastic,0.3709219454353267,0.48787548253586654,28.51565760000085,42,4,length,0.75,200,200,275,4,"{""c"": 1.0, ""backend"": ""aeon""}","{""init"": ""random"", ""max_iter"": 300, ""method"": ""alternate""}"
Trace,ed,lock-step,0.4010723406827558,0.5350890051293287,0.001932099998157355,42,5,length,0.75,200,200,275,4,,"{""init"": ""random"", ""max_iter"": 300, ""method"": ""alternate""}"
Trace,dtw,elastic,0.625378131410156,0.8000615761527523,62.040137300000424,42,5,length,0.75,200,200,275,4,"{""window"": 28, ""backend"": ""aeon""}","{""init"": ""random"", ""max_iter"": 300, ""method"": ""alternate""}"
Trace,msm,elastic,0.4777016993544965,0.6566430991698093,24.723601899999267,42,5,length,0.75,200,200,275,4,"{""c"": 1.0, ""backend"": ""aeon""}","{""init"": ""random"", ""max_iter"": 300, ""method"": ""alternate""}"
Trace,ed,lock-step,0.3293473151695709,0.5027812536798705,0.004556300000331248,42,6,length,0.75,200,200,275,4,,"{""init"": ""random"", ""max_iter"": 300, ""method"": ""alternate""}"
Trace,dtw,elastic,0.46202482123458377,0.6184162347720443,59.52315330000056,42,6,length,0.75,200,200,275,4,"{""window"": 28, ""backend"": ""aeon""}","{""init"": ""random"", ""max_iter"": 300, ""method"": ""alternate""}"
Trace,msm,elastic,0.3383215355387434,0.5076272636175402,24.191331599999103,42,6,length,0.75,200,200,275,4,"{""c"": 1.0, ""backend"": ""aeon""}","{""init"": ""random"", ""max_iter"": 300, ""method"": ""alternate""}"
Trace,ed,lock-step,0.3293473151695709,0.5027812536798704,0.0027804000001196982,42,7,length,0.75,200,200,275,4,,"{""init"": ""random"", ""max_iter"": 300, ""method"": ""alternate""}"
Trace,dtw,elastic,0.6687669139742959,0.7542639147969771,66.85262379999949,42,7,length,0.75,200,200,275,4,"{""window"": 28, ""backend"": ""aeon""}","{""init"": ""random"", ""max_iter"": 300, ""method"": ""alternate""}"
Trace,msm,elastic,0.3347655500136396,0.5054031889330557,29.946416800001316,42,7,length,0.75,200,200,275,4,"{""c"": 1.0, ""backend"": ""aeon""}","{""init"": ""random"", ""max_iter"": 300, ""method"": ""alternate""}"
Trace,ed,lock-step,0.3293473151695709,0.5027812536798705,0.0020088000001123874,42,8,length,0.75,200,200,275,4,,"{""init"": ""random"", ""max_iter"": 300, ""method"": ""alternate""}"
Trace,dtw,elastic,0.6258062067299321,0.800246559228825,84.66914539999925,42,8,length,0.75,200,200,275,4,"{""window"": 28, ""backend"": ""aeon""}","{""init"": ""random"", ""max_iter"": 300, ""method"": ""alternate""}"
Trace,msm,elastic,0.4234450076437179,0.5162736650497906,30.904628799999045,42,8,length,0.75,200,200,275,4,"{""c"": 1.0, ""backend"": ""aeon""}","{""init"": ""random"", ""max_iter"": 300, ""method"": ""alternate""}"
Trace,ed,lock-step,0.3293473151695709,0.5027812536798704,0.002478199998222408,42,9,length,0.75,200,200,275,4,,"{""init"": ""random"", ""max_iter"": 300, ""method"": ""alternate""}"
Trace,dtw,elastic,0.6265193183816744,0.8005557179615888,83.14976270000079,42,9,length,0.75,200,200,275,4,"{""window"": 28, ""backend"": ""aeon""}","{""init"": ""random"", ""max_iter"": 300, ""method"": ""alternate""}"
Trace,msm,elastic,0.3383215355387434,0.5076272636175402,36.3284537999989,42,9,length,0.75,200,200,275,4,"{""c"": 1.0, ""backend"": ""aeon""}","{""init"": ""random"", ""max_iter"": 300, ""method"": ""alternate""}"
Trace,ed,lock-step,0.40602902348360365,0.5408223494611252,0.002020899997660308,42,10,length,0.75,200,200,275,4,,"{""init"": ""random"", ""max_iter"": 300, ""method"": ""alternate""}"
Trace,dtw,elastic,0.6265193183816744,0.8005557179615889,71.08423530000073,42,10,length,0.75,200,200,275,4,"{""window"": 28, ""backend"": ""aeon""}","{""init"": ""random"", ""max_iter"": 300, ""method"": ""alternate""}"
Trace,msm,elastic,0.40610583173948184,0.5116683259048853,27.057357999998203,42,10,length,0.75,200,200,275,4,"{""c"": 1.0, ""backend"": ""aeon""}","{""init"": ""random"", ""max_iter"": 300, ""method"": ""alternate""}"
Trace,ed,lock-step,0.2778405504998066,0.3870476535022517,0.00448310000138008,42,1,length,0.5,200,200,275,4,,"{""init"": ""random"", ""max_iter"": 300, ""method"": ""alternate""}"
Trace,dtw,elastic,0.40214300637843614,0.548513930045871,78.40086909999991,42,1,length,0.5,200,200,275,4,"{""window"": 28, ""backend"": ""aeon""}","{""init"": ""random"", ""max_iter"": 300, ""method"": ""alternate""}"
Trace,msm,elastic,0.4065391062060559,0.5239471141127946,40.13162039999952,42,1,length,0.5,200,200,275,4,"{""c"": 1.0, ""backend"": ""aeon""}","{""init"": ""random"", ""max_iter"": 300, ""method"": ""alternate""}"
Trace,ed,lock-step,0.2866850414781043,0.38760010613587864,0.003760899999178946,42,2,length,0.5,200,200,275,4,,"{""init"": ""random"", ""max_iter"": 300, ""method"": ""alternate""}"
Trace,dtw,elastic,0.2629541795273378,0.38123711168620045,71.93752279999899,42,2,length,0.5,200,200,275,4,"{""window"": 28, ""backend"": ""aeon""}","{""init"": ""random"", ""max_iter"": 300, ""method"": ""alternate""}"
Trace,msm,elastic,0.37521920711746753,0.48373430502447917,27.06579369999963,42,2,length,0.5,200,200,275,4,"{""c"": 1.0, ""backend"": ""aeon""}","{""init"": ""random"", ""max_iter"": 300, ""method"": ""alternate""}"
Trace,ed,lock-step,0.3153821860423461,0.4645928770355404,0.0017685999991954304,42,3,length,0.5,200,200,275,4,,"{""init"": ""random"", ""max_iter"": 300, ""method"": ""alternate""}"
Trace,dtw,elastic,0.3477157779554269,0.4987228655107192,73.91332819999843,42,3,length,0.5,200,200,275,4,"{""window"": 28, ""backend"": ""aeon""}","{""init"": ""random"", ""max_iter"": 300, ""method"": ""alternate""}"
Trace,msm,elastic,0.34281269541486387,0.49712147221620995,35.11807079999926,42,3,length,0.5,200,200,275,4,"{""c"": 1.0, ""backend"": ""aeon""}","{""init"": ""random"", ""max_iter"": 300, ""method"": ""alternate""}"
Trace,ed,lock-step,0.3153821860423461,0.4645928770355405,0.0026662000000214903,42,4,length,0.5,200,200,275,4,,"{""init"": ""random"", ""max_iter"": 300, ""method"": ""alternate""}"
Trace,dtw,elastic,0.2779888756099796,0.3927247127113434,83.5455527999984,42,4,length,0.5,200,200,275,4,"{""window"": 28, ""backend"": ""aeon""}","{""init"": ""random"", ""max_iter"": 300, ""method"": ""alternate""}"
Trace,msm,elastic,0.34281269541486387,0.49712147221620995,34.096288700000514,42,4,length,0.5,200,200,275,4,"{""c"": 1.0, ""backend"": ""aeon""}","{""init"": ""random"", ""max_iter"": 300, ""method"": ""alternate""}"
Trace,ed,lock-step,0.2778405504998066,0.3870476535022517,0.0023699000012129545,42,5,length,0.5,200,200,275,4,,"{""init"": ""random"", ""max_iter"": 300, ""method"": ""alternate""}"
Trace,dtw,elastic,0.34486488113917413,0.5029906440052028,61.963700499998595,42,5,length,0.5,200,200,275,4,"{""window"": 28, ""backend"": ""aeon""}","{""init"": ""random"", ""max_iter"": 300, ""method"": ""alternate""}"
Trace,msm,elastic,0.4453917573446366,0.5967917240646196,34.95664039999974,42,5,length,0.5,200,200,275,4,"{""c"": 1.0, ""backend"": ""aeon""}","{""init"": ""random"", ""max_iter"": 300, ""method"": ""alternate""}"
Trace,ed,lock-step,0.3153821860423461,0.4645928770355406,0.004854600001635845,42,6,length,0.5,200,200,275,4,,"{""init"": ""random"", ""max_iter"": 300, ""method"": ""alternate""}"
Trace,dtw,elastic,0.2779888756099796,0.3927247127113435,72.43748499999856,42,6,length,0.5,200,200,275,4,"{""window"": 28, ""backend"": ""aeon""}","{""init"": ""random"", ""max_iter"": 300, ""method"": ""alternate""}"
Trace,msm,elastic,0.34281269541486387,0.49712147221621006,31.780065200000536,42,6,length,0.5,200,200,275,4,"{""c"": 1.0, ""backend"": ""aeon""}","{""init"": ""random"", ""max_iter"": 300, ""method"": ""alternate""}"
Trace,ed,lock-step,0.33126227117621176,0.47891318433537505,0.0016305000008287607,42,7,length,0.5,200,200,275,4,,"{""init"": ""random"", ""max_iter"": 300, ""method"": ""alternate""}"
Trace,dtw,elastic,0.2779888756099796,0.3927247127113435,86.12937109999984,42,7,length,0.5,200,200,275,4,"{""window"": 28, ""backend"": ""aeon""}","{""init"": ""random"", ""max_iter"": 300, ""method"": ""alternate""}"
Trace,msm,elastic,0.3460675229459932,0.4985589885888482,50.54891689999931,42,7,length,0.5,200,200,275,4,"{""c"": 1.0, ""backend"": ""aeon""}","{""init"": ""random"", ""max_iter"": 300, ""method"": ""alternate""}"
Trace,ed,lock-step,0.2778405504998066,0.3870476535022517,0.019760900000619586,42,8,length,0.5,200,200,275,4,,"{""init"": ""random"", ""max_iter"": 300, ""method"": ""alternate""}"
Trace,dtw,elastic,0.3500432167373805,0.5077572322152527,79.24443329999849,42,8,length,0.5,200,200,275,4,"{""window"": 28, ""backend"": ""aeon""}","{""init"": ""random"", ""max_iter"": 300, ""method"": ""alternate""}"
Trace,msm,elastic,0.4506487934990083,0.6008654823406794,34.43620869999904,42,8,length,0.5,200,200,275,4,"{""c"": 1.0, ""backend"": ""aeon""}","{""init"": ""random"", ""max_iter"": 300, ""method"": ""alternate""}"
Trace,ed,lock-step,0.2778405504998066,0.3870476535022517,0.003231700000469573,42,9,length,0.5,200,200,275,4,,"{""init"": ""random"", ""max_iter"": 300, ""method"": ""alternate""}"
Trace,dtw,elastic,0.3056995243338351,0.48273915690585645,86.46118129999923,42,9,length,0.5,200,200,275,4,"{""window"": 28, ""backend"": ""aeon""}","{""init"": ""random"", ""max_iter"": 300, ""method"": ""alternate""}"
Trace,msm,elastic,0.3989751890848749,0.5033980287922091,27.37541069999861,42,9,length,0.5,200,200,275,4,"{""c"": 1.0, ""backend"": ""aeon""}","{""init"": ""random"", ""max_iter"": 300, ""method"": ""alternate""}"
Trace,ed,lock-step,0.30534729790627285,0.41314146678735447,0.008887099998901249,42,10,length,0.5,200,200,275,4,,"{""init"": ""random"", ""max_iter"": 300, ""method"": ""alternate""}"
Trace,dtw,elastic,0.30022146897641616,0.48317614646530144,89.88340120000066,42,10,length,0.5,200,200,275,4,"{""window"": 28, ""backend"": ""aeon""}","{""init"": ""random"", ""max_iter"": 300, ""method"": ""alternate""}"
Trace,msm,elastic,0.38515911711290796,0.4869079481110727,33.26153879999947,42,10,length,0.5,200,200,275,4,"{""c"": 1.0, ""backend"": ""aeon""}","{""init"": ""random"", ""max_iter"": 300, ""method"": ""alternate""}"
Trace,ed,lock-step,0.22024711235021643,0.2794628679785687,0.002259500000945991,42,1,length,0.25,200,200,275,4,,"{""init"": ""random"", ""max_iter"": 300, ""method"": ""alternate""}"
Trace,dtw,elastic,0.28033793372026894,0.4033578602755743,73.19104679999873,42,1,length,0.25,200,200,275,4,"{""window"": 28, ""backend"": ""aeon""}","{""init"": ""random"", ""max_iter"": 300, ""method"": ""alternate""}"
Trace,msm,elastic,0.28331143440611695,0.4209984700375731,52.46948780000275,42,1,length,0.25,200,200,275,4,"{""c"": 1.0, ""backend"": ""aeon""}","{""init"": ""random"", ""max_iter"": 300, ""method"": ""alternate""}"
Trace,ed,lock-step,0.016796246303205302,0.10469212452164309,0.002243500000986387,42,2,length,0.25,200,200,275,4,,"{""init"": ""random"", ""max_iter"": 300, ""method"": ""alternate""}"
Trace,dtw,elastic,0.1056907089418089,0.2518691449772488,68.67088189999959,42,2,length,0.25,200,200,275,4,"{""window"": 28, ""backend"": ""aeon""}","{""init"": ""random"", ""max_iter"": 300, ""method"": ""alternate""}"
Trace,msm,elastic,0.38961903811779297,0.5086129532276923,36.66669189999811,42,2,length,0.25,200,200,275,4,"{""c"": 1.0, ""backend"": ""aeon""}","{""init"": ""random"", ""max_iter"": 300, ""method"": ""alternate""}"
Trace,ed,lock-step,0.2631504965187638,0.30155328481856486,0.003018000001247856,42,3,length,0.25,200,200,275,4,,"{""init"": ""random"", ""max_iter"": 300, ""method"": ""alternate""}"
Trace,dtw,elastic,0.18936656870410815,0.3353205441180016,83.67663919999904,42,3,length,0.25,200,200,275,4,"{""window"": 28, ""backend"": ""aeon""}","{""init"": ""random"", ""max_iter"": 300, ""method"": ""alternate""}"
Trace,msm,elastic,0.27215590229344405,0.41761883598474675,33.98843279999892,42,3,length,0.25,200,200,275,4,"{""c"": 1.0, ""backend"": ""aeon""}","{""init"": ""random"", ""max_iter"": 300, ""method"": ""alternate""}"
Trace,ed,lock-step,0.2999757257444056,0.3980023885750375,0.0026170999990426935,42,4,length,0.25,200,200,275,4,,"{""init"": ""random"", ""max_iter"": 300, ""method"": ""alternate""}"
Trace,dtw,elastic,0.25340206455098846,0.34420686574989895,65.22888740000053,42,4,length,0.25,200,200,275,4,"{""window"": 28, ""backend"": ""aeon""}","{""init"": ""random"", ""max_iter"": 300, ""method"": ""alternate""}"
Trace,msm,elastic,0.4074607856914643,0.5282522805686048,29.306601299998874,42,4,length,0.25,200,200,275,4,"{""c"": 1.0, ""backend"": ""aeon""}","{""init"": ""random"", ""max_iter"": 300, ""method"": ""alternate""}"
Trace,ed,lock-step,0.23016132845381537,0.27898809801795305,0.004392700002426864,42,5,length,0.25,200,200,275,4,,"{""init"": ""random"", ""max_iter"": 300, ""method"": ""alternate""}"
Trace,dtw,elastic,0.2706135407964062,0.3968178210088954,69.24510239999836,42,5,length,0.25,200,200,275,4,"{""window"": 28, ""backend"": ""aeon""}","{""init"": ""random"", ""max_iter"": 300, ""method"": ""alternate""}"
Trace,msm,elastic,0.2754305090295021,0.41469439813179865,34.43887189999987,42,5,length,0.25,200,200,275,4,"{""c"": 1.0, ""backend"": ""aeon""}","{""init"": ""random"", ""max_iter"": 300, ""method"": ""alternate""}"
Trace,ed,lock-step,0.1942106339016699,0.28272178955890664,0.008305199997266755,42,6,length,0.25,200,200,275,4,,"{""init"": ""random"", ""max_iter"": 300, ""method"": ""alternate""}"
Trace,dtw,elastic,0.18373070130367358,0.2722944810074127,86.63943139999901,42,6,length,0.25,200,200,275,4,"{""window"": 28, ""backend"": ""aeon""}","{""init"": ""random"", ""max_iter"": 300, ""method"": ""alternate""}"
Trace,msm,elastic,0.3458523105539379,0.44624314569311185,59.5746694999998,42,6,length,0.25,200,200,275,4,"{""c"": 1.0, ""backend"": ""aeon""}","{""init"": ""random"", ""max_iter"": 300, ""method"": ""alternate""}"
Trace,ed,lock-step,0.22024711235021643,0.2794628679785686,0.007108899999366258,42,7,length,0.25,200,200,275,4,,"{""init"": ""random"", ""max_iter"": 300, ""method"": ""alternate""}"
Trace,dtw,elastic,0.18373070130367358,0.27229448100741277,109.55540449999899,42,7,length,0.25,200,200,275,4,"{""window"": 28, ""backend"": ""aeon""}","{""init"": ""random"", ""max_iter"": 300, ""method"": ""alternate""}"
Trace,msm,elastic,0.28215967791951696,0.42086929939070417,50.37465719999818,42,7,length,0.25,200,200,275,4,"{""c"": 1.0, ""backend"": ""aeon""}","{""init"": ""random"", ""max_iter"": 300, ""method"": ""alternate""}"
Trace,ed,lock-step,0.20883844056766662,0.268410674903807,0.004332900000008522,42,8,length,0.25,200,200,275,4,,"{""init"": ""random"", ""max_iter"": 300, ""method"": ""alternate""}"
Trace,dtw,elastic,0.2677467882391994,0.4154132686436944,60.430595099998754,42,8,length,0.25,200,200,275,4,"{""window"": 28, ""backend"": ""aeon""}","{""init"": ""random"", ""max_iter"": 300, ""method"": ""alternate""}"
Trace,msm,elastic,0.2721620020770859,0.41554529129442197,26.599219899999298,42,8,length,0.25,200,200,275,4,"{""c"": 1.0, ""backend"": ""aeon""}","{""init"": ""random"", ""max_iter"": 300, ""method"": ""alternate""}"
Trace,ed,lock-step,0.22024711235021643,0.2794628679785686,0.0017807999975048006,42,9,length,0.25,200,200,275,4,,"{""init"": ""random"", ""max_iter"": 300, ""method"": ""alternate""}"
Trace,dtw,elastic,0.23837252798587144,0.36872136219525753,61.821224899998924,42,9,length,0.25,200,200,275,4,"{""window"": 28, ""backend"": ""aeon""}","{""init"": ""random"", ""max_iter"": 300, ""method"": ""alternate""}"
Trace,msm,elastic,0.2754305090295021,0.41469439813179865,39.90784199999689,42,9,length,0.25,200,200,275,4,"{""c"": 1.0, ""backend"": ""aeon""}","{""init"": ""random"", ""max_iter"": 300, ""method"": ""alternate""}"
Trace,ed,lock-step,0.20883844056766662,0.268410674903807,0.0027231000021856744,42,10,length,0.25,200,200,275,4,,"{""init"": ""random"", ""max_iter"": 300, ""method"": ""alternate""}"
Trace,dtw,elastic,0.3774157695528937,0.47457610339675604,86.15586330000224,42,10,length,0.25,200,200,275,4,"{""window"": 28, ""backend"": ""aeon""}","{""init"": ""random"", ""max_iter"": 300, ""method"": ""alternate""}"
Trace,msm,elastic,0.2721620020770859,0.41554529129442197,31.019220699996367,42,10,length,0.25,200,200,275,4,"{""c"": 1.0, ""backend"": ""aeon""}","{""init"": ""random"", ""max_iter"": 300, ""method"": ""alternate""}"
ECG200,ed,lock-step,0.13694107865553204,0.1357435317567495,0.002811700000165729,42,1,noise,0.0,200,100,96,2,,"{""init"": ""random"", ""max_iter"": 300, ""method"": ""alternate""}"
ECG200,dtw,elastic,0.0066781770205557546,0.014880660382146764,2.2291616999973485,42,1,noise,0.0,200,100,96,2,"{""window"": 10, ""backend"": ""aeon""}","{""init"": ""random"", ""max_iter"": 300, ""method"": ""alternate""}"
ECG200,msm,elastic,0.15231431646932186,0.1402834245040046,0.3401750000011816,42,1,noise,0.0,200,100,96,2,"{""c"": 1.0, ""backend"": ""aeon""}","{""init"": ""random"", ""max_iter"": 300, ""method"": ""alternate""}"
ECG200,ed,lock-step,0.03329752953813104,0.0491957059577339,0.0009829999980865978,42,2,noise,0.0,200,100,96,2,,"{""init"": ""random"", ""max_iter"": 300, ""method"": ""alternate""}"
ECG200,dtw,elastic,-0.001559549192811453,0.006362555582158176,2.0971973999985494,42,2,noise,0.0,200,100,96,2,"{""window"": 10, ""backend"": ""aeon""}","{""init"": ""random"", ""max_iter"": 300, ""method"": ""alternate""}"
ECG200,msm,elastic,0.15231431646932186,0.1402834245040046,0.3164087000004656,42,2,noise,0.0,200,100,96,2,"{""c"": 1.0, ""backend"": ""aeon""}","{""init"": ""random"", ""max_iter"": 300, ""method"": ""alternate""}"
ECG200,ed,lock-step,0.13694107865553204,0.1357435317567495,0.0014137999969534576,42,3,noise,0.0,200,100,96,2,,"{""init"": ""random"", ""max_iter"": 300, ""method"": ""alternate""}"
ECG200,dtw,elastic,0.1358422193112398,0.11005444548223992,2.220983300005173,42,3,noise,0.0,200,100,96,2,"{""window"": 10, ""backend"": ""aeon""}","{""init"": ""random"", ""max_iter"": 300, ""method"": ""alternate""}"
ECG200,msm,elastic,0.15231431646932186,0.1402834245040046,0.25511760000517825,42,3,noise,0.0,200,100,96,2,"{""c"": 1.0, ""backend"": ""aeon""}","{""init"": ""random"", ""max_iter"": 300, ""method"": ""alternate""}"
ECG200,ed,lock-step,0.13694107865553204,0.1357435317567495,0.0007220999978017062,42,4,noise,0.0,200,100,96,2,,"{""init"": ""random"", ""max_iter"": 300, ""method"": ""alternate""}"
ECG200,dtw,elastic,-0.001559549192811453,0.006362555582158176,3.538028099996154,42,4,noise,0.0,200,100,96,2,"{""window"": 10, ""backend"": ""aeon""}","{""init"": ""random"", ""max_iter"": 300, ""method"": ""alternate""}"
ECG200,msm,elastic,0.15231431646932186,0.1402834245040046,0.31572570000207634,42,4,noise,0.0,200,100,96,2,"{""c"": 1.0, ""backend"": ""aeon""}","{""init"": ""random"", ""max_iter"": 300, ""method"": ""alternate""}"
ECG200,ed,lock-step,0.13694107865553204,0.1357435317567495,0.002155099999072263,42,5,noise,0.0,200,100,96,2,,"{""init"": ""random"", ""max_iter"": 300, ""method"": ""alternate""}"
ECG200,dtw,elastic,0.05827405947381952,0.05073566873993589,2.192604100000608,42,5,noise,0.0,200,100,96,2,"{""window"": 10, ""backend"": ""aeon""}","{""init"": ""random"", ""max_iter"": 300, ""method"": ""alternate""}"
ECG200,msm,elastic,0.15231431646932186,0.1402834245040046,0.3358267000003252,42,5,noise,0.0,200,100,96,2,"{""c"": 1.0, ""backend"": ""aeon""}","{""init"": ""random"", ""max_iter"": 300, ""method"": ""alternate""}"
ECG200,ed,lock-step,0.13694107865553204,0.1357435317567495,0.0016333999992639292,42,6,noise,0.0,200,100,96,2,,"{""init"": ""random"", ""max_iter"": 300, ""method"": ""alternate""}"
ECG200,dtw,elastic,0.03178484107579462,0.03705068107641364,2.1613482000029762,42,6,noise,0.0,200,100,96,2,"{""window"": 10, ""backend"": ""aeon""}","{""init"": ""random"", ""max_iter"": 300, ""method"": ""alternate""}"
ECG200,msm,elastic,0.15231431646932186,0.1402834245040046,0.320018300000811,42,6,noise,0.0,200,100,96,2,"{""c"": 1.0, ""backend"": ""aeon""}","{""init"": ""random"", ""max_iter"": 300, ""method"": ""alternate""}"
ECG200,ed,lock-step,0.13694107865553204,0.1357435317567495,0.002157600003556581,42,7,noise,0.0,200,100,96,2,,"{""init"": ""random"", ""max_iter"": 300, ""method"": ""alternate""}"
ECG200,dtw,elastic,-0.001559549192811453,0.006362555582158176,2.3580037000028824,42,7,noise,0.0,200,100,96,2,"{""window"": 10, ""backend"": ""aeon""}","{""init"": ""random"", ""max_iter"": 300, ""method"": ""alternate""}"
ECG200,msm,elastic,0.15231431646932186,0.1402834245040046,0.3023076999998011,42,7,noise,0.0,200,100,96,2,"{""c"": 1.0, ""backend"": ""aeon""}","{""init"": ""random"", ""max_iter"": 300, ""method"": ""alternate""}"
ECG200,ed,lock-step,0.13694107865553204,0.1357435317567495,0.0006198999981279485,42,8,noise,0.0,200,100,96,2,,"{""init"": ""random"", ""max_iter"": 300, ""method"": ""alternate""}"
ECG200,dtw,elastic,-0.001559549192811453,0.006362555582158176,2.15862190000189,42,8,noise,0.0,200,100,96,2,"{""window"": 10, ""backend"": ""aeon""}","{""init"": ""random"", ""max_iter"": 300, ""method"": ""alternate""}"
ECG200,msm,elastic,0.15231431646932186,0.1402834245040046,0.30981489999976475,42,8,noise,0.0,200,100,96,2,"{""c"": 1.0, ""backend"": ""aeon""}","{""init"": ""random"", ""max_iter"": 300, ""method"": ""alternate""}"
ECG200,ed,lock-step,0.03329752953813104,0.0491957059577339,0.0012297999965085182,42,9,noise,0.0,200,100,96,2,,"{""init"": ""random"", ""max_iter"": 300, ""method"": ""alternate""}"
ECG200,dtw,elastic,-0.001559549192811453,0.006362555582158176,3.270398299999215,42,9,noise,0.0,200,100,96,2,"{""window"": 10, ""backend"": ""aeon""}","{""init"": ""random"", ""max_iter"": 300, ""method"": ""alternate""}"
ECG200,msm,elastic,0.15231431646932186,0.1402834245040046,0.6530387999955565,42,9,noise,0.0,200,100,96,2,"{""c"": 1.0, ""backend"": ""aeon""}","{""init"": ""random"", ""max_iter"": 300, ""method"": ""alternate""}"
ECG200,ed,lock-step,0.03329752953813104,0.0491957059577339,0.0006457000017690007,42,10,noise,0.0,200,100,96,2,,"{""init"": ""random"", ""max_iter"": 300, ""method"": ""alternate""}"
ECG200,dtw,elastic,-0.001559549192811453,0.006362555582158176,2.297698800000944,42,10,noise,0.0,200,100,96,2,"{""window"": 10, ""backend"": ""aeon""}","{""init"": ""random"", ""max_iter"": 300, ""method"": ""alternate""}"
ECG200,msm,elastic,0.15231431646932186,0.1402834245040046,0.30095409999921685,42,10,noise,0.0,200,100,96,2,"{""c"": 1.0, ""backend"": ""aeon""}","{""init"": ""random"", ""max_iter"": 300, ""method"": ""alternate""}"
ECG200,ed,lock-step,0.13694107865553204,0.1357435317567495,0.0014713000018673483,42,1,noise,0.1,200,100,96,2,,"{""init"": ""random"", ""max_iter"": 300, ""method"": ""alternate""}"
ECG200,dtw,elastic,0.16827089819284236,0.13813850526105884,2.49654830000145,42,1,noise,0.1,200,100,96,2,"{""window"": 10, ""backend"": ""aeon""}","{""init"": ""random"", ""max_iter"": 300, ""method"": ""alternate""}"
ECG200,msm,elastic,0.13668774384501547,0.12886573678714794,0.3361119000001054,42,1,noise,0.1,200,100,96,2,"{""c"": 1.0, ""backend"": ""aeon""}","{""init"": ""random"", ""max_iter"": 300, ""method"": ""alternate""}"
ECG200,ed,lock-step,0.03247874385119067,0.04187773532282634,0.0043130000012752134,42,2,noise,0.1,200,100,96,2,,"{""init"": ""random"", ""max_iter"": 300, ""method"": ""alternate""}"
ECG200,dtw,elastic,0.0038054813568004684,0.013907861106311401,2.2175431000032404,42,2,noise,0.1,200,100,96,2,"{""window"": 10, ""backend"": ""aeon""}","{""init"": ""random"", ""max_iter"": 300, ""method"": ""alternate""}"
ECG200,msm,elastic,0.15231431646932186,0.1402834245040046,0.3183281999990868,42,2,noise,0.1,200,100,96,2,"{""c"": 1.0, ""backend"": ""aeon""}","{""init"": ""random"", ""max_iter"": 300, ""method"": ""alternate""}"
ECG200,ed,lock-step,0.13694107865553204,0.1357435317567495,0.0010586999997030944,42,3,noise,0.1,200,100,96,2,,"{""init"": ""random"", ""max_iter"": 300, ""method"": ""alternate""}"
ECG200,dtw,elastic,0.20358435812561987,0.15944314871033458,2.04582119999759,42,3,noise,0.1,200,100,96,2,"{""window"": 10, ""backend"": ""aeon""}","{""init"": ""random"", ""max_iter"": 300, ""method"": ""alternate""}"
ECG200,msm,elastic,0.13668774384501547,0.12886573678714794,0.3010130000002391,42,3,noise,0.1,200,100,96,2,"{""c"": 1.0, ""backend"": ""aeon""}","{""init"": ""random"", ""max_iter"": 300, ""method"": ""alternate""}"
ECG200,ed,lock-step,0.13694107865553204,0.1357435317567495,0.001305799996771384,42,4,noise,0.1,200,100,96,2,,"{""init"": ""random"", ""max_iter"": 300, ""method"": ""alternate""}"
ECG200,dtw,elastic,-0.001559549192811453,0.006362555582158176,2.060524299999088,42,4,noise,0.1,200,100,96,2,"{""window"": 10, ""backend"": ""aeon""}","{""init"": ""random"", ""max_iter"": 300, ""method"": ""alternate""}"
ECG200,msm,elastic,0.13668774384501547,0.12886573678714794,0.3104375000038999,42,4,noise,0.1,200,100,96,2,"{""c"": 1.0, ""backend"": ""aeon""}","{""init"": ""random"", ""max_iter"": 300, ""method"": ""alternate""}"
ECG200,ed,lock-step,0.03247874385119067,0.04187773532282634,0.0007967000019561965,42,5,noise,0.1,200,100,96,2,,"{""init"": ""random"", ""max_iter"": 300, ""method"": ""alternate""}"
ECG200,dtw,elastic,0.06905671466353218,0.05784608233490577,2.147705200000928,42,5,noise,0.1,200,100,96,2,"{""window"": 10, ""backend"": ""aeon""}","{""init"": ""random"", ""max_iter"": 300, ""method"": ""alternate""}"
ECG200,msm,elastic,0.13668774384501547,0.12886573678714794,0.3157867999980226,42,5,noise,0.1,200,100,96,2,"{""c"": 1.0, ""backend"": ""aeon""}","{""init"": ""random"", ""max_iter"": 300, ""method"": ""alternate""}"
ECG200,ed,lock-step,0.13694107865553204,0.1357435317567495,0.0011488000018289313,42,6,noise,0.1,200,100,96,2,,"{""init"": ""random"", ""max_iter"": 300, ""method"": ""alternate""}"
ECG200,dtw,elastic,0.06905671466353218,0.05784608233490577,2.297050600001967,42,6,noise,0.1,200,100,96,2,"{""window"": 10, ""backend"": ""aeon""}","{""init"": ""random"", ""max_iter"": 300, ""method"": ""alternate""}"
ECG200,msm,elastic,0.13668774384501547,0.12886573678714794,0.3328403999985312,42,6,noise,0.1,200,100,96,2,"{""c"": 1.0, ""backend"": ""aeon""}","{""init"": ""random"", ""max_iter"": 300, ""method"": ""alternate""}"
ECG200,ed,lock-step,0.13694107865553204,0.1357435317567495,0.0010427999986859504,42,7,noise,0.1,200,100,96,2,,"{""init"": ""random"", ""max_iter"": 300, ""method"": ""alternate""}"
ECG200,dtw,elastic,-0.001559549192811453,0.006362555582158176,2.07826820000264,42,7,noise,0.1,200,100,96,2,"{""window"": 10, ""backend"": ""aeon""}","{""init"": ""random"", ""max_iter"": 300, ""method"": ""alternate""}"
ECG200,msm,elastic,0.13668774384501547,0.12886573678714794,0.3200652999985323,42,7,noise,0.1,200,100,96,2,"{""c"": 1.0, ""backend"": ""aeon""}","{""init"": ""random"", ""max_iter"": 300, ""method"": ""alternate""}"
ECG200,ed,lock-step,0.13694107865553204,0.1357435317567495,0.0009754999955475796,42,8,noise,0.1,200,100,96,2,,"{""init"": ""random"", ""max_iter"": 300, ""method"": ""alternate""}"
ECG200,dtw,elastic,-0.001559549192811453,0.006362555582158176,2.236905300000217,42,8,noise,0.1,200,100,96,2,"{""window"": 10, ""backend"": ""aeon""}","{""init"": ""random"", ""max_iter"": 300, ""method"": ""alternate""}"
ECG200,msm,elastic,0.13668774384501547,0.12886573678714794,0.3608884000022954,42,8,noise,0.1,200,100,96,2,"{""c"": 1.0, ""backend"": ""aeon""}","{""init"": ""random"", ""max_iter"": 300, ""method"": ""alternate""}"
ECG200,ed,lock-step,0.03247874385119067,0.04187773532282634,0.0008722999955352861,42,9,noise,0.1,200,100,96,2,,"{""init"": ""random"", ""max_iter"": 300, ""method"": ""alternate""}"
ECG200,dtw,elastic,-0.001559549192811453,0.006362555582158176,2.1349166999971203,42,9,noise,0.1,200,100,96,2,"{""window"": 10, ""backend"": ""aeon""}","{""init"": ""random"", ""max_iter"": 300, ""method"": ""alternate""}"
ECG200,msm,elastic,0.13668774384501547,0.12886573678714794,0.29975699999704375,42,9,noise,0.1,200,100,96,2,"{""c"": 1.0, ""backend"": ""aeon""}","{""init"": ""random"", ""max_iter"": 300, ""method"": ""alternate""}"
ECG200,ed,lock-step,0.03247874385119067,0.04187773532282634,0.001201200000650715,42,10,noise,0.1,200,100,96,2,,"{""init"": ""random"", ""max_iter"": 300, ""method"": ""alternate""}"
ECG200,dtw,elastic,-0.001559549192811453,0.006362555582158176,2.0896746999969764,42,10,noise,0.1,200,100,96,2,"{""window"": 10, ""backend"": ""aeon""}","{""init"": ""random"", ""max_iter"": 300, ""method"": ""alternate""}"
ECG200,msm,elastic,0.15231431646932186,0.1402834245040046,0.2869610999987344,42,10,noise,0.1,200,100,96,2,"{""c"": 1.0, ""backend"": ""aeon""}","{""init"": ""random"", ""max_iter"": 300, ""method"": ""alternate""}"
ECG200,ed,lock-step,0.1218796367253102,0.11789870295965417,0.0005817999990540557,42,1,noise,0.2,200,100,96,2,,"{""init"": ""random"", ""max_iter"": 300, ""method"": ""alternate""}"
ECG200,dtw,elastic,0.03148489344703331,0.0352563385770393,1.974425100001099,42,1,noise,0.2,200,100,96,2,"{""window"": 10, ""backend"": ""aeon""}","{""init"": ""random"", ""max_iter"": 300, ""method"": ""alternate""}"
ECG200,msm,elastic,0.15231431646932186,0.1402834245040046,0.5889674000027298,42,1,noise,0.2,200,100,96,2,"{""c"": 1.0, ""backend"": ""aeon""}","{""init"": ""random"", ""max_iter"": 300, ""method"": ""alternate""}"
ECG200,ed,lock-step,0.04113587786259542,0.052799317083607,0.0008954000004450791,42,2,noise,0.2,200,100,96,2,,"{""init"": ""random"", ""max_iter"": 300, ""method"": ""alternate""}"
ECG200,dtw,elastic,-0.0038512163018573587,0.0026330702759332037,2.408311200000753,42,2,noise,0.2,200,100,96,2,"{""window"": 10, ""backend"": ""aeon""}","{""init"": ""random"", ""max_iter"": 300, ""method"": ""alternate""}"
ECG200,msm,elastic,0.15231431646932186,0.1402834245040046,1.3061168999993242,42,2,noise,0.2,200,100,96,2,"{""c"": 1.0, ""backend"": ""aeon""}","{""init"": ""random"", ""max_iter"": 300, ""method"": ""alternate""}"
ECG200,ed,lock-step,0.1218796367253102,0.11789870295965417,0.000677799998811679,42,3,noise,0.2,200,100,96,2,,"{""init"": ""random"", ""max_iter"": 300, ""method"": ""alternate""}"
ECG200,dtw,elastic,0.12215158924205378,0.12458222025879266,2.479644699997152,42,3,noise,0.2,200,100,96,2,"{""window"": 10, ""backend"": ""aeon""}","{""init"": ""random"", ""max_iter"": 300, ""method"": ""alternate""}"
ECG200,msm,elastic,0.15231431646932186,0.1402834245040046,0.3348236000019824,42,3,noise,0.2,200,100,96,2,"{""c"": 1.0, ""backend"": ""aeon""}","{""init"": ""random"", ""max_iter"": 300, ""method"": ""alternate""}"
ECG200,ed,lock-step,0.1218796367253102,0.11789870295965417,0.0008468000014545396,42,4,noise,0.2,200,100,96,2,,"{""init"": ""random"", ""max_iter"": 300, ""method"": ""alternate""}"
ECG200,dtw,elastic,-0.001559549192811453,0.006362555582158176,2.3250528999997186,42,4,noise,0.2,200,100,96,2,"{""window"": 10, ""backend"": ""aeon""}","{""init"": ""random"", ""max_iter"": 300, ""method"": ""alternate""}"
ECG200,msm,elastic,0.15231431646932186,0.1402834245040046,0.3389290999984951,42,4,noise,0.2,200,100,96,2,"{""c"": 1.0, ""backend"": ""aeon""}","{""init"": ""random"", ""max_iter"": 300, ""method"": ""alternate""}"
ECG200,ed,lock-step,0.13668774384501547,0.12886573678714794,0.0007946000005176757,42,5,noise,0.2,200,100,96,2,,"{""init"": ""random"", ""max_iter"": 300, ""method"": ""alternate""}"
ECG200,dtw,elastic,0.093255620316403,0.07535671081028444,2.552805100003752,42,5,noise,0.2,200,100,96,2,"{""window"": 10, ""backend"": ""aeon""}","{""init"": ""random"", ""max_iter"": 300, ""method"": ""alternate""}"
ECG200,msm,elastic,0.15231431646932186,0.1402834245040046,0.4177133999983198,42,5,noise,0.2,200,100,96,2,"{""c"": 1.0, ""backend"": ""aeon""}","{""init"": ""random"", ""max_iter"": 300, ""method"": ""alternate""}"
ECG200,ed,lock-step,0.1218796367253102,0.11789870295965417,0.0006910000010975637,42,6,noise,0.2,200,100,96,2,,"{""init"": ""random"", ""max_iter"": 300, ""method"": ""alternate""}"
ECG200,dtw,elastic,0.093255620316403,0.07535671081028444,3.014327900000353,42,6,noise,0.2,200,100,96,2,"{""window"": 10, ""backend"": ""aeon""}","{""init"": ""random"", ""max_iter"": 300, ""method"": ""alternate""}"
ECG200,msm,elastic,0.15231431646932186,0.1402834245040046,0.2817841000032786,42,6,noise,0.2,200,100,96,2,"{""c"": 1.0, ""backend"": ""aeon""}","{""init"": ""random"", ""max_iter"": 300, ""method"": ""alternate""}"
ECG200,ed,lock-step,0.1218796367253102,0.11789870295965417,0.002093899998726556,42,7,noise,0.2,200,100,96,2,,"{""init"": ""random"", ""max_iter"": 300, ""method"": ""alternate""}"
ECG200,dtw,elastic,-0.0038512163018573587,0.0026330702759332037,2.340487599998596,42,7,noise,0.2,200,100,96,2,"{""window"": 10, ""backend"": ""aeon""}","{""init"": ""random"", ""max_iter"": 300, ""method"": ""alternate""}"
ECG200,msm,elastic,0.15231431646932186,0.1402834245040046,0.4206826000008732,42,7,noise,0.2,200,100,96,2,"{""c"": 1.0, ""backend"": ""aeon""}","{""init"": ""random"", ""max_iter"": 300, ""method"": ""alternate""}"
ECG200,ed,lock-step,0.1218796367253102,0.11789870295965417,0.0012742999970214441,42,8,noise,0.2,200,100,96,2,,"{""init"": ""random"", ""max_iter"": 300, ""method"": ""alternate""}"
ECG200,dtw,elastic,-0.0038512163018573587,0.0026330702759332037,1.8630083999996714,42,8,noise,0.2,200,100,96,2,"{""window"": 10, ""backend"": ""aeon""}","{""init"": ""random"", ""max_iter"": 300, ""method"": ""alternate""}"
ECG200,msm,elastic,0.15231431646932186,0.1402834245040046,0.308119400000578,42,8,noise,0.2,200,100,96,2,"{""c"": 1.0, ""backend"": ""aeon""}","{""init"": ""random"", ""max_iter"": 300, ""method"": ""alternate""}"
ECG200,ed,lock-step,0.04113587786259542,0.052799317083607,0.000987600000371458,42,9,noise,0.2,200,100,96,2,,"{""init"": ""random"", ""max_iter"": 300, ""method"": ""alternate""}"
ECG200,dtw,elastic,0.03148489344703331,0.0352563385770393,2.3559893000019656,42,9,noise,0.2,200,100,96,2,"{""window"": 10, ""backend"": ""aeon""}","{""init"": ""random"", ""max_iter"": 300, ""method"": ""alternate""}"
ECG200,msm,elastic,0.15231431646932186,0.1402834245040046,0.33318059999874095,42,9,noise,0.2,200,100,96,2,"{""c"": 1.0, ""backend"": ""aeon""}","{""init"": ""random"", ""max_iter"": 300, ""method"": ""alternate""}"
ECG200,ed,lock-step,0.04113587786259542,0.052799317083607,0.0015327000000979751,42,10,noise,0.2,200,100,96,2,,"{""init"": ""random"", ""max_iter"": 300, ""method"": ""alternate""}"
ECG200,dtw,elastic,-0.0038512163018573587,0.0026330702759332037,2.6174012000010407,42,10,noise,0.2,200,100,96,2,"{""window"": 10, ""backend"": ""aeon""}","{""init"": ""random"", ""max_iter"": 300, ""method"": ""alternate""}"
ECG200,msm,elastic,0.15231431646932186,0.1402834245040046,0.29049880000093253,42,10,noise,0.2,200,100,96,2,"{""c"": 1.0, ""backend"": ""aeon""}","{""init"": ""random"", ""max_iter"": 300, ""method"": ""alternate""}"
ECG200,ed,lock-step,0.13668774384501547,0.12886573678714794,0.0010907999967457727,42,1,noise,0.4,200,100,96,2,,"{""init"": ""random"", ""max_iter"": 300, ""method"": ""alternate""}"
ECG200,dtw,elastic,0.01076281447598547,0.01679217492080067,2.8224716000004264,42,1,noise,0.4,200,100,96,2,"{""window"": 10, ""backend"": ""aeon""}","{""init"": ""random"", ""max_iter"": 300, ""method"": ""alternate""}"
ECG200,msm,elastic,0.15231431646932186,0.1402834245040046,0.3030614000017522,42,1,noise,0.4,200,100,96,2,"{""c"": 1.0, ""backend"": ""aeon""}","{""init"": ""random"", ""max_iter"": 300, ""method"": ""alternate""}"
ECG200,ed,lock-step,0.04113587786259542,0.052799317083607,0.0009858000012172852,42,2,noise,0.4,200,100,96,2,,"{""init"": ""random"", ""max_iter"": 300, ""method"": ""alternate""}"
ECG200,dtw,elastic,-0.004776119402985075,0.000703326377195201,2.4665018000014243,42,2,noise,0.4,200,100,96,2,"{""window"": 10, ""backend"": ""aeon""}","{""init"": ""random"", ""max_iter"": 300, ""method"": ""alternate""}"
ECG200,msm,elastic,0.02463252813313295,0.03267455494365409,0.41971660000126576,42,2,noise,0.4,200,100,96,2,"{""c"": 1.0, ""backend"": ""aeon""}","{""init"": ""random"", ""max_iter"": 300, ""method"": ""alternate""}"
ECG200,ed,lock-step,0.13668774384501547,0.12886573678714794,0.0006811999992351048,42,3,noise,0.4,200,100,96,2,,"{""init"": ""random"", ""max_iter"": 300, ""method"": ""alternate""}"
ECG200,dtw,elastic,-0.00979587838416986,0.0002887154108162253,1.79992869999478,42,3,noise,0.4,200,100,96,2,"{""window"": 10, ""backend"": ""aeon""}","{""init"": ""random"", ""max_iter"": 300, ""method"": ""alternate""}"
ECG200,msm,elastic,0.15231431646932186,0.1402834245040046,0.46932809999998426,42,3,noise,0.4,200,100,96,2,"{""c"": 1.0, ""backend"": ""aeon""}","{""init"": ""random"", ""max_iter"": 300, ""method"": ""alternate""}"
ECG200,ed,lock-step,0.13668774384501547,0.12886573678714794,0.0010721000035118777,42,4,noise,0.4,200,100,96,2,,"{""init"": ""random"", ""max_iter"": 300, ""method"": ""alternate""}"
ECG200,dtw,elastic,0.007986986579910533,0.01908965057068902,2.993872700000793,42,4,noise,0.4,200,100,96,2,"{""window"": 10, ""backend"": ""aeon""}","{""init"": ""random"", ""max_iter"": 300, ""method"": ""alternate""}"
ECG200,msm,elastic,0.15231431646932186,0.1402834245040046,0.49931349999678787,42,4,noise,0.4,200,100,96,2,"{""c"": 1.0, ""backend"": ""aeon""}","{""init"": ""random"", ""max_iter"": 300, ""method"": ""alternate""}"
ECG200,ed,lock-step,0.04113587786259542,0.052799317083607,0.0006549000027007423,42,5,noise,0.4,200,100,96,2,,"{""init"": ""random"", ""max_iter"": 300, ""method"": ""alternate""}"
ECG200,dtw,elastic,0.009599960816486463,0.014192781347010507,2.120474400002422,42,5,noise,0.4,200,100,96,2,"{""window"": 10, ""backend"": ""aeon""}","{""init"": ""random"", ""max_iter"": 300, ""method"": ""alternate""}"
ECG200,msm,elastic,0.15231431646932186,0.1402834245040046,0.4437579999976151,42,5,noise,0.4,200,100,96,2,"{""c"": 1.0, ""backend"": ""aeon""}","{""init"": ""random"", ""max_iter"": 300, ""method"": ""alternate""}"
ECG200,ed,lock-step,0.13668774384501547,0.12886573678714794,0.000771400002122391,42,6,noise,0.4,200,100,96,2,,"{""init"": ""random"", ""max_iter"": 300, ""method"": ""alternate""}"
ECG200,dtw,elastic,0.009599960816486463,0.014192781347010507,1.8336285000004864,42,6,noise,0.4,200,100,96,2,"{""window"": 10, ""backend"": ""aeon""}","{""init"": ""random"", ""max_iter"": 300, ""method"": ""alternate""}"
ECG200,msm,elastic,0.15231431646932186,0.1402834245040046,0.29847440000230563,42,6,noise,0.4,200,100,96,2,"{""c"": 1.0, ""backend"": ""aeon""}","{""init"": ""random"", ""max_iter"": 300, ""method"": ""alternate""}"
ECG200,ed,lock-step,0.13668774384501547,0.12886573678714794,0.0009037999989232048,42,7,noise,0.4,200,100,96,2,,"{""init"": ""random"", ""max_iter"": 300, ""method"": ""alternate""}"
ECG200,dtw,elastic,0.007986986579910533,0.01908965057068902,1.9367240999999922,42,7,noise,0.4,200,100,96,2,"{""window"": 10, ""backend"": ""aeon""}","{""init"": ""random"", ""max_iter"": 300, ""method"": ""alternate""}"
ECG200,msm,elastic,0.15231431646932186,0.1402834245040046,0.455381200001284,42,7,noise,0.4,200,100,96,2,"{""c"": 1.0, ""backend"": ""aeon""}","{""init"": ""random"", ""max_iter"": 300, ""method"": ""alternate""}"
ECG200,ed,lock-step,0.13668774384501547,0.12886573678714794,0.0022673000021313783,42,8,noise,0.4,200,100,96,2,,"{""init"": ""random"", ""max_iter"": 300, ""method"": ""alternate""}"
ECG200,dtw,elastic,0.007986986579910533,0.01908965057068902,2.285663000002387,42,8,noise,0.4,200,100,96,2,"{""window"": 10, ""backend"": ""aeon""}","{""init"": ""random"", ""max_iter"": 300, ""method"": ""alternate""}"
ECG200,msm,elastic,0.15231431646932186,0.1402834245040046,0.2865284999970754,42,8,noise,0.4,200,100,96,2,"{""c"": 1.0, ""backend"": ""aeon""}","{""init"": ""random"", ""max_iter"": 300, ""method"": ""alternate""}"
ECG200,ed,lock-step,0.04113587786259542,0.052799317083607,0.0008867999968060758,42,9,noise,0.4,200,100,96,2,,"{""init"": ""random"", ""max_iter"": 300, ""method"": ""alternate""}"
ECG200,dtw,elastic,0.01076281447598547,0.01679217492080067,1.758944799999881,42,9,noise,0.4,200,100,96,2,"{""window"": 10, ""backend"": ""aeon""}","{""init"": ""random"", ""max_iter"": 300, ""method"": ""alternate""}"
ECG200,msm,elastic,0.15231431646932186,0.1402834245040046,0.27765130000261706,42,9,noise,0.4,200,100,96,2,"{""c"": 1.0, ""backend"": ""aeon""}","{""init"": ""random"", ""max_iter"": 300, ""method"": ""alternate""}"
ECG200,ed,lock-step,0.04113587786259542,0.052799317083607,0.0031657999970775563,42,10,noise,0.4,200,100,96,2,,"{""init"": ""random"", ""max_iter"": 300, ""method"": ""alternate""}"
ECG200,dtw,elastic,0.007986986579910533,0.01908965057068902,1.5927879999981087,42,10,noise,0.4,200,100,96,2,"{""window"": 10, ""backend"": ""aeon""}","{""init"": ""random"", ""max_iter"": 300, ""method"": ""alternate""}"
ECG200,msm,elastic,0.02463252813313295,0.03267455494365409,0.7704357000002346,42,10,noise,0.4,200,100,96,2,"{""c"": 1.0, ""backend"": ""aeon""}","{""init"": ""random"", ""max_iter"": 300, ""method"": ""alternate""}"
ECG200,ed,lock-step,0.13668774384501547,0.12886573678714794,0.0007054999987303745,42,1,noise,0.8,200,100,96,2,,"{""init"": ""random"", ""max_iter"": 300, ""method"": ""alternate""}"
ECG200,dtw,elastic,0.04347243374961925,0.09357577109755999,1.8528704999989714,42,1,noise,0.8,200,100,96,2,"{""window"": 10, ""backend"": ""aeon""}","{""init"": ""random"", ""max_iter"": 300, ""method"": ""alternate""}"
ECG200,msm,elastic,0.09418729817007535,0.08809160248687292,0.319866899997578,42,1,noise,0.8,200,100,96,2,"{""c"": 1.0, ""backend"": ""aeon""}","{""init"": ""random"", ""max_iter"": 300, ""method"": ""alternate""}"
ECG200,ed,lock-step,0.02542638435023949,0.03790883533264401,0.0012280999981157947,42,2,noise,0.8,200,100,96,2,,"{""init"": ""random"", ""max_iter"": 300, ""method"": ""alternate""}"
ECG200,dtw,elastic,0.002773722627737226,0.0179084651417859,1.8560690000012983,42,2,noise,0.8,200,100,96,2,"{""window"": 10, ""backend"": ""aeon""}","{""init"": ""random"", ""max_iter"": 300, ""method"": ""alternate""}"
ECG200,msm,elastic,0.07240341602277349,0.1112662986428317,0.40854740000213496,42,2,noise,0.8,200,100,96,2,"{""c"": 1.0, ""backend"": ""aeon""}","{""init"": ""random"", ""max_iter"": 300, ""method"": ""alternate""}"
ECG200,ed,lock-step,0.13668774384501547,0.12886573678714794,0.0009170999983325601,42,3,noise,0.8,200,100,96,2,,"{""init"": ""random"", ""max_iter"": 300, ""method"": ""alternate""}"
ECG200,dtw,elastic,0.0492410037338377,0.05106503161177088,2.0693616999960796,42,3,noise,0.8,200,100,96,2,"{""window"": 10, ""backend"": ""aeon""}","{""init"": ""random"", ""max_iter"": 300, ""method"": ""alternate""}"
ECG200,msm,elastic,0.09418729817007535,0.08809160248687292,0.37785770000118646,42,3,noise,0.8,200,100,96,2,"{""c"": 1.0, ""backend"": ""aeon""}","{""init"": ""random"", ""max_iter"": 300, ""method"": ""alternate""}"
ECG200,ed,lock-step,0.13668774384501547,0.12886573678714794,0.0009721000024001114,42,4,noise,0.8,200,100,96,2,,"{""init"": ""random"", ""max_iter"": 300, ""method"": ""alternate""}"
ECG200,dtw,elastic,-0.0034766428361570857,0.004788064483641013,2.110283599999093,42,4,noise,0.8,200,100,96,2,"{""window"": 10, ""backend"": ""aeon""}","{""init"": ""random"", ""max_iter"": 300, ""method"": ""alternate""}"
ECG200,msm,elastic,0.09418729817007535,0.08809160248687292,0.29289480000079493,42,4,noise,0.8,200,100,96,2,"{""c"": 1.0, ""backend"": ""aeon""}","{""init"": ""random"", ""max_iter"": 300, ""method"": ""alternate""}"
ECG200,ed,lock-step,0.05060323352708445,0.06575702260378247,0.000881600000866456,42,5,noise,0.8,200,100,96,2,,"{""init"": ""random"", ""max_iter"": 300, ""method"": ""alternate""}"
ECG200,dtw,elastic,-0.0034766428361570857,0.004788064483641013,1.7422946999977285,42,5,noise,0.8,200,100,96,2,"{""window"": 10, ""backend"": ""aeon""}","{""init"": ""random"", ""max_iter"": 300, ""method"": ""alternate""}"
ECG200,msm,elastic,0.015721422274463707,0.01871144634398399,0.28581649999978254,42,5,noise,0.8,200,100,96,2,"{""c"": 1.0, ""backend"": ""aeon""}","{""init"": ""random"", ""max_iter"": 300, ""method"": ""alternate""}"
ECG200,ed,lock-step,0.05060323352708445,0.06575702260378247,0.0009266000015486497,42,6,noise,0.8,200,100,96,2,,"{""init"": ""random"", ""max_iter"": 300, ""method"": ""alternate""}"
ECG200,dtw,elastic,0.010504638597206647,0.016148038364212226,1.8332974999975704,42,6,noise,0.8,200,100,96,2,"{""window"": 10, ""backend"": ""aeon""}","{""init"": ""random"", ""max_iter"": 300, ""method"": ""alternate""}"
ECG200,msm,elastic,0.09418729817007535,0.08809160248687292,0.3704796999991231,42,6,noise,0.8,200,100,96,2,"{""c"": 1.0, ""backend"": ""aeon""}","{""init"": ""random"", ""max_iter"": 300, ""method"": ""alternate""}"
ECG200,ed,lock-step,0.13668774384501547,0.12886573678714794,0.0010947000009764452,42,7,noise,0.8,200,100,96,2,,"{""init"": ""random"", ""max_iter"": 300, ""method"": ""alternate""}"
ECG200,dtw,elastic,-0.0034766428361570857,0.004788064483641013,2.301288400001795,42,7,noise,0.8,200,100,96,2,"{""window"": 10, ""backend"": ""aeon""}","{""init"": ""random"", ""max_iter"": 300, ""method"": ""alternate""}"
ECG200,msm,elastic,0.09418729817007535,0.08809160248687292,0.38447330000053626,42,7,noise,0.8,200,100,96,2,"{""c"": 1.0, ""backend"": ""aeon""}","{""init"": ""random"", ""max_iter"": 300, ""method"": ""alternate""}"
ECG200,ed,lock-step,0.13668774384501547,0.12886573678714794,0.0009265999979106709,42,8,noise,0.8,200,100,96,2,,"{""init"": ""random"", ""max_iter"": 300, ""method"": ""alternate""}"
ECG200,dtw,elastic,0.04854289723591032,0.045626023826804925,2.1569817000017792,42,8,noise,0.8,200,100,96,2,"{""window"": 10, ""backend"": ""aeon""}","{""init"": ""random"", ""max_iter"": 300, ""method"": ""alternate""}"
ECG200,msm,elastic,0.09418729817007535,0.08809160248687292,0.39992509999865433,42,8,noise,0.8,200,100,96,2,"{""c"": 1.0, ""backend"": ""aeon""}","{""init"": ""random"", ""max_iter"": 300, ""method"": ""alternate""}"
ECG200,ed,lock-step,0.02542638435023949,0.03790883533264401,0.001442799999495037,42,9,noise,0.8,200,100,96,2,,"{""init"": ""random"", ""max_iter"": 300, ""method"": ""alternate""}"
ECG200,dtw,elastic,-0.0034766428361570857,0.004788064483641013,1.908537500003149,42,9,noise,0.8,200,100,96,2,"{""window"": 10, ""backend"": ""aeon""}","{""init"": ""random"", ""max_iter"": 300, ""method"": ""alternate""}"
ECG200,msm,elastic,0.015721422274463707,0.01871144634398399,0.48678750000181026,42,9,noise,0.8,200,100,96,2,"{""c"": 1.0, ""backend"": ""aeon""}","{""init"": ""random"", ""max_iter"": 300, ""method"": ""alternate""}"
ECG200,ed,lock-step,0.02542638435023949,0.03790883533264401,0.000625900000159163,42,10,noise,0.8,200,100,96,2,,"{""init"": ""random"", ""max_iter"": 300, ""method"": ""alternate""}"
ECG200,dtw,elastic,-0.0034766428361570857,0.004788064483641013,1.9426154999964638,42,10,noise,0.8,200,100,96,2,"{""window"": 10, ""backend"": ""aeon""}","{""init"": ""random"", ""max_iter"": 300, ""method"": ""alternate""}"
ECG200,msm,elastic,0.02542638435023949,0.03790883533264401,0.39226639999469626,42,10,noise,0.8,200,100,96,2,"{""c"": 1.0, ""backend"": ""aeon""}","{""init"": ""random"", ""max_iter"": 300, ""method"": ""alternate""}"
ECG200,ed,lock-step,0.13694107865553204,0.1357435317567495,0.001172799999039853,42,1,shift,0.0,200,100,96,2,,"{""init"": ""random"", ""max_iter"": 300, ""method"": ""alternate""}"
ECG200,dtw,elastic,0.0066781770205557546,0.014880660382146764,2.0455722000006062,42,1,shift,0.0,200,100,96,2,"{""window"": 10, ""backend"": ""aeon""}","{""init"": ""random"", ""max_iter"": 300, ""method"": ""alternate""}"
ECG200,msm,elastic,0.15231431646932186,0.1402834245040046,0.32154130000344594,42,1,shift,0.0,200,100,96,2,"{""c"": 1.0, ""backend"": ""aeon""}","{""init"": ""random"", ""max_iter"": 300, ""method"": ""alternate""}"
ECG200,ed,lock-step,0.03329752953813104,0.0491957059577339,0.0011444000010669697,42,2,shift,0.0,200,100,96,2,,"{""init"": ""random"", ""max_iter"": 300, ""method"": ""alternate""}"
ECG200,dtw,elastic,-0.001559549192811453,0.006362555582158176,2.0610000000015134,42,2,shift,0.0,200,100,96,2,"{""window"": 10, ""backend"": ""aeon""}","{""init"": ""random"", ""max_iter"": 300, ""method"": ""alternate""}"
ECG200,msm,elastic,0.15231431646932186,0.1402834245040046,0.3179694999998901,42,2,shift,0.0,200,100,96,2,"{""c"": 1.0, ""backend"": ""aeon""}","{""init"": ""random"", ""max_iter"": 300, ""method"": ""alternate""}"
ECG200,ed,lock-step,0.13694107865553204,0.1357435317567495,0.0008664000015414786,42,3,shift,0.0,200,100,96,2,,"{""init"": ""random"", ""max_iter"": 300, ""method"": ""alternate""}"
ECG200,dtw,elastic,0.1358422193112398,0.11005444548223992,2.1264784000013606,42,3,shift,0.0,200,100,96,2,"{""window"": 10, ""backend"": ""aeon""}","{""init"": ""random"", ""max_iter"": 300, ""method"": ""alternate""}"
ECG200,msm,elastic,0.15231431646932186,0.1402834245040046,0.28363399999943795,42,3,shift,0.0,200,100,96,2,"{""c"": 1.0, ""backend"": ""aeon""}","{""init"": ""random"", ""max_iter"": 300, ""method"": ""alternate""}"
ECG200,ed,lock-step,0.13694107865553204,0.1357435317567495,0.0007024000005912967,42,4,shift,0.0,200,100,96,2,,"{""init"": ""random"", ""max_iter"": 300, ""method"": ""alternate""}"
ECG200,dtw,elastic,-0.001559549192811453,0.006362555582158176,2.0921674000019266,42,4,shift,0.0,200,100,96,2,"{""window"": 10, ""backend"": ""aeon""}","{""init"": ""random"", ""max_iter"": 300, ""method"": ""alternate""}"
ECG200,msm,elastic,0.15231431646932186,0.1402834245040046,0.5982513000017207,42,4,shift,0.0,200,100,96,2,"{""c"": 1.0, ""backend"": ""aeon""}","{""init"": ""random"", ""max_iter"": 300, ""method"": ""alternate""}"
ECG200,ed,lock-step,0.13694107865553204,0.1357435317567495,0.0008370999967155512,42,5,shift,0.0,200,100,96,2,,"{""init"": ""random"", ""max_iter"": 300, ""method"": ""alternate""}"
ECG200,dtw,elastic,0.05827405947381952,0.05073566873993589,1.8058543000006466,42,5,shift,0.0,200,100,96,2,"{""window"": 10, ""backend"": ""aeon""}","{""init"": ""random"", ""max_iter"": 300, ""method"": ""alternate""}"
ECG200,msm,elastic,0.15231431646932186,0.1402834245040046,0.4729064000021026,42,5,shift,0.0,200,100,96,2,"{""c"": 1.0, ""backend"": ""aeon""}","{""init"": ""random"", ""max_iter"": 300, ""method"": ""alternate""}"
ECG200,ed,lock-step,0.13694107865553204,0.1357435317567495,0.0026047000028484035,42,6,shift,0.0,200,100,96,2,,"{""init"": ""random"", ""max_iter"": 300, ""method"": ""alternate""}"
ECG200,dtw,elastic,0.03178484107579462,0.03705068107641364,2.1823167000002286,42,6,shift,0.0,200,100,96,2,"{""window"": 10, ""backend"": ""aeon""}","{""init"": ""random"", ""max_iter"": 300, ""method"": ""alternate""}"
ECG200,msm,elastic,0.15231431646932186,0.1402834245040046,0.2734483999956865,42,6,shift,0.0,200,100,96,2,"{""c"": 1.0, ""backend"": ""aeon""}","{""init"": ""random"", ""max_iter"": 300, ""method"": ""alternate""}"
ECG200,ed,lock-step,0.13694107865553204,0.1357435317567495,0.00097730000197771,42,7,shift,0.0,200,100,96,2,,"{""init"": ""random"", ""max_iter"": 300, ""method"": ""alternate""}"
ECG200,dtw,elastic,-0.001559549192811453,0.006362555582158176,1.8347386999994342,42,7,shift,0.0,200,100,96,2,"{""window"": 10, ""backend"": ""aeon""}","{""init"": ""random"", ""max_iter"": 300, ""method"": ""alternate""}"
ECG200,msm,elastic,0.15231431646932186,0.1402834245040046,0.5289501000006567,42,7,shift,0.0,200,100,96,2,"{""c"": 1.0, ""backend"": ""aeon""}","{""init"": ""random"", ""max_iter"": 300, ""method"": ""alternate""}"
ECG200,ed,lock-step,0.13694107865553204,0.1357435317567495,0.0011336000025039539,42,8,shift,0.0,200,100,96,2,,"{""init"": ""random"", ""max_iter"": 300, ""method"": ""alternate""}"
ECG200,dtw,elastic,-0.001559549192811453,0.006362555582158176,2.0001311999985774,42,8,shift,0.0,200,100,96,2,"{""window"": 10, ""backend"": ""aeon""}","{""init"": ""random"", ""max_iter"": 300, ""method"": ""alternate""}"
ECG200,msm,elastic,0.15231431646932186,0.1402834245040046,0.31576220000351896,42,8,shift,0.0,200,100,96,2,"{""c"": 1.0, ""backend"": ""aeon""}","{""init"": ""random"", ""max_iter"": 300, ""method"": ""alternate""}"
ECG200,ed,lock-step,0.03329752953813104,0.0491957059577339,0.0013456999986374285,42,9,shift,0.0,200,100,96,2,,"{""init"": ""random"", ""max_iter"": 300, ""method"": ""alternate""}"
ECG200,dtw,elastic,-0.001559549192811453,0.006362555582158176,2.0083904000020993,42,9,shift,0.0,200,100,96,2,"{""window"": 10, ""backend"": ""aeon""}","{""init"": ""random"", ""max_iter"": 300, ""method"": ""alternate""}"
ECG200,msm,elastic,0.15231431646932186,0.1402834245040046,0.2529296999964572,42,9,shift,0.0,200,100,96,2,"{""c"": 1.0, ""backend"": ""aeon""}","{""init"": ""random"", ""max_iter"": 300, ""method"": ""alternate""}"
ECG200,ed,lock-step,0.03329752953813104,0.0491957059577339,0.0009099000017158687,42,10,shift,0.0,200,100,96,2,,"{""init"": ""random"", ""max_iter"": 300, ""method"": ""alternate""}"
ECG200,dtw,elastic,-0.001559549192811453,0.006362555582158176,2.2410116999999445,42,10,shift,0.0,200,100,96,2,"{""window"": 10, ""backend"": ""aeon""}","{""init"": ""random"", ""max_iter"": 300, ""method"": ""alternate""}"
ECG200,msm,elastic,0.15231431646932186,0.1402834245040046,0.31555460000163293,42,10,shift,0.0,200,100,96,2,"{""c"": 1.0, ""backend"": ""aeon""}","{""init"": ""random"", ""max_iter"": 300, ""method"": ""alternate""}"
ECG200,ed,lock-step,0.08074805415311274,0.06627595469152042,0.0012243999990459997,42,1,shift,5.0,200,100,96,2,,"{""init"": ""random"", ""max_iter"": 300, ""method"": ""alternate""}"
ECG200,dtw,elastic,0.011053101348625086,0.017570822682774694,1.8225357999981497,42,1,shift,5.0,200,100,96,2,"{""window"": 10, ""backend"": ""aeon""}","{""init"": ""random"", ""max_iter"": 300, ""method"": ""alternate""}"
ECG200,msm,elastic,0.13646243245998574,0.12328837996546078,0.2772824000021501,42,1,shift,5.0,200,100,96,2,"{""c"": 1.0, ""backend"": ""aeon""}","{""init"": ""random"", ""max_iter"": 300, ""method"": ""alternate""}"
ECG200,ed,lock-step,0.010278624132741089,0.015618086215310073,0.000949699999182485,42,2,shift,5.0,200,100,96,2,,"{""init"": ""random"", ""max_iter"": 300, ""method"": ""alternate""}"
ECG200,dtw,elastic,-0.0021026894865525674,0.0058559370059376465,1.853043200000684,42,2,shift,5.0,200,100,96,2,"{""window"": 10, ""backend"": ""aeon""}","{""init"": ""random"", ""max_iter"": 300, ""method"": ""alternate""}"
ECG200,msm,elastic,0.13646243245998574,0.12328837996546078,0.3104555999962031,42,2,shift,5.0,200,100,96,2,"{""c"": 1.0, ""backend"": ""aeon""}","{""init"": ""random"", ""max_iter"": 300, ""method"": ""alternate""}"
ECG200,ed,lock-step,0.09377345560160559,0.08198909974765356,0.0012446000037016347,42,3,shift,5.0,200,100,96,2,,"{""init"": ""random"", ""max_iter"": 300, ""method"": ""alternate""}"
ECG200,dtw,elastic,0.03178484107579462,0.03705068107641364,1.7128234000010707,42,3,shift,5.0,200,100,96,2,"{""window"": 10, ""backend"": ""aeon""}","{""init"": ""random"", ""max_iter"": 300, ""method"": ""alternate""}"
ECG200,msm,elastic,0.13646243245998574,0.12328837996546078,0.31823350000195205,42,3,shift,5.0,200,100,96,2,"{""c"": 1.0, ""backend"": ""aeon""}","{""init"": ""random"", ""max_iter"": 300, ""method"": ""alternate""}"
ECG200,ed,lock-step,0.06088007520479878,0.08118273711780326,0.0013885999978811014,42,4,shift,5.0,200,100,96,2,,"{""init"": ""random"", ""max_iter"": 300, ""method"": ""alternate""}"
ECG200,dtw,elastic,0.023200323042472742,0.025896169931971025,2.039505700002337,42,4,shift,5.0,200,100,96,2,"{""window"": 10, ""backend"": ""aeon""}","{""init"": ""random"", ""max_iter"": 300, ""method"": ""alternate""}"
ECG200,msm,elastic,0.13646243245998574,0.12328837996546078,0.33360090000132914,42,4,shift,5.0,200,100,96,2,"{""c"": 1.0, ""backend"": ""aeon""}","{""init"": ""random"", ""max_iter"": 300, ""method"": ""alternate""}"
ECG200,ed,lock-step,0.015914210165507786,0.01922279654840564,0.0024115000014717225,42,5,shift,5.0,200,100,96,2,,"{""init"": ""random"", ""max_iter"": 300, ""method"": ""alternate""}"
ECG200,dtw,elastic,0.011053101348625086,0.017570822682774694,2.127315499998076,42,5,shift,5.0,200,100,96,2,"{""window"": 10, ""backend"": ""aeon""}","{""init"": ""random"", ""max_iter"": 300, ""method"": ""alternate""}"
ECG200,msm,elastic,0.13646243245998574,0.12328837996546078,0.3225870999995095,42,5,shift,5.0,200,100,96,2,"{""c"": 1.0, ""backend"": ""aeon""}","{""init"": ""random"", ""max_iter"": 300, ""method"": ""alternate""}"
ECG200,ed,lock-step,0.09377345560160559,0.08198909974765356,0.0034885999994003214,42,6,shift,5.0,200,100,96,2,,"{""init"": ""random"", ""max_iter"": 300, ""method"": ""alternate""}"
ECG200,dtw,elastic,0.004407875404055245,0.010504647530909251,2.591502399998717,42,6,shift,5.0,200,100,96,2,"{""window"": 10, ""backend"": ""aeon""}","{""init"": ""random"", ""max_iter"": 300, ""method"": ""alternate""}"
ECG200,msm,elastic,0.13646243245998574,0.12328837996546078,0.2750183999996807,42,6,shift,5.0,200,100,96,2,"{""c"": 1.0, ""backend"": ""aeon""}","{""init"": ""random"", ""max_iter"": 300, ""method"": ""alternate""}"
ECG200,ed,lock-step,0.09377345560160559,0.08198909974765356,0.0012893000020994805,42,7,shift,5.0,200,100,96,2,,"{""init"": ""random"", ""max_iter"": 300, ""method"": ""alternate""}"
ECG200,dtw,elastic,0.023200323042472742,0.025896169931971025,2.1387100999963877,42,7,shift,5.0,200,100,96,2,"{""window"": 10, ""backend"": ""aeon""}","{""init"": ""random"", ""max_iter"": 300, ""method"": ""alternate""}"
ECG200,msm,elastic,0.13646243245998574,0.12328837996546078,0.309077800000523,42,7,shift,5.0,200,100,96,2,"{""c"": 1.0, ""backend"": ""aeon""}","{""init"": ""random"", ""max_iter"": 300, ""method"": ""alternate""}"
ECG200,ed,lock-step,0.06088007520479878,0.08118273711780326,0.0010525999969104305,42,8,shift,5.0,200,100,96,2,,"{""init"": ""random"", ""max_iter"": 300, ""method"": ""alternate""}"
ECG200,dtw,elastic,0.023200323042472742,0.025896169931971025,2.25440399999934,42,8,shift,5.0,200,100,96,2,"{""window"": 10, ""backend"": ""aeon""}","{""init"": ""random"", ""max_iter"": 300, ""method"": ""alternate""}"
ECG200,msm,elastic,0.13646243245998574,0.12328837996546078,0.32706990000224323,42,8,shift,5.0,200,100,96,2,"{""c"": 1.0, ""backend"": ""aeon""}","{""init"": ""random"", ""max_iter"": 300, ""method"": ""alternate""}"
ECG200,ed,lock-step,0.010278624132741089,0.015618086215310073,0.0037044000018795487,42,9,shift,5.0,200,100,96,2,,"{""init"": ""random"", ""max_iter"": 300, ""method"": ""alternate""}"
ECG200,dtw,elastic,0.023200323042472742,0.025896169931971025,2.041717799998878,42,9,shift,5.0,200,100,96,2,"{""window"": 10, ""backend"": ""aeon""}","{""init"": ""random"", ""max_iter"": 300, ""method"": ""alternate""}"
ECG200,msm,elastic,0.13646243245998574,0.12328837996546078,0.26954570000089006,42,9,shift,5.0,200,100,96,2,"{""c"": 1.0, ""backend"": ""aeon""}","{""init"": ""random"", ""max_iter"": 300, ""method"": ""alternate""}"
ECG200,ed,lock-step,0.010278624132741089,0.015618086215310073,0.0008997000040835701,42,10,shift,5.0,200,100,96,2,,"{""init"": ""random"", ""max_iter"": 300, ""method"": ""alternate""}"
ECG200,dtw,elastic,0.023200323042472742,0.025896169931971025,2.1319637000015064,42,10,shift,5.0,200,100,96,2,"{""window"": 10, ""backend"": ""aeon""}","{""init"": ""random"", ""max_iter"": 300, ""method"": ""alternate""}"
ECG200,msm,elastic,0.13646243245998574,0.12328837996546078,0.35373690000051283,42,10,shift,5.0,200,100,96,2,"{""c"": 1.0, ""backend"": ""aeon""}","{""init"": ""random"", ""max_iter"": 300, ""method"": ""alternate""}"
ECG200,ed,lock-step,0.004342857142857143,0.010412478777945247,0.0007719000022916589,42,1,shift,10.0,200,100,96,2,,"{""init"": ""random"", ""max_iter"": 300, ""method"": ""alternate""}"
ECG200,dtw,elastic,-0.008571288632022334,0.0011569844335306808,2.258421599999565,42,1,shift,10.0,200,100,96,2,"{""window"": 10, ""backend"": ""aeon""}","{""init"": ""random"", ""max_iter"": 300, ""method"": ""alternate""}"
ECG200,msm,elastic,0.1071913659557285,0.09434576541925767,0.31971729999713716,42,1,shift,10.0,200,100,96,2,"{""c"": 1.0, ""backend"": ""aeon""}","{""init"": ""random"", ""max_iter"": 300, ""method"": ""alternate""}"
ECG200,ed,lock-step,0.0016949083486459068,0.00940938000020221,0.0013037000026088208,42,2,shift,10.0,200,100,96,2,,"{""init"": ""random"", ""max_iter"": 300, ""method"": ""alternate""}"
ECG200,dtw,elastic,-0.009598080383923215,0.00029643148586943534,2.0486753000004683,42,2,shift,10.0,200,100,96,2,"{""window"": 10, ""backend"": ""aeon""}","{""init"": ""random"", ""max_iter"": 300, ""method"": ""alternate""}"
ECG200,msm,elastic,0.004749082007343941,0.011011968121955752,0.3343544000017573,42,2,shift,10.0,200,100,96,2,"{""c"": 1.0, ""backend"": ""aeon""}","{""init"": ""random"", ""max_iter"": 300, ""method"": ""alternate""}"
ECG200,ed,lock-step,0.004602879247869944,0.010789584794377008,0.0006953999982215464,42,3,shift,10.0,200,100,96,2,,"{""init"": ""random"", ""max_iter"": 300, ""method"": ""alternate""}"
ECG200,dtw,elastic,-0.008571288632022334,0.0011569844335306808,1.8970199999967008,42,3,shift,10.0,200,100,96,2,"{""window"": 10, ""backend"": ""aeon""}","{""init"": ""random"", ""max_iter"": 300, ""method"": ""alternate""}"
ECG200,msm,elastic,0.1071913659557285,0.09434576541925767,0.42002140000113286,42,3,shift,10.0,200,100,96,2,"{""c"": 1.0, ""backend"": ""aeon""}","{""init"": ""random"", ""max_iter"": 300, ""method"": ""alternate""}"
ECG200,ed,lock-step,-0.005812533580813755,0.0017641293907605183,0.005246600001555635,42,4,shift,10.0,200,100,96,2,,"{""init"": ""random"", ""max_iter"": 300, ""method"": ""alternate""}"
ECG200,dtw,elastic,-0.008571288632022334,0.0011569844335306808,2.0636472000005597,42,4,shift,10.0,200,100,96,2,"{""window"": 10, ""backend"": ""aeon""}","{""init"": ""random"", ""max_iter"": 300, ""method"": ""alternate""}"
ECG200,msm,elastic,0.1071913659557285,0.09434576541925767,0.29349659999934374,42,4,shift,10.0,200,100,96,2,"{""c"": 1.0, ""backend"": ""aeon""}","{""init"": ""random"", ""max_iter"": 300, ""method"": ""alternate""}"
ECG200,ed,lock-step,0.004602879247869944,0.010789584794377008,0.0006858999986434355,42,5,shift,10.0,200,100,96,2,,"{""init"": ""random"", ""max_iter"": 300, ""method"": ""alternate""}"
ECG200,dtw,elastic,-0.008571288632022334,0.0011569844335306808,2.085111499996856,42,5,shift,10.0,200,100,96,2,"{""window"": 10, ""backend"": ""aeon""}","{""init"": ""random"", ""max_iter"": 300, ""method"": ""alternate""}"
ECG200,msm,elastic,0.004749082007343941,0.011011968121955752,0.3016371000012441,42,5,shift,10.0,200,100,96,2,"{""c"": 1.0, ""backend"": ""aeon""}","{""init"": ""random"", ""max_iter"": 300, ""method"": ""alternate""}"
ECG200,ed,lock-step,0.004602879247869944,0.010789584794377008,0.0036356999953568447,42,6,shift,10.0,200,100,96,2,,"{""init"": ""random"", ""max_iter"": 300, ""method"": ""alternate""}"
ECG200,dtw,elastic,-0.009598080383923215,0.00029643148586943534,2.20009840000057,42,6,shift,10.0,200,100,96,2,"{""window"": 10, ""backend"": ""aeon""}","{""init"": ""random"", ""max_iter"": 300, ""method"": ""alternate""}"
ECG200,msm,elastic,0.1071913659557285,0.09434576541925767,0.26536489999853075,42,6,shift,10.0,200,100,96,2,"{""c"": 1.0, ""backend"": ""aeon""}","{""init"": ""random"", ""max_iter"": 300, ""method"": ""alternate""}"
ECG200,ed,lock-step,0.0016949083486459068,0.00940938000020221,0.001070300000719726,42,7,shift,10.0,200,100,96,2,,"{""init"": ""random"", ""max_iter"": 300, ""method"": ""alternate""}"
ECG200,dtw,elastic,-0.009598080383923215,0.00029643148586943534,2.1669801000025473,42,7,shift,10.0,200,100,96,2,"{""window"": 10, ""backend"": ""aeon""}","{""init"": ""random"", ""max_iter"": 300, ""method"": ""alternate""}"
ECG200,msm,elastic,0.1071913659557285,0.09434576541925767,0.5504000000000815,42,7,shift,10.0,200,100,96,2,"{""c"": 1.0, ""backend"": ""aeon""}","{""init"": ""random"", ""max_iter"": 300, ""method"": ""alternate""}"
ECG200,ed,lock-step,-0.005812533580813755,0.0017641293907605183,0.0007440999979735352,42,8,shift,10.0,200,100,96,2,,"{""init"": ""random"", ""max_iter"": 300, ""method"": ""alternate""}"
ECG200,dtw,elastic,-0.008571288632022334,0.0011569844335306808,2.150207999999111,42,8,shift,10.0,200,100,96,2,"{""window"": 10, ""backend"": ""aeon""}","{""init"": ""random"", ""max_iter"": 300, ""method"": ""alternate""}"
ECG200,msm,elastic,0.1071913659557285,0.09434576541925767,0.29819169999973383,42,8,shift,10.0,200,100,96,2,"{""c"": 1.0, ""backend"": ""aeon""}","{""init"": ""random"", ""max_iter"": 300, ""method"": ""alternate""}"
ECG200,ed,lock-step,0.0016949083486459068,0.00940938000020221,0.0014120000014372636,42,9,shift,10.0,200,100,96,2,,"{""init"": ""random"", ""max_iter"": 300, ""method"": ""alternate""}"
ECG200,dtw,elastic,-0.009598080383923215,0.00029643148586943534,1.9496446000011929,42,9,shift,10.0,200,100,96,2,"{""window"": 10, ""backend"": ""aeon""}","{""init"": ""random"", ""max_iter"": 300, ""method"": ""alternate""}"
ECG200,msm,elastic,0.1071913659557285,0.09434576541925767,0.32365610000124434,42,9,shift,10.0,200,100,96,2,"{""c"": 1.0, ""backend"": ""aeon""}","{""init"": ""random"", ""max_iter"": 300, ""method"": ""alternate""}"
ECG200,ed,lock-step,-0.002691065662002153,0.005353485220424157,0.002385700001468649,42,10,shift,10.0,200,100,96,2,,"{""init"": ""random"", ""max_iter"": 300, ""method"": ""alternate""}"
ECG200,dtw,elastic,-0.008439576225534207,0.001177484561621638,2.082232599997951,42,10,shift,10.0,200,100,96,2,"{""window"": 10, ""backend"": ""aeon""}","{""init"": ""random"", ""max_iter"": 300, ""method"": ""alternate""}"
ECG200,msm,elastic,0.004749082007343941,0.011011968121955752,0.2901587999986077,42,10,shift,10.0,200,100,96,2,"{""c"": 1.0, ""backend"": ""aeon""}","{""init"": ""random"", ""max_iter"": 300, ""method"": ""alternate""}"
ECG200,ed,lock-step,-0.008324356086573304,0.001195927089963331,0.00163809999867226,42,1,shift,20.0,200,100,96,2,,"{""init"": ""random"", ""max_iter"": 300, ""method"": ""alternate""}"
ECG200,dtw,elastic,-0.00914962325080732,0.0,1.9228424000029918,42,1,shift,20.0,200,100,96,2,"{""window"": 10, ""backend"": ""aeon""}","{""init"": ""random"", ""max_iter"": 300, ""method"": ""alternate""}"
ECG200,msm,elastic,0.00448913629017777,0.010621809793435164,0.29975370000101975,42,1,shift,20.0,200,100,96,2,"{""c"": 1.0, ""backend"": ""aeon""}","{""init"": ""random"", ""max_iter"": 300, ""method"": ""alternate""}"
ECG200,ed,lock-step,-0.007255710815085356,0.0013932666874614062,0.00137900000117952,42,2,shift,20.0,200,100,96,2,,"{""init"": ""random"", ""max_iter"": 300, ""method"": ""alternate""}"
ECG200,dtw,elastic,-0.00914962325080732,0.0,2.0075320999967516,42,2,shift,20.0,200,100,96,2,"{""window"": 10, ""backend"": ""aeon""}","{""init"": ""random"", ""max_iter"": 300, ""method"": ""alternate""}"
ECG200,msm,elastic,0.0063059099574717704,0.013967178778210033,0.28352149999773246,42,2,shift,20.0,200,100,96,2,"{""c"": 1.0, ""backend"": ""aeon""}","{""init"": ""random"", ""max_iter"": 300, ""method"": ""alternate""}"
ECG200,ed,lock-step,-0.007255710815085356,0.0013932666874614062,0.0019130000036966521,42,3,shift,20.0,200,100,96,2,,"{""init"": ""random"", ""max_iter"": 300, ""method"": ""alternate""}"
ECG200,dtw,elastic,-0.00914962325080732,0.0,1.9340960000008636,42,3,shift,20.0,200,100,96,2,"{""window"": 10, ""backend"": ""aeon""}","{""init"": ""random"", ""max_iter"": 300, ""method"": ""alternate""}"
ECG200,msm,elastic,0.00448913629017777,0.010621809793435164,0.2882386999990558,42,3,shift,20.0,200,100,96,2,"{""c"": 1.0, ""backend"": ""aeon""}","{""init"": ""random"", ""max_iter"": 300, ""method"": ""alternate""}"
ECG200,ed,lock-step,-0.005812533580813755,0.0017641293907605183,0.0031243000012182165,42,4,shift,20.0,200,100,96,2,,"{""init"": ""random"", ""max_iter"": 300, ""method"": ""alternate""}"
ECG200,dtw,elastic,-0.010187588774060832,0.0,1.8567130000010366,42,4,shift,20.0,200,100,96,2,"{""window"": 10, ""backend"": ""aeon""}","{""init"": ""random"", ""max_iter"": 300, ""method"": ""alternate""}"
ECG200,msm,elastic,0.0063059099574717704,0.013967178778210033,0.2654785000013362,42,4,shift,20.0,200,100,96,2,"{""c"": 1.0, ""backend"": ""aeon""}","{""init"": ""random"", ""max_iter"": 300, ""method"": ""alternate""}"
ECG200,ed,lock-step,-0.007255710815085356,0.0013932666874614062,0.0007333999965339899,42,5,shift,20.0,200,100,96,2,,"{""init"": ""random"", ""max_iter"": 300, ""method"": ""alternate""}"
ECG200,dtw,elastic,-0.010187588774060832,0.0,1.8103506000006746,42,5,shift,20.0,200,100,96,2,"{""window"": 10, ""backend"": ""aeon""}","{""init"": ""random"", ""max_iter"": 300, ""method"": ""alternate""}"
ECG200,msm,elastic,0.00448913629017777,0.010621809793435164,0.23626800000056392,42,5,shift,20.0,200,100,96,2,"{""c"": 1.0, ""backend"": ""aeon""}","{""init"": ""random"", ""max_iter"": 300, ""method"": ""alternate""}"
ECG200,ed,lock-step,-0.007255710815085356,0.0013932666874614062,0.0010002000017266255,42,6,shift,20.0,200,100,96,2,,"{""init"": ""random"", ""max_iter"": 300, ""method"": ""alternate""}"
ECG200,dtw,elastic,-0.00914962325080732,0.0,2.0416952000014135,42,6,shift,20.0,200,100,96,2,"{""window"": 10, ""backend"": ""aeon""}","{""init"": ""random"", ""max_iter"": 300, ""method"": ""alternate""}"
ECG200,msm,elastic,0.00448913629017777,0.010621809793435164,0.2523626999973203,42,6,shift,20.0,200,100,96,2,"{""c"": 1.0, ""backend"": ""aeon""}","{""init"": ""random"", ""max_iter"": 300, ""method"": ""alternate""}"
ECG200,ed,lock-step,-0.005643796513406056,0.0029536865490922917,0.00093620000188821,42,7,shift,20.0,200,100,96,2,,"{""init"": ""random"", ""max_iter"": 300, ""method"": ""alternate""}"
ECG200,dtw,elastic,-0.00914962325080732,0.0,2.419465200000559,42,7,shift,20.0,200,100,96,2,"{""window"": 10, ""backend"": ""aeon""}","{""init"": ""random"", ""max_iter"": 300, ""method"": ""alternate""}"
ECG200,msm,elastic,-0.003329253365973072,0.004886209963297899,0.28219479999825126,42,7,shift,20.0,200,100,96,2,"{""c"": 1.0, ""backend"": ""aeon""}","{""init"": ""random"", ""max_iter"": 300, ""method"": ""alternate""}"
ECG200,ed,lock-step,-0.007255710815085356,0.0013932666874614062,0.0010427000015624799,42,8,shift,20.0,200,100,96,2,,"{""init"": ""random"", ""max_iter"": 300, ""method"": ""alternate""}"
ECG200,dtw,elastic,-0.00914962325080732,0.0,2.048419599999761,42,8,shift,20.0,200,100,96,2,"{""window"": 10, ""backend"": ""aeon""}","{""init"": ""random"", ""max_iter"": 300, ""method"": ""alternate""}"
ECG200,msm,elastic,0.03247874385119067,0.04187773532282634,0.29921339999782504,42,8,shift,20.0,200,100,96,2,"{""c"": 1.0, ""backend"": ""aeon""}","{""init"": ""random"", ""max_iter"": 300, ""method"": ""alternate""}"
ECG200,ed,lock-step,-0.008324356086573304,0.001195927089963331,0.001912400002765935,42,9,shift,20.0,200,100,96,2,,"{""init"": ""random"", ""max_iter"": 300, ""method"": ""alternate""}"
ECG200,dtw,elastic,-0.00914962325080732,0.0,2.1687430999954813,42,9,shift,20.0,200,100,96,2,"{""window"": 10, ""backend"": ""aeon""}","{""init"": ""random"", ""max_iter"": 300, ""method"": ""alternate""}"
ECG200,msm,elastic,0.0063059099574717704,0.013967178778210033,0.26854520000415505,42,9,shift,20.0,200,100,96,2,"{""c"": 1.0, ""backend"": ""aeon""}","{""init"": ""random"", ""max_iter"": 300, ""method"": ""alternate""}"
ECG200,ed,lock-step,-0.007255710815085356,0.0013932666874614062,0.0006589000040548854,42,10,shift,20.0,200,100,96,2,,"{""init"": ""random"", ""max_iter"": 300, ""method"": ""alternate""}"
ECG200,dtw,elastic,-0.010187588774060832,0.0,1.6387726000029943,42,10,shift,20.0,200,100,96,2,"{""window"": 10, ""backend"": ""aeon""}","{""init"": ""random"", ""max_iter"": 300, ""method"": ""alternate""}"
ECG200,msm,elastic,-0.006366073724030704,0.0026694535914474353,0.27306750000207103,42,10,shift,20.0,200,100,96,2,"{""c"": 1.0, ""backend"": ""aeon""}","{""init"": ""random"", ""max_iter"": 300, ""method"": ""alternate""}"
ECG200,ed,lock-step,-0.00994026050337871,0.0,0.003413300000829622,42,1,shift,30.0,200,100,96,2,,"{""init"": ""random"", ""max_iter"": 300, ""method"": ""alternate""}"
ECG200,dtw,elastic,-0.008873483535528597,0.0003279184104716484,2.089356399999815,42,1,shift,30.0,200,100,96,2,"{""window"": 10, ""backend"": ""aeon""}","{""init"": ""random"", ""max_iter"": 300, ""method"": ""alternate""}"
ECG200,msm,elastic,-0.01020408163265306,0.0,0.274253099996713,42,1,shift,30.0,200,100,96,2,"{""c"": 1.0, ""backend"": ""aeon""}","{""init"": ""random"", ""max_iter"": 300, ""method"": ""alternate""}"
ECG200,ed,lock-step,0.0005873499504423479,0.007950507250361968,0.0022423999980674125,42,2,shift,30.0,200,100,96,2,,"{""init"": ""random"", ""max_iter"": 300, ""method"": ""alternate""}"
ECG200,dtw,elastic,-0.008873483535528597,0.0003279184104716484,2.6909865999987232,42,2,shift,30.0,200,100,96,2,"{""window"": 10, ""backend"": ""aeon""}","{""init"": ""random"", ""max_iter"": 300, ""method"": ""alternate""}"
ECG200,msm,elastic,-0.01020408163265306,0.0,0.26797460000307183,42,2,shift,30.0,200,100,96,2,"{""c"": 1.0, ""backend"": ""aeon""}","{""init"": ""random"", ""max_iter"": 300, ""method"": ""alternate""}"
ECG200,ed,lock-step,-0.0013845001140176565,0.006587856406227654,0.000916900004085619,42,3,shift,30.0,200,100,96,2,,"{""init"": ""random"", ""max_iter"": 300, ""method"": ""alternate""}"
ECG200,dtw,elastic,-0.008873483535528597,0.0003279184104716484,2.265003100004833,42,3,shift,30.0,200,100,96,2,"{""window"": 10, ""backend"": ""aeon""}","{""init"": ""random"", ""max_iter"": 300, ""method"": ""alternate""}"
ECG200,msm,elastic,-0.006070471318246906,0.002779933823369478,0.529510799999116,42,3,shift,30.0,200,100,96,2,"{""c"": 1.0, ""backend"": ""aeon""}","{""init"": ""random"", ""max_iter"": 300, ""method"": ""alternate""}"
ECG200,ed,lock-step,-0.00799530072120876,0.001251383123868879,0.0010903000002144836,42,4,shift,30.0,200,100,96,2,,"{""init"": ""random"", ""max_iter"": 300, ""method"": ""alternate""}"
ECG200,dtw,elastic,-0.008873483535528597,0.0003279184104716484,1.6808354999957373,42,4,shift,30.0,200,100,96,2,"{""window"": 10, ""backend"": ""aeon""}","{""init"": ""random"", ""max_iter"": 300, ""method"": ""alternate""}"
ECG200,msm,elastic,-0.008314279775514447,0.000356311672099125,0.2957413000003726,42,4,shift,30.0,200,100,96,2,"{""c"": 1.0, ""backend"": ""aeon""}","{""init"": ""random"", ""max_iter"": 300, ""method"": ""alternate""}"
ECG200,ed,lock-step,-0.002691065662002153,0.005353485220424157,0.003675599997222889,42,5,shift,30.0,200,100,96,2,,"{""init"": ""random"", ""max_iter"": 300, ""method"": ""alternate""}"
ECG200,dtw,elastic,-0.008873483535528597,0.0003279184104716484,2.9616016000036325,42,5,shift,30.0,200,100,96,2,"{""window"": 10, ""backend"": ""aeon""}","{""init"": ""random"", ""max_iter"": 300, ""method"": ""alternate""}"
ECG200,msm,elastic,-0.008314279775514447,0.000356311672099125,0.29849990000366233,42,5,shift,30.0,200,100,96,2,"{""c"": 1.0, ""backend"": ""aeon""}","{""init"": ""random"", ""max_iter"": 300, ""method"": ""alternate""}"
ECG200,ed,lock-step,-0.0013845001140176565,0.006587856406227654,0.0006066999994800426,42,6,shift,30.0,200,100,96,2,,"{""init"": ""random"", ""max_iter"": 300, ""method"": ""alternate""}"
ECG200,dtw,elastic,-0.001377834692256569,0.0056468301028241704,2.781166700002359,42,6,shift,30.0,200,100,96,2,"{""window"": 10, ""backend"": ""aeon""}","{""init"": ""random"", ""max_iter"": 300, ""method"": ""alternate""}"
ECG200,msm,elastic,-0.008314279775514447,0.000356311672099125,0.5663725000013073,42,6,shift,30.0,200,100,96,2,"{""c"": 1.0, ""backend"": ""aeon""}","{""init"": ""random"", ""max_iter"": 300, ""method"": ""alternate""}"
ECG200,ed,lock-step,-0.008439576225534207,0.001177484561621638,0.000794099996710429,42,7,shift,30.0,200,100,96,2,,"{""init"": ""random"", ""max_iter"": 300, ""method"": ""alternate""}"
ECG200,dtw,elastic,-0.008873483535528597,0.0003279184104716484,2.365692499999568,42,7,shift,30.0,200,100,96,2,"{""window"": 10, ""backend"": ""aeon""}","{""init"": ""random"", ""max_iter"": 300, ""method"": ""alternate""}"
ECG200,msm,elastic,-0.0058734995044234795,0.0028579308471863582,0.3770619000024453,42,7,shift,30.0,200,100,96,2,"{""c"": 1.0, ""backend"": ""aeon""}","{""init"": ""random"", ""max_iter"": 300, ""method"": ""alternate""}"
ECG200,ed,lock-step,0.0005873499504423479,0.007950507250361968,0.0032381999990320764,42,8,shift,30.0,200,100,96,2,,"{""init"": ""random"", ""max_iter"": 300, ""method"": ""alternate""}"
ECG200,dtw,elastic,-0.008873483535528597,0.0003279184104716484,3.9194863000011537,42,8,shift,30.0,200,100,96,2,"{""window"": 10, ""backend"": ""aeon""}","{""init"": ""random"", ""max_iter"": 300, ""method"": ""alternate""}"
ECG200,msm,elastic,-0.008314279775514447,0.000356311672099125,0.27624529999957304,42,8,shift,30.0,200,100,96,2,"{""c"": 1.0, ""backend"": ""aeon""}","{""init"": ""random"", ""max_iter"": 300, ""method"": ""alternate""}"
ECG200,ed,lock-step,-0.008439576225534207,0.001177484561621638,0.002311000003828667,42,9,shift,30.0,200,100,96,2,,"{""init"": ""random"", ""max_iter"": 300, ""method"": ""alternate""}"
ECG200,dtw,elastic,-0.008873483535528597,0.0003279184104716484,2.188936200000171,42,9,shift,30.0,200,100,96,2,"{""window"": 10, ""backend"": ""aeon""}","{""init"": ""random"", ""max_iter"": 300, ""method"": ""alternate""}"
ECG200,msm,elastic,-0.008314279775514447,0.000356311672099125,0.38170589999936055,42,9,shift,30.0,200,100,96,2,"{""c"": 1.0, ""backend"": ""aeon""}","{""init"": ""random"", ""max_iter"": 300, ""method"": ""alternate""}"
ECG200,ed,lock-step,0.00448913629017777,0.010621809793435164,0.0009300000019720756,42,10,shift,30.0,200,100,96,2,,"{""init"": ""random"", ""max_iter"": 300, ""method"": ""alternate""}"
ECG200,dtw,elastic,-0.008873483535528597,0.0003279184104716484,2.16005099999893,42,10,shift,30.0,200,100,96,2,"{""window"": 10, ""backend"": ""aeon""}","{""init"": ""random"", ""max_iter"": 300, ""method"": ""alternate""}"
ECG200,msm,elastic,-0.00508638292149119,0.0032101660815386087,0.44363220000013825,42,10,shift,30.0,200,100,96,2,"{""c"": 1.0, ""backend"": ""aeon""}","{""init"": ""random"", ""max_iter"": 300, ""method"": ""alternate""}"
ECG200,ed,lock-step,0.13694107865553204,0.1357435317567495,0.0010436000011395663,42,1,length,1.0,200,100,96,2,,"{""init"": ""random"", ""max_iter"": 300, ""method"": ""alternate""}"
ECG200,dtw,elastic,0.0066781770205557546,0.014880660382146764,2.569515600003797,42,1,length,1.0,200,100,96,2,"{""window"": 10, ""backend"": ""aeon""}","{""init"": ""random"", ""max_iter"": 300, ""method"": ""alternate""}"
ECG200,msm,elastic,0.15231431646932186,0.1402834245040046,0.28181240000049,42,1,length,1.0,200,100,96,2,"{""c"": 1.0, ""backend"": ""aeon""}","{""init"": ""random"", ""max_iter"": 300, ""method"": ""alternate""}"
ECG200,ed,lock-step,0.03329752953813104,0.0491957059577339,0.0006514000015158672,42,2,length,1.0,200,100,96,2,,"{""init"": ""random"", ""max_iter"": 300, ""method"": ""alternate""}"
ECG200,dtw,elastic,-0.001559549192811453,0.006362555582158176,2.0892822000023443,42,2,length,1.0,200,100,96,2,"{""window"": 10, ""backend"": ""aeon""}","{""init"": ""random"", ""max_iter"": 300, ""method"": ""alternate""}"
ECG200,msm,elastic,0.15231431646932186,0.1402834245040046,0.3722148000015295,42,2,length,1.0,200,100,96,2,"{""c"": 1.0, ""backend"": ""aeon""}","{""init"": ""random"", ""max_iter"": 300, ""method"": ""alternate""}"
ECG200,ed,lock-step,0.13694107865553204,0.1357435317567495,0.0008651000025565736,42,3,length,1.0,200,100,96,2,,"{""init"": ""random"", ""max_iter"": 300, ""method"": ""alternate""}"
ECG200,dtw,elastic,0.1358422193112398,0.11005444548223992,2.0532587000016065,42,3,length,1.0,200,100,96,2,"{""window"": 10, ""backend"": ""aeon""}","{""init"": ""random"", ""max_iter"": 300, ""method"": ""alternate""}"
ECG200,msm,elastic,0.15231431646932186,0.1402834245040046,0.2738827000030142,42,3,length,1.0,200,100,96,2,"{""c"": 1.0, ""backend"": ""aeon""}","{""init"": ""random"", ""max_iter"": 300, ""method"": ""alternate""}"
ECG200,ed,lock-step,0.13694107865553204,0.1357435317567495,0.0014105000045674387,42,4,length,1.0,200,100,96,2,,"{""init"": ""random"", ""max_iter"": 300, ""method"": ""alternate""}"
ECG200,dtw,elastic,-0.001559549192811453,0.006362555582158176,2.2182640000028186,42,4,length,1.0,200,100,96,2,"{""window"": 10, ""backend"": ""aeon""}","{""init"": ""random"", ""max_iter"": 300, ""method"": ""alternate""}"
ECG200,msm,elastic,0.15231431646932186,0.1402834245040046,0.40059520000068005,42,4,length,1.0,200,100,96,2,"{""c"": 1.0, ""backend"": ""aeon""}","{""init"": ""random"", ""max_iter"": 300, ""method"": ""alternate""}"
ECG200,ed,lock-step,0.13694107865553204,0.1357435317567495,0.0017311999981757253,42,5,length,1.0,200,100,96,2,,"{""init"": ""random"", ""max_iter"": 300, ""method"": ""alternate""}"
ECG200,dtw,elastic,0.05827405947381952,0.05073566873993589,2.0665740000040387,42,5,length,1.0,200,100,96,2,"{""window"": 10, ""backend"": ""aeon""}","{""init"": ""random"", ""max_iter"": 300, ""method"": ""alternate""}"
ECG200,msm,elastic,0.15231431646932186,0.1402834245040046,0.28791070000079344,42,5,length,1.0,200,100,96,2,"{""c"": 1.0, ""backend"": ""aeon""}","{""init"": ""random"", ""max_iter"": 300, ""method"": ""alternate""}"
ECG200,ed,lock-step,0.13694107865553204,0.1357435317567495,0.0009711000020615757,42,6,length,1.0,200,100,96,2,,"{""init"": ""random"", ""max_iter"": 300, ""method"": ""alternate""}"
ECG200,dtw,elastic,0.03178484107579462,0.03705068107641364,3.043775400001323,42,6,length,1.0,200,100,96,2,"{""window"": 10, ""backend"": ""aeon""}","{""init"": ""random"", ""max_iter"": 300, ""method"": ""alternate""}"
ECG200,msm,elastic,0.15231431646932186,0.1402834245040046,0.31548750000001746,42,6,length,1.0,200,100,96,2,"{""c"": 1.0, ""backend"": ""aeon""}","{""init"": ""random"", ""max_iter"": 300, ""method"": ""alternate""}"
ECG200,ed,lock-step,0.13694107865553204,0.1357435317567495,0.00115380000352161,42,7,length,1.0,200,100,96,2,,"{""init"": ""random"", ""max_iter"": 300, ""method"": ""alternate""}"
ECG200,dtw,elastic,-0.001559549192811453,0.006362555582158176,2.2566669000007096,42,7,length,1.0,200,100,96,2,"{""window"": 10, ""backend"": ""aeon""}","{""init"": ""random"", ""max_iter"": 300, ""method"": ""alternate""}"
ECG200,msm,elastic,0.15231431646932186,0.1402834245040046,0.4846643999990192,42,7,length,1.0,200,100,96,2,"{""c"": 1.0, ""backend"": ""aeon""}","{""init"": ""random"", ""max_iter"": 300, ""method"": ""alternate""}"
ECG200,ed,lock-step,0.13694107865553204,0.1357435317567495,0.0011293000025034416,42,8,length,1.0,200,100,96,2,,"{""init"": ""random"", ""max_iter"": 300, ""method"": ""alternate""}"
ECG200,dtw,elastic,-0.001559549192811453,0.006362555582158176,2.6738000999976066,42,8,length,1.0,200,100,96,2,"{""window"": 10, ""backend"": ""aeon""}","{""init"": ""random"", ""max_iter"": 300, ""method"": ""alternate""}"
ECG200,msm,elastic,0.15231431646932186,0.1402834245040046,0.3068083000034676,42,8,length,1.0,200,100,96,2,"{""c"": 1.0, ""backend"": ""aeon""}","{""init"": ""random"", ""max_iter"": 300, ""method"": ""alternate""}"
ECG200,ed,lock-step,0.03329752953813104,0.0491957059577339,0.00130899999930989,42,9,length,1.0,200,100,96,2,,"{""init"": ""random"", ""max_iter"": 300, ""method"": ""alternate""}"
ECG200,dtw,elastic,-0.001559549192811453,0.006362555582158176,2.000663299997541,42,9,length,1.0,200,100,96,2,"{""window"": 10, ""backend"": ""aeon""}","{""init"": ""random"", ""max_iter"": 300, ""method"": ""alternate""}"
ECG200,msm,elastic,0.15231431646932186,0.1402834245040046,0.3229864000059024,42,9,length,1.0,200,100,96,2,"{""c"": 1.0, ""backend"": ""aeon""}","{""init"": ""random"", ""max_iter"": 300, ""method"": ""alternate""}"
ECG200,ed,lock-step,0.03329752953813104,0.0491957059577339,0.001183700002002297,42,10,length,1.0,200,100,96,2,,"{""init"": ""random"", ""max_iter"": 300, ""method"": ""alternate""}"
ECG200,dtw,elastic,-0.001559549192811453,0.006362555582158176,2.0984832999965874,42,10,length,1.0,200,100,96,2,"{""window"": 10, ""backend"": ""aeon""}","{""init"": ""random"", ""max_iter"": 300, ""method"": ""alternate""}"
ECG200,msm,elastic,0.15231431646932186,0.1402834245040046,0.39006029999654857,42,10,length,1.0,200,100,96,2,"{""c"": 1.0, ""backend"": ""aeon""}","{""init"": ""random"", ""max_iter"": 300, ""method"": ""alternate""}"
ECG200,ed,lock-step,0.10818078479145701,0.1138228555959753,0.002684300001419615,42,1,length,0.9,200,100,96,2,,"{""init"": ""random"", ""max_iter"": 300, ""method"": ""alternate""}"
ECG200,dtw,elastic,0.10818078479145701,0.1138228555959753,2.2194851000022027,42,1,length,0.9,200,100,96,2,"{""window"": 10, ""backend"": ""aeon""}","{""init"": ""random"", ""max_iter"": 300, ""method"": ""alternate""}"
ECG200,msm,elastic,0.16875930268121114,0.15217136598067355,0.3263961999982712,42,1,length,0.9,200,100,96,2,"{""c"": 1.0, ""backend"": ""aeon""}","{""init"": ""random"", ""max_iter"": 300, ""method"": ""alternate""}"
ECG200,ed,lock-step,0.04154169837503917,0.05727918412528509,0.0011587000008148607,42,2,length,0.9,200,100,96,2,,"{""init"": ""random"", ""max_iter"": 300, ""method"": ""alternate""}"
ECG200,dtw,elastic,-0.002413135282320523,0.005581295485867085,2.783267300004809,42,2,length,0.9,200,100,96,2,"{""window"": 10, ""backend"": ""aeon""}","{""init"": ""random"", ""max_iter"": 300, ""method"": ""alternate""}"
ECG200,msm,elastic,0.16875930268121114,0.15217136598067355,0.27256869999837363,42,2,length,0.9,200,100,96,2,"{""c"": 1.0, ""backend"": ""aeon""}","{""init"": ""random"", ""max_iter"": 300, ""method"": ""alternate""}"
ECG200,ed,lock-step,0.10818078479145701,0.1138228555959753,0.0009267999994335696,42,3,length,0.9,200,100,96,2,,"{""init"": ""random"", ""max_iter"": 300, ""method"": ""alternate""}"
ECG200,dtw,elastic,0.2041041077787159,0.17745410957296198,2.3628113999984635,42,3,length,0.9,200,100,96,2,"{""window"": 10, ""backend"": ""aeon""}","{""init"": ""random"", ""max_iter"": 300, ""method"": ""alternate""}"
ECG200,msm,elastic,0.16875930268121114,0.15217136598067355,0.2745079000014812,42,3,length,0.9,200,100,96,2,"{""c"": 1.0, ""backend"": ""aeon""}","{""init"": ""random"", ""max_iter"": 300, ""method"": ""alternate""}"
ECG200,ed,lock-step,0.08269491587551776,0.09346609688347893,0.0006650000032095704,42,4,length,0.9,200,100,96,2,,"{""init"": ""random"", ""max_iter"": 300, ""method"": ""alternate""}"
ECG200,dtw,elastic,0.058397019760813774,0.05169322737348285,2.0434316999999282,42,4,length,0.9,200,100,96,2,"{""window"": 10, ""backend"": ""aeon""}","{""init"": ""random"", ""max_iter"": 300, ""method"": ""alternate""}"
ECG200,msm,elastic,0.16875930268121114,0.15217136598067355,0.3137799000032828,42,4,length,0.9,200,100,96,2,"{""c"": 1.0, ""backend"": ""aeon""}","{""init"": ""random"", ""max_iter"": 300, ""method"": ""alternate""}"
ECG200,ed,lock-step,0.04154169837503917,0.05727918412528509,0.002014400000916794,42,5,length,0.9,200,100,96,2,,"{""init"": ""random"", ""max_iter"": 300, ""method"": ""alternate""}"
ECG200,dtw,elastic,0.058397019760813774,0.05169322737348285,2.304866700000275,42,5,length,0.9,200,100,96,2,"{""window"": 10, ""backend"": ""aeon""}","{""init"": ""random"", ""max_iter"": 300, ""method"": ""alternate""}"
ECG200,msm,elastic,0.16875930268121114,0.15217136598067355,0.5799579000013182,42,5,length,0.9,200,100,96,2,"{""c"": 1.0, ""backend"": ""aeon""}","{""init"": ""random"", ""max_iter"": 300, ""method"": ""alternate""}"
ECG200,ed,lock-step,0.10818078479145701,0.1138228555959753,0.0008101999956124928,42,6,length,0.9,200,100,96,2,,"{""init"": ""random"", ""max_iter"": 300, ""method"": ""alternate""}"
ECG200,dtw,elastic,0.2041041077787159,0.17745410957296198,2.215234800001781,42,6,length,0.9,200,100,96,2,"{""window"": 10, ""backend"": ""aeon""}","{""init"": ""random"", ""max_iter"": 300, ""method"": ""alternate""}"
ECG200,msm,elastic,0.16875930268121114,0.15217136598067355,0.37740689999918686,42,6,length,0.9,200,100,96,2,"{""c"": 1.0, ""backend"": ""aeon""}","{""init"": ""random"", ""max_iter"": 300, ""method"": ""alternate""}"
ECG200,ed,lock-step,0.10818078479145701,0.1138228555959753,0.0007338999967032578,42,7,length,0.9,200,100,96,2,,"{""init"": ""random"", ""max_iter"": 300, ""method"": ""alternate""}"
ECG200,dtw,elastic,-0.002413135282320523,0.005581295485867085,2.0207412999989174,42,7,length,0.9,200,100,96,2,"{""window"": 10, ""backend"": ""aeon""}","{""init"": ""random"", ""max_iter"": 300, ""method"": ""alternate""}"
ECG200,msm,elastic,0.16875930268121114,0.15217136598067355,0.25576600000204053,42,7,length,0.9,200,100,96,2,"{""c"": 1.0, ""backend"": ""aeon""}","{""init"": ""random"", ""max_iter"": 300, ""method"": ""alternate""}"
ECG200,ed,lock-step,0.10818078479145701,0.1138228555959753,0.0008393000025535002,42,8,length,0.9,200,100,96,2,,"{""init"": ""random"", ""max_iter"": 300, ""method"": ""alternate""}"
ECG200,dtw,elastic,0.058397019760813774,0.05169322737348285,1.9885342000015953,42,8,length,0.9,200,100,96,2,"{""window"": 10, ""backend"": ""aeon""}","{""init"": ""random"", ""max_iter"": 300, ""method"": ""alternate""}"
ECG200,msm,elastic,0.16875930268121114,0.15217136598067355,0.3869196000014199,42,8,length,0.9,200,100,96,2,"{""c"": 1.0, ""backend"": ""aeon""}","{""init"": ""random"", ""max_iter"": 300, ""method"": ""alternate""}"
ECG200,ed,lock-step,0.10818078479145701,0.1138228555959753,0.0009447000011277851,42,9,length,0.9,200,100,96,2,,"{""init"": ""random"", ""max_iter"": 300, ""method"": ""alternate""}"
ECG200,dtw,elastic,0.0033192185192868562,0.012580976099843792,2.2731375000003027,42,9,length,0.9,200,100,96,2,"{""window"": 10, ""backend"": ""aeon""}","{""init"": ""random"", ""max_iter"": 300, ""method"": ""alternate""}"
ECG200,msm,elastic,0.16875930268121114,0.15217136598067355,0.4711903999996139,42,9,length,0.9,200,100,96,2,"{""c"": 1.0, ""backend"": ""aeon""}","{""init"": ""random"", ""max_iter"": 300, ""method"": ""alternate""}"
ECG200,ed,lock-step,0.04154169837503917,0.05727918412528509,0.0013858000020263717,42,10,length,0.9,200,100,96,2,,"{""init"": ""random"", ""max_iter"": 300, ""method"": ""alternate""}"
ECG200,dtw,elastic,0.0033192185192868562,0.012580976099843792,1.9986156999984814,42,10,length,0.9,200,100,96,2,"{""window"": 10, ""backend"": ""aeon""}","{""init"": ""random"", ""max_iter"": 300, ""method"": ""alternate""}"
ECG200,msm,elastic,0.16875930268121114,0.15217136598067355,0.294884800001455,42,10,length,0.9,200,100,96,2,"{""c"": 1.0, ""backend"": ""aeon""}","{""init"": ""random"", ""max_iter"": 300, ""method"": ""alternate""}"
ECG200,ed,lock-step,0.09471882640586797,0.09725478822712842,0.0015331999966292642,42,1,length,0.75,200,100,96,2,,"{""init"": ""random"", ""max_iter"": 300, ""method"": ""alternate""}"
ECG200,dtw,elastic,0.09471882640586797,0.09725478822712842,1.795184300000983,42,1,length,0.75,200,100,96,2,"{""window"": 10, ""backend"": ""aeon""}","{""init"": ""random"", ""max_iter"": 300, ""method"": ""alternate""}"
ECG200,msm,elastic,0.09471882640586797,0.09725478822712842,0.3153489000033005,42,1,length,0.75,200,100,96,2,"{""c"": 1.0, ""backend"": ""aeon""}","{""init"": ""random"", ""max_iter"": 300, ""method"": ""alternate""}"
ECG200,ed,lock-step,0.04113587786259542,0.052799317083607,0.001236700001754798,42,2,length,0.75,200,100,96,2,,"{""init"": ""random"", ""max_iter"": 300, ""method"": ""alternate""}"
ECG200,dtw,elastic,0.03287256386460216,0.04513717217584663,1.8262376000020595,42,2,length,0.75,200,100,96,2,"{""window"": 10, ""backend"": ""aeon""}","{""init"": ""random"", ""max_iter"": 300, ""method"": ""alternate""}"
ECG200,msm,elastic,0.0604824427480916,0.07461767443636569,0.2742355000009411,42,2,length,0.75,200,100,96,2,"{""c"": 1.0, ""backend"": ""aeon""}","{""init"": ""random"", ""max_iter"": 300, ""method"": ""alternate""}"
ECG200,ed,lock-step,0.09471882640586797,0.09725478822712842,0.002437600000121165,42,3,length,0.75,200,100,96,2,,"{""init"": ""random"", ""max_iter"": 300, ""method"": ""alternate""}"
ECG200,dtw,elastic,0.09471882640586797,0.09725478822712842,1.917771399996127,42,3,length,0.75,200,100,96,2,"{""window"": 10, ""backend"": ""aeon""}","{""init"": ""random"", ""max_iter"": 300, ""method"": ""alternate""}"
ECG200,msm,elastic,0.09471882640586797,0.09725478822712842,0.42499649999808753,42,3,length,0.75,200,100,96,2,"{""c"": 1.0, ""backend"": ""aeon""}","{""init"": ""random"", ""max_iter"": 300, ""method"": ""alternate""}"
ECG200,ed,lock-step,0.09471882640586797,0.09725478822712842,0.002266100000269944,42,4,length,0.75,200,100,96,2,,"{""init"": ""random"", ""max_iter"": 300, ""method"": ""alternate""}"
ECG200,dtw,elastic,0.09443837537297614,0.09221252606767766,2.070421800002805,42,4,length,0.75,200,100,96,2,"{""window"": 10, ""backend"": ""aeon""}","{""init"": ""random"", ""max_iter"": 300, ""method"": ""alternate""}"
ECG200,msm,elastic,0.09471882640586797,0.09725478822712842,0.2883146000021952,42,4,length,0.75,200,100,96,2,"{""c"": 1.0, ""backend"": ""aeon""}","{""init"": ""random"", ""max_iter"": 300, ""method"": ""alternate""}"
ECG200,ed,lock-step,0.04113587786259542,0.052799317083607,0.0010849999998754356,42,5,length,0.75,200,100,96,2,,"{""init"": ""random"", ""max_iter"": 300, ""method"": ""alternate""}"
ECG200,dtw,elastic,0.030346561321601725,0.02964327933391515,2.2971588999971573,42,5,length,0.75,200,100,96,2,"{""window"": 10, ""backend"": ""aeon""}","{""init"": ""random"", ""max_iter"": 300, ""method"": ""alternate""}"
ECG200,msm,elastic,0.0604824427480916,0.07461767443636569,0.2689724000010756,42,5,length,0.75,200,100,96,2,"{""c"": 1.0, ""backend"": ""aeon""}","{""init"": ""random"", ""max_iter"": 300, ""method"": ""alternate""}"
ECG200,ed,lock-step,0.09471882640586797,0.09725478822712842,0.0008834000000206288,42,6,length,0.75,200,100,96,2,,"{""init"": ""random"", ""max_iter"": 300, ""method"": ""alternate""}"
ECG200,dtw,elastic,0.06913269886873766,0.058519792136740086,2.1560242000014114,42,6,length,0.75,200,100,96,2,"{""window"": 10, ""backend"": ""aeon""}","{""init"": ""random"", ""max_iter"": 300, ""method"": ""alternate""}"
ECG200,msm,elastic,0.09471882640586797,0.09725478822712842,3.507684900003369,42,6,length,0.75,200,100,96,2,"{""c"": 1.0, ""backend"": ""aeon""}","{""init"": ""random"", ""max_iter"": 300, ""method"": ""alternate""}"
ECG200,ed,lock-step,0.09471882640586797,0.09725478822712842,0.003430199998547323,42,7,length,0.75,200,100,96,2,,"{""init"": ""random"", ""max_iter"": 300, ""method"": ""alternate""}"
ECG200,dtw,elastic,-0.00799530072120876,0.001251383123868879,2.2131982000028074,42,7,length,0.75,200,100,96,2,"{""window"": 10, ""backend"": ""aeon""}","{""init"": ""random"", ""max_iter"": 300, ""method"": ""alternate""}"
ECG200,msm,elastic,0.09471882640586797,0.09725478822712842,1.5185007000000041,42,7,length,0.75,200,100,96,2,"{""c"": 1.0, ""backend"": ""aeon""}","{""init"": ""random"", ""max_iter"": 300, ""method"": ""alternate""}"
ECG200,ed,lock-step,0.09471882640586797,0.09725478822712842,0.0024417000022367574,42,8,length,0.75,200,100,96,2,,"{""init"": ""random"", ""max_iter"": 300, ""method"": ""alternate""}"
ECG200,dtw,elastic,0.08089810609306711,0.06784386573859888,2.0889583000025596,42,8,length,0.75,200,100,96,2,"{""window"": 10, ""backend"": ""aeon""}","{""init"": ""random"", ""max_iter"": 300, ""method"": ""alternate""}"
ECG200,msm,elastic,0.09471882640586797,0.09725478822712842,0.2859587999955693,42,8,length,0.75,200,100,96,2,"{""c"": 1.0, ""backend"": ""aeon""}","{""init"": ""random"", ""max_iter"": 300, ""method"": ""alternate""}"
ECG200,ed,lock-step,0.04113587786259542,0.052799317083607,0.0007750000004307367,42,9,length,0.75,200,100,96,2,,"{""init"": ""random"", ""max_iter"": 300, ""method"": ""alternate""}"
ECG200,dtw,elastic,0.03287256386460216,0.04513717217584663,2.1140940000004775,42,9,length,0.75,200,100,96,2,"{""window"": 10, ""backend"": ""aeon""}","{""init"": ""random"", ""max_iter"": 300, ""method"": ""alternate""}"
ECG200,msm,elastic,0.0604824427480916,0.07461767443636569,0.2779612999947858,42,9,length,0.75,200,100,96,2,"{""c"": 1.0, ""backend"": ""aeon""}","{""init"": ""random"", ""max_iter"": 300, ""method"": ""alternate""}"
ECG200,ed,lock-step,0.04113587786259542,0.052799317083607,0.0006489000006695278,42,10,length,0.75,200,100,96,2,,"{""init"": ""random"", ""max_iter"": 300, ""method"": ""alternate""}"
ECG200,dtw,elastic,0.03287256386460216,0.04513717217584663,1.837574000001041,42,10,length,0.75,200,100,96,2,"{""window"": 10, ""backend"": ""aeon""}","{""init"": ""random"", ""max_iter"": 300, ""method"": ""alternate""}"
ECG200,msm,elastic,0.040760969172684285,0.04918785501957698,0.29340229999797884,42,10,length,0.75,200,100,96,2,"{""c"": 1.0, ""backend"": ""aeon""}","{""init"": ""random"", ""max_iter"": 300, ""method"": ""alternate""}"
ECG200,ed,lock-step,0.1689761872729719,0.15933429388669476,0.0009264000000257511,42,1,length,0.5,200,100,96,2,,"{""init"": ""random"", ""max_iter"": 300, ""method"": ""alternate""}"
ECG200,dtw,elastic,0.16875930268121114,0.15217136598067355,1.9196430000010878,42,1,length,0.5,200,100,96,2,"{""window"": 10, ""backend"": ""aeon""}","{""init"": ""random"", ""max_iter"": 300, ""method"": ""alternate""}"
ECG200,msm,elastic,0.20428585992455908,0.18475117741427882,0.26495210000211955,42,1,length,0.5,200,100,96,2,"{""c"": 1.0, ""backend"": ""aeon""}","{""init"": ""random"", ""max_iter"": 300, ""method"": ""alternate""}"
ECG200,ed,lock-step,0.01701445012943135,0.10806496399729751,0.0016420000029029325,42,2,length,0.5,200,100,96,2,,"{""init"": ""random"", ""max_iter"": 300, ""method"": ""alternate""}"
ECG200,dtw,elastic,0.01701445012943135,0.10806496399729751,1.838195899996208,42,2,length,0.5,200,100,96,2,"{""window"": 10, ""backend"": ""aeon""}","{""init"": ""random"", ""max_iter"": 300, ""method"": ""alternate""}"
ECG200,msm,elastic,0.04986068338466051,0.056935743822353245,0.2826721000019461,42,2,length,0.5,200,100,96,2,"{""c"": 1.0, ""backend"": ""aeon""}","{""init"": ""random"", ""max_iter"": 300, ""method"": ""alternate""}"
ECG200,ed,lock-step,0.1689761872729719,0.15933429388669476,0.0009501000022282824,42,3,length,0.5,200,100,96,2,,"{""init"": ""random"", ""max_iter"": 300, ""method"": ""alternate""}"
ECG200,dtw,elastic,0.16875930268121114,0.15217136598067355,1.8827271000045585,42,3,length,0.5,200,100,96,2,"{""window"": 10, ""backend"": ""aeon""}","{""init"": ""random"", ""max_iter"": 300, ""method"": ""alternate""}"
ECG200,msm,elastic,0.20428585992455908,0.18475117741427882,0.2625746999983676,42,3,length,0.5,200,100,96,2,"{""c"": 1.0, ""backend"": ""aeon""}","{""init"": ""random"", ""max_iter"": 300, ""method"": ""alternate""}"
ECG200,ed,lock-step,0.1689761872729719,0.15933429388669476,0.0010026000018115155,42,4,length,0.5,200,100,96,2,,"{""init"": ""random"", ""max_iter"": 300, ""method"": ""alternate""}"
ECG200,dtw,elastic,0.1692200471957646,0.1682390938673625,1.7711071999983687,42,4,length,0.5,200,100,96,2,"{""window"": 10, ""backend"": ""aeon""}","{""init"": ""random"", ""max_iter"": 300, ""method"": ""alternate""}"
ECG200,msm,elastic,0.20428585992455908,0.18475117741427882,0.250578700000915,42,4,length,0.5,200,100,96,2,"{""c"": 1.0, ""backend"": ""aeon""}","{""init"": ""random"", ""max_iter"": 300, ""method"": ""alternate""}"
ECG200,ed,lock-step,0.025013740458015268,0.03501835993498306,0.0010350000011385418,42,5,length,0.5,200,100,96,2,,"{""init"": ""random"", ""max_iter"": 300, ""method"": ""alternate""}"
ECG200,dtw,elastic,0.1692200471957646,0.1682390938673625,1.737328900002467,42,5,length,0.5,200,100,96,2,"{""window"": 10, ""backend"": ""aeon""}","{""init"": ""random"", ""max_iter"": 300, ""method"": ""alternate""}"
ECG200,msm,elastic,0.04986068338466051,0.056935743822353245,0.6687326999999641,42,5,length,0.5,200,100,96,2,"{""c"": 1.0, ""backend"": ""aeon""}","{""init"": ""random"", ""max_iter"": 300, ""method"": ""alternate""}"
ECG200,ed,lock-step,0.01701445012943135,0.10806496399729751,0.0007562999999208841,42,6,length,0.5,200,100,96,2,,"{""init"": ""random"", ""max_iter"": 300, ""method"": ""alternate""}"
ECG200,dtw,elastic,0.16875930268121114,0.15217136598067355,1.841810899997654,42,6,length,0.5,200,100,96,2,"{""window"": 10, ""backend"": ""aeon""}","{""init"": ""random"", ""max_iter"": 300, ""method"": ""alternate""}"
ECG200,msm,elastic,0.20428585992455908,0.18475117741427882,0.2673236000009638,42,6,length,0.5,200,100,96,2,"{""c"": 1.0, ""backend"": ""aeon""}","{""init"": ""random"", ""max_iter"": 300, ""method"": ""alternate""}"
ECG200,ed,lock-step,0.1689761872729719,0.15933429388669476,0.002226900000096066,42,7,length,0.5,200,100,96,2,,"{""init"": ""random"", ""max_iter"": 300, ""method"": ""alternate""}"
ECG200,dtw,elastic,0.16875930268121114,0.15217136598067355,1.5442361999994318,42,7,length,0.5,200,100,96,2,"{""window"": 10, ""backend"": ""aeon""}","{""init"": ""random"", ""max_iter"": 300, ""method"": ""alternate""}"
ECG200,msm,elastic,0.20428585992455908,0.18475117741427882,0.6701154999973369,42,7,length,0.5,200,100,96,2,"{""c"": 1.0, ""backend"": ""aeon""}","{""init"": ""random"", ""max_iter"": 300, ""method"": ""alternate""}"
ECG200,ed,lock-step,0.1689761872729719,0.15933429388669476,0.0010580999987723771,42,8,length,0.5,200,100,96,2,,"{""init"": ""random"", ""max_iter"": 300, ""method"": ""alternate""}"
ECG200,dtw,elastic,0.16875930268121114,0.15217136598067355,1.8588429000010365,42,8,length,0.5,200,100,96,2,"{""window"": 10, ""backend"": ""aeon""}","{""init"": ""random"", ""max_iter"": 300, ""method"": ""alternate""}"
ECG200,msm,elastic,0.20428585992455908,0.18475117741427882,0.2485333000004175,42,8,length,0.5,200,100,96,2,"{""c"": 1.0, ""backend"": ""aeon""}","{""init"": ""random"", ""max_iter"": 300, ""method"": ""alternate""}"
ECG200,ed,lock-step,0.025013740458015268,0.03501835993498306,0.0008295999978145119,42,9,length,0.5,200,100,96,2,,"{""init"": ""random"", ""max_iter"": 300, ""method"": ""alternate""}"
ECG200,dtw,elastic,0.1692200471957646,0.1682390938673625,1.8065368000025046,42,9,length,0.5,200,100,96,2,"{""window"": 10, ""backend"": ""aeon""}","{""init"": ""random"", ""max_iter"": 300, ""method"": ""alternate""}"
ECG200,msm,elastic,0.04986068338466051,0.056935743822353245,0.5245805000013206,42,9,length,0.5,200,100,96,2,"{""c"": 1.0, ""backend"": ""aeon""}","{""init"": ""random"", ""max_iter"": 300, ""method"": ""alternate""}"
ECG200,ed,lock-step,0.025013740458015268,0.03501835993498306,0.0008557999972254038,42,10,length,0.5,200,100,96,2,,"{""init"": ""random"", ""max_iter"": 300, ""method"": ""alternate""}"
ECG200,dtw,elastic,0.16875930268121114,0.15217136598067355,1.8370491999994556,42,10,length,0.5,200,100,96,2,"{""window"": 10, ""backend"": ""aeon""}","{""init"": ""random"", ""max_iter"": 300, ""method"": ""alternate""}"
ECG200,msm,elastic,0.04986068338466051,0.056935743822353245,0.3674483000031614,42,10,length,0.5,200,100,96,2,"{""c"": 1.0, ""backend"": ""aeon""}","{""init"": ""random"", ""max_iter"": 300, ""method"": ""alternate""}"
ECG200,ed,lock-step,0.24272094190216262,0.2049456375426203,0.0005837999997311272,42,1,length,0.25,200,100,96,2,,"{""init"": ""random"", ""max_iter"": 300, ""method"": ""alternate""}"
ECG200,dtw,elastic,0.22274997551659975,0.18068148860961386,2.048676100002922,42,1,length,0.25,200,100,96,2,"{""window"": 10, ""backend"": ""aeon""}","{""init"": ""random"", ""max_iter"": 300, ""method"": ""alternate""}"
ECG200,msm,elastic,0.18602261048304214,0.16455265253877288,0.3413976999981969,42,1,length,0.25,200,100,96,2,"{""c"": 1.0, ""backend"": ""aeon""}","{""init"": ""random"", ""max_iter"": 300, ""method"": ""alternate""}"
ECG200,ed,lock-step,0.03287256386460216,0.04513717217584663,0.002788099998724647,42,2,length,0.25,200,100,96,2,,"{""init"": ""random"", ""max_iter"": 300, ""method"": ""alternate""}"
ECG200,dtw,elastic,0.05060323352708445,0.06575702260378247,2.029994500000612,42,2,length,0.25,200,100,96,2,"{""window"": 10, ""backend"": ""aeon""}","{""init"": ""random"", ""max_iter"": 300, ""method"": ""alternate""}"
ECG200,msm,elastic,0.03287256386460216,0.04513717217584663,0.7239679999984219,42,2,length,0.25,200,100,96,2,"{""c"": 1.0, ""backend"": ""aeon""}","{""init"": ""random"", ""max_iter"": 300, ""method"": ""alternate""}"
ECG200,ed,lock-step,0.24272094190216262,0.2049456375426203,0.001302900000155205,42,3,length,0.25,200,100,96,2,,"{""init"": ""random"", ""max_iter"": 300, ""method"": ""alternate""}"
ECG200,dtw,elastic,0.20394825412755332,0.1716447463558835,2.021436500002892,42,3,length,0.25,200,100,96,2,"{""window"": 10, ""backend"": ""aeon""}","{""init"": ""random"", ""max_iter"": 300, ""method"": ""alternate""}"
ECG200,msm,elastic,0.18602261048304214,0.16455265253877288,0.2680761999981769,42,3,length,0.25,200,100,96,2,"{""c"": 1.0, ""backend"": ""aeon""}","{""init"": ""random"", ""max_iter"": 300, ""method"": ""alternate""}"
ECG200,ed,lock-step,0.03287256386460216,0.04513717217584663,0.0041615000045567285,42,4,length,0.25,200,100,96,2,,"{""init"": ""random"", ""max_iter"": 300, ""method"": ""alternate""}"
ECG200,dtw,elastic,0.05060323352708445,0.06575702260378247,2.137660499996855,42,4,length,0.25,200,100,96,2,"{""window"": 10, ""backend"": ""aeon""}","{""init"": ""random"", ""max_iter"": 300, ""method"": ""alternate""}"
ECG200,msm,elastic,0.018796992481203006,0.031136408869133228,0.27791780000188737,42,4,length,0.25,200,100,96,2,"{""c"": 1.0, ""backend"": ""aeon""}","{""init"": ""random"", ""max_iter"": 300, ""method"": ""alternate""}"
ECG200,ed,lock-step,0.03287256386460216,0.04513717217584663,0.0015339000019594096,42,5,length,0.25,200,100,96,2,,"{""init"": ""random"", ""max_iter"": 300, ""method"": ""alternate""}"
ECG200,dtw,elastic,0.05060323352708445,0.06575702260378247,2.0392926999993506,42,5,length,0.25,200,100,96,2,"{""window"": 10, ""backend"": ""aeon""}","{""init"": ""random"", ""max_iter"": 300, ""method"": ""alternate""}"
ECG200,msm,elastic,0.018796992481203006,0.031136408869133228,0.3947097999989637,42,5,length,0.25,200,100,96,2,"{""c"": 1.0, ""backend"": ""aeon""}","{""init"": ""random"", ""max_iter"": 300, ""method"": ""alternate""}"
ECG200,ed,lock-step,0.24272094190216262,0.2049456375426203,0.0015078999967954587,42,6,length,0.25,200,100,96,2,,"{""init"": ""random"", ""max_iter"": 300, ""method"": ""alternate""}"
ECG200,dtw,elastic,0.22274997551659975,0.18068148860961386,2.0630482000015036,42,6,length,0.25,200,100,96,2,"{""window"": 10, ""backend"": ""aeon""}","{""init"": ""random"", ""max_iter"": 300, ""method"": ""alternate""}"
ECG200,msm,elastic,0.18602261048304214,0.16455265253877288,0.4684851999991224,42,6,length,0.25,200,100,96,2,"{""c"": 1.0, ""backend"": ""aeon""}","{""init"": ""random"", ""max_iter"": 300, ""method"": ""alternate""}"
ECG200,ed,lock-step,0.24272094190216262,0.2049456375426203,0.0007282000005943701,42,7,length,0.25,200,100,96,2,,"{""init"": ""random"", ""max_iter"": 300, ""method"": ""alternate""}"
ECG200,dtw,elastic,0.22274997551659975,0.18068148860961386,1.6671372999990126,42,7,length,0.25,200,100,96,2,"{""window"": 10, ""backend"": ""aeon""}","{""init"": ""random"", ""max_iter"": 300, ""method"": ""alternate""}"
ECG200,msm,elastic,0.18602261048304214,0.16455265253877288,0.3011222999994061,42,7,length,0.25,200,100,96,2,"{""c"": 1.0, ""backend"": ""aeon""}","{""init"": ""random"", ""max_iter"": 300, ""method"": ""alternate""}"
ECG200,ed,lock-step,0.03287256386460216,0.04513717217584663,0.0033404999994672835,42,8,length,0.25,200,100,96,2,,"{""init"": ""random"", ""max_iter"": 300, ""method"": ""alternate""}"
ECG200,dtw,elastic,0.05060323352708445,0.06575702260378247,1.8717650000035064,42,8,length,0.25,200,100,96,2,"{""window"": 10, ""backend"": ""aeon""}","{""init"": ""random"", ""max_iter"": 300, ""method"": ""alternate""}"
ECG200,msm,elastic,0.18602261048304214,0.16455265253877288,0.257412299997668,42,8,length,0.25,200,100,96,2,"{""c"": 1.0, ""backend"": ""aeon""}","{""init"": ""random"", ""max_iter"": 300, ""method"": ""alternate""}"
ECG200,ed,lock-step,0.03287256386460216,0.04513717217584663,0.0010210999971604906,42,9,length,0.25,200,100,96,2,,"{""init"": ""random"", ""max_iter"": 300, ""method"": ""alternate""}"
ECG200,dtw,elastic,0.05060323352708445,0.06575702260378247,1.9078567999968072,42,9,length,0.25,200,100,96,2,"{""window"": 10, ""backend"": ""aeon""}","{""init"": ""random"", ""max_iter"": 300, ""method"": ""alternate""}"
ECG200,msm,elastic,0.018796992481203006,0.031136408869133228,0.29148979999808944,42,9,length,0.25,200,100,96,2,"{""c"": 1.0, ""backend"": ""aeon""}","{""init"": ""random"", ""max_iter"": 300, ""method"": ""alternate""}"
ECG200,ed,lock-step,0.03287256386460216,0.04513717217584663,0.0008325999988301191,42,10,length,0.25,200,100,96,2,,"{""init"": ""random"", ""max_iter"": 300, ""method"": ""alternate""}"
ECG200,dtw,elastic,0.05060323352708445,0.06575702260378247,1.9492774000027566,42,10,length,0.25,200,100,96,2,"{""window"": 10, ""backend"": ""aeon""}","{""init"": ""random"", ""max_iter"": 300, ""method"": ""alternate""}"
ECG200,msm,elastic,0.018796992481203006,0.031136408869133228,0.30252659999678144,42,10,length,0.25,200,100,96,2,"{""c"": 1.0, ""backend"": ""aeon""}","{""init"": ""random"", ""max_iter"": 300, ""method"": ""alternate""}"
