dataset,measure,paradigm,ari,nmi,runtime,subsample_seed,clustering_seed,perturbation_type,perturbation_level,n_original,n_sampled,series_length,k,measure_params,clustering_params
CBF,dtw,elastic,0.4925229001583731,0.49501864558063446,8.144191999999975,42,1,length,0.25,930,150,128,3,"{""window"": 13, ""backend"": ""aeon""}","{""init"": ""random"", ""max_iter"": 300, ""method"": ""alternate""}"
CBF,dtw,elastic,0.5016695428552093,0.5127764219575149,7.847436299999799,42,2,length,0.25,930,150,128,3,"{""window"": 13, ""backend"": ""aeon""}","{""init"": ""random"", ""max_iter"": 300, ""method"": ""alternate""}"
CBF,dtw,elastic,0.31568827832465557,0.3557433728212321,7.431933500000014,42,3,length,0.25,930,150,128,3,"{""window"": 13, ""backend"": ""aeon""}","{""init"": ""random"", ""max_iter"": 300, ""method"": ""alternate""}"
CBF,dtw,elastic,0.3508640781563805,0.3640061107580382,8.12451759999999,42,4,length,0.25,930,150,128,3,"{""window"": 13, ""backend"": ""aeon""}","{""init"": ""random"", ""max_iter"": 300, ""method"": ""alternate""}"
CBF,dtw,elastic,0.2532574737426324,0.30807729040842885,9.475187300000243,42,5,length,0.25,930,150,128,3,"{""window"": 13, ""backend"": ""aeon""}","{""init"": ""random"", ""max_iter"": 300, ""method"": ""alternate""}"
CBF,dtw,elastic,0.5319617085870479,0.5331384466314123,7.356101800000033,42,6,length,0.25,930,150,128,3,"{""window"": 13, ""backend"": ""aeon""}","{""init"": ""random"", ""max_iter"": 300, ""method"": ""alternate""}"
CBF,dtw,elastic,0.5179543856123782,0.5164451460063866,8.859902799999873,42,7,length,0.25,930,150,128,3,"{""window"": 13, ""backend"": ""aeon""}","{""init"": ""random"", ""max_iter"": 300, ""method"": ""alternate""}"
CBF,dtw,elastic,0.4592722511396334,0.46333392510030735,7.753747800000156,42,8,length,0.25,930,150,128,3,"{""window"": 13, ""backend"": ""aeon""}","{""init"": ""random"", ""max_iter"": 300, ""method"": ""alternate""}"
CBF,dtw,elastic,0.38474665353366455,0.43035073466111906,7.0276360999998815,42,9,length,0.25,930,150,128,3,"{""window"": 13, ""backend"": ""aeon""}","{""init"": ""random"", ""max_iter"": 300, ""method"": ""alternate""}"
CBF,dtw,elastic,0.40313189861608645,0.4290254490358143,7.656421100000216,42,10,length,0.25,930,150,128,3,"{""window"": 13, ""backend"": ""aeon""}","{""init"": ""random"", ""max_iter"": 300, ""method"": ""alternate""}"
CBF,ed,lock-step,0.3542170214525484,0.397718181480867,0.0027278000000023894,42,1,length,0.25,930,150,128,3,,"{""init"": ""random"", ""max_iter"": 300, ""method"": ""alternate""}"
CBF,ed,lock-step,0.2668769104778136,0.3173067245676719,0.0017255999998724292,42,2,length,0.25,930,150,128,3,,"{""init"": ""random"", ""max_iter"": 300, ""method"": ""alternate""}"
CBF,ed,lock-step,0.3469423796297783,0.34662413691099503,0.0016810999998142506,42,3,length,0.25,930,150,128,3,,"{""init"": ""random"", ""max_iter"": 300, ""method"": ""alternate""}"
CBF,ed,lock-step,0.31491668089849856,0.32009294505586294,0.0009056999999756954,42,4,length,0.25,930,150,128,3,,"{""init"": ""random"", ""max_iter"": 300, ""method"": ""alternate""}"
CBF,ed,lock-step,0.26590422506146644,0.295053772807839,0.0015800999999555643,42,5,length,0.25,930,150,128,3,,"{""init"": ""random"", ""max_iter"": 300, ""method"": ""alternate""}"
CBF,ed,lock-step,0.26483022653522914,0.31557591208281704,0.001328400000147667,42,6,length,0.25,930,150,128,3,,"{""init"": ""random"", ""max_iter"": 300, ""method"": ""alternate""}"
CBF,ed,lock-step,0.3469423796297783,0.34662413691099503,0.0009367000000111148,42,7,length,0.25,930,150,128,3,,"{""init"": ""random"", ""max_iter"": 300, ""method"": ""alternate""}"
CBF,ed,lock-step,0.3243967795358221,0.37054889210547876,0.0010624000001371314,42,8,length,0.25,930,150,128,3,,"{""init"": ""random"", ""max_iter"": 300, ""method"": ""alternate""}"
CBF,ed,lock-step,0.271147734169086,0.3154550176943339,0.0013584000000719243,42,9,length,0.25,930,150,128,3,,"{""init"": ""random"", ""max_iter"": 300, ""method"": ""alternate""}"
CBF,ed,lock-step,0.375850199750263,0.40777149203783525,0.0012008999999579828,42,10,length,0.25,930,150,128,3,,"{""init"": ""random"", ""max_iter"": 300, ""method"": ""alternate""}"
CBF,idk,distributional,0.10714454227179647,0.11299791266858958,10.64283709999927,42,1,length,0.25,930,150,128,3,"{""backend"": ""aeon""}","{""init"": ""random"", ""max_iter"": 300, ""method"": ""alternate""}"
CBF,idk,distributional,0.07090118880559956,0.09201024034909883,11.96639259999938,42,2,length,0.25,930,150,128,3,"{""backend"": ""aeon""}","{""init"": ""random"", ""max_iter"": 300, ""method"": ""alternate""}"
CBF,idk,distributional,0.08743425653796243,0.08886452108653942,11.65658379999968,42,3,length,0.25,930,150,128,3,"{""backend"": ""aeon""}","{""init"": ""random"", ""max_iter"": 300, ""method"": ""alternate""}"
CBF,idk,distributional,0.02256033645488125,0.03419725244679081,12.519841699999233,42,4,length,0.25,930,150,128,3,"{""backend"": ""aeon""}","{""init"": ""random"", ""max_iter"": 300, ""method"": ""alternate""}"
CBF,idk,distributional,0.055954138294101154,0.05807570549065254,10.73682270000063,42,5,length,0.25,930,150,128,3,"{""backend"": ""aeon""}","{""init"": ""random"", ""max_iter"": 300, ""method"": ""alternate""}"
CBF,idk,distributional,0.13074421719065127,0.12608452230029948,10.668253599999844,42,6,length,0.25,930,150,128,3,"{""backend"": ""aeon""}","{""init"": ""random"", ""max_iter"": 300, ""method"": ""alternate""}"
CBF,idk,distributional,0.10531549790568842,0.103369610798987,10.694637600000533,42,7,length,0.25,930,150,128,3,"{""backend"": ""aeon""}","{""init"": ""random"", ""max_iter"": 300, ""method"": ""alternate""}"
CBF,idk,distributional,0.11356152632889675,0.12220585095687105,11.306613500000822,42,8,length,0.25,930,150,128,3,"{""backend"": ""aeon""}","{""init"": ""random"", ""max_iter"": 300, ""method"": ""alternate""}"
CBF,idk,distributional,0.10889236944251945,0.11655639516713275,10.698150000001078,42,9,length,0.25,930,150,128,3,"{""backend"": ""aeon""}","{""init"": ""random"", ""max_iter"": 300, ""method"": ""alternate""}"
CBF,idk,distributional,-0.004720661091317462,0.0066290977545881945,11.501054699999258,42,10,length,0.25,930,150,128,3,"{""backend"": ""aeon""}","{""init"": ""random"", ""max_iter"": 300, ""method"": ""alternate""}"
CBF,msm,elastic,0.6256580947656463,0.638115642633016,1.317918299999974,42,1,length,0.25,930,150,128,3,"{""c"": 1.0, ""backend"": ""aeon""}","{""init"": ""random"", ""max_iter"": 300, ""method"": ""alternate""}"
CBF,msm,elastic,0.4188028472793116,0.4375797514325246,1.1413524000001871,42,2,length,0.25,930,150,128,3,"{""c"": 1.0, ""backend"": ""aeon""}","{""init"": ""random"", ""max_iter"": 300, ""method"": ""alternate""}"
CBF,msm,elastic,0.30302957341990405,0.3514597728154823,1.0870543000000907,42,3,length,0.25,930,150,128,3,"{""c"": 1.0, ""backend"": ""aeon""}","{""init"": ""random"", ""max_iter"": 300, ""method"": ""alternate""}"
CBF,msm,elastic,0.31278424055748344,0.3543740563012139,1.4921770999999353,42,4,length,0.25,930,150,128,3,"{""c"": 1.0, ""backend"": ""aeon""}","{""init"": ""random"", ""max_iter"": 300, ""method"": ""alternate""}"
CBF,msm,elastic,0.5954564123900509,0.5943148461558293,2.4899578999998084,42,5,length,0.25,930,150,128,3,"{""c"": 1.0, ""backend"": ""aeon""}","{""init"": ""random"", ""max_iter"": 300, ""method"": ""alternate""}"
CBF,msm,elastic,0.45678520894998836,0.48424415488952216,3.955918299999894,42,6,length,0.25,930,150,128,3,"{""c"": 1.0, ""backend"": ""aeon""}","{""init"": ""random"", ""max_iter"": 300, ""method"": ""alternate""}"
CBF,msm,elastic,0.3397017377009271,0.38985939349995624,2.553937600000154,42,7,length,0.25,930,150,128,3,"{""c"": 1.0, ""backend"": ""aeon""}","{""init"": ""random"", ""max_iter"": 300, ""method"": ""alternate""}"
CBF,msm,elastic,0.6108114133157141,0.6006510790742808,1.0685240000002523,42,8,length,0.25,930,150,128,3,"{""c"": 1.0, ""backend"": ""aeon""}","{""init"": ""random"", ""max_iter"": 300, ""method"": ""alternate""}"
CBF,msm,elastic,0.3971022382829092,0.4363967542900995,1.8447972999997546,42,9,length,0.25,930,150,128,3,"{""c"": 1.0, ""backend"": ""aeon""}","{""init"": ""random"", ""max_iter"": 300, ""method"": ""alternate""}"
CBF,msm,elastic,0.5794750251343527,0.5528587203223363,1.0987795999999435,42,10,length,0.25,930,150,128,3,"{""c"": 1.0, ""backend"": ""aeon""}","{""init"": ""random"", ""max_iter"": 300, ""method"": ""alternate""}"
CBF,sbd,sliding,0.4021481843040313,0.41380184045078555,2.143332399999963,42,1,length,0.25,930,150,128,3,"{""backend"": ""aeon"", ""n_jobs"": -1, ""candidate_k"": 20, ""paa_segments"": 32}","{""init"": ""random"", ""max_iter"": 300, ""method"": ""alternate""}"
CBF,sbd,sliding,0.4183343364923006,0.43349103581236015,2.1535085000004983,42,2,length,0.25,930,150,128,3,"{""backend"": ""aeon"", ""n_jobs"": -1, ""candidate_k"": 20, ""paa_segments"": 32}","{""init"": ""random"", ""max_iter"": 300, ""method"": ""alternate""}"
CBF,sbd,sliding,0.10399548089596847,0.13488027161803198,1.5910113000009005,42,3,length,0.25,930,150,128,3,"{""backend"": ""aeon"", ""n_jobs"": -1, ""candidate_k"": 20, ""paa_segments"": 32}","{""init"": ""random"", ""max_iter"": 300, ""method"": ""alternate""}"
CBF,sbd,sliding,0.30596503005624975,0.3412070528177972,1.2689678000006097,42,4,length,0.25,930,150,128,3,"{""backend"": ""aeon"", ""n_jobs"": -1, ""candidate_k"": 20, ""paa_segments"": 32}","{""init"": ""random"", ""max_iter"": 300, ""method"": ""alternate""}"
CBF,sbd,sliding,0.3177618957914445,0.33565920097867286,1.2456536999998207,42,5,length,0.25,930,150,128,3,"{""backend"": ""aeon"", ""n_jobs"": -1, ""candidate_k"": 20, ""paa_segments"": 32}","{""init"": ""random"", ""max_iter"": 300, ""method"": ""alternate""}"
CBF,sbd,sliding,0.3031841399106982,0.34099639750307287,1.2538708000001861,42,6,length,0.25,930,150,128,3,"{""backend"": ""aeon"", ""n_jobs"": -1, ""candidate_k"": 20, ""paa_segments"": 32}","{""init"": ""random"", ""max_iter"": 300, ""method"": ""alternate""}"
CBF,sbd,sliding,0.1259748050389922,0.12974532934921798,2.106427299999268,42,7,length,0.25,930,150,128,3,"{""backend"": ""aeon"", ""n_jobs"": -1, ""candidate_k"": 20, ""paa_segments"": 32}","{""init"": ""random"", ""max_iter"": 300, ""method"": ""alternate""}"
CBF,sbd,sliding,0.4492054063056081,0.47861068500258136,2.124098399999639,42,8,length,0.25,930,150,128,3,"{""backend"": ""aeon"", ""n_jobs"": -1, ""candidate_k"": 20, ""paa_segments"": 32}","{""init"": ""random"", ""max_iter"": 300, ""method"": ""alternate""}"
CBF,sbd,sliding,0.346733035504472,0.37958812086933247,2.146385800000644,42,9,length,0.25,930,150,128,3,"{""backend"": ""aeon"", ""n_jobs"": -1, ""candidate_k"": 20, ""paa_segments"": 32}","{""init"": ""random"", ""max_iter"": 300, ""method"": ""alternate""}"
CBF,sbd,sliding,0.37587400582468583,0.3699579285667659,2.146766600000774,42,10,length,0.25,930,150,128,3,"{""backend"": ""aeon"", ""n_jobs"": -1, ""candidate_k"": 20, ""paa_segments"": 32}","{""init"": ""random"", ""max_iter"": 300, ""method"": ""alternate""}"
CBF,dtw,elastic,0.6112009150736945,0.6755172234515281,8.882053799999767,42,1,length,0.5,930,150,128,3,"{""window"": 13, ""backend"": ""aeon""}","{""init"": ""random"", ""max_iter"": 300, ""method"": ""alternate""}"
CBF,dtw,elastic,0.6112009150736945,0.6755172234515281,7.980989099999988,42,2,length,0.5,930,150,128,3,"{""window"": 13, ""backend"": ""aeon""}","{""init"": ""random"", ""max_iter"": 300, ""method"": ""alternate""}"
CBF,dtw,elastic,0.6112009150736945,0.6755172234515281,10.117828099999997,42,3,length,0.5,930,150,128,3,"{""window"": 13, ""backend"": ""aeon""}","{""init"": ""random"", ""max_iter"": 300, ""method"": ""alternate""}"
CBF,dtw,elastic,0.6409265483436509,0.6579140056906809,8.22235620000015,42,4,length,0.5,930,150,128,3,"{""window"": 13, ""backend"": ""aeon""}","{""init"": ""random"", ""max_iter"": 300, ""method"": ""alternate""}"
CBF,dtw,elastic,0.6112009150736945,0.6755172234515281,8.64903910000021,42,5,length,0.5,930,150,128,3,"{""window"": 13, ""backend"": ""aeon""}","{""init"": ""random"", ""max_iter"": 300, ""method"": ""alternate""}"
CBF,dtw,elastic,0.32660893276441033,0.3980109695993751,9.768991300000152,42,6,length,0.5,930,150,128,3,"{""window"": 13, ""backend"": ""aeon""}","{""init"": ""random"", ""max_iter"": 300, ""method"": ""alternate""}"
CBF,dtw,elastic,0.3997117707881301,0.46002007325387473,8.544606599999724,42,7,length,0.5,930,150,128,3,"{""window"": 13, ""backend"": ""aeon""}","{""init"": ""random"", ""max_iter"": 300, ""method"": ""alternate""}"
CBF,dtw,elastic,0.6112009150736945,0.6755172234515281,9.36961539999993,42,8,length,0.5,930,150,128,3,"{""window"": 13, ""backend"": ""aeon""}","{""init"": ""random"", ""max_iter"": 300, ""method"": ""alternate""}"
CBF,dtw,elastic,0.3652497727234736,0.4651406428022934,8.520179499999813,42,9,length,0.5,930,150,128,3,"{""window"": 13, ""backend"": ""aeon""}","{""init"": ""random"", ""max_iter"": 300, ""method"": ""alternate""}"
CBF,dtw,elastic,0.3790489484534419,0.42488502326251415,7.738064699999995,42,10,length,0.5,930,150,128,3,"{""window"": 13, ""backend"": ""aeon""}","{""init"": ""random"", ""max_iter"": 300, ""method"": ""alternate""}"
CBF,ed,lock-step,0.3072542756956857,0.3945566458394243,0.003592699999899196,42,1,length,0.5,930,150,128,3,,"{""init"": ""random"", ""max_iter"": 300, ""method"": ""alternate""}"
CBF,ed,lock-step,0.33002252806887933,0.38763489403074197,0.0027906999998776882,42,2,length,0.5,930,150,128,3,,"{""init"": ""random"", ""max_iter"": 300, ""method"": ""alternate""}"
CBF,ed,lock-step,0.3921011135232047,0.41777888815516595,0.004079400000136957,42,3,length,0.5,930,150,128,3,,"{""init"": ""random"", ""max_iter"": 300, ""method"": ""alternate""}"
CBF,ed,lock-step,0.39612397828339607,0.4380258993410344,0.0021732000000156404,42,4,length,0.5,930,150,128,3,,"{""init"": ""random"", ""max_iter"": 300, ""method"": ""alternate""}"
CBF,ed,lock-step,0.33692185636450567,0.3881109254893197,0.00502979999987474,42,5,length,0.5,930,150,128,3,,"{""init"": ""random"", ""max_iter"": 300, ""method"": ""alternate""}"
CBF,ed,lock-step,0.33002252806887933,0.38763489403074197,0.002092899999979636,42,6,length,0.5,930,150,128,3,,"{""init"": ""random"", ""max_iter"": 300, ""method"": ""alternate""}"
CBF,ed,lock-step,0.33692185636450567,0.3881109254893197,0.002608999999893058,42,7,length,0.5,930,150,128,3,,"{""init"": ""random"", ""max_iter"": 300, ""method"": ""alternate""}"
CBF,ed,lock-step,0.2732941386068056,0.33286258608767627,0.0016476999999213149,42,8,length,0.5,930,150,128,3,,"{""init"": ""random"", ""max_iter"": 300, ""method"": ""alternate""}"
CBF,ed,lock-step,0.21737460450065058,0.29394485248109253,0.0036463999999796215,42,9,length,0.5,930,150,128,3,,"{""init"": ""random"", ""max_iter"": 300, ""method"": ""alternate""}"
CBF,ed,lock-step,0.3921011135232047,0.41777888815516595,0.0036375999998199404,42,10,length,0.5,930,150,128,3,,"{""init"": ""random"", ""max_iter"": 300, ""method"": ""alternate""}"
CBF,idk,distributional,0.36403061532942915,0.40101107778919004,12.744648500000949,42,1,length,0.5,930,150,128,3,"{""backend"": ""aeon""}","{""init"": ""random"", ""max_iter"": 300, ""method"": ""alternate""}"
CBF,idk,distributional,0.35356034506197054,0.41722001572366496,12.925109200000406,42,2,length,0.5,930,150,128,3,"{""backend"": ""aeon""}","{""init"": ""random"", ""max_iter"": 300, ""method"": ""alternate""}"
CBF,idk,distributional,0.35356034506197054,0.41722001572366496,11.868168700000751,42,3,length,0.5,930,150,128,3,"{""backend"": ""aeon""}","{""init"": ""random"", ""max_iter"": 300, ""method"": ""alternate""}"
CBF,idk,distributional,0.372959402265529,0.44598385832062526,12.505701500000214,42,4,length,0.5,930,150,128,3,"{""backend"": ""aeon""}","{""init"": ""random"", ""max_iter"": 300, ""method"": ""alternate""}"
CBF,idk,distributional,0.3735577342383246,0.4542925527564689,12.408282399999734,42,5,length,0.5,930,150,128,3,"{""backend"": ""aeon""}","{""init"": ""random"", ""max_iter"": 300, ""method"": ""alternate""}"
CBF,idk,distributional,0.20709303388672873,0.2591736090492224,12.881855299999188,42,6,length,0.5,930,150,128,3,"{""backend"": ""aeon""}","{""init"": ""random"", ""max_iter"": 300, ""method"": ""alternate""}"
CBF,idk,distributional,0.20203064560744782,0.3508055559852669,11.667093699999896,42,7,length,0.5,930,150,128,3,"{""backend"": ""aeon""}","{""init"": ""random"", ""max_iter"": 300, ""method"": ""alternate""}"
CBF,idk,distributional,0.2637230844278786,0.3513883925133347,10.924589400000514,42,8,length,0.5,930,150,128,3,"{""backend"": ""aeon""}","{""init"": ""random"", ""max_iter"": 300, ""method"": ""alternate""}"
CBF,idk,distributional,0.23157772361482298,0.2748224918653432,11.587261800000306,42,9,length,0.5,930,150,128,3,"{""backend"": ""aeon""}","{""init"": ""random"", ""max_iter"": 300, ""method"": ""alternate""}"
CBF,idk,distributional,0.3551455153289968,0.40883465344878667,11.621060499999658,42,10,length,0.5,930,150,128,3,"{""backend"": ""aeon""}","{""init"": ""random"", ""max_iter"": 300, ""method"": ""alternate""}"
CBF,msm,elastic,0.5980626935015361,0.6415096141720941,1.6868819999999687,42,1,length,0.5,930,150,128,3,"{""c"": 1.0, ""backend"": ""aeon""}","{""init"": ""random"", ""max_iter"": 300, ""method"": ""alternate""}"
CBF,msm,elastic,0.5980626935015361,0.6415096141720941,1.4740080000001399,42,2,length,0.5,930,150,128,3,"{""c"": 1.0, ""backend"": ""aeon""}","{""init"": ""random"", ""max_iter"": 300, ""method"": ""alternate""}"
CBF,msm,elastic,0.39469566462808214,0.41542643745374885,1.635670799999616,42,3,length,0.5,930,150,128,3,"{""c"": 1.0, ""backend"": ""aeon""}","{""init"": ""random"", ""max_iter"": 300, ""method"": ""alternate""}"
CBF,msm,elastic,0.5980626935015361,0.6415096141720941,1.3369756999998117,42,4,length,0.5,930,150,128,3,"{""c"": 1.0, ""backend"": ""aeon""}","{""init"": ""random"", ""max_iter"": 300, ""method"": ""alternate""}"
CBF,msm,elastic,0.5980626935015361,0.641509614172094,1.675253800000064,42,5,length,0.5,930,150,128,3,"{""c"": 1.0, ""backend"": ""aeon""}","{""init"": ""random"", ""max_iter"": 300, ""method"": ""alternate""}"
CBF,msm,elastic,0.36500336521360843,0.41651350154864947,1.4982416000000285,42,6,length,0.5,930,150,128,3,"{""c"": 1.0, ""backend"": ""aeon""}","{""init"": ""random"", ""max_iter"": 300, ""method"": ""alternate""}"
CBF,msm,elastic,0.3449001719734851,0.3877992621688126,1.427830800000038,42,7,length,0.5,930,150,128,3,"{""c"": 1.0, ""backend"": ""aeon""}","{""init"": ""random"", ""max_iter"": 300, ""method"": ""alternate""}"
CBF,msm,elastic,0.5980626935015361,0.641509614172094,1.4982793000001493,42,8,length,0.5,930,150,128,3,"{""c"": 1.0, ""backend"": ""aeon""}","{""init"": ""random"", ""max_iter"": 300, ""method"": ""alternate""}"
CBF,msm,elastic,0.36500336521360843,0.41651350154864947,1.4363245000001825,42,9,length,0.5,930,150,128,3,"{""c"": 1.0, ""backend"": ""aeon""}","{""init"": ""random"", ""max_iter"": 300, ""method"": ""alternate""}"
CBF,msm,elastic,0.3449001719734851,0.3877992621688126,1.3101158999998006,42,10,length,0.5,930,150,128,3,"{""c"": 1.0, ""backend"": ""aeon""}","{""init"": ""random"", ""max_iter"": 300, ""method"": ""alternate""}"
CBF,sbd,sliding,0.5221007542795357,0.5762431228326136,2.2095933999999033,42,1,length,0.5,930,150,128,3,"{""backend"": ""aeon"", ""n_jobs"": -1, ""candidate_k"": 20, ""paa_segments"": 32}","{""init"": ""random"", ""max_iter"": 300, ""method"": ""alternate""}"
CBF,sbd,sliding,0.4148980114720754,0.4573925370493425,1.3363565999998173,42,2,length,0.5,930,150,128,3,"{""backend"": ""aeon"", ""n_jobs"": -1, ""candidate_k"": 20, ""paa_segments"": 32}","{""init"": ""random"", ""max_iter"": 300, ""method"": ""alternate""}"
CBF,sbd,sliding,0.4637808552170192,0.4755139528143147,2.2594834000001356,42,3,length,0.5,930,150,128,3,"{""backend"": ""aeon"", ""n_jobs"": -1, ""candidate_k"": 20, ""paa_segments"": 32}","{""init"": ""random"", ""max_iter"": 300, ""method"": ""alternate""}"
CBF,sbd,sliding,0.4328687951770896,0.43604222861748826,2.145717700000205,42,4,length,0.5,930,150,128,3,"{""backend"": ""aeon"", ""n_jobs"": -1, ""candidate_k"": 20, ""paa_segments"": 32}","{""init"": ""random"", ""max_iter"": 300, ""method"": ""alternate""}"
CBF,sbd,sliding,0.5330878494790774,0.5342710798740217,1.469286399998964,42,5,length,0.5,930,150,128,3,"{""backend"": ""aeon"", ""n_jobs"": -1, ""candidate_k"": 20, ""paa_segments"": 32}","{""init"": ""random"", ""max_iter"": 300, ""method"": ""alternate""}"
CBF,sbd,sliding,0.5394528061341478,0.5807237897694012,2.3903999999993175,42,6,length,0.5,930,150,128,3,"{""backend"": ""aeon"", ""n_jobs"": -1, ""candidate_k"": 20, ""paa_segments"": 32}","{""init"": ""random"", ""max_iter"": 300, ""method"": ""alternate""}"
CBF,sbd,sliding,0.5080629757974297,0.5553425507770334,2.1415984000004755,42,7,length,0.5,930,150,128,3,"{""backend"": ""aeon"", ""n_jobs"": -1, ""candidate_k"": 20, ""paa_segments"": 32}","{""init"": ""random"", ""max_iter"": 300, ""method"": ""alternate""}"
CBF,sbd,sliding,0.3569583320669848,0.4553759444298423,2.124825000000783,42,8,length,0.5,930,150,128,3,"{""backend"": ""aeon"", ""n_jobs"": -1, ""candidate_k"": 20, ""paa_segments"": 32}","{""init"": ""random"", ""max_iter"": 300, ""method"": ""alternate""}"
CBF,sbd,sliding,0.1442132789893289,0.23721894993997433,1.2382638000008228,42,9,length,0.5,930,150,128,3,"{""backend"": ""aeon"", ""n_jobs"": -1, ""candidate_k"": 20, ""paa_segments"": 32}","{""init"": ""random"", ""max_iter"": 300, ""method"": ""alternate""}"
CBF,sbd,sliding,0.3569583320669848,0.4553759444298423,1.2563530000006722,42,10,length,0.5,930,150,128,3,"{""backend"": ""aeon"", ""n_jobs"": -1, ""candidate_k"": 20, ""paa_segments"": 32}","{""init"": ""random"", ""max_iter"": 300, ""method"": ""alternate""}"
CBF,dtw,elastic,0.29826894732310716,0.3795970891833499,8.7265703999999,42,1,length,0.75,930,150,128,3,"{""window"": 13, ""backend"": ""aeon""}","{""init"": ""random"", ""max_iter"": 300, ""method"": ""alternate""}"
CBF,dtw,elastic,0.6786622461132391,0.6770277967774844,9.700152900000376,42,2,length,0.75,930,150,128,3,"{""window"": 13, ""backend"": ""aeon""}","{""init"": ""random"", ""max_iter"": 300, ""method"": ""alternate""}"
CBF,dtw,elastic,0.6235226025346772,0.6374463597011308,10.615517700000055,42,3,length,0.75,930,150,128,3,"{""window"": 13, ""backend"": ""aeon""}","{""init"": ""random"", ""max_iter"": 300, ""method"": ""alternate""}"
CBF,dtw,elastic,0.4048533339304218,0.4472068529507849,8.352165900000045,42,4,length,0.75,930,150,128,3,"{""window"": 13, ""backend"": ""aeon""}","{""init"": ""random"", ""max_iter"": 300, ""method"": ""alternate""}"
CBF,dtw,elastic,0.29415333500956325,0.4259706975042004,8.067060900000115,42,5,length,0.75,930,150,128,3,"{""window"": 13, ""backend"": ""aeon""}","{""init"": ""random"", ""max_iter"": 300, ""method"": ""alternate""}"
CBF,dtw,elastic,0.39882508634324265,0.4545154548703724,7.802671099999998,42,6,length,0.75,930,150,128,3,"{""window"": 13, ""backend"": ""aeon""}","{""init"": ""random"", ""max_iter"": 300, ""method"": ""alternate""}"
CBF,dtw,elastic,0.1926175460587306,0.3008997227105147,7.993763800000124,42,7,length,0.75,930,150,128,3,"{""window"": 13, ""backend"": ""aeon""}","{""init"": ""random"", ""max_iter"": 300, ""method"": ""alternate""}"
CBF,dtw,elastic,0.6235226025346772,0.6374463597011308,7.357081500000049,42,8,length,0.75,930,150,128,3,"{""window"": 13, ""backend"": ""aeon""}","{""init"": ""random"", ""max_iter"": 300, ""method"": ""alternate""}"
CBF,dtw,elastic,0.29415333500956325,0.4259706975042005,7.336968900000102,42,9,length,0.75,930,150,128,3,"{""window"": 13, ""backend"": ""aeon""}","{""init"": ""random"", ""max_iter"": 300, ""method"": ""alternate""}"
CBF,dtw,elastic,0.2105310885527591,0.25920763835054994,7.983883300000116,42,10,length,0.75,930,150,128,3,"{""window"": 13, ""backend"": ""aeon""}","{""init"": ""random"", ""max_iter"": 300, ""method"": ""alternate""}"
CBF,ed,lock-step,0.34860844689885695,0.3902158769587703,0.0011398999999983062,42,1,length,0.75,930,150,128,3,,"{""init"": ""random"", ""max_iter"": 300, ""method"": ""alternate""}"
CBF,ed,lock-step,0.2435317473232011,0.27524550361571587,0.001334699999915756,42,2,length,0.75,930,150,128,3,,"{""init"": ""random"", ""max_iter"": 300, ""method"": ""alternate""}"
CBF,ed,lock-step,0.15442914562696025,0.2531065158467843,0.004297899999983201,42,3,length,0.75,930,150,128,3,,"{""init"": ""random"", ""max_iter"": 300, ""method"": ""alternate""}"
CBF,ed,lock-step,0.15442914562696025,0.2531065158467843,0.0017182000001412234,42,4,length,0.75,930,150,128,3,,"{""init"": ""random"", ""max_iter"": 300, ""method"": ""alternate""}"
CBF,ed,lock-step,0.15442914562696025,0.2531065158467843,0.0036127000000760745,42,5,length,0.75,930,150,128,3,,"{""init"": ""random"", ""max_iter"": 300, ""method"": ""alternate""}"
CBF,ed,lock-step,0.3471483839261987,0.3887007235426908,0.0032674000001406966,42,6,length,0.75,930,150,128,3,,"{""init"": ""random"", ""max_iter"": 300, ""method"": ""alternate""}"
CBF,ed,lock-step,0.13971896086774935,0.23676899895562434,0.005317399999967165,42,7,length,0.75,930,150,128,3,,"{""init"": ""random"", ""max_iter"": 300, ""method"": ""alternate""}"
CBF,ed,lock-step,0.2435317473232011,0.27524550361571587,0.0026319000003240944,42,8,length,0.75,930,150,128,3,,"{""init"": ""random"", ""max_iter"": 300, ""method"": ""alternate""}"
CBF,ed,lock-step,0.30037072476953885,0.3446928234930692,0.0024988000000121247,42,9,length,0.75,930,150,128,3,,"{""init"": ""random"", ""max_iter"": 300, ""method"": ""alternate""}"
CBF,ed,lock-step,0.1281947176376138,0.23125561931267954,0.0018162999999731255,42,10,length,0.75,930,150,128,3,,"{""init"": ""random"", ""max_iter"": 300, ""method"": ""alternate""}"
CBF,idk,distributional,0.5646024172900145,0.5609156426774323,11.635893399999986,42,1,length,0.75,930,150,128,3,"{""backend"": ""aeon""}","{""init"": ""random"", ""max_iter"": 300, ""method"": ""alternate""}"
CBF,idk,distributional,0.288068266931139,0.33122968169763345,11.711349500000324,42,2,length,0.75,930,150,128,3,"{""backend"": ""aeon""}","{""init"": ""random"", ""max_iter"": 300, ""method"": ""alternate""}"
CBF,idk,distributional,0.31855508716814396,0.39961078040910614,10.917514100000517,42,3,length,0.75,930,150,128,3,"{""backend"": ""aeon""}","{""init"": ""random"", ""max_iter"": 300, ""method"": ""alternate""}"
CBF,idk,distributional,0.3003348232905596,0.3570840196132788,11.71255310000015,42,4,length,0.75,930,150,128,3,"{""backend"": ""aeon""}","{""init"": ""random"", ""max_iter"": 300, ""method"": ""alternate""}"
CBF,idk,distributional,0.5646024172900145,0.5609156426774323,11.587619100000666,42,5,length,0.75,930,150,128,3,"{""backend"": ""aeon""}","{""init"": ""random"", ""max_iter"": 300, ""method"": ""alternate""}"
CBF,idk,distributional,0.22851508144564736,0.3658056089986564,12.150288499999078,42,6,length,0.75,930,150,128,3,"{""backend"": ""aeon""}","{""init"": ""random"", ""max_iter"": 300, ""method"": ""alternate""}"
CBF,idk,distributional,0.2414550379062869,0.39207902909480125,11.805280100000346,42,7,length,0.75,930,150,128,3,"{""backend"": ""aeon""}","{""init"": ""random"", ""max_iter"": 300, ""method"": ""alternate""}"
CBF,idk,distributional,0.30485350604087036,0.3459431709756422,13.50120699999934,42,8,length,0.75,930,150,128,3,"{""backend"": ""aeon""}","{""init"": ""random"", ""max_iter"": 300, ""method"": ""alternate""}"
CBF,idk,distributional,0.3090070784863425,0.3543454220961965,11.02526239999952,42,9,length,0.75,930,150,128,3,"{""backend"": ""aeon""}","{""init"": ""random"", ""max_iter"": 300, ""method"": ""alternate""}"
CBF,idk,distributional,0.33918676619263843,0.46330494858421134,12.694702400000097,42,10,length,0.75,930,150,128,3,"{""backend"": ""aeon""}","{""init"": ""random"", ""max_iter"": 300, ""method"": ""alternate""}"
CBF,msm,elastic,0.6850584105442081,0.7146695970494332,2.1331880999998702,42,1,length,0.75,930,150,128,3,"{""c"": 1.0, ""backend"": ""aeon""}","{""init"": ""random"", ""max_iter"": 300, ""method"": ""alternate""}"
CBF,msm,elastic,0.6850584105442081,0.7146695970494332,2.0293267000001833,42,2,length,0.75,930,150,128,3,"{""c"": 1.0, ""backend"": ""aeon""}","{""init"": ""random"", ""max_iter"": 300, ""method"": ""alternate""}"
CBF,msm,elastic,0.4325528274202661,0.4445150043372464,1.338097100000141,42,3,length,0.75,930,150,128,3,"{""c"": 1.0, ""backend"": ""aeon""}","{""init"": ""random"", ""max_iter"": 300, ""method"": ""alternate""}"
CBF,msm,elastic,0.6850584105442081,0.7146695970494332,1.2857171000000562,42,4,length,0.75,930,150,128,3,"{""c"": 1.0, ""backend"": ""aeon""}","{""init"": ""random"", ""max_iter"": 300, ""method"": ""alternate""}"
CBF,msm,elastic,0.6850584105442081,0.7146695970494332,1.4470809000001736,42,5,length,0.75,930,150,128,3,"{""c"": 1.0, ""backend"": ""aeon""}","{""init"": ""random"", ""max_iter"": 300, ""method"": ""alternate""}"
CBF,msm,elastic,0.3602316514710456,0.4002873738740592,1.488770299999942,42,6,length,0.75,930,150,128,3,"{""c"": 1.0, ""backend"": ""aeon""}","{""init"": ""random"", ""max_iter"": 300, ""method"": ""alternate""}"
CBF,msm,elastic,0.6850584105442081,0.7146695970494332,1.3524657000000389,42,7,length,0.75,930,150,128,3,"{""c"": 1.0, ""backend"": ""aeon""}","{""init"": ""random"", ""max_iter"": 300, ""method"": ""alternate""}"
CBF,msm,elastic,0.6850584105442081,0.7146695970494332,1.2048445999996602,42,8,length,0.75,930,150,128,3,"{""c"": 1.0, ""backend"": ""aeon""}","{""init"": ""random"", ""max_iter"": 300, ""method"": ""alternate""}"
CBF,msm,elastic,0.32677281467878366,0.3825792040021103,1.2430492999999387,42,9,length,0.75,930,150,128,3,"{""c"": 1.0, ""backend"": ""aeon""}","{""init"": ""random"", ""max_iter"": 300, ""method"": ""alternate""}"
CBF,msm,elastic,0.6850584105442081,0.7146695970494332,1.2711174999997183,42,10,length,0.75,930,150,128,3,"{""c"": 1.0, ""backend"": ""aeon""}","{""init"": ""random"", ""max_iter"": 300, ""method"": ""alternate""}"
CBF,sbd,sliding,0.6312295431811484,0.6730368828038455,2.133999300001051,42,1,length,0.75,930,150,128,3,"{""backend"": ""aeon"", ""n_jobs"": -1, ""candidate_k"": 20, ""paa_segments"": 32}","{""init"": ""random"", ""max_iter"": 300, ""method"": ""alternate""}"
CBF,sbd,sliding,0.7130360634528587,0.74768905001308,1.2489109000007375,42,2,length,0.75,930,150,128,3,"{""backend"": ""aeon"", ""n_jobs"": -1, ""candidate_k"": 20, ""paa_segments"": 32}","{""init"": ""random"", ""max_iter"": 300, ""method"": ""alternate""}"
CBF,sbd,sliding,0.1822447853379945,0.26549722480553667,1.2490964999997232,42,3,length,0.75,930,150,128,3,"{""backend"": ""aeon"", ""n_jobs"": -1, ""candidate_k"": 20, ""paa_segments"": 32}","{""init"": ""random"", ""max_iter"": 300, ""method"": ""alternate""}"
CBF,sbd,sliding,0.40225609764270503,0.4589442593419709,1.2410048000001552,42,4,length,0.75,930,150,128,3,"{""backend"": ""aeon"", ""n_jobs"": -1, ""candidate_k"": 20, ""paa_segments"": 32}","{""init"": ""random"", ""max_iter"": 300, ""method"": ""alternate""}"
CBF,sbd,sliding,0.5246889709344373,0.5501763246145273,1.2485574999991513,42,5,length,0.75,930,150,128,3,"{""backend"": ""aeon"", ""n_jobs"": -1, ""candidate_k"": 20, ""paa_segments"": 32}","{""init"": ""random"", ""max_iter"": 300, ""method"": ""alternate""}"
CBF,sbd,sliding,0.45174155679351685,0.5211810502186887,2.153933600000528,42,6,length,0.75,930,150,128,3,"{""backend"": ""aeon"", ""n_jobs"": -1, ""candidate_k"": 20, ""paa_segments"": 32}","{""init"": ""random"", ""max_iter"": 300, ""method"": ""alternate""}"
CBF,sbd,sliding,0.151179775352194,0.2371199822103409,2.1462134999992486,42,7,length,0.75,930,150,128,3,"{""backend"": ""aeon"", ""n_jobs"": -1, ""candidate_k"": 20, ""paa_segments"": 32}","{""init"": ""random"", ""max_iter"": 300, ""method"": ""alternate""}"
CBF,sbd,sliding,0.6312295431811484,0.6730368828038455,2.1209781999996267,42,8,length,0.75,930,150,128,3,"{""backend"": ""aeon"", ""n_jobs"": -1, ""candidate_k"": 20, ""paa_segments"": 32}","{""init"": ""random"", ""max_iter"": 300, ""method"": ""alternate""}"
CBF,sbd,sliding,0.5246889709344373,0.5501763246145273,1.4924589000002015,42,9,length,0.75,930,150,128,3,"{""backend"": ""aeon"", ""n_jobs"": -1, ""candidate_k"": 20, ""paa_segments"": 32}","{""init"": ""random"", ""max_iter"": 300, ""method"": ""alternate""}"
CBF,sbd,sliding,0.21700822085143331,0.27822956858277526,1.3953781000000163,42,10,length,0.75,930,150,128,3,"{""backend"": ""aeon"", ""n_jobs"": -1, ""candidate_k"": 20, ""paa_segments"": 32}","{""init"": ""random"", ""max_iter"": 300, ""method"": ""alternate""}"
CBF,dtw,elastic,0.15440093528439386,0.18281977790268863,5.826487499999985,42,1,length,0.9,930,150,128,3,"{""window"": 13, ""backend"": ""aeon""}","{""init"": ""random"", ""max_iter"": 300, ""method"": ""alternate""}"
CBF,dtw,elastic,0.6872789537629046,0.6860540585109778,5.439891099999954,42,2,length,0.9,930,150,128,3,"{""window"": 13, ""backend"": ""aeon""}","{""init"": ""random"", ""max_iter"": 300, ""method"": ""alternate""}"
CBF,dtw,elastic,0.21573730519793477,0.28412989282774487,7.089015000000131,42,3,length,0.9,930,150,128,3,"{""window"": 13, ""backend"": ""aeon""}","{""init"": ""random"", ""max_iter"": 300, ""method"": ""alternate""}"
CBF,dtw,elastic,0.8133591449626654,0.7885564964876673,8.20092939999995,42,4,length,0.9,930,150,128,3,"{""window"": 13, ""backend"": ""aeon""}","{""init"": ""random"", ""max_iter"": 300, ""method"": ""alternate""}"
CBF,dtw,elastic,0.15440093528439386,0.1828197779026886,7.801457099999993,42,5,length,0.9,930,150,128,3,"{""window"": 13, ""backend"": ""aeon""}","{""init"": ""random"", ""max_iter"": 300, ""method"": ""alternate""}"
CBF,dtw,elastic,0.5063317562811608,0.576416513518181,10.043108299999972,42,6,length,0.9,930,150,128,3,"{""window"": 13, ""backend"": ""aeon""}","{""init"": ""random"", ""max_iter"": 300, ""method"": ""alternate""}"
CBF,dtw,elastic,0.15440093528439386,0.1828197779026886,14.068850299999895,42,7,length,0.9,930,150,128,3,"{""window"": 13, ""backend"": ""aeon""}","{""init"": ""random"", ""max_iter"": 300, ""method"": ""alternate""}"
CBF,dtw,elastic,0.5266389471391015,0.5252939992777393,10.438999599999988,42,8,length,0.9,930,150,128,3,"{""window"": 13, ""backend"": ""aeon""}","{""init"": ""random"", ""max_iter"": 300, ""method"": ""alternate""}"
CBF,dtw,elastic,0.3926412635924245,0.4537129114510807,9.610543000000007,42,9,length,0.9,930,150,128,3,"{""window"": 13, ""backend"": ""aeon""}","{""init"": ""random"", ""max_iter"": 300, ""method"": ""alternate""}"
CBF,dtw,elastic,0.15440093528439386,0.18281977790268863,11.169812300000103,42,10,length,0.9,930,150,128,3,"{""window"": 13, ""backend"": ""aeon""}","{""init"": ""random"", ""max_iter"": 300, ""method"": ""alternate""}"
CBF,ed,lock-step,0.2830211844101118,0.30903901751210505,0.0016011000000162312,42,1,length,0.9,930,150,128,3,,"{""init"": ""random"", ""max_iter"": 300, ""method"": ""alternate""}"
CBF,ed,lock-step,0.2236434171441557,0.2658629990864118,0.0013961999999310137,42,2,length,0.9,930,150,128,3,,"{""init"": ""random"", ""max_iter"": 300, ""method"": ""alternate""}"
CBF,ed,lock-step,0.1895512649287103,0.25975030266984467,0.001010599999972328,42,3,length,0.9,930,150,128,3,,"{""init"": ""random"", ""max_iter"": 300, ""method"": ""alternate""}"
CBF,ed,lock-step,0.18839592449523687,0.2508137955333644,0.0025210999999671913,42,4,length,0.9,930,150,128,3,,"{""init"": ""random"", ""max_iter"": 300, ""method"": ""alternate""}"
CBF,ed,lock-step,0.1870339233571028,0.27191432245347125,0.0019223000000465618,42,5,length,0.9,930,150,128,3,,"{""init"": ""random"", ""max_iter"": 300, ""method"": ""alternate""}"
CBF,ed,lock-step,0.2316039069320272,0.3060539495615247,0.0017801999999846885,42,6,length,0.9,930,150,128,3,,"{""init"": ""random"", ""max_iter"": 300, ""method"": ""alternate""}"
CBF,ed,lock-step,0.24047035472083966,0.309359236625288,0.0030237999999371823,42,7,length,0.9,930,150,128,3,,"{""init"": ""random"", ""max_iter"": 300, ""method"": ""alternate""}"
CBF,ed,lock-step,0.2236434171441557,0.26586299908641176,0.001416800000015428,42,8,length,0.9,930,150,128,3,,"{""init"": ""random"", ""max_iter"": 300, ""method"": ""alternate""}"
CBF,ed,lock-step,0.17507597526909657,0.19023621020499445,0.0034381000000394124,42,9,length,0.9,930,150,128,3,,"{""init"": ""random"", ""max_iter"": 300, ""method"": ""alternate""}"
CBF,ed,lock-step,0.17521818134937922,0.21343094862873632,0.0009815000000799046,42,10,length,0.9,930,150,128,3,,"{""init"": ""random"", ""max_iter"": 300, ""method"": ""alternate""}"
CBF,idk,distributional,0.7455038681804481,0.7979885217013319,11.631165499999952,42,1,length,0.9,930,150,128,3,"{""backend"": ""aeon""}","{""init"": ""random"", ""max_iter"": 300, ""method"": ""alternate""}"
CBF,idk,distributional,0.32473505298940214,0.4032116265692049,13.360971000000063,42,2,length,0.9,930,150,128,3,"{""backend"": ""aeon""}","{""init"": ""random"", ""max_iter"": 300, ""method"": ""alternate""}"
CBF,idk,distributional,0.36470908277983377,0.41122555383008447,12.830489999999372,42,3,length,0.9,930,150,128,3,"{""backend"": ""aeon""}","{""init"": ""random"", ""max_iter"": 300, ""method"": ""alternate""}"
CBF,idk,distributional,0.3467526346847685,0.42519596928643727,11.82431909999923,42,4,length,0.9,930,150,128,3,"{""backend"": ""aeon""}","{""init"": ""random"", ""max_iter"": 300, ""method"": ""alternate""}"
CBF,idk,distributional,0.7230516626053305,0.7667611461971459,12.639586400000553,42,5,length,0.9,930,150,128,3,"{""backend"": ""aeon""}","{""init"": ""random"", ""max_iter"": 300, ""method"": ""alternate""}"
CBF,idk,distributional,0.22326789779742837,0.4021836791291857,14.150038600000698,42,6,length,0.9,930,150,128,3,"{""backend"": ""aeon""}","{""init"": ""random"", ""max_iter"": 300, ""method"": ""alternate""}"
CBF,idk,distributional,0.23716562141474054,0.41555483692025275,10.52352880000035,42,7,length,0.9,930,150,128,3,"{""backend"": ""aeon""}","{""init"": ""random"", ""max_iter"": 300, ""method"": ""alternate""}"
CBF,idk,distributional,0.3311624442942317,0.370277421259622,10.692186999999649,42,8,length,0.9,930,150,128,3,"{""backend"": ""aeon""}","{""init"": ""random"", ""max_iter"": 300, ""method"": ""alternate""}"
CBF,idk,distributional,0.35340140582744656,0.4207741735763474,12.435704100000294,42,9,length,0.9,930,150,128,3,"{""backend"": ""aeon""}","{""init"": ""random"", ""max_iter"": 300, ""method"": ""alternate""}"
CBF,idk,distributional,0.29602632398106105,0.37901674921899625,12.30426670000088,42,10,length,0.9,930,150,128,3,"{""backend"": ""aeon""}","{""init"": ""random"", ""max_iter"": 300, ""method"": ""alternate""}"
CBF,msm,elastic,0.5988235902371511,0.6622134051341639,0.9091876999999613,42,1,length,0.9,930,150,128,3,"{""c"": 1.0, ""backend"": ""aeon""}","{""init"": ""random"", ""max_iter"": 300, ""method"": ""alternate""}"
CBF,msm,elastic,0.701087530355823,0.7440134159606245,0.93862369999988,42,2,length,0.9,930,150,128,3,"{""c"": 1.0, ""backend"": ""aeon""}","{""init"": ""random"", ""max_iter"": 300, ""method"": ""alternate""}"
CBF,msm,elastic,0.591926146776001,0.6166077957043934,1.3729497000000492,42,3,length,0.9,930,150,128,3,"{""c"": 1.0, ""backend"": ""aeon""}","{""init"": ""random"", ""max_iter"": 300, ""method"": ""alternate""}"
CBF,msm,elastic,0.701087530355823,0.7440134159606245,1.3778628999999682,42,4,length,0.9,930,150,128,3,"{""c"": 1.0, ""backend"": ""aeon""}","{""init"": ""random"", ""max_iter"": 300, ""method"": ""alternate""}"
CBF,msm,elastic,0.5988235902371511,0.662213405134164,1.4736573000000135,42,5,length,0.9,930,150,128,3,"{""c"": 1.0, ""backend"": ""aeon""}","{""init"": ""random"", ""max_iter"": 300, ""method"": ""alternate""}"
CBF,msm,elastic,0.591926146776001,0.6166077957043934,1.587181800000053,42,6,length,0.9,930,150,128,3,"{""c"": 1.0, ""backend"": ""aeon""}","{""init"": ""random"", ""max_iter"": 300, ""method"": ""alternate""}"
CBF,msm,elastic,0.701087530355823,0.7440134159606245,2.086441299999933,42,7,length,0.9,930,150,128,3,"{""c"": 1.0, ""backend"": ""aeon""}","{""init"": ""random"", ""max_iter"": 300, ""method"": ""alternate""}"
CBF,msm,elastic,0.5988235902371511,0.662213405134164,1.5645160999999916,42,8,length,0.9,930,150,128,3,"{""c"": 1.0, ""backend"": ""aeon""}","{""init"": ""random"", ""max_iter"": 300, ""method"": ""alternate""}"
CBF,msm,elastic,0.4275233228348569,0.594309424519505,1.9673685999998725,42,9,length,0.9,930,150,128,3,"{""c"": 1.0, ""backend"": ""aeon""}","{""init"": ""random"", ""max_iter"": 300, ""method"": ""alternate""}"
CBF,msm,elastic,0.591926146776001,0.6166077957043934,1.2812177999999221,42,10,length,0.9,930,150,128,3,"{""c"": 1.0, ""backend"": ""aeon""}","{""init"": ""random"", ""max_iter"": 300, ""method"": ""alternate""}"
CBF,sbd,sliding,0.7398520295940811,0.7634710466697724,2.211318399999982,42,1,length,0.9,930,150,128,3,"{""backend"": ""aeon"", ""n_jobs"": -1, ""candidate_k"": 20, ""paa_segments"": 32}","{""init"": ""random"", ""max_iter"": 300, ""method"": ""alternate""}"
CBF,sbd,sliding,0.7398520295940811,0.7634710466697724,1.3527952000004007,42,2,length,0.9,930,150,128,3,"{""backend"": ""aeon"", ""n_jobs"": -1, ""candidate_k"": 20, ""paa_segments"": 32}","{""init"": ""random"", ""max_iter"": 300, ""method"": ""alternate""}"
CBF,sbd,sliding,0.3748402932558411,0.42880114723115126,1.3833527999995567,42,3,length,0.9,930,150,128,3,"{""backend"": ""aeon"", ""n_jobs"": -1, ""candidate_k"": 20, ""paa_segments"": 32}","{""init"": ""random"", ""max_iter"": 300, ""method"": ""alternate""}"
CBF,sbd,sliding,0.7398520295940811,0.7634710466697724,1.6548469999997906,42,4,length,0.9,930,150,128,3,"{""backend"": ""aeon"", ""n_jobs"": -1, ""candidate_k"": 20, ""paa_segments"": 32}","{""init"": ""random"", ""max_iter"": 300, ""method"": ""alternate""}"
CBF,sbd,sliding,0.7398520295940811,0.7634710466697724,1.3625856000007843,42,5,length,0.9,930,150,128,3,"{""backend"": ""aeon"", ""n_jobs"": -1, ""candidate_k"": 20, ""paa_segments"": 32}","{""init"": ""random"", ""max_iter"": 300, ""method"": ""alternate""}"
CBF,sbd,sliding,0.7398520295940811,0.7634710466697724,1.4536070999993171,42,6,length,0.9,930,150,128,3,"{""backend"": ""aeon"", ""n_jobs"": -1, ""candidate_k"": 20, ""paa_segments"": 32}","{""init"": ""random"", ""max_iter"": 300, ""method"": ""alternate""}"
CBF,sbd,sliding,0.7398520295940811,0.7634710466697724,2.1564040000002933,42,7,length,0.9,930,150,128,3,"{""backend"": ""aeon"", ""n_jobs"": -1, ""candidate_k"": 20, ""paa_segments"": 32}","{""init"": ""random"", ""max_iter"": 300, ""method"": ""alternate""}"
CBF,sbd,sliding,0.7398520295940811,0.7634710466697724,1.2938533000005918,42,8,length,0.9,930,150,128,3,"{""backend"": ""aeon"", ""n_jobs"": -1, ""candidate_k"": 20, ""paa_segments"": 32}","{""init"": ""random"", ""max_iter"": 300, ""method"": ""alternate""}"
CBF,sbd,sliding,0.5412340370029288,0.623063104276885,2.1328653999999005,42,9,length,0.9,930,150,128,3,"{""backend"": ""aeon"", ""n_jobs"": -1, ""candidate_k"": 20, ""paa_segments"": 32}","{""init"": ""random"", ""max_iter"": 300, ""method"": ""alternate""}"
CBF,sbd,sliding,0.17894188734093283,0.21621715543979553,2.1333176999996795,42,10,length,0.9,930,150,128,3,"{""backend"": ""aeon"", ""n_jobs"": -1, ""candidate_k"": 20, ""paa_segments"": 32}","{""init"": ""random"", ""max_iter"": 300, ""method"": ""alternate""}"
CBF,dtw,elastic,0.7781076632899532,0.7703043379830262,8.2960857999999,42,1,length,1.0,930,150,128,3,"{""window"": 13, ""backend"": ""aeon""}","{""init"": ""random"", ""max_iter"": 300, ""method"": ""alternate""}"
CBF,dtw,elastic,0.8031884679783747,0.8314786667170627,7.475461499999938,42,2,length,1.0,930,150,128,3,"{""window"": 13, ""backend"": ""aeon""}","{""init"": ""random"", ""max_iter"": 300, ""method"": ""alternate""}"
CBF,dtw,elastic,0.29005799181779424,0.32312497355643893,7.997780000000034,42,3,length,1.0,930,150,128,3,"{""window"": 13, ""backend"": ""aeon""}","{""init"": ""random"", ""max_iter"": 300, ""method"": ""alternate""}"
CBF,dtw,elastic,0.7781076632899532,0.7703043379830262,7.473837099999969,42,4,length,1.0,930,150,128,3,"{""window"": 13, ""backend"": ""aeon""}","{""init"": ""random"", ""max_iter"": 300, ""method"": ""alternate""}"
CBF,dtw,elastic,0.7781076632899532,0.7703043379830262,7.988495599999965,42,5,length,1.0,930,150,128,3,"{""window"": 13, ""backend"": ""aeon""}","{""init"": ""random"", ""max_iter"": 300, ""method"": ""alternate""}"
CBF,dtw,elastic,0.7704085965841763,0.793321002507109,7.965462600000137,42,6,length,1.0,930,150,128,3,"{""window"": 13, ""backend"": ""aeon""}","{""init"": ""random"", ""max_iter"": 300, ""method"": ""alternate""}"
CBF,dtw,elastic,0.20640321936352474,0.25597146696144646,8.66199969999991,42,7,length,1.0,930,150,128,3,"{""window"": 13, ""backend"": ""aeon""}","{""init"": ""random"", ""max_iter"": 300, ""method"": ""alternate""}"
CBF,dtw,elastic,0.7781076632899532,0.7703043379830262,8.483901300000184,42,8,length,1.0,930,150,128,3,"{""window"": 13, ""backend"": ""aeon""}","{""init"": ""random"", ""max_iter"": 300, ""method"": ""alternate""}"
CBF,dtw,elastic,0.7781076632899532,0.7703043379830262,7.545482399999855,42,9,length,1.0,930,150,128,3,"{""window"": 13, ""backend"": ""aeon""}","{""init"": ""random"", ""max_iter"": 300, ""method"": ""alternate""}"
CBF,dtw,elastic,0.20640321936352474,0.25597146696144646,5.55544610000004,42,10,length,1.0,930,150,128,3,"{""window"": 13, ""backend"": ""aeon""}","{""init"": ""random"", ""max_iter"": 300, ""method"": ""alternate""}"
CBF,ed,lock-step,0.21976899108768466,0.2616295556891146,0.0020610000001397566,42,1,length,1.0,930,150,128,3,,"{""init"": ""random"", ""max_iter"": 300, ""method"": ""alternate""}"
CBF,ed,lock-step,0.21801735352642948,0.26207329845403593,0.0020461000000295826,42,2,length,1.0,930,150,128,3,,"{""init"": ""random"", ""max_iter"": 300, ""method"": ""alternate""}"
CBF,ed,lock-step,0.18295991731644637,0.25409064310623236,0.004213700000036624,42,3,length,1.0,930,150,128,3,,"{""init"": ""random"", ""max_iter"": 300, ""method"": ""alternate""}"
CBF,ed,lock-step,0.18411433169074418,0.24724661884096702,0.001840000000015607,42,4,length,1.0,930,150,128,3,,"{""init"": ""random"", ""max_iter"": 300, ""method"": ""alternate""}"
CBF,ed,lock-step,0.15032785101946397,0.255175463721561,0.006697199999962322,42,5,length,1.0,930,150,128,3,,"{""init"": ""random"", ""max_iter"": 300, ""method"": ""alternate""}"
CBF,ed,lock-step,0.2412420784818695,0.29930119575002195,0.0018132000000150583,42,6,length,1.0,930,150,128,3,,"{""init"": ""random"", ""max_iter"": 300, ""method"": ""alternate""}"
CBF,ed,lock-step,0.242781372960611,0.3144958777930363,0.0033598000001120454,42,7,length,1.0,930,150,128,3,,"{""init"": ""random"", ""max_iter"": 300, ""method"": ""alternate""}"
CBF,ed,lock-step,0.23542056722834756,0.27549173225723567,0.002507999999920685,42,8,length,1.0,930,150,128,3,,"{""init"": ""random"", ""max_iter"": 300, ""method"": ""alternate""}"
CBF,ed,lock-step,0.17507826239433932,0.1808155982196754,0.0023061000000552667,42,9,length,1.0,930,150,128,3,,"{""init"": ""random"", ""max_iter"": 300, ""method"": ""alternate""}"
CBF,ed,lock-step,0.19947203098280664,0.23440317234814387,0.004470000000083019,42,10,length,1.0,930,150,128,3,,"{""init"": ""random"", ""max_iter"": 300, ""method"": ""alternate""}"
CBF,idk,distributional,0.7203536622123983,0.7452159287407532,11.06898050000109,42,1,length,1.0,930,150,128,3,"{""backend"": ""aeon""}","{""init"": ""random"", ""max_iter"": 300, ""method"": ""alternate""}"
CBF,idk,distributional,0.3464836071839963,0.41461159813388476,14.365574999998898,42,2,length,1.0,930,150,128,3,"{""backend"": ""aeon""}","{""init"": ""random"", ""max_iter"": 300, ""method"": ""alternate""}"
CBF,idk,distributional,0.294121038777839,0.38213179007430786,11.98169119999875,42,3,length,1.0,930,150,128,3,"{""backend"": ""aeon""}","{""init"": ""random"", ""max_iter"": 300, ""method"": ""alternate""}"
CBF,idk,distributional,0.3464836071839963,0.41461159813388476,11.864367699999093,42,4,length,1.0,930,150,128,3,"{""backend"": ""aeon""}","{""init"": ""random"", ""max_iter"": 300, ""method"": ""alternate""}"
CBF,idk,distributional,0.48364688706350567,0.5197631978929902,13.118901499999993,42,5,length,1.0,930,150,128,3,"{""backend"": ""aeon""}","{""init"": ""random"", ""max_iter"": 300, ""method"": ""alternate""}"
CBF,idk,distributional,0.22125883885052627,0.3485757055873571,12.673302999999578,42,6,length,1.0,930,150,128,3,"{""backend"": ""aeon""}","{""init"": ""random"", ""max_iter"": 300, ""method"": ""alternate""}"
CBF,idk,distributional,0.21544217013278139,0.36072794907364975,12.230589600000712,42,7,length,1.0,930,150,128,3,"{""backend"": ""aeon""}","{""init"": ""random"", ""max_iter"": 300, ""method"": ""alternate""}"
CBF,idk,distributional,0.33751617441358933,0.4099445869814667,12.635984200001076,42,8,length,1.0,930,150,128,3,"{""backend"": ""aeon""}","{""init"": ""random"", ""max_iter"": 300, ""method"": ""alternate""}"
CBF,idk,distributional,0.3765321188091095,0.41037302697793887,13.69131809999999,42,9,length,1.0,930,150,128,3,"{""backend"": ""aeon""}","{""init"": ""random"", ""max_iter"": 300, ""method"": ""alternate""}"
CBF,idk,distributional,0.18883051486850178,0.25351472932987273,11.62951350000003,42,10,length,1.0,930,150,128,3,"{""backend"": ""aeon""}","{""init"": ""random"", ""max_iter"": 300, ""method"": ""alternate""}"
CBF,msm,elastic,0.6182486143596568,0.6760570465467395,1.3659822000000759,42,1,length,1.0,930,150,128,3,"{""c"": 1.0, ""backend"": ""aeon""}","{""init"": ""random"", ""max_iter"": 300, ""method"": ""alternate""}"
CBF,msm,elastic,0.6182486143596568,0.6760570465467395,1.322015699999838,42,2,length,1.0,930,150,128,3,"{""c"": 1.0, ""backend"": ""aeon""}","{""init"": ""random"", ""max_iter"": 300, ""method"": ""alternate""}"
CBF,msm,elastic,0.5110945323789361,0.5515270900859249,1.2802386000000752,42,3,length,1.0,930,150,128,3,"{""c"": 1.0, ""backend"": ""aeon""}","{""init"": ""random"", ""max_iter"": 300, ""method"": ""alternate""}"
CBF,msm,elastic,0.28200140553487124,0.3367004915386714,1.344474499999933,42,4,length,1.0,930,150,128,3,"{""c"": 1.0, ""backend"": ""aeon""}","{""init"": ""random"", ""max_iter"": 300, ""method"": ""alternate""}"
CBF,msm,elastic,0.6182486143596568,0.6760570465467395,1.3219798000000083,42,5,length,1.0,930,150,128,3,"{""c"": 1.0, ""backend"": ""aeon""}","{""init"": ""random"", ""max_iter"": 300, ""method"": ""alternate""}"
CBF,msm,elastic,0.3156473975775406,0.4048173191768149,1.6532574000000295,42,6,length,1.0,930,150,128,3,"{""c"": 1.0, ""backend"": ""aeon""}","{""init"": ""random"", ""max_iter"": 300, ""method"": ""alternate""}"
CBF,msm,elastic,0.5804583144033054,0.6148190807689878,1.5737367000000404,42,7,length,1.0,930,150,128,3,"{""c"": 1.0, ""backend"": ""aeon""}","{""init"": ""random"", ""max_iter"": 300, ""method"": ""alternate""}"
CBF,msm,elastic,0.6182486143596568,0.6760570465467395,1.4475517999999283,42,8,length,1.0,930,150,128,3,"{""c"": 1.0, ""backend"": ""aeon""}","{""init"": ""random"", ""max_iter"": 300, ""method"": ""alternate""}"
CBF,msm,elastic,0.4328934976163429,0.6072411891488683,0.8927083000000948,42,9,length,1.0,930,150,128,3,"{""c"": 1.0, ""backend"": ""aeon""}","{""init"": ""random"", ""max_iter"": 300, ""method"": ""alternate""}"
CBF,msm,elastic,0.26143765286273773,0.28465581601719603,0.947403599999916,42,10,length,1.0,930,150,128,3,"{""c"": 1.0, ""backend"": ""aeon""}","{""init"": ""random"", ""max_iter"": 300, ""method"": ""alternate""}"
CBF,sbd,sliding,0.7376728857876098,0.7542086088793142,2.1281481999994867,42,1,length,1.0,930,150,128,3,"{""backend"": ""aeon"", ""n_jobs"": -1, ""candidate_k"": 20, ""paa_segments"": 32}","{""init"": ""random"", ""max_iter"": 300, ""method"": ""alternate""}"
CBF,sbd,sliding,0.7376728857876098,0.7542086088793142,2.2684930000004897,42,2,length,1.0,930,150,128,3,"{""backend"": ""aeon"", ""n_jobs"": -1, ""candidate_k"": 20, ""paa_segments"": 32}","{""init"": ""random"", ""max_iter"": 300, ""method"": ""alternate""}"
CBF,sbd,sliding,0.7376728857876098,0.7542086088793142,1.4034662000003664,42,3,length,1.0,930,150,128,3,"{""backend"": ""aeon"", ""n_jobs"": -1, ""candidate_k"": 20, ""paa_segments"": 32}","{""init"": ""random"", ""max_iter"": 300, ""method"": ""alternate""}"
CBF,sbd,sliding,0.7376728857876098,0.7542086088793142,1.4252442999995765,42,4,length,1.0,930,150,128,3,"{""backend"": ""aeon"", ""n_jobs"": -1, ""candidate_k"": 20, ""paa_segments"": 32}","{""init"": ""random"", ""max_iter"": 300, ""method"": ""alternate""}"
CBF,sbd,sliding,0.7376728857876098,0.7542086088793142,2.3052113000003374,42,5,length,1.0,930,150,128,3,"{""backend"": ""aeon"", ""n_jobs"": -1, ""candidate_k"": 20, ""paa_segments"": 32}","{""init"": ""random"", ""max_iter"": 300, ""method"": ""alternate""}"
CBF,sbd,sliding,0.7376728857876098,0.7542086088793142,1.3672516999995423,42,6,length,1.0,930,150,128,3,"{""backend"": ""aeon"", ""n_jobs"": -1, ""candidate_k"": 20, ""paa_segments"": 32}","{""init"": ""random"", ""max_iter"": 300, ""method"": ""alternate""}"
CBF,sbd,sliding,0.2806623558310791,0.32868028029568996,2.2083574999996927,42,7,length,1.0,930,150,128,3,"{""backend"": ""aeon"", ""n_jobs"": -1, ""candidate_k"": 20, ""paa_segments"": 32}","{""init"": ""random"", ""max_iter"": 300, ""method"": ""alternate""}"
CBF,sbd,sliding,0.7376728857876098,0.7542086088793142,1.4349361000004137,42,8,length,1.0,930,150,128,3,"{""backend"": ""aeon"", ""n_jobs"": -1, ""candidate_k"": 20, ""paa_segments"": 32}","{""init"": ""random"", ""max_iter"": 300, ""method"": ""alternate""}"
CBF,sbd,sliding,0.4992866880131884,0.5664631421107773,2.292884999999842,42,9,length,1.0,930,150,128,3,"{""backend"": ""aeon"", ""n_jobs"": -1, ""candidate_k"": 20, ""paa_segments"": 32}","{""init"": ""random"", ""max_iter"": 300, ""method"": ""alternate""}"
CBF,sbd,sliding,0.18163216249874678,0.25628504118658074,1.2861455000002024,42,10,length,1.0,930,150,128,3,"{""backend"": ""aeon"", ""n_jobs"": -1, ""candidate_k"": 20, ""paa_segments"": 32}","{""init"": ""random"", ""max_iter"": 300, ""method"": ""alternate""}"
CBF,dtw,elastic,0.7781076632899532,0.7703043379830262,7.1472121999999985,42,1,noise,0.0,930,150,128,3,"{""window"": 13, ""backend"": ""aeon""}","{""init"": ""random"", ""max_iter"": 300, ""method"": ""alternate""}"
CBF,dtw,elastic,0.8031884679783747,0.8314786667170627,5.351689199999997,42,2,noise,0.0,930,150,128,3,"{""window"": 13, ""backend"": ""aeon""}","{""init"": ""random"", ""max_iter"": 300, ""method"": ""alternate""}"
CBF,dtw,elastic,0.29005799181779424,0.32312497355643893,5.405696299999999,42,3,noise,0.0,930,150,128,3,"{""window"": 13, ""backend"": ""aeon""}","{""init"": ""random"", ""max_iter"": 300, ""method"": ""alternate""}"
CBF,dtw,elastic,0.7781076632899532,0.7703043379830262,5.3733571,42,4,noise,0.0,930,150,128,3,"{""window"": 13, ""backend"": ""aeon""}","{""init"": ""random"", ""max_iter"": 300, ""method"": ""alternate""}"
CBF,dtw,elastic,0.7781076632899532,0.7703043379830262,5.205754099999993,42,5,noise,0.0,930,150,128,3,"{""window"": 13, ""backend"": ""aeon""}","{""init"": ""random"", ""max_iter"": 300, ""method"": ""alternate""}"
CBF,dtw,elastic,0.7704085965841763,0.793321002507109,5.477523599999998,42,6,noise,0.0,930,150,128,3,"{""window"": 13, ""backend"": ""aeon""}","{""init"": ""random"", ""max_iter"": 300, ""method"": ""alternate""}"
CBF,dtw,elastic,0.20640321936352474,0.25597146696144646,5.499592399999997,42,7,noise,0.0,930,150,128,3,"{""window"": 13, ""backend"": ""aeon""}","{""init"": ""random"", ""max_iter"": 300, ""method"": ""alternate""}"
CBF,dtw,elastic,0.7781076632899532,0.7703043379830262,5.8541016,42,8,noise,0.0,930,150,128,3,"{""window"": 13, ""backend"": ""aeon""}","{""init"": ""random"", ""max_iter"": 300, ""method"": ""alternate""}"
CBF,dtw,elastic,0.7781076632899532,0.7703043379830262,6.306275199999995,42,9,noise,0.0,930,150,128,3,"{""window"": 13, ""backend"": ""aeon""}","{""init"": ""random"", ""max_iter"": 300, ""method"": ""alternate""}"
CBF,dtw,elastic,0.20640321936352474,0.25597146696144646,5.758857200000001,42,10,noise,0.0,930,150,128,3,"{""window"": 13, ""backend"": ""aeon""}","{""init"": ""random"", ""max_iter"": 300, ""method"": ""alternate""}"
CBF,ed,lock-step,0.21976899108768466,0.2616295556891146,0.002128399999999697,42,1,noise,0.0,930,150,128,3,,"{""init"": ""random"", ""max_iter"": 300, ""method"": ""alternate""}"
CBF,ed,lock-step,0.21801735352642948,0.26207329845403593,0.026902299999999713,42,2,noise,0.0,930,150,128,3,,"{""init"": ""random"", ""max_iter"": 300, ""method"": ""alternate""}"
CBF,ed,lock-step,0.18295991731644637,0.25409064310623236,0.003698099999997595,42,3,noise,0.0,930,150,128,3,,"{""init"": ""random"", ""max_iter"": 300, ""method"": ""alternate""}"
CBF,ed,lock-step,0.18411433169074418,0.24724661884096702,0.0011261000000004628,42,4,noise,0.0,930,150,128,3,,"{""init"": ""random"", ""max_iter"": 300, ""method"": ""alternate""}"
CBF,ed,lock-step,0.15032785101946397,0.255175463721561,0.0011249000000006504,42,5,noise,0.0,930,150,128,3,,"{""init"": ""random"", ""max_iter"": 300, ""method"": ""alternate""}"
CBF,ed,lock-step,0.2412420784818695,0.29930119575002195,0.001561799999997504,42,6,noise,0.0,930,150,128,3,,"{""init"": ""random"", ""max_iter"": 300, ""method"": ""alternate""}"
CBF,ed,lock-step,0.242781372960611,0.3144958777930363,0.0026234000000044944,42,7,noise,0.0,930,150,128,3,,"{""init"": ""random"", ""max_iter"": 300, ""method"": ""alternate""}"
CBF,ed,lock-step,0.23542056722834756,0.27549173225723567,0.0023622999999943772,42,8,noise,0.0,930,150,128,3,,"{""init"": ""random"", ""max_iter"": 300, ""method"": ""alternate""}"
CBF,ed,lock-step,0.17507826239433932,0.1808155982196754,0.05049430000000399,42,9,noise,0.0,930,150,128,3,,"{""init"": ""random"", ""max_iter"": 300, ""method"": ""alternate""}"
CBF,ed,lock-step,0.19947203098280664,0.23440317234814387,0.0011662000000001171,42,10,noise,0.0,930,150,128,3,,"{""init"": ""random"", ""max_iter"": 300, ""method"": ""alternate""}"
CBF,idk,distributional,0.7203536622123983,0.7452159287407532,12.66899790000025,42,1,noise,0.0,930,150,128,3,"{""backend"": ""aeon""}","{""init"": ""random"", ""max_iter"": 300, ""method"": ""alternate""}"
CBF,idk,distributional,0.3464836071839963,0.41461159813388476,11.8750485999999,42,2,noise,0.0,930,150,128,3,"{""backend"": ""aeon""}","{""init"": ""random"", ""max_iter"": 300, ""method"": ""alternate""}"
CBF,idk,distributional,0.294121038777839,0.38213179007430786,11.767427799999496,42,3,noise,0.0,930,150,128,3,"{""backend"": ""aeon""}","{""init"": ""random"", ""max_iter"": 300, ""method"": ""alternate""}"
CBF,idk,distributional,0.3464836071839963,0.41461159813388476,14.304457000000184,42,4,noise,0.0,930,150,128,3,"{""backend"": ""aeon""}","{""init"": ""random"", ""max_iter"": 300, ""method"": ""alternate""}"
CBF,idk,distributional,0.48364688706350567,0.5197631978929902,11.809348699998736,42,5,noise,0.0,930,150,128,3,"{""backend"": ""aeon""}","{""init"": ""random"", ""max_iter"": 300, ""method"": ""alternate""}"
CBF,idk,distributional,0.22125883885052627,0.3485757055873571,10.543006899999455,42,6,noise,0.0,930,150,128,3,"{""backend"": ""aeon""}","{""init"": ""random"", ""max_iter"": 300, ""method"": ""alternate""}"
CBF,idk,distributional,0.21544217013278139,0.36072794907364975,12.300348899999335,42,7,noise,0.0,930,150,128,3,"{""backend"": ""aeon""}","{""init"": ""random"", ""max_iter"": 300, ""method"": ""alternate""}"
CBF,idk,distributional,0.33751617441358933,0.4099445869814667,11.602956000000631,42,8,noise,0.0,930,150,128,3,"{""backend"": ""aeon""}","{""init"": ""random"", ""max_iter"": 300, ""method"": ""alternate""}"
CBF,idk,distributional,0.3765321188091095,0.41037302697793887,10.587898000000678,42,9,noise,0.0,930,150,128,3,"{""backend"": ""aeon""}","{""init"": ""random"", ""max_iter"": 300, ""method"": ""alternate""}"
CBF,idk,distributional,0.18883051486850178,0.25351472932987273,11.583521200000177,42,10,noise,0.0,930,150,128,3,"{""backend"": ""aeon""}","{""init"": ""random"", ""max_iter"": 300, ""method"": ""alternate""}"
CBF,msm,elastic,0.6182486143596568,0.6760570465467395,0.8343099000000009,42,1,noise,0.0,930,150,128,3,"{""c"": 1.0, ""backend"": ""aeon""}","{""init"": ""random"", ""max_iter"": 300, ""method"": ""alternate""}"
CBF,msm,elastic,0.6182486143596568,0.6760570465467395,0.9323404999999987,42,2,noise,0.0,930,150,128,3,"{""c"": 1.0, ""backend"": ""aeon""}","{""init"": ""random"", ""max_iter"": 300, ""method"": ""alternate""}"
CBF,msm,elastic,0.5110945323789361,0.5515270900859249,0.783296,42,3,noise,0.0,930,150,128,3,"{""c"": 1.0, ""backend"": ""aeon""}","{""init"": ""random"", ""max_iter"": 300, ""method"": ""alternate""}"
CBF,msm,elastic,0.28200140553487124,0.3367004915386714,0.7827727000000024,42,4,noise,0.0,930,150,128,3,"{""c"": 1.0, ""backend"": ""aeon""}","{""init"": ""random"", ""max_iter"": 300, ""method"": ""alternate""}"
CBF,msm,elastic,0.6182486143596568,0.6760570465467395,0.7934489000000013,42,5,noise,0.0,930,150,128,3,"{""c"": 1.0, ""backend"": ""aeon""}","{""init"": ""random"", ""max_iter"": 300, ""method"": ""alternate""}"
CBF,msm,elastic,0.3156473975775406,0.4048173191768149,0.7998119999999957,42,6,noise,0.0,930,150,128,3,"{""c"": 1.0, ""backend"": ""aeon""}","{""init"": ""random"", ""max_iter"": 300, ""method"": ""alternate""}"
CBF,msm,elastic,0.5804583144033054,0.6148190807689878,0.9672933000000015,42,7,noise,0.0,930,150,128,3,"{""c"": 1.0, ""backend"": ""aeon""}","{""init"": ""random"", ""max_iter"": 300, ""method"": ""alternate""}"
CBF,msm,elastic,0.6182486143596568,0.6760570465467395,1.1148947000000007,42,8,noise,0.0,930,150,128,3,"{""c"": 1.0, ""backend"": ""aeon""}","{""init"": ""random"", ""max_iter"": 300, ""method"": ""alternate""}"
CBF,msm,elastic,0.4328934976163429,0.6072411891488683,0.9761066999999954,42,9,noise,0.0,930,150,128,3,"{""c"": 1.0, ""backend"": ""aeon""}","{""init"": ""random"", ""max_iter"": 300, ""method"": ""alternate""}"
CBF,msm,elastic,0.26143765286273773,0.28465581601719603,1.0259326000000044,42,10,noise,0.0,930,150,128,3,"{""c"": 1.0, ""backend"": ""aeon""}","{""init"": ""random"", ""max_iter"": 300, ""method"": ""alternate""}"
CBF,sbd,sliding,0.7376728857876098,0.7542086088793142,1.8108405000002676,42,1,noise,0.0,930,150,128,3,"{""backend"": ""aeon"", ""n_jobs"": -1, ""candidate_k"": 20, ""paa_segments"": 32}","{""init"": ""random"", ""max_iter"": 300, ""method"": ""alternate""}"
CBF,sbd,sliding,0.7376728857876098,0.7542086088793142,1.2500568000004932,42,2,noise,0.0,930,150,128,3,"{""backend"": ""aeon"", ""n_jobs"": -1, ""candidate_k"": 20, ""paa_segments"": 32}","{""init"": ""random"", ""max_iter"": 300, ""method"": ""alternate""}"
CBF,sbd,sliding,0.7376728857876098,0.7542086088793142,1.353904099999454,42,3,noise,0.0,930,150,128,3,"{""backend"": ""aeon"", ""n_jobs"": -1, ""candidate_k"": 20, ""paa_segments"": 32}","{""init"": ""random"", ""max_iter"": 300, ""method"": ""alternate""}"
CBF,sbd,sliding,0.7376728857876098,0.7542086088793142,2.2845432999993136,42,4,noise,0.0,930,150,128,3,"{""backend"": ""aeon"", ""n_jobs"": -1, ""candidate_k"": 20, ""paa_segments"": 32}","{""init"": ""random"", ""max_iter"": 300, ""method"": ""alternate""}"
CBF,sbd,sliding,0.7376728857876098,0.7542086088793142,1.505380999999943,42,5,noise,0.0,930,150,128,3,"{""backend"": ""aeon"", ""n_jobs"": -1, ""candidate_k"": 20, ""paa_segments"": 32}","{""init"": ""random"", ""max_iter"": 300, ""method"": ""alternate""}"
CBF,sbd,sliding,0.7376728857876098,0.7542086088793142,1.196257599999626,42,6,noise,0.0,930,150,128,3,"{""backend"": ""aeon"", ""n_jobs"": -1, ""candidate_k"": 20, ""paa_segments"": 32}","{""init"": ""random"", ""max_iter"": 300, ""method"": ""alternate""}"
CBF,sbd,sliding,0.2806623558310791,0.32868028029568996,1.3148129000010158,42,7,noise,0.0,930,150,128,3,"{""backend"": ""aeon"", ""n_jobs"": -1, ""candidate_k"": 20, ""paa_segments"": 32}","{""init"": ""random"", ""max_iter"": 300, ""method"": ""alternate""}"
CBF,sbd,sliding,0.7376728857876098,0.7542086088793142,2.0907508000000234,42,8,noise,0.0,930,150,128,3,"{""backend"": ""aeon"", ""n_jobs"": -1, ""candidate_k"": 20, ""paa_segments"": 32}","{""init"": ""random"", ""max_iter"": 300, ""method"": ""alternate""}"
CBF,sbd,sliding,0.4992866880131884,0.5664631421107773,1.1833059000000503,42,9,noise,0.0,930,150,128,3,"{""backend"": ""aeon"", ""n_jobs"": -1, ""candidate_k"": 20, ""paa_segments"": 32}","{""init"": ""random"", ""max_iter"": 300, ""method"": ""alternate""}"
CBF,sbd,sliding,0.18163216249874678,0.25628504118658074,1.2383191999997507,42,10,noise,0.0,930,150,128,3,"{""backend"": ""aeon"", ""n_jobs"": -1, ""candidate_k"": 20, ""paa_segments"": 32}","{""init"": ""random"", ""max_iter"": 300, ""method"": ""alternate""}"
CBF,dtw,elastic,0.799321313118623,0.8007850308795834,6.2284212,42,1,noise,0.1,930,150,128,3,"{""window"": 13, ""backend"": ""aeon""}","{""init"": ""random"", ""max_iter"": 300, ""method"": ""alternate""}"
CBF,dtw,elastic,0.799321313118623,0.8007850308795834,5.664722300000008,42,2,noise,0.1,930,150,128,3,"{""window"": 13, ""backend"": ""aeon""}","{""init"": ""random"", ""max_iter"": 300, ""method"": ""alternate""}"
CBF,dtw,elastic,0.2918199909506973,0.33979280581873816,5.724315200000007,42,3,noise,0.1,930,150,128,3,"{""window"": 13, ""backend"": ""aeon""}","{""init"": ""random"", ""max_iter"": 300, ""method"": ""alternate""}"
CBF,dtw,elastic,0.799321313118623,0.8007850308795834,6.141671400000007,42,4,noise,0.1,930,150,128,3,"{""window"": 13, ""backend"": ""aeon""}","{""init"": ""random"", ""max_iter"": 300, ""method"": ""alternate""}"
CBF,dtw,elastic,0.799321313118623,0.8007850308795834,6.062518600000004,42,5,noise,0.1,930,150,128,3,"{""window"": 13, ""backend"": ""aeon""}","{""init"": ""random"", ""max_iter"": 300, ""method"": ""alternate""}"
CBF,dtw,elastic,0.799321313118623,0.8007850308795834,6.7100388999999865,42,6,noise,0.1,930,150,128,3,"{""window"": 13, ""backend"": ""aeon""}","{""init"": ""random"", ""max_iter"": 300, ""method"": ""alternate""}"
CBF,dtw,elastic,0.17896922328318146,0.22848826774623746,6.623619000000005,42,7,noise,0.1,930,150,128,3,"{""window"": 13, ""backend"": ""aeon""}","{""init"": ""random"", ""max_iter"": 300, ""method"": ""alternate""}"
CBF,dtw,elastic,0.799321313118623,0.8007850308795834,6.050954600000011,42,8,noise,0.1,930,150,128,3,"{""window"": 13, ""backend"": ""aeon""}","{""init"": ""random"", ""max_iter"": 300, ""method"": ""alternate""}"
CBF,dtw,elastic,0.4079028171076743,0.5520870537279715,6.145294599999971,42,9,noise,0.1,930,150,128,3,"{""window"": 13, ""backend"": ""aeon""}","{""init"": ""random"", ""max_iter"": 300, ""method"": ""alternate""}"
CBF,dtw,elastic,0.17896922328318146,0.22848826774623746,5.93230539999999,42,10,noise,0.1,930,150,128,3,"{""window"": 13, ""backend"": ""aeon""}","{""init"": ""random"", ""max_iter"": 300, ""method"": ""alternate""}"
CBF,ed,lock-step,0.21976899108768466,0.2616295556891146,0.033275300000013885,42,1,noise,0.1,930,150,128,3,,"{""init"": ""random"", ""max_iter"": 300, ""method"": ""alternate""}"
CBF,ed,lock-step,0.23151017964231918,0.27133450995489344,0.0011824000000046908,42,2,noise,0.1,930,150,128,3,,"{""init"": ""random"", ""max_iter"": 300, ""method"": ""alternate""}"
CBF,ed,lock-step,0.18644831670847808,0.2574803716736202,0.0016400000000089676,42,3,noise,0.1,930,150,128,3,,"{""init"": ""random"", ""max_iter"": 300, ""method"": ""alternate""}"
CBF,ed,lock-step,0.18776329739822295,0.24932177099808583,0.001844000000005508,42,4,noise,0.1,930,150,128,3,,"{""init"": ""random"", ""max_iter"": 300, ""method"": ""alternate""}"
CBF,ed,lock-step,0.16893402033819543,0.2679830770217819,0.0022562000000050375,42,5,noise,0.1,930,150,128,3,,"{""init"": ""random"", ""max_iter"": 300, ""method"": ""alternate""}"
CBF,ed,lock-step,0.2443027197559689,0.30427270382435917,0.004609299999998484,42,6,noise,0.1,930,150,128,3,,"{""init"": ""random"", ""max_iter"": 300, ""method"": ""alternate""}"
CBF,ed,lock-step,0.2418324721949096,0.303357015983491,0.002037099999995462,42,7,noise,0.1,930,150,128,3,,"{""init"": ""random"", ""max_iter"": 300, ""method"": ""alternate""}"
CBF,ed,lock-step,0.23151017964231918,0.27133450995489344,0.0012370999999831156,42,8,noise,0.1,930,150,128,3,,"{""init"": ""random"", ""max_iter"": 300, ""method"": ""alternate""}"
CBF,ed,lock-step,0.20671900462336312,0.2189912733566708,0.002696899999989455,42,9,noise,0.1,930,150,128,3,,"{""init"": ""random"", ""max_iter"": 300, ""method"": ""alternate""}"
CBF,ed,lock-step,0.19947203098280664,0.23377087002851635,0.0009700999999893156,42,10,noise,0.1,930,150,128,3,,"{""init"": ""random"", ""max_iter"": 300, ""method"": ""alternate""}"
CBF,idk,distributional,0.7359274203842624,0.7474194878219296,10.551558099999056,42,1,noise,0.1,930,150,128,3,"{""backend"": ""aeon""}","{""init"": ""random"", ""max_iter"": 300, ""method"": ""alternate""}"
CBF,idk,distributional,0.33692185636450567,0.4190425743529628,10.600367099998948,42,2,noise,0.1,930,150,128,3,"{""backend"": ""aeon""}","{""init"": ""random"", ""max_iter"": 300, ""method"": ""alternate""}"
CBF,idk,distributional,0.33163558154383843,0.40610726849842366,10.639213600000403,42,3,noise,0.1,930,150,128,3,"{""backend"": ""aeon""}","{""init"": ""random"", ""max_iter"": 300, ""method"": ""alternate""}"
CBF,idk,distributional,0.33692185636450567,0.4190425743529628,10.683984599999349,42,4,noise,0.1,930,150,128,3,"{""backend"": ""aeon""}","{""init"": ""random"", ""max_iter"": 300, ""method"": ""alternate""}"
CBF,idk,distributional,0.33712909677156033,0.418793229502499,10.618367400000352,42,5,noise,0.1,930,150,128,3,"{""backend"": ""aeon""}","{""init"": ""random"", ""max_iter"": 300, ""method"": ""alternate""}"
CBF,idk,distributional,0.31909390050194636,0.39868624962027893,11.454927400000088,42,6,noise,0.1,930,150,128,3,"{""backend"": ""aeon""}","{""init"": ""random"", ""max_iter"": 300, ""method"": ""alternate""}"
CBF,idk,distributional,0.22777762503093124,0.36552667590732374,11.525461500000347,42,7,noise,0.1,930,150,128,3,"{""backend"": ""aeon""}","{""init"": ""random"", ""max_iter"": 300, ""method"": ""alternate""}"
CBF,idk,distributional,0.33163558154383843,0.40610726849842366,10.663113499999781,42,8,noise,0.1,930,150,128,3,"{""backend"": ""aeon""}","{""init"": ""random"", ""max_iter"": 300, ""method"": ""alternate""}"
CBF,idk,distributional,0.29337668050771987,0.3816517939692815,11.644170100001247,42,9,noise,0.1,930,150,128,3,"{""backend"": ""aeon""}","{""init"": ""random"", ""max_iter"": 300, ""method"": ""alternate""}"
CBF,idk,distributional,0.2324602032480029,0.3898573974200436,12.401532600000792,42,10,noise,0.1,930,150,128,3,"{""backend"": ""aeon""}","{""init"": ""random"", ""max_iter"": 300, ""method"": ""alternate""}"
CBF,msm,elastic,0.49573310096378165,0.5752291400802748,0.9544814999999858,42,1,noise,0.1,930,150,128,3,"{""c"": 1.0, ""backend"": ""aeon""}","{""init"": ""random"", ""max_iter"": 300, ""method"": ""alternate""}"
CBF,msm,elastic,0.5988235902371511,0.6622134051341639,0.9586697999999956,42,2,noise,0.1,930,150,128,3,"{""c"": 1.0, ""backend"": ""aeon""}","{""init"": ""random"", ""max_iter"": 300, ""method"": ""alternate""}"
CBF,msm,elastic,0.598049554408974,0.604862649259335,0.9357272999999964,42,3,noise,0.1,930,150,128,3,"{""c"": 1.0, ""backend"": ""aeon""}","{""init"": ""random"", ""max_iter"": 300, ""method"": ""alternate""}"
CBF,msm,elastic,0.28737128076654034,0.35468094385380167,0.9779096999999979,42,4,noise,0.1,930,150,128,3,"{""c"": 1.0, ""backend"": ""aeon""}","{""init"": ""random"", ""max_iter"": 300, ""method"": ""alternate""}"
CBF,msm,elastic,0.5988235902371511,0.662213405134164,1.0089362999999878,42,5,noise,0.1,930,150,128,3,"{""c"": 1.0, ""backend"": ""aeon""}","{""init"": ""random"", ""max_iter"": 300, ""method"": ""alternate""}"
CBF,msm,elastic,0.41982313756929474,0.5772018483250057,1.007825099999991,42,6,noise,0.1,930,150,128,3,"{""c"": 1.0, ""backend"": ""aeon""}","{""init"": ""random"", ""max_iter"": 300, ""method"": ""alternate""}"
CBF,msm,elastic,0.6079614833520314,0.636791920330416,1.0800233999999875,42,7,noise,0.1,930,150,128,3,"{""c"": 1.0, ""backend"": ""aeon""}","{""init"": ""random"", ""max_iter"": 300, ""method"": ""alternate""}"
CBF,msm,elastic,0.5034737290531152,0.561347726060604,0.9587781999999976,42,8,noise,0.1,930,150,128,3,"{""c"": 1.0, ""backend"": ""aeon""}","{""init"": ""random"", ""max_iter"": 300, ""method"": ""alternate""}"
CBF,msm,elastic,0.4372937835985926,0.5996404861149102,0.9677791000000013,42,9,noise,0.1,930,150,128,3,"{""c"": 1.0, ""backend"": ""aeon""}","{""init"": ""random"", ""max_iter"": 300, ""method"": ""alternate""}"
CBF,msm,elastic,0.27623691130985145,0.31307169023289405,1.0175671999999736,42,10,noise,0.1,930,150,128,3,"{""c"": 1.0, ""backend"": ""aeon""}","{""init"": ""random"", ""max_iter"": 300, ""method"": ""alternate""}"
CBF,sbd,sliding,0.7398520295940811,0.7634710466697724,2.131664599999567,42,1,noise,0.1,930,150,128,3,"{""backend"": ""aeon"", ""n_jobs"": -1, ""candidate_k"": 20, ""paa_segments"": 32}","{""init"": ""random"", ""max_iter"": 300, ""method"": ""alternate""}"
CBF,sbd,sliding,0.7398520295940811,0.7634710466697724,2.1127362999995967,42,2,noise,0.1,930,150,128,3,"{""backend"": ""aeon"", ""n_jobs"": -1, ""candidate_k"": 20, ""paa_segments"": 32}","{""init"": ""random"", ""max_iter"": 300, ""method"": ""alternate""}"
CBF,sbd,sliding,0.7398520295940811,0.7634710466697724,1.2146528000002945,42,3,noise,0.1,930,150,128,3,"{""backend"": ""aeon"", ""n_jobs"": -1, ""candidate_k"": 20, ""paa_segments"": 32}","{""init"": ""random"", ""max_iter"": 300, ""method"": ""alternate""}"
CBF,sbd,sliding,0.6928081985331056,0.7370325174659738,1.2208609999997861,42,4,noise,0.1,930,150,128,3,"{""backend"": ""aeon"", ""n_jobs"": -1, ""candidate_k"": 20, ""paa_segments"": 32}","{""init"": ""random"", ""max_iter"": 300, ""method"": ""alternate""}"
CBF,sbd,sliding,0.7398520295940811,0.7634710466697724,2.10460299999977,42,5,noise,0.1,930,150,128,3,"{""backend"": ""aeon"", ""n_jobs"": -1, ""candidate_k"": 20, ""paa_segments"": 32}","{""init"": ""random"", ""max_iter"": 300, ""method"": ""alternate""}"
CBF,sbd,sliding,0.7398520295940811,0.7634710466697724,2.069996200000787,42,6,noise,0.1,930,150,128,3,"{""backend"": ""aeon"", ""n_jobs"": -1, ""candidate_k"": 20, ""paa_segments"": 32}","{""init"": ""random"", ""max_iter"": 300, ""method"": ""alternate""}"
CBF,sbd,sliding,0.7398520295940811,0.7634710466697724,1.1752023000008194,42,7,noise,0.1,930,150,128,3,"{""backend"": ""aeon"", ""n_jobs"": -1, ""candidate_k"": 20, ""paa_segments"": 32}","{""init"": ""random"", ""max_iter"": 300, ""method"": ""alternate""}"
CBF,sbd,sliding,0.7398520295940811,0.7634710466697724,2.094834099999389,42,8,noise,0.1,930,150,128,3,"{""backend"": ""aeon"", ""n_jobs"": -1, ""candidate_k"": 20, ""paa_segments"": 32}","{""init"": ""random"", ""max_iter"": 300, ""method"": ""alternate""}"
CBF,sbd,sliding,0.5325732120961192,0.5877388888413644,2.0972418000010293,42,9,noise,0.1,930,150,128,3,"{""backend"": ""aeon"", ""n_jobs"": -1, ""candidate_k"": 20, ""paa_segments"": 32}","{""init"": ""random"", ""max_iter"": 300, ""method"": ""alternate""}"
CBF,sbd,sliding,0.16343137403004165,0.20003030605071528,1.1797594999998182,42,10,noise,0.1,930,150,128,3,"{""backend"": ""aeon"", ""n_jobs"": -1, ""candidate_k"": 20, ""paa_segments"": 32}","{""init"": ""random"", ""max_iter"": 300, ""method"": ""alternate""}"
CBF,dtw,elastic,0.7707868162749476,0.7929927223650075,5.788930599999986,42,1,noise,0.2,930,150,128,3,"{""window"": 13, ""backend"": ""aeon""}","{""init"": ""random"", ""max_iter"": 300, ""method"": ""alternate""}"
CBF,dtw,elastic,0.7707868162749476,0.7929927223650075,5.838595799999979,42,2,noise,0.2,930,150,128,3,"{""window"": 13, ""backend"": ""aeon""}","{""init"": ""random"", ""max_iter"": 300, ""method"": ""alternate""}"
CBF,dtw,elastic,0.4386040395835763,0.5040525841228015,5.939373299999971,42,3,noise,0.2,930,150,128,3,"{""window"": 13, ""backend"": ""aeon""}","{""init"": ""random"", ""max_iter"": 300, ""method"": ""alternate""}"
CBF,dtw,elastic,0.7707868162749476,0.7929927223650075,5.946207299999969,42,4,noise,0.2,930,150,128,3,"{""window"": 13, ""backend"": ""aeon""}","{""init"": ""random"", ""max_iter"": 300, ""method"": ""alternate""}"
CBF,dtw,elastic,0.7218270190234011,0.7384346369344905,5.882331000000022,42,5,noise,0.2,930,150,128,3,"{""window"": 13, ""backend"": ""aeon""}","{""init"": ""random"", ""max_iter"": 300, ""method"": ""alternate""}"
CBF,dtw,elastic,0.7707868162749476,0.7929927223650075,5.784962900000011,42,6,noise,0.2,930,150,128,3,"{""window"": 13, ""backend"": ""aeon""}","{""init"": ""random"", ""max_iter"": 300, ""method"": ""alternate""}"
CBF,dtw,elastic,0.19160958640358206,0.2599666711580155,5.956288100000023,42,7,noise,0.2,930,150,128,3,"{""window"": 13, ""backend"": ""aeon""}","{""init"": ""random"", ""max_iter"": 300, ""method"": ""alternate""}"
CBF,dtw,elastic,0.7707868162749476,0.7929927223650075,5.891268499999995,42,8,noise,0.2,930,150,128,3,"{""window"": 13, ""backend"": ""aeon""}","{""init"": ""random"", ""max_iter"": 300, ""method"": ""alternate""}"
CBF,dtw,elastic,0.3520008792545761,0.4131008696307381,6.273554600000011,42,9,noise,0.2,930,150,128,3,"{""window"": 13, ""backend"": ""aeon""}","{""init"": ""random"", ""max_iter"": 300, ""method"": ""alternate""}"
CBF,dtw,elastic,0.19160958640358206,0.25996667115801547,6.00255820000001,42,10,noise,0.2,930,150,128,3,"{""window"": 13, ""backend"": ""aeon""}","{""init"": ""random"", ""max_iter"": 300, ""method"": ""alternate""}"
CBF,ed,lock-step,0.25551307952099256,0.305987650447644,0.0012404000000003634,42,1,noise,0.2,930,150,128,3,,"{""init"": ""random"", ""max_iter"": 300, ""method"": ""alternate""}"
CBF,ed,lock-step,0.25400048421810145,0.288738977539829,0.0009157000000072912,42,2,noise,0.2,930,150,128,3,,"{""init"": ""random"", ""max_iter"": 300, ""method"": ""alternate""}"
CBF,ed,lock-step,0.1894232039421803,0.2572329429536217,0.002871999999996433,42,3,noise,0.2,930,150,128,3,,"{""init"": ""random"", ""max_iter"": 300, ""method"": ""alternate""}"
CBF,ed,lock-step,0.18776329739822295,0.24932177099808583,0.001000099999998838,42,4,noise,0.2,930,150,128,3,,"{""init"": ""random"", ""max_iter"": 300, ""method"": ""alternate""}"
CBF,ed,lock-step,0.14342035468008543,0.2533414071277991,0.001395099999967897,42,5,noise,0.2,930,150,128,3,,"{""init"": ""random"", ""max_iter"": 300, ""method"": ""alternate""}"
CBF,ed,lock-step,0.22581772044719928,0.25565617888405506,0.0012062000000128137,42,6,noise,0.2,930,150,128,3,,"{""init"": ""random"", ""max_iter"": 300, ""method"": ""alternate""}"
CBF,ed,lock-step,0.26878671491004247,0.3226022688123346,0.0029055000000255404,42,7,noise,0.2,930,150,128,3,,"{""init"": ""random"", ""max_iter"": 300, ""method"": ""alternate""}"
CBF,ed,lock-step,0.25400048421810145,0.28873897753982897,0.0015978000000131942,42,8,noise,0.2,930,150,128,3,,"{""init"": ""random"", ""max_iter"": 300, ""method"": ""alternate""}"
CBF,ed,lock-step,0.19071752951861945,0.19913377540646973,0.003090700000001334,42,9,noise,0.2,930,150,128,3,,"{""init"": ""random"", ""max_iter"": 300, ""method"": ""alternate""}"
CBF,ed,lock-step,0.209771312294442,0.24582829096192432,0.002907999999962385,42,10,noise,0.2,930,150,128,3,,"{""init"": ""random"", ""max_iter"": 300, ""method"": ""alternate""}"
CBF,idk,distributional,0.7424630679265878,0.7763018496593898,11.672413399998732,42,1,noise,0.2,930,150,128,3,"{""backend"": ""aeon""}","{""init"": ""random"", ""max_iter"": 300, ""method"": ""alternate""}"
CBF,idk,distributional,0.39349748738559776,0.4931565031713509,11.500158799999554,42,2,noise,0.2,930,150,128,3,"{""backend"": ""aeon""}","{""init"": ""random"", ""max_iter"": 300, ""method"": ""alternate""}"
CBF,idk,distributional,0.3396745069801183,0.41169731132403375,10.72343759999876,42,3,noise,0.2,930,150,128,3,"{""backend"": ""aeon""}","{""init"": ""random"", ""max_iter"": 300, ""method"": ""alternate""}"
CBF,idk,distributional,0.3841130090626324,0.47530651938094814,11.351267600000028,42,4,noise,0.2,930,150,128,3,"{""backend"": ""aeon""}","{""init"": ""random"", ""max_iter"": 300, ""method"": ""alternate""}"
CBF,idk,distributional,0.39151535403852206,0.4635933017837533,11.5641370000003,42,5,noise,0.2,930,150,128,3,"{""backend"": ""aeon""}","{""init"": ""random"", ""max_iter"": 300, ""method"": ""alternate""}"
CBF,idk,distributional,0.3030217418503376,0.387456540844658,10.56955779999953,42,6,noise,0.2,930,150,128,3,"{""backend"": ""aeon""}","{""init"": ""random"", ""max_iter"": 300, ""method"": ""alternate""}"
CBF,idk,distributional,0.22957636087988786,0.373829350381681,11.577776599999197,42,7,noise,0.2,930,150,128,3,"{""backend"": ""aeon""}","{""init"": ""random"", ""max_iter"": 300, ""method"": ""alternate""}"
CBF,idk,distributional,0.31251379624096176,0.3935530637012299,11.524215899999945,42,8,noise,0.2,930,150,128,3,"{""backend"": ""aeon""}","{""init"": ""random"", ""max_iter"": 300, ""method"": ""alternate""}"
CBF,idk,distributional,0.29161456008642656,0.3806314633150345,11.573314900000696,42,9,noise,0.2,930,150,128,3,"{""backend"": ""aeon""}","{""init"": ""random"", ""max_iter"": 300, ""method"": ""alternate""}"
CBF,idk,distributional,0.215113295608857,0.3254266230751633,11.681876199999351,42,10,noise,0.2,930,150,128,3,"{""backend"": ""aeon""}","{""init"": ""random"", ""max_iter"": 300, ""method"": ""alternate""}"
CBF,msm,elastic,0.6182486143596568,0.6760570465467395,0.9388486999999941,42,1,noise,0.2,930,150,128,3,"{""c"": 1.0, ""backend"": ""aeon""}","{""init"": ""random"", ""max_iter"": 300, ""method"": ""alternate""}"
CBF,msm,elastic,0.6182486143596568,0.6760570465467395,0.9638511999999935,42,2,noise,0.2,930,150,128,3,"{""c"": 1.0, ""backend"": ""aeon""}","{""init"": ""random"", ""max_iter"": 300, ""method"": ""alternate""}"
CBF,msm,elastic,0.598049554408974,0.604862649259335,0.9113194999999905,42,3,noise,0.2,930,150,128,3,"{""c"": 1.0, ""backend"": ""aeon""}","{""init"": ""random"", ""max_iter"": 300, ""method"": ""alternate""}"
CBF,msm,elastic,0.33341077151524784,0.3723166307944531,0.970977500000032,42,4,noise,0.2,930,150,128,3,"{""c"": 1.0, ""backend"": ""aeon""}","{""init"": ""random"", ""max_iter"": 300, ""method"": ""alternate""}"
CBF,msm,elastic,0.43407487791644056,0.4705600087598521,0.9643808999999806,42,5,noise,0.2,930,150,128,3,"{""c"": 1.0, ""backend"": ""aeon""}","{""init"": ""random"", ""max_iter"": 300, ""method"": ""alternate""}"
CBF,msm,elastic,0.4260312763080691,0.5941390624380891,0.9647880999999927,42,6,noise,0.2,930,150,128,3,"{""c"": 1.0, ""backend"": ""aeon""}","{""init"": ""random"", ""max_iter"": 300, ""method"": ""alternate""}"
CBF,msm,elastic,0.598049554408974,0.604862649259335,1.0861142000000257,42,7,noise,0.2,930,150,128,3,"{""c"": 1.0, ""backend"": ""aeon""}","{""init"": ""random"", ""max_iter"": 300, ""method"": ""alternate""}"
CBF,msm,elastic,0.6182486143596568,0.6760570465467395,1.0204408999999828,42,8,noise,0.2,930,150,128,3,"{""c"": 1.0, ""backend"": ""aeon""}","{""init"": ""random"", ""max_iter"": 300, ""method"": ""alternate""}"
CBF,msm,elastic,0.4210699004696059,0.5763333847425277,1.027290800000003,42,9,noise,0.2,930,150,128,3,"{""c"": 1.0, ""backend"": ""aeon""}","{""init"": ""random"", ""max_iter"": 300, ""method"": ""alternate""}"
CBF,msm,elastic,0.18745699823880452,0.20302544714598575,0.8652427000000387,42,10,noise,0.2,930,150,128,3,"{""c"": 1.0, ""backend"": ""aeon""}","{""init"": ""random"", ""max_iter"": 300, ""method"": ""alternate""}"
CBF,sbd,sliding,0.5584520545774369,0.6340309731716293,2.11498230000052,42,1,noise,0.2,930,150,128,3,"{""backend"": ""aeon"", ""n_jobs"": -1, ""candidate_k"": 20, ""paa_segments"": 32}","{""init"": ""random"", ""max_iter"": 300, ""method"": ""alternate""}"
CBF,sbd,sliding,0.7398520295940811,0.7634710466697724,1.1994715999999244,42,2,noise,0.2,930,150,128,3,"{""backend"": ""aeon"", ""n_jobs"": -1, ""candidate_k"": 20, ""paa_segments"": 32}","{""init"": ""random"", ""max_iter"": 300, ""method"": ""alternate""}"
CBF,sbd,sliding,0.7398520295940811,0.7634710466697724,2.075215100000605,42,3,noise,0.2,930,150,128,3,"{""backend"": ""aeon"", ""n_jobs"": -1, ""candidate_k"": 20, ""paa_segments"": 32}","{""init"": ""random"", ""max_iter"": 300, ""method"": ""alternate""}"
CBF,sbd,sliding,0.6813072818077791,0.7307188490928869,2.1034191999997347,42,4,noise,0.2,930,150,128,3,"{""backend"": ""aeon"", ""n_jobs"": -1, ""candidate_k"": 20, ""paa_segments"": 32}","{""init"": ""random"", ""max_iter"": 300, ""method"": ""alternate""}"
CBF,sbd,sliding,0.6545277665180381,0.6904693519644739,2.082602799999222,42,5,noise,0.2,930,150,128,3,"{""backend"": ""aeon"", ""n_jobs"": -1, ""candidate_k"": 20, ""paa_segments"": 32}","{""init"": ""random"", ""max_iter"": 300, ""method"": ""alternate""}"
CBF,sbd,sliding,0.7398520295940811,0.7634710466697724,1.177095899998676,42,6,noise,0.2,930,150,128,3,"{""backend"": ""aeon"", ""n_jobs"": -1, ""candidate_k"": 20, ""paa_segments"": 32}","{""init"": ""random"", ""max_iter"": 300, ""method"": ""alternate""}"
CBF,sbd,sliding,0.5464401951787049,0.6617365159297223,1.169916400001057,42,7,noise,0.2,930,150,128,3,"{""backend"": ""aeon"", ""n_jobs"": -1, ""candidate_k"": 20, ""paa_segments"": 32}","{""init"": ""random"", ""max_iter"": 300, ""method"": ""alternate""}"
CBF,sbd,sliding,0.7398520295940811,0.7634710466697724,2.09578429999965,42,8,noise,0.2,930,150,128,3,"{""backend"": ""aeon"", ""n_jobs"": -1, ""candidate_k"": 20, ""paa_segments"": 32}","{""init"": ""random"", ""max_iter"": 300, ""method"": ""alternate""}"
CBF,sbd,sliding,0.4116604655950823,0.5502271343495742,1.1833087000004525,42,9,noise,0.2,930,150,128,3,"{""backend"": ""aeon"", ""n_jobs"": -1, ""candidate_k"": 20, ""paa_segments"": 32}","{""init"": ""random"", ""max_iter"": 300, ""method"": ""alternate""}"
CBF,sbd,sliding,0.1835528312501032,0.21995418021991478,2.0841522000000623,42,10,noise,0.2,930,150,128,3,"{""backend"": ""aeon"", ""n_jobs"": -1, ""candidate_k"": 20, ""paa_segments"": 32}","{""init"": ""random"", ""max_iter"": 300, ""method"": ""alternate""}"
CBF,dtw,elastic,0.6145311591535848,0.6295358930214819,6.191099699999995,42,1,noise,0.4,930,150,128,3,"{""window"": 13, ""backend"": ""aeon""}","{""init"": ""random"", ""max_iter"": 300, ""method"": ""alternate""}"
CBF,dtw,elastic,0.6885343622750029,0.6880220522622648,6.148610600000012,42,2,noise,0.4,930,150,128,3,"{""window"": 13, ""backend"": ""aeon""}","{""init"": ""random"", ""max_iter"": 300, ""method"": ""alternate""}"
CBF,dtw,elastic,0.19328126200681695,0.28280669688079724,6.50456269999998,42,3,noise,0.4,930,150,128,3,"{""window"": 13, ""backend"": ""aeon""}","{""init"": ""random"", ""max_iter"": 300, ""method"": ""alternate""}"
CBF,dtw,elastic,0.6885343622750029,0.6880220522622649,5.755069899999995,42,4,noise,0.4,930,150,128,3,"{""window"": 13, ""backend"": ""aeon""}","{""init"": ""random"", ""max_iter"": 300, ""method"": ""alternate""}"
CBF,dtw,elastic,0.6145311591535848,0.6295358930214819,6.17771730000004,42,5,noise,0.4,930,150,128,3,"{""window"": 13, ""backend"": ""aeon""}","{""init"": ""random"", ""max_iter"": 300, ""method"": ""alternate""}"
CBF,dtw,elastic,0.6214967555568015,0.6307380523168321,5.779431600000009,42,6,noise,0.4,930,150,128,3,"{""window"": 13, ""backend"": ""aeon""}","{""init"": ""random"", ""max_iter"": 300, ""method"": ""alternate""}"
CBF,dtw,elastic,0.1459546676911256,0.1932892398611502,6.0854128,42,7,noise,0.4,930,150,128,3,"{""window"": 13, ""backend"": ""aeon""}","{""init"": ""random"", ""max_iter"": 300, ""method"": ""alternate""}"
CBF,dtw,elastic,0.6885343622750029,0.6880220522622648,6.027860099999998,42,8,noise,0.4,930,150,128,3,"{""window"": 13, ""backend"": ""aeon""}","{""init"": ""random"", ""max_iter"": 300, ""method"": ""alternate""}"
CBF,dtw,elastic,0.4576866661076497,0.5157229478483853,6.09005940000003,42,9,noise,0.4,930,150,128,3,"{""window"": 13, ""backend"": ""aeon""}","{""init"": ""random"", ""max_iter"": 300, ""method"": ""alternate""}"
CBF,dtw,elastic,0.1459546676911256,0.1932892398611502,6.25019420000001,42,10,noise,0.4,930,150,128,3,"{""window"": 13, ""backend"": ""aeon""}","{""init"": ""random"", ""max_iter"": 300, ""method"": ""alternate""}"
CBF,ed,lock-step,0.2666127541295859,0.3345806285144977,0.0011034000000051947,42,1,noise,0.4,930,150,128,3,,"{""init"": ""random"", ""max_iter"": 300, ""method"": ""alternate""}"
CBF,ed,lock-step,0.190100726941259,0.21150736069579962,0.001986200000004601,42,2,noise,0.4,930,150,128,3,,"{""init"": ""random"", ""max_iter"": 300, ""method"": ""alternate""}"
CBF,ed,lock-step,0.2155142155142155,0.29466429834092916,0.0010375999999894248,42,3,noise,0.4,930,150,128,3,,"{""init"": ""random"", ""max_iter"": 300, ""method"": ""alternate""}"
CBF,ed,lock-step,0.20537978127758721,0.2779621095080174,0.002128400000003694,42,4,noise,0.4,930,150,128,3,,"{""init"": ""random"", ""max_iter"": 300, ""method"": ""alternate""}"
CBF,ed,lock-step,0.15228067140323906,0.25943264671794486,0.001374900000001844,42,5,noise,0.4,930,150,128,3,,"{""init"": ""random"", ""max_iter"": 300, ""method"": ""alternate""}"
CBF,ed,lock-step,0.1693721151871857,0.2602661301654108,0.0021590000000060172,42,6,noise,0.4,930,150,128,3,,"{""init"": ""random"", ""max_iter"": 300, ""method"": ""alternate""}"
CBF,ed,lock-step,0.275878671780156,0.3164642695881908,0.00178139999997029,42,7,noise,0.4,930,150,128,3,,"{""init"": ""random"", ""max_iter"": 300, ""method"": ""alternate""}"
CBF,ed,lock-step,0.25867670030398066,0.290447020210991,0.0020543999999631524,42,8,noise,0.4,930,150,128,3,,"{""init"": ""random"", ""max_iter"": 300, ""method"": ""alternate""}"
CBF,ed,lock-step,0.1698310757121089,0.2603911142194052,0.0016318000000410393,42,9,noise,0.4,930,150,128,3,,"{""init"": ""random"", ""max_iter"": 300, ""method"": ""alternate""}"
CBF,ed,lock-step,0.20537978127758721,0.2779621095080174,0.0019695999999385094,42,10,noise,0.4,930,150,128,3,,"{""init"": ""random"", ""max_iter"": 300, ""method"": ""alternate""}"
CBF,idk,distributional,0.6617455190067595,0.6833399861344243,10.640096199999789,42,1,noise,0.4,930,150,128,3,"{""backend"": ""aeon""}","{""init"": ""random"", ""max_iter"": 300, ""method"": ""alternate""}"
CBF,idk,distributional,0.2768238878830335,0.3708734241633824,10.654298400000698,42,2,noise,0.4,930,150,128,3,"{""backend"": ""aeon""}","{""init"": ""random"", ""max_iter"": 300, ""method"": ""alternate""}"
CBF,idk,distributional,0.27645877794946067,0.3509716763546245,10.642760599999747,42,3,noise,0.4,930,150,128,3,"{""backend"": ""aeon""}","{""init"": ""random"", ""max_iter"": 300, ""method"": ""alternate""}"
CBF,idk,distributional,0.2480784968148778,0.3312385949449423,10.582350800000313,42,4,noise,0.4,930,150,128,3,"{""backend"": ""aeon""}","{""init"": ""random"", ""max_iter"": 300, ""method"": ""alternate""}"
CBF,idk,distributional,0.3622909893250286,0.42642809273627313,11.501580300000569,42,5,noise,0.4,930,150,128,3,"{""backend"": ""aeon""}","{""init"": ""random"", ""max_iter"": 300, ""method"": ""alternate""}"
CBF,idk,distributional,0.28958464640949777,0.37954649848726774,11.542422099999385,42,6,noise,0.4,930,150,128,3,"{""backend"": ""aeon""}","{""init"": ""random"", ""max_iter"": 300, ""method"": ""alternate""}"
CBF,idk,distributional,0.23048055643744206,0.3372121746393664,11.630060200000116,42,7,noise,0.4,930,150,128,3,"{""backend"": ""aeon""}","{""init"": ""random"", ""max_iter"": 300, ""method"": ""alternate""}"
CBF,idk,distributional,0.27713429084189395,0.37268683262253083,11.608270100000482,42,8,noise,0.4,930,150,128,3,"{""backend"": ""aeon""}","{""init"": ""random"", ""max_iter"": 300, ""method"": ""alternate""}"
CBF,idk,distributional,0.2759821490755771,0.37026675434990514,11.50515710000127,42,9,noise,0.4,930,150,128,3,"{""backend"": ""aeon""}","{""init"": ""random"", ""max_iter"": 300, ""method"": ""alternate""}"
CBF,idk,distributional,0.1866939769093346,0.23538309650043335,10.663786100000834,42,10,noise,0.4,930,150,128,3,"{""backend"": ""aeon""}","{""init"": ""random"", ""max_iter"": 300, ""method"": ""alternate""}"
CBF,msm,elastic,0.6132894259481484,0.6706586522192037,0.9958514999999863,42,1,noise,0.4,930,150,128,3,"{""c"": 1.0, ""backend"": ""aeon""}","{""init"": ""random"", ""max_iter"": 300, ""method"": ""alternate""}"
CBF,msm,elastic,0.6132894259481484,0.6706586522192037,0.9757885000000215,42,2,noise,0.4,930,150,128,3,"{""c"": 1.0, ""backend"": ""aeon""}","{""init"": ""random"", ""max_iter"": 300, ""method"": ""alternate""}"
CBF,msm,elastic,0.3535070237887465,0.4226700751132931,1.035447000000005,42,3,noise,0.4,930,150,128,3,"{""c"": 1.0, ""backend"": ""aeon""}","{""init"": ""random"", ""max_iter"": 300, ""method"": ""alternate""}"
CBF,msm,elastic,0.44420601150189637,0.45795876913424716,0.9117698999999959,42,4,noise,0.4,930,150,128,3,"{""c"": 1.0, ""backend"": ""aeon""}","{""init"": ""random"", ""max_iter"": 300, ""method"": ""alternate""}"
CBF,msm,elastic,0.6132894259481484,0.6706586522192037,0.9065989000000059,42,5,noise,0.4,930,150,128,3,"{""c"": 1.0, ""backend"": ""aeon""}","{""init"": ""random"", ""max_iter"": 300, ""method"": ""alternate""}"
CBF,msm,elastic,0.3785264648392409,0.47184174485062075,0.9681515000000047,42,6,noise,0.4,930,150,128,3,"{""c"": 1.0, ""backend"": ""aeon""}","{""init"": ""random"", ""max_iter"": 300, ""method"": ""alternate""}"
CBF,msm,elastic,0.5535558019961689,0.564144216475133,0.9825874999999655,42,7,noise,0.4,930,150,128,3,"{""c"": 1.0, ""backend"": ""aeon""}","{""init"": ""random"", ""max_iter"": 300, ""method"": ""alternate""}"
CBF,msm,elastic,0.6132894259481484,0.6706586522192037,0.999518500000022,42,8,noise,0.4,930,150,128,3,"{""c"": 1.0, ""backend"": ""aeon""}","{""init"": ""random"", ""max_iter"": 300, ""method"": ""alternate""}"
CBF,msm,elastic,0.38753357923569326,0.5144238428013869,1.030584499999975,42,9,noise,0.4,930,150,128,3,"{""c"": 1.0, ""backend"": ""aeon""}","{""init"": ""random"", ""max_iter"": 300, ""method"": ""alternate""}"
CBF,msm,elastic,0.5535558019961689,0.564144216475133,0.9507629999999949,42,10,noise,0.4,930,150,128,3,"{""c"": 1.0, ""backend"": ""aeon""}","{""init"": ""random"", ""max_iter"": 300, ""method"": ""alternate""}"
CBF,sbd,sliding,0.5810416824539643,0.6302062510173786,1.2384306999992987,42,1,noise,0.4,930,150,128,3,"{""backend"": ""aeon"", ""n_jobs"": -1, ""candidate_k"": 20, ""paa_segments"": 32}","{""init"": ""random"", ""max_iter"": 300, ""method"": ""alternate""}"
CBF,sbd,sliding,0.7376728857876098,0.7542086088793142,2.121573599999465,42,2,noise,0.4,930,150,128,3,"{""backend"": ""aeon"", ""n_jobs"": -1, ""candidate_k"": 20, ""paa_segments"": 32}","{""init"": ""random"", ""max_iter"": 300, ""method"": ""alternate""}"
CBF,sbd,sliding,0.7251469536363294,0.735546117565356,1.2263183999993998,42,3,noise,0.4,930,150,128,3,"{""backend"": ""aeon"", ""n_jobs"": -1, ""candidate_k"": 20, ""paa_segments"": 32}","{""init"": ""random"", ""max_iter"": 300, ""method"": ""alternate""}"
CBF,sbd,sliding,0.574611460976656,0.5787076084016841,1.2374221000000034,42,4,noise,0.4,930,150,128,3,"{""backend"": ""aeon"", ""n_jobs"": -1, ""candidate_k"": 20, ""paa_segments"": 32}","{""init"": ""random"", ""max_iter"": 300, ""method"": ""alternate""}"
CBF,sbd,sliding,0.5191360251157374,0.5260628699485382,2.110867800000051,42,5,noise,0.4,930,150,128,3,"{""backend"": ""aeon"", ""n_jobs"": -1, ""candidate_k"": 20, ""paa_segments"": 32}","{""init"": ""random"", ""max_iter"": 300, ""method"": ""alternate""}"
CBF,sbd,sliding,0.7376728857876098,0.7542086088793142,1.2120218000000023,42,6,noise,0.4,930,150,128,3,"{""backend"": ""aeon"", ""n_jobs"": -1, ""candidate_k"": 20, ""paa_segments"": 32}","{""init"": ""random"", ""max_iter"": 300, ""method"": ""alternate""}"
CBF,sbd,sliding,0.5339425767932028,0.6319534122851143,1.1783506000010675,42,7,noise,0.4,930,150,128,3,"{""backend"": ""aeon"", ""n_jobs"": -1, ""candidate_k"": 20, ""paa_segments"": 32}","{""init"": ""random"", ""max_iter"": 300, ""method"": ""alternate""}"
CBF,sbd,sliding,0.7376728857876098,0.7542086088793142,2.109506999999212,42,8,noise,0.4,930,150,128,3,"{""backend"": ""aeon"", ""n_jobs"": -1, ""candidate_k"": 20, ""paa_segments"": 32}","{""init"": ""random"", ""max_iter"": 300, ""method"": ""alternate""}"
CBF,sbd,sliding,0.39363464753387273,0.5092797445531666,2.1234863999998197,42,9,noise,0.4,930,150,128,3,"{""backend"": ""aeon"", ""n_jobs"": -1, ""candidate_k"": 20, ""paa_segments"": 32}","{""init"": ""random"", ""max_iter"": 300, ""method"": ""alternate""}"
CBF,sbd,sliding,0.5438831632178992,0.6371737587703264,2.101550999999745,42,10,noise,0.4,930,150,128,3,"{""backend"": ""aeon"", ""n_jobs"": -1, ""candidate_k"": 20, ""paa_segments"": 32}","{""init"": ""random"", ""max_iter"": 300, ""method"": ""alternate""}"
CBF,dtw,elastic,0.5651893064961679,0.5558912747617654,5.994800999999995,42,1,noise,0.8,930,150,128,3,"{""window"": 13, ""backend"": ""aeon""}","{""init"": ""random"", ""max_iter"": 300, ""method"": ""alternate""}"
CBF,dtw,elastic,0.5651893064961679,0.5558912747617654,6.096202100000085,42,2,noise,0.8,930,150,128,3,"{""window"": 13, ""backend"": ""aeon""}","{""init"": ""random"", ""max_iter"": 300, ""method"": ""alternate""}"
CBF,dtw,elastic,0.189316397811433,0.24866132029560903,8.783063499999969,42,3,noise,0.8,930,150,128,3,"{""window"": 13, ""backend"": ""aeon""}","{""init"": ""random"", ""max_iter"": 300, ""method"": ""alternate""}"
CBF,dtw,elastic,0.3413040718097488,0.4523052554043929,8.2594158,42,4,noise,0.8,930,150,128,3,"{""window"": 13, ""backend"": ""aeon""}","{""init"": ""random"", ""max_iter"": 300, ""method"": ""alternate""}"
CBF,dtw,elastic,0.5651893064961679,0.5558912747617655,8.824066200000004,42,5,noise,0.8,930,150,128,3,"{""window"": 13, ""backend"": ""aeon""}","{""init"": ""random"", ""max_iter"": 300, ""method"": ""alternate""}"
CBF,dtw,elastic,0.5795845954949089,0.551498143724352,8.611084300000016,42,6,noise,0.8,930,150,128,3,"{""window"": 13, ""backend"": ""aeon""}","{""init"": ""random"", ""max_iter"": 300, ""method"": ""alternate""}"
CBF,dtw,elastic,0.5353035201991013,0.5764737687549041,10.559551499999998,42,7,noise,0.8,930,150,128,3,"{""window"": 13, ""backend"": ""aeon""}","{""init"": ""random"", ""max_iter"": 300, ""method"": ""alternate""}"
CBF,dtw,elastic,0.5710590418587337,0.5506085324607944,7.795681799999954,42,8,noise,0.8,930,150,128,3,"{""window"": 13, ""backend"": ""aeon""}","{""init"": ""random"", ""max_iter"": 300, ""method"": ""alternate""}"
CBF,dtw,elastic,0.38381910438732353,0.4052263367158761,8.874233599999968,42,9,noise,0.8,930,150,128,3,"{""window"": 13, ""backend"": ""aeon""}","{""init"": ""random"", ""max_iter"": 300, ""method"": ""alternate""}"
CBF,dtw,elastic,0.10712081187913829,0.14998053834046113,8.119777199999987,42,10,noise,0.8,930,150,128,3,"{""window"": 13, ""backend"": ""aeon""}","{""init"": ""random"", ""max_iter"": 300, ""method"": ""alternate""}"
CBF,ed,lock-step,0.24156991721119117,0.26502233721264307,0.08480810000003203,42,1,noise,0.8,930,150,128,3,,"{""init"": ""random"", ""max_iter"": 300, ""method"": ""alternate""}"
CBF,ed,lock-step,0.22729966880934732,0.30098164372735065,0.001065200000027744,42,2,noise,0.8,930,150,128,3,,"{""init"": ""random"", ""max_iter"": 300, ""method"": ""alternate""}"
CBF,ed,lock-step,0.25497233319009194,0.27182430726908663,0.002894400000002406,42,3,noise,0.8,930,150,128,3,,"{""init"": ""random"", ""max_iter"": 300, ""method"": ""alternate""}"
CBF,ed,lock-step,0.26714657068586284,0.30580822371330624,0.0016411999999945692,42,4,noise,0.8,930,150,128,3,,"{""init"": ""random"", ""max_iter"": 300, ""method"": ""alternate""}"
CBF,ed,lock-step,0.2614216877404802,0.2828347229345619,0.0049165000000357395,42,5,noise,0.8,930,150,128,3,,"{""init"": ""random"", ""max_iter"": 300, ""method"": ""alternate""}"
CBF,ed,lock-step,0.2969437647834743,0.28832661575772467,0.005998599999998078,42,6,noise,0.8,930,150,128,3,,"{""init"": ""random"", ""max_iter"": 300, ""method"": ""alternate""}"
CBF,ed,lock-step,0.28521722421943263,0.27179339240383066,0.0012704999999755273,42,7,noise,0.8,930,150,128,3,,"{""init"": ""random"", ""max_iter"": 300, ""method"": ""alternate""}"
CBF,ed,lock-step,0.26714657068586284,0.30580822371330624,0.0019222999999897183,42,8,noise,0.8,930,150,128,3,,"{""init"": ""random"", ""max_iter"": 300, ""method"": ""alternate""}"
CBF,ed,lock-step,0.28654891145798894,0.3313553574790408,0.02873680000004697,42,9,noise,0.8,930,150,128,3,,"{""init"": ""random"", ""max_iter"": 300, ""method"": ""alternate""}"
CBF,ed,lock-step,0.26175410084464057,0.2816136964167942,0.0013628000000949214,42,10,noise,0.8,930,150,128,3,,"{""init"": ""random"", ""max_iter"": 300, ""method"": ""alternate""}"
CBF,idk,distributional,0.38196587964683765,0.3941255270265595,11.486690000000635,42,1,noise,0.8,930,150,128,3,"{""backend"": ""aeon""}","{""init"": ""random"", ""max_iter"": 300, ""method"": ""alternate""}"
CBF,idk,distributional,0.22062234183275387,0.2653589737870609,10.710946899999726,42,2,noise,0.8,930,150,128,3,"{""backend"": ""aeon""}","{""init"": ""random"", ""max_iter"": 300, ""method"": ""alternate""}"
CBF,idk,distributional,0.19825984153140425,0.2254253171806052,10.628298300000097,42,3,noise,0.8,930,150,128,3,"{""backend"": ""aeon""}","{""init"": ""random"", ""max_iter"": 300, ""method"": ""alternate""}"
CBF,idk,distributional,0.227788795606099,0.2703076196843869,10.708134900000914,42,4,noise,0.8,930,150,128,3,"{""backend"": ""aeon""}","{""init"": ""random"", ""max_iter"": 300, ""method"": ""alternate""}"
CBF,idk,distributional,0.21860292710604035,0.2717812722428179,11.661344500000268,42,5,noise,0.8,930,150,128,3,"{""backend"": ""aeon""}","{""init"": ""random"", ""max_iter"": 300, ""method"": ""alternate""}"
CBF,idk,distributional,0.2355358422364101,0.294214136162873,10.668528899999728,42,6,noise,0.8,930,150,128,3,"{""backend"": ""aeon""}","{""init"": ""random"", ""max_iter"": 300, ""method"": ""alternate""}"
CBF,idk,distributional,0.17192611086320775,0.21856293136032517,12.86059859999932,42,7,noise,0.8,930,150,128,3,"{""backend"": ""aeon""}","{""init"": ""random"", ""max_iter"": 300, ""method"": ""alternate""}"
CBF,idk,distributional,0.2268894282025319,0.2882209141655917,11.430388599999787,42,8,noise,0.8,930,150,128,3,"{""backend"": ""aeon""}","{""init"": ""random"", ""max_iter"": 300, ""method"": ""alternate""}"
CBF,idk,distributional,0.22331238347226187,0.28580404020718403,12.180476800000179,42,9,noise,0.8,930,150,128,3,"{""backend"": ""aeon""}","{""init"": ""random"", ""max_iter"": 300, ""method"": ""alternate""}"
CBF,idk,distributional,0.22049052455833526,0.2807397048860397,10.695856399999684,42,10,noise,0.8,930,150,128,3,"{""backend"": ""aeon""}","{""init"": ""random"", ""max_iter"": 300, ""method"": ""alternate""}"
CBF,msm,elastic,0.40552790626825086,0.4178910341396746,0.9971841999999356,42,1,noise,0.8,930,150,128,3,"{""c"": 1.0, ""backend"": ""aeon""}","{""init"": ""random"", ""max_iter"": 300, ""method"": ""alternate""}"
CBF,msm,elastic,0.49625957374961277,0.5058210293899408,4.665435800000068,42,2,noise,0.8,930,150,128,3,"{""c"": 1.0, ""backend"": ""aeon""}","{""init"": ""random"", ""max_iter"": 300, ""method"": ""alternate""}"
CBF,msm,elastic,0.24039592158884074,0.2996130454453457,1.4841819999999757,42,3,noise,0.8,930,150,128,3,"{""c"": 1.0, ""backend"": ""aeon""}","{""init"": ""random"", ""max_iter"": 300, ""method"": ""alternate""}"
CBF,msm,elastic,0.3242533898501,0.36342083656768526,2.040729400000032,42,4,noise,0.8,930,150,128,3,"{""c"": 1.0, ""backend"": ""aeon""}","{""init"": ""random"", ""max_iter"": 300, ""method"": ""alternate""}"
CBF,msm,elastic,0.29714382306176673,0.3583991775341713,1.497435199999984,42,5,noise,0.8,930,150,128,3,"{""c"": 1.0, ""backend"": ""aeon""}","{""init"": ""random"", ""max_iter"": 300, ""method"": ""alternate""}"
CBF,msm,elastic,0.5492819238010602,0.5529188776467262,1.390181900000016,42,6,noise,0.8,930,150,128,3,"{""c"": 1.0, ""backend"": ""aeon""}","{""init"": ""random"", ""max_iter"": 300, ""method"": ""alternate""}"
CBF,msm,elastic,0.4381735755879103,0.494946837441733,2.2107677000000194,42,7,noise,0.8,930,150,128,3,"{""c"": 1.0, ""backend"": ""aeon""}","{""init"": ""random"", ""max_iter"": 300, ""method"": ""alternate""}"
CBF,msm,elastic,0.4537734098754498,0.43921880036420946,1.6301172999999949,42,8,noise,0.8,930,150,128,3,"{""c"": 1.0, ""backend"": ""aeon""}","{""init"": ""random"", ""max_iter"": 300, ""method"": ""alternate""}"
CBF,msm,elastic,0.3711911071164763,0.4604847173238435,1.6240280999999754,42,9,noise,0.8,930,150,128,3,"{""c"": 1.0, ""backend"": ""aeon""}","{""init"": ""random"", ""max_iter"": 300, ""method"": ""alternate""}"
CBF,msm,elastic,0.22496828071263344,0.2995031967031159,1.3708621999999764,42,10,noise,0.8,930,150,128,3,"{""c"": 1.0, ""backend"": ""aeon""}","{""init"": ""random"", ""max_iter"": 300, ""method"": ""alternate""}"
CBF,sbd,sliding,0.5328517716212267,0.5279955510077932,2.1031575999995766,42,1,noise,0.8,930,150,128,3,"{""backend"": ""aeon"", ""n_jobs"": -1, ""candidate_k"": 20, ""paa_segments"": 32}","{""init"": ""random"", ""max_iter"": 300, ""method"": ""alternate""}"
CBF,sbd,sliding,0.5328517716212267,0.5279955510077933,1.1852625000001353,42,2,noise,0.8,930,150,128,3,"{""backend"": ""aeon"", ""n_jobs"": -1, ""candidate_k"": 20, ""paa_segments"": 32}","{""init"": ""random"", ""max_iter"": 300, ""method"": ""alternate""}"
CBF,sbd,sliding,0.6809464782969743,0.6796721812154317,1.2559400000000096,42,3,noise,0.8,930,150,128,3,"{""backend"": ""aeon"", ""n_jobs"": -1, ""candidate_k"": 20, ""paa_segments"": 32}","{""init"": ""random"", ""max_iter"": 300, ""method"": ""alternate""}"
CBF,sbd,sliding,0.26424742333833245,0.30765559652121593,2.1188079999992624,42,4,noise,0.8,930,150,128,3,"{""backend"": ""aeon"", ""n_jobs"": -1, ""candidate_k"": 20, ""paa_segments"": 32}","{""init"": ""random"", ""max_iter"": 300, ""method"": ""alternate""}"
CBF,sbd,sliding,0.5328517716212267,0.527995551007793,1.2802708999997776,42,5,noise,0.8,930,150,128,3,"{""backend"": ""aeon"", ""n_jobs"": -1, ""candidate_k"": 20, ""paa_segments"": 32}","{""init"": ""random"", ""max_iter"": 300, ""method"": ""alternate""}"
CBF,sbd,sliding,0.6809464782969743,0.6796721812154317,1.2377501000000848,42,6,noise,0.8,930,150,128,3,"{""backend"": ""aeon"", ""n_jobs"": -1, ""candidate_k"": 20, ""paa_segments"": 32}","{""init"": ""random"", ""max_iter"": 300, ""method"": ""alternate""}"
CBF,sbd,sliding,0.3915846675774834,0.42333152682154895,2.104299799999353,42,7,noise,0.8,930,150,128,3,"{""backend"": ""aeon"", ""n_jobs"": -1, ""candidate_k"": 20, ""paa_segments"": 32}","{""init"": ""random"", ""max_iter"": 300, ""method"": ""alternate""}"
CBF,sbd,sliding,0.5328517716212267,0.527995551007793,1.328380400000242,42,8,noise,0.8,930,150,128,3,"{""backend"": ""aeon"", ""n_jobs"": -1, ""candidate_k"": 20, ""paa_segments"": 32}","{""init"": ""random"", ""max_iter"": 300, ""method"": ""alternate""}"
CBF,sbd,sliding,0.5328517716212267,0.5279955510077932,1.2591087999990123,42,9,noise,0.8,930,150,128,3,"{""backend"": ""aeon"", ""n_jobs"": -1, ""candidate_k"": 20, ""paa_segments"": 32}","{""init"": ""random"", ""max_iter"": 300, ""method"": ""alternate""}"
CBF,sbd,sliding,0.3915846675774834,0.423331526821549,2.0165210999994088,42,10,noise,0.8,930,150,128,3,"{""backend"": ""aeon"", ""n_jobs"": -1, ""candidate_k"": 20, ""paa_segments"": 32}","{""init"": ""random"", ""max_iter"": 300, ""method"": ""alternate""}"
CBF,dtw,elastic,0.7781076632899532,0.7703043379830262,7.314597499999991,42,1,shift,0.0,930,150,128,3,"{""window"": 13, ""backend"": ""aeon""}","{""init"": ""random"", ""max_iter"": 300, ""method"": ""alternate""}"
CBF,dtw,elastic,0.8031884679783747,0.8314786667170627,6.88668100000001,42,2,shift,0.0,930,150,128,3,"{""window"": 13, ""backend"": ""aeon""}","{""init"": ""random"", ""max_iter"": 300, ""method"": ""alternate""}"
CBF,dtw,elastic,0.29005799181779424,0.32312497355643893,17.149232600000005,42,3,shift,0.0,930,150,128,3,"{""window"": 13, ""backend"": ""aeon""}","{""init"": ""random"", ""max_iter"": 300, ""method"": ""alternate""}"
CBF,dtw,elastic,0.7781076632899532,0.7703043379830262,6.065230100000008,42,4,shift,0.0,930,150,128,3,"{""window"": 13, ""backend"": ""aeon""}","{""init"": ""random"", ""max_iter"": 300, ""method"": ""alternate""}"
CBF,dtw,elastic,0.7781076632899532,0.7703043379830262,5.900604699999974,42,5,shift,0.0,930,150,128,3,"{""window"": 13, ""backend"": ""aeon""}","{""init"": ""random"", ""max_iter"": 300, ""method"": ""alternate""}"
CBF,dtw,elastic,0.7704085965841763,0.793321002507109,5.63273410000005,42,6,shift,0.0,930,150,128,3,"{""window"": 13, ""backend"": ""aeon""}","{""init"": ""random"", ""max_iter"": 300, ""method"": ""alternate""}"
CBF,dtw,elastic,0.20640321936352474,0.25597146696144646,5.5618445000000065,42,7,shift,0.0,930,150,128,3,"{""window"": 13, ""backend"": ""aeon""}","{""init"": ""random"", ""max_iter"": 300, ""method"": ""alternate""}"
CBF,dtw,elastic,0.7781076632899532,0.7703043379830262,5.431233400000053,42,8,shift,0.0,930,150,128,3,"{""window"": 13, ""backend"": ""aeon""}","{""init"": ""random"", ""max_iter"": 300, ""method"": ""alternate""}"
CBF,dtw,elastic,0.7781076632899532,0.7703043379830262,5.585732899999982,42,9,shift,0.0,930,150,128,3,"{""window"": 13, ""backend"": ""aeon""}","{""init"": ""random"", ""max_iter"": 300, ""method"": ""alternate""}"
CBF,dtw,elastic,0.20640321936352474,0.25597146696144646,5.791905600000007,42,10,shift,0.0,930,150,128,3,"{""window"": 13, ""backend"": ""aeon""}","{""init"": ""random"", ""max_iter"": 300, ""method"": ""alternate""}"
CBF,ed,lock-step,0.21976899108768466,0.2616295556891146,0.0015637000000197077,42,1,shift,0.0,930,150,128,3,,"{""init"": ""random"", ""max_iter"": 300, ""method"": ""alternate""}"
CBF,ed,lock-step,0.21801735352642948,0.26207329845403593,0.0019885000000385844,42,2,shift,0.0,930,150,128,3,,"{""init"": ""random"", ""max_iter"": 300, ""method"": ""alternate""}"
CBF,ed,lock-step,0.18295991731644637,0.25409064310623236,0.001959500000054959,42,3,shift,0.0,930,150,128,3,,"{""init"": ""random"", ""max_iter"": 300, ""method"": ""alternate""}"
CBF,ed,lock-step,0.18411433169074418,0.24724661884096702,0.0031861999999591717,42,4,shift,0.0,930,150,128,3,,"{""init"": ""random"", ""max_iter"": 300, ""method"": ""alternate""}"
CBF,ed,lock-step,0.15032785101946397,0.255175463721561,0.0030970000000252185,42,5,shift,0.0,930,150,128,3,,"{""init"": ""random"", ""max_iter"": 300, ""method"": ""alternate""}"
CBF,ed,lock-step,0.2412420784818695,0.29930119575002195,0.0008702999999741223,42,6,shift,0.0,930,150,128,3,,"{""init"": ""random"", ""max_iter"": 300, ""method"": ""alternate""}"
CBF,ed,lock-step,0.242781372960611,0.3144958777930363,0.0011939999999412976,42,7,shift,0.0,930,150,128,3,,"{""init"": ""random"", ""max_iter"": 300, ""method"": ""alternate""}"
CBF,ed,lock-step,0.23542056722834756,0.27549173225723567,0.0009395999999810556,42,8,shift,0.0,930,150,128,3,,"{""init"": ""random"", ""max_iter"": 300, ""method"": ""alternate""}"
CBF,ed,lock-step,0.17507826239433932,0.1808155982196754,0.0013402999999811982,42,9,shift,0.0,930,150,128,3,,"{""init"": ""random"", ""max_iter"": 300, ""method"": ""alternate""}"
CBF,ed,lock-step,0.19947203098280664,0.23440317234814387,0.0017772000000491062,42,10,shift,0.0,930,150,128,3,,"{""init"": ""random"", ""max_iter"": 300, ""method"": ""alternate""}"
CBF,idk,distributional,0.7203536622123983,0.7452159287407532,11.537728100000095,42,1,shift,0.0,930,150,128,3,"{""backend"": ""aeon""}","{""init"": ""random"", ""max_iter"": 300, ""method"": ""alternate""}"
CBF,idk,distributional,0.3464836071839963,0.41461159813388476,10.701159300000654,42,2,shift,0.0,930,150,128,3,"{""backend"": ""aeon""}","{""init"": ""random"", ""max_iter"": 300, ""method"": ""alternate""}"
CBF,idk,distributional,0.294121038777839,0.38213179007430786,11.778462600000239,42,3,shift,0.0,930,150,128,3,"{""backend"": ""aeon""}","{""init"": ""random"", ""max_iter"": 300, ""method"": ""alternate""}"
CBF,idk,distributional,0.3464836071839963,0.41461159813388476,11.521088999999847,42,4,shift,0.0,930,150,128,3,"{""backend"": ""aeon""}","{""init"": ""random"", ""max_iter"": 300, ""method"": ""alternate""}"
CBF,idk,distributional,0.48364688706350567,0.5197631978929902,11.662128200000552,42,5,shift,0.0,930,150,128,3,"{""backend"": ""aeon""}","{""init"": ""random"", ""max_iter"": 300, ""method"": ""alternate""}"
CBF,idk,distributional,0.22125883885052627,0.3485757055873571,11.863118999999642,42,6,shift,0.0,930,150,128,3,"{""backend"": ""aeon""}","{""init"": ""random"", ""max_iter"": 300, ""method"": ""alternate""}"
CBF,idk,distributional,0.21544217013278139,0.36072794907364975,11.448393399999986,42,7,shift,0.0,930,150,128,3,"{""backend"": ""aeon""}","{""init"": ""random"", ""max_iter"": 300, ""method"": ""alternate""}"
CBF,idk,distributional,0.33751617441358933,0.4099445869814667,12.600524399998903,42,8,shift,0.0,930,150,128,3,"{""backend"": ""aeon""}","{""init"": ""random"", ""max_iter"": 300, ""method"": ""alternate""}"
CBF,idk,distributional,0.3765321188091095,0.41037302697793887,12.092361999999412,42,9,shift,0.0,930,150,128,3,"{""backend"": ""aeon""}","{""init"": ""random"", ""max_iter"": 300, ""method"": ""alternate""}"
CBF,idk,distributional,0.18883051486850178,0.25351472932987273,12.356141899999784,42,10,shift,0.0,930,150,128,3,"{""backend"": ""aeon""}","{""init"": ""random"", ""max_iter"": 300, ""method"": ""alternate""}"
CBF,msm,elastic,0.6182486143596568,0.6760570465467395,1.2388416999999663,42,1,shift,0.0,930,150,128,3,"{""c"": 1.0, ""backend"": ""aeon""}","{""init"": ""random"", ""max_iter"": 300, ""method"": ""alternate""}"
CBF,msm,elastic,0.6182486143596568,0.6760570465467395,1.1226403000000005,42,2,shift,0.0,930,150,128,3,"{""c"": 1.0, ""backend"": ""aeon""}","{""init"": ""random"", ""max_iter"": 300, ""method"": ""alternate""}"
CBF,msm,elastic,0.5110945323789361,0.5515270900859249,4.012678199999982,42,3,shift,0.0,930,150,128,3,"{""c"": 1.0, ""backend"": ""aeon""}","{""init"": ""random"", ""max_iter"": 300, ""method"": ""alternate""}"
CBF,msm,elastic,0.28200140553487124,0.3367004915386714,0.8923745000000167,42,4,shift,0.0,930,150,128,3,"{""c"": 1.0, ""backend"": ""aeon""}","{""init"": ""random"", ""max_iter"": 300, ""method"": ""alternate""}"
CBF,msm,elastic,0.6182486143596568,0.6760570465467395,0.9192395000000033,42,5,shift,0.0,930,150,128,3,"{""c"": 1.0, ""backend"": ""aeon""}","{""init"": ""random"", ""max_iter"": 300, ""method"": ""alternate""}"
CBF,msm,elastic,0.3156473975775406,0.4048173191768149,0.8603524000000107,42,6,shift,0.0,930,150,128,3,"{""c"": 1.0, ""backend"": ""aeon""}","{""init"": ""random"", ""max_iter"": 300, ""method"": ""alternate""}"
CBF,msm,elastic,0.5804583144033054,0.6148190807689878,0.8411821999999347,42,7,shift,0.0,930,150,128,3,"{""c"": 1.0, ""backend"": ""aeon""}","{""init"": ""random"", ""max_iter"": 300, ""method"": ""alternate""}"
CBF,msm,elastic,0.6182486143596568,0.6760570465467395,0.9048807000000352,42,8,shift,0.0,930,150,128,3,"{""c"": 1.0, ""backend"": ""aeon""}","{""init"": ""random"", ""max_iter"": 300, ""method"": ""alternate""}"
CBF,msm,elastic,0.4328934976163429,0.6072411891488683,0.9501061000000277,42,9,shift,0.0,930,150,128,3,"{""c"": 1.0, ""backend"": ""aeon""}","{""init"": ""random"", ""max_iter"": 300, ""method"": ""alternate""}"
CBF,msm,elastic,0.26143765286273773,0.28465581601719603,0.8269381000000067,42,10,shift,0.0,930,150,128,3,"{""c"": 1.0, ""backend"": ""aeon""}","{""init"": ""random"", ""max_iter"": 300, ""method"": ""alternate""}"
CBF,sbd,sliding,0.7376728857876098,0.7542086088793142,2.1804395999997723,42,1,shift,0.0,930,150,128,3,"{""backend"": ""aeon"", ""n_jobs"": -1, ""candidate_k"": 20, ""paa_segments"": 32}","{""init"": ""random"", ""max_iter"": 300, ""method"": ""alternate""}"
CBF,sbd,sliding,0.7376728857876098,0.7542086088793142,2.111097200000586,42,2,shift,0.0,930,150,128,3,"{""backend"": ""aeon"", ""n_jobs"": -1, ""candidate_k"": 20, ""paa_segments"": 32}","{""init"": ""random"", ""max_iter"": 300, ""method"": ""alternate""}"
CBF,sbd,sliding,0.7376728857876098,0.7542086088793142,1.2307962999993833,42,3,shift,0.0,930,150,128,3,"{""backend"": ""aeon"", ""n_jobs"": -1, ""candidate_k"": 20, ""paa_segments"": 32}","{""init"": ""random"", ""max_iter"": 300, ""method"": ""alternate""}"
CBF,sbd,sliding,0.7376728857876098,0.7542086088793142,1.2403734000008626,42,4,shift,0.0,930,150,128,3,"{""backend"": ""aeon"", ""n_jobs"": -1, ""candidate_k"": 20, ""paa_segments"": 32}","{""init"": ""random"", ""max_iter"": 300, ""method"": ""alternate""}"
CBF,sbd,sliding,0.7376728857876098,0.7542086088793142,1.2320219000002908,42,5,shift,0.0,930,150,128,3,"{""backend"": ""aeon"", ""n_jobs"": -1, ""candidate_k"": 20, ""paa_segments"": 32}","{""init"": ""random"", ""max_iter"": 300, ""method"": ""alternate""}"
CBF,sbd,sliding,0.7376728857876098,0.7542086088793142,2.102666599999793,42,6,shift,0.0,930,150,128,3,"{""backend"": ""aeon"", ""n_jobs"": -1, ""candidate_k"": 20, ""paa_segments"": 32}","{""init"": ""random"", ""max_iter"": 300, ""method"": ""alternate""}"
CBF,sbd,sliding,0.2806623558310791,0.32868028029568996,2.137636599999496,42,7,shift,0.0,930,150,128,3,"{""backend"": ""aeon"", ""n_jobs"": -1, ""candidate_k"": 20, ""paa_segments"": 32}","{""init"": ""random"", ""max_iter"": 300, ""method"": ""alternate""}"
CBF,sbd,sliding,0.7376728857876098,0.7542086088793142,2.1157625999994707,42,8,shift,0.0,930,150,128,3,"{""backend"": ""aeon"", ""n_jobs"": -1, ""candidate_k"": 20, ""paa_segments"": 32}","{""init"": ""random"", ""max_iter"": 300, ""method"": ""alternate""}"
CBF,sbd,sliding,0.4992866880131884,0.5664631421107773,2.1638733999998294,42,9,shift,0.0,930,150,128,3,"{""backend"": ""aeon"", ""n_jobs"": -1, ""candidate_k"": 20, ""paa_segments"": 32}","{""init"": ""random"", ""max_iter"": 300, ""method"": ""alternate""}"
CBF,sbd,sliding,0.18163216249874678,0.25628504118658074,2.125791899999058,42,10,shift,0.0,930,150,128,3,"{""backend"": ""aeon"", ""n_jobs"": -1, ""candidate_k"": 20, ""paa_segments"": 32}","{""init"": ""random"", ""max_iter"": 300, ""method"": ""alternate""}"
CBF,dtw,elastic,0.19140184917146272,0.20791521110020963,8.850813399999993,42,1,shift,10.0,930,150,128,3,"{""window"": 13, ""backend"": ""aeon""}","{""init"": ""random"", ""max_iter"": 300, ""method"": ""alternate""}"
CBF,dtw,elastic,0.7330799671732637,0.7241026889007495,8.101421899999991,42,2,shift,10.0,930,150,128,3,"{""window"": 13, ""backend"": ""aeon""}","{""init"": ""random"", ""max_iter"": 300, ""method"": ""alternate""}"
CBF,dtw,elastic,0.2971858722317438,0.3334480824065057,8.334217100000046,42,3,shift,10.0,930,150,128,3,"{""window"": 13, ""backend"": ""aeon""}","{""init"": ""random"", ""max_iter"": 300, ""method"": ""alternate""}"
CBF,dtw,elastic,0.7502701644638917,0.7372298235169034,8.213865100000021,42,4,shift,10.0,930,150,128,3,"{""window"": 13, ""backend"": ""aeon""}","{""init"": ""random"", ""max_iter"": 300, ""method"": ""alternate""}"
CBF,dtw,elastic,0.6058121936434401,0.6011773861355707,9.049149500000112,42,5,shift,10.0,930,150,128,3,"{""window"": 13, ""backend"": ""aeon""}","{""init"": ""random"", ""max_iter"": 300, ""method"": ""alternate""}"
CBF,dtw,elastic,0.7330799671732637,0.7241026889007495,7.815467099999978,42,6,shift,10.0,930,150,128,3,"{""window"": 13, ""backend"": ""aeon""}","{""init"": ""random"", ""max_iter"": 300, ""method"": ""alternate""}"
CBF,dtw,elastic,0.15290758144084848,0.1856258904898733,10.059238199999868,42,7,shift,10.0,930,150,128,3,"{""window"": 13, ""backend"": ""aeon""}","{""init"": ""random"", ""max_iter"": 300, ""method"": ""alternate""}"
CBF,dtw,elastic,0.7502701644638917,0.7372298235169032,6.862841900000035,42,8,shift,10.0,930,150,128,3,"{""window"": 13, ""backend"": ""aeon""}","{""init"": ""random"", ""max_iter"": 300, ""method"": ""alternate""}"
CBF,dtw,elastic,0.17998686007233242,0.24273507143752565,8.190568300000109,42,9,shift,10.0,930,150,128,3,"{""window"": 13, ""backend"": ""aeon""}","{""init"": ""random"", ""max_iter"": 300, ""method"": ""alternate""}"
CBF,dtw,elastic,0.15290758144084848,0.1856258904898733,8.562854099999981,42,10,shift,10.0,930,150,128,3,"{""window"": 13, ""backend"": ""aeon""}","{""init"": ""random"", ""max_iter"": 300, ""method"": ""alternate""}"
CBF,ed,lock-step,0.13886109239554387,0.16375064160042252,0.001403400000071997,42,1,shift,10.0,930,150,128,3,,"{""init"": ""random"", ""max_iter"": 300, ""method"": ""alternate""}"
CBF,ed,lock-step,0.16360945102834848,0.1922364429440861,0.003282800000079078,42,2,shift,10.0,930,150,128,3,,"{""init"": ""random"", ""max_iter"": 300, ""method"": ""alternate""}"
CBF,ed,lock-step,0.0889843658685024,0.11757539324676217,0.001418700000044737,42,3,shift,10.0,930,150,128,3,,"{""init"": ""random"", ""max_iter"": 300, ""method"": ""alternate""}"
CBF,ed,lock-step,0.14894066912054862,0.19875360784118293,0.0019955999999865526,42,4,shift,10.0,930,150,128,3,,"{""init"": ""random"", ""max_iter"": 300, ""method"": ""alternate""}"
CBF,ed,lock-step,0.14894066912054862,0.19875360784118293,0.0015180999999984124,42,5,shift,10.0,930,150,128,3,,"{""init"": ""random"", ""max_iter"": 300, ""method"": ""alternate""}"
CBF,ed,lock-step,0.14894066912054862,0.19875360784118293,0.0014463999999634325,42,6,shift,10.0,930,150,128,3,,"{""init"": ""random"", ""max_iter"": 300, ""method"": ""alternate""}"
CBF,ed,lock-step,0.07908245276247325,0.15004589485804404,0.0010552999999617896,42,7,shift,10.0,930,150,128,3,,"{""init"": ""random"", ""max_iter"": 300, ""method"": ""alternate""}"
CBF,ed,lock-step,0.16542435047299442,0.21166415451097173,0.0010173000000577304,42,8,shift,10.0,930,150,128,3,,"{""init"": ""random"", ""max_iter"": 300, ""method"": ""alternate""}"
CBF,ed,lock-step,0.14894066912054862,0.19875360784118293,0.0012141000000838176,42,9,shift,10.0,930,150,128,3,,"{""init"": ""random"", ""max_iter"": 300, ""method"": ""alternate""}"
CBF,ed,lock-step,0.123612249363334,0.152198446714132,0.0011332999998785453,42,10,shift,10.0,930,150,128,3,,"{""init"": ""random"", ""max_iter"": 300, ""method"": ""alternate""}"
CBF,idk,distributional,0.3103208790150022,0.39225996950337627,11.770898700001453,42,1,shift,10.0,930,150,128,3,"{""backend"": ""aeon""}","{""init"": ""random"", ""max_iter"": 300, ""method"": ""alternate""}"
CBF,idk,distributional,0.3042650011683307,0.3632617940199611,11.9332301000004,42,2,shift,10.0,930,150,128,3,"{""backend"": ""aeon""}","{""init"": ""random"", ""max_iter"": 300, ""method"": ""alternate""}"
CBF,idk,distributional,0.3047193515378475,0.3884471283112577,11.522861899999043,42,3,shift,10.0,930,150,128,3,"{""backend"": ""aeon""}","{""init"": ""random"", ""max_iter"": 300, ""method"": ""alternate""}"
CBF,idk,distributional,0.3123911216109274,0.34522859826514884,10.6843073,42,4,shift,10.0,930,150,128,3,"{""backend"": ""aeon""}","{""init"": ""random"", ""max_iter"": 300, ""method"": ""alternate""}"
CBF,idk,distributional,0.3190549497369278,0.3533784747632605,12.539062400000148,42,5,shift,10.0,930,150,128,3,"{""backend"": ""aeon""}","{""init"": ""random"", ""max_iter"": 300, ""method"": ""alternate""}"
CBF,idk,distributional,0.2164900732758421,0.3366219173046568,12.51258560000042,42,6,shift,10.0,930,150,128,3,"{""backend"": ""aeon""}","{""init"": ""random"", ""max_iter"": 300, ""method"": ""alternate""}"
CBF,idk,distributional,0.2164900732758421,0.3366219173046568,11.580956100000549,42,7,shift,10.0,930,150,128,3,"{""backend"": ""aeon""}","{""init"": ""random"", ""max_iter"": 300, ""method"": ""alternate""}"
CBF,idk,distributional,0.31386752506919463,0.3757042456842464,11.614695100000063,42,8,shift,10.0,930,150,128,3,"{""backend"": ""aeon""}","{""init"": ""random"", ""max_iter"": 300, ""method"": ""alternate""}"
CBF,idk,distributional,0.30433983057686687,0.3630613601927223,10.69973569999911,42,9,shift,10.0,930,150,128,3,"{""backend"": ""aeon""}","{""init"": ""random"", ""max_iter"": 300, ""method"": ""alternate""}"
CBF,idk,distributional,0.3047865377887666,0.36535361560031326,10.668340200000785,42,10,shift,10.0,930,150,128,3,"{""backend"": ""aeon""}","{""init"": ""random"", ""max_iter"": 300, ""method"": ""alternate""}"
CBF,msm,elastic,0.4098192619597421,0.5437585954381564,1.3808822000000873,42,1,shift,10.0,930,150,128,3,"{""c"": 1.0, ""backend"": ""aeon""}","{""init"": ""random"", ""max_iter"": 300, ""method"": ""alternate""}"
CBF,msm,elastic,0.535238627874524,0.5607048727191781,1.295096400000034,42,2,shift,10.0,930,150,128,3,"{""c"": 1.0, ""backend"": ""aeon""}","{""init"": ""random"", ""max_iter"": 300, ""method"": ""alternate""}"
CBF,msm,elastic,0.24118323666765568,0.31320095907829715,1.3516421000000491,42,3,shift,10.0,930,150,128,3,"{""c"": 1.0, ""backend"": ""aeon""}","{""init"": ""random"", ""max_iter"": 300, ""method"": ""alternate""}"
CBF,msm,elastic,0.2566066887694338,0.3408855069985793,1.2581288999998606,42,4,shift,10.0,930,150,128,3,"{""c"": 1.0, ""backend"": ""aeon""}","{""init"": ""random"", ""max_iter"": 300, ""method"": ""alternate""}"
CBF,msm,elastic,0.26555611589204664,0.27338233543446055,1.5305247999999665,42,5,shift,10.0,930,150,128,3,"{""c"": 1.0, ""backend"": ""aeon""}","{""init"": ""random"", ""max_iter"": 300, ""method"": ""alternate""}"
CBF,msm,elastic,0.4775439717545428,0.5052102689594956,1.1661395000000994,42,6,shift,10.0,930,150,128,3,"{""c"": 1.0, ""backend"": ""aeon""}","{""init"": ""random"", ""max_iter"": 300, ""method"": ""alternate""}"
CBF,msm,elastic,0.4775439717545428,0.5052102689594956,1.3278761999999915,42,7,shift,10.0,930,150,128,3,"{""c"": 1.0, ""backend"": ""aeon""}","{""init"": ""random"", ""max_iter"": 300, ""method"": ""alternate""}"
CBF,msm,elastic,0.4678655894350883,0.49478329182114394,2.0354231999999683,42,8,shift,10.0,930,150,128,3,"{""c"": 1.0, ""backend"": ""aeon""}","{""init"": ""random"", ""max_iter"": 300, ""method"": ""alternate""}"
CBF,msm,elastic,0.4775439717545428,0.5052102689594956,1.369992899999943,42,9,shift,10.0,930,150,128,3,"{""c"": 1.0, ""backend"": ""aeon""}","{""init"": ""random"", ""max_iter"": 300, ""method"": ""alternate""}"
CBF,msm,elastic,0.2521240753661829,0.29701706024059255,1.1540112000000136,42,10,shift,10.0,930,150,128,3,"{""c"": 1.0, ""backend"": ""aeon""}","{""init"": ""random"", ""max_iter"": 300, ""method"": ""alternate""}"
CBF,sbd,sliding,0.4167583389373273,0.506537013606831,2.1454962999996496,42,1,shift,10.0,930,150,128,3,"{""backend"": ""aeon"", ""n_jobs"": -1, ""candidate_k"": 20, ""paa_segments"": 32}","{""init"": ""random"", ""max_iter"": 300, ""method"": ""alternate""}"
CBF,sbd,sliding,0.7359274203842624,0.7474194878219296,2.134080000000722,42,2,shift,10.0,930,150,128,3,"{""backend"": ""aeon"", ""n_jobs"": -1, ""candidate_k"": 20, ""paa_segments"": 32}","{""init"": ""random"", ""max_iter"": 300, ""method"": ""alternate""}"
CBF,sbd,sliding,0.25138651160400516,0.3402400214057448,2.148700199999439,42,3,shift,10.0,930,150,128,3,"{""backend"": ""aeon"", ""n_jobs"": -1, ""candidate_k"": 20, ""paa_segments"": 32}","{""init"": ""random"", ""max_iter"": 300, ""method"": ""alternate""}"
CBF,sbd,sliding,0.47185543060157453,0.5097340401526015,1.2513318000010258,42,4,shift,10.0,930,150,128,3,"{""backend"": ""aeon"", ""n_jobs"": -1, ""candidate_k"": 20, ""paa_segments"": 32}","{""init"": ""random"", ""max_iter"": 300, ""method"": ""alternate""}"
CBF,sbd,sliding,0.4167583389373273,0.506537013606831,2.116326200000003,42,5,shift,10.0,930,150,128,3,"{""backend"": ""aeon"", ""n_jobs"": -1, ""candidate_k"": 20, ""paa_segments"": 32}","{""init"": ""random"", ""max_iter"": 300, ""method"": ""alternate""}"
CBF,sbd,sliding,0.5527132478949444,0.6013089762409926,1.2535318000000188,42,6,shift,10.0,930,150,128,3,"{""backend"": ""aeon"", ""n_jobs"": -1, ""candidate_k"": 20, ""paa_segments"": 32}","{""init"": ""random"", ""max_iter"": 300, ""method"": ""alternate""}"
CBF,sbd,sliding,0.19361763436476448,0.27352807066772034,1.2404458999999406,42,7,shift,10.0,930,150,128,3,"{""backend"": ""aeon"", ""n_jobs"": -1, ""candidate_k"": 20, ""paa_segments"": 32}","{""init"": ""random"", ""max_iter"": 300, ""method"": ""alternate""}"
CBF,sbd,sliding,0.7359274203842624,0.7474194878219296,2.120999099999608,42,8,shift,10.0,930,150,128,3,"{""backend"": ""aeon"", ""n_jobs"": -1, ""candidate_k"": 20, ""paa_segments"": 32}","{""init"": ""random"", ""max_iter"": 300, ""method"": ""alternate""}"
CBF,sbd,sliding,0.2314066465922543,0.30002736597141616,1.243652199999815,42,9,shift,10.0,930,150,128,3,"{""backend"": ""aeon"", ""n_jobs"": -1, ""candidate_k"": 20, ""paa_segments"": 32}","{""init"": ""random"", ""max_iter"": 300, ""method"": ""alternate""}"
CBF,sbd,sliding,0.17863592671346595,0.23082776936263663,1.27536069999951,42,10,shift,10.0,930,150,128,3,"{""backend"": ""aeon"", ""n_jobs"": -1, ""candidate_k"": 20, ""paa_segments"": 32}","{""init"": ""random"", ""max_iter"": 300, ""method"": ""alternate""}"
CBF,dtw,elastic,0.19986239474983045,0.23703814090001826,11.595949899999937,42,1,shift,20.0,930,150,128,3,"{""window"": 13, ""backend"": ""aeon""}","{""init"": ""random"", ""max_iter"": 300, ""method"": ""alternate""}"
CBF,dtw,elastic,0.5306892372914708,0.5163134909456744,9.333422600000063,42,2,shift,20.0,930,150,128,3,"{""window"": 13, ""backend"": ""aeon""}","{""init"": ""random"", ""max_iter"": 300, ""method"": ""alternate""}"
CBF,dtw,elastic,0.17898851805441865,0.2174011575902932,9.433267800000067,42,3,shift,20.0,930,150,128,3,"{""window"": 13, ""backend"": ""aeon""}","{""init"": ""random"", ""max_iter"": 300, ""method"": ""alternate""}"
CBF,dtw,elastic,0.4289421255204686,0.41263735355417025,9.660592099999917,42,4,shift,20.0,930,150,128,3,"{""window"": 13, ""backend"": ""aeon""}","{""init"": ""random"", ""max_iter"": 300, ""method"": ""alternate""}"
CBF,dtw,elastic,0.37325223796586665,0.40768130628699634,10.530793700000004,42,5,shift,20.0,930,150,128,3,"{""window"": 13, ""backend"": ""aeon""}","{""init"": ""random"", ""max_iter"": 300, ""method"": ""alternate""}"
CBF,dtw,elastic,0.6712904017496973,0.6637266249464,9.588752999999883,42,6,shift,20.0,930,150,128,3,"{""window"": 13, ""backend"": ""aeon""}","{""init"": ""random"", ""max_iter"": 300, ""method"": ""alternate""}"
CBF,dtw,elastic,0.19575746891972431,0.276535784513891,9.985498600000028,42,7,shift,20.0,930,150,128,3,"{""window"": 13, ""backend"": ""aeon""}","{""init"": ""random"", ""max_iter"": 300, ""method"": ""alternate""}"
CBF,dtw,elastic,0.7580904412747126,0.7590882332112858,9.02365670000006,42,8,shift,20.0,930,150,128,3,"{""window"": 13, ""backend"": ""aeon""}","{""init"": ""random"", ""max_iter"": 300, ""method"": ""alternate""}"
CBF,dtw,elastic,0.1552396838748616,0.2073561299393953,9.327237500000024,42,9,shift,20.0,930,150,128,3,"{""window"": 13, ""backend"": ""aeon""}","{""init"": ""random"", ""max_iter"": 300, ""method"": ""alternate""}"
CBF,dtw,elastic,0.025705917114154313,0.11381190266404845,9.461752299999944,42,10,shift,20.0,930,150,128,3,"{""window"": 13, ""backend"": ""aeon""}","{""init"": ""random"", ""max_iter"": 300, ""method"": ""alternate""}"
CBF,ed,lock-step,0.059383332066225716,0.09123980075100567,0.004525899999975991,42,1,shift,20.0,930,150,128,3,,"{""init"": ""random"", ""max_iter"": 300, ""method"": ""alternate""}"
CBF,ed,lock-step,0.07469121087357929,0.08976219130476387,0.002458999999930711,42,2,shift,20.0,930,150,128,3,,"{""init"": ""random"", ""max_iter"": 300, ""method"": ""alternate""}"
CBF,ed,lock-step,0.06821356064949767,0.10386769024150272,0.0014171999999916807,42,3,shift,20.0,930,150,128,3,,"{""init"": ""random"", ""max_iter"": 300, ""method"": ""alternate""}"
CBF,ed,lock-step,0.07495175514578205,0.10586643442759491,0.0010289000000511805,42,4,shift,20.0,930,150,128,3,,"{""init"": ""random"", ""max_iter"": 300, ""method"": ""alternate""}"
CBF,ed,lock-step,0.059383332066225716,0.09123980075100567,0.0012854999998808125,42,5,shift,20.0,930,150,128,3,,"{""init"": ""random"", ""max_iter"": 300, ""method"": ""alternate""}"
CBF,ed,lock-step,0.06821356064949767,0.10386769024150272,0.0034061999999721593,42,6,shift,20.0,930,150,128,3,,"{""init"": ""random"", ""max_iter"": 300, ""method"": ""alternate""}"
CBF,ed,lock-step,0.0589729214285372,0.1477808916276859,0.0026760000000649597,42,7,shift,20.0,930,150,128,3,,"{""init"": ""random"", ""max_iter"": 300, ""method"": ""alternate""}"
CBF,ed,lock-step,0.07641306215754999,0.11286516836834862,0.0012989999999035717,42,8,shift,20.0,930,150,128,3,,"{""init"": ""random"", ""max_iter"": 300, ""method"": ""alternate""}"
CBF,ed,lock-step,0.06821356064949767,0.10386769024150272,0.0016884999998865169,42,9,shift,20.0,930,150,128,3,,"{""init"": ""random"", ""max_iter"": 300, ""method"": ""alternate""}"
CBF,ed,lock-step,0.07469121087357929,0.08976219130476389,0.006674599999996644,42,10,shift,20.0,930,150,128,3,,"{""init"": ""random"", ""max_iter"": 300, ""method"": ""alternate""}"
CBF,idk,distributional,0.2993251300702929,0.35097553194944414,10.661261199999899,42,1,shift,20.0,930,150,128,3,"{""backend"": ""aeon""}","{""init"": ""random"", ""max_iter"": 300, ""method"": ""alternate""}"
CBF,idk,distributional,0.2705482078209314,0.3022823963823085,11.583891299999777,42,2,shift,20.0,930,150,128,3,"{""backend"": ""aeon""}","{""init"": ""random"", ""max_iter"": 300, ""method"": ""alternate""}"
CBF,idk,distributional,0.2705482078209314,0.3022823963823085,10.654441799999404,42,3,shift,20.0,930,150,128,3,"{""backend"": ""aeon""}","{""init"": ""random"", ""max_iter"": 300, ""method"": ""alternate""}"
CBF,idk,distributional,0.2993251300702929,0.35097553194944414,11.596947400000317,42,4,shift,20.0,930,150,128,3,"{""backend"": ""aeon""}","{""init"": ""random"", ""max_iter"": 300, ""method"": ""alternate""}"
CBF,idk,distributional,0.2846606311288004,0.31674790249580803,11.549061800001255,42,5,shift,20.0,930,150,128,3,"{""backend"": ""aeon""}","{""init"": ""random"", ""max_iter"": 300, ""method"": ""alternate""}"
CBF,idk,distributional,0.2993251300702929,0.3509755319494441,10.675440199999684,42,6,shift,20.0,930,150,128,3,"{""backend"": ""aeon""}","{""init"": ""random"", ""max_iter"": 300, ""method"": ""alternate""}"
CBF,idk,distributional,0.21082296404359394,0.3483900252494059,12.783508800000163,42,7,shift,20.0,930,150,128,3,"{""backend"": ""aeon""}","{""init"": ""random"", ""max_iter"": 300, ""method"": ""alternate""}"
CBF,idk,distributional,0.2993251300702929,0.3509755319494441,12.13703280000027,42,8,shift,20.0,930,150,128,3,"{""backend"": ""aeon""}","{""init"": ""random"", ""max_iter"": 300, ""method"": ""alternate""}"
CBF,idk,distributional,0.30357662931842994,0.35107789950358387,12.517924100000528,42,9,shift,20.0,930,150,128,3,"{""backend"": ""aeon""}","{""init"": ""random"", ""max_iter"": 300, ""method"": ""alternate""}"
CBF,idk,distributional,0.3291252030468861,0.3780337067148007,10.700213899999653,42,10,shift,20.0,930,150,128,3,"{""backend"": ""aeon""}","{""init"": ""random"", ""max_iter"": 300, ""method"": ""alternate""}"
CBF,msm,elastic,0.38126036228871196,0.482650598622285,2.632866300000046,42,1,shift,20.0,930,150,128,3,"{""c"": 1.0, ""backend"": ""aeon""}","{""init"": ""random"", ""max_iter"": 300, ""method"": ""alternate""}"
CBF,msm,elastic,0.2059076730879344,0.24514597178202444,2.1523787000000993,42,2,shift,20.0,930,150,128,3,"{""c"": 1.0, ""backend"": ""aeon""}","{""init"": ""random"", ""max_iter"": 300, ""method"": ""alternate""}"
CBF,msm,elastic,0.13484549745528415,0.18197878179870203,1.8293257999999923,42,3,shift,20.0,930,150,128,3,"{""c"": 1.0, ""backend"": ""aeon""}","{""init"": ""random"", ""max_iter"": 300, ""method"": ""alternate""}"
CBF,msm,elastic,0.16287231266542052,0.2335962408880843,1.1706163000001197,42,4,shift,20.0,930,150,128,3,"{""c"": 1.0, ""backend"": ""aeon""}","{""init"": ""random"", ""max_iter"": 300, ""method"": ""alternate""}"
CBF,msm,elastic,0.09542278748309874,0.14874762854165216,1.936881900000003,42,5,shift,20.0,930,150,128,3,"{""c"": 1.0, ""backend"": ""aeon""}","{""init"": ""random"", ""max_iter"": 300, ""method"": ""alternate""}"
CBF,msm,elastic,0.09542278748309874,0.14874762854165216,1.2564111000000366,42,6,shift,20.0,930,150,128,3,"{""c"": 1.0, ""backend"": ""aeon""}","{""init"": ""random"", ""max_iter"": 300, ""method"": ""alternate""}"
CBF,msm,elastic,0.22767408746021695,0.28800141286360137,1.0989965999998503,42,7,shift,20.0,930,150,128,3,"{""c"": 1.0, ""backend"": ""aeon""}","{""init"": ""random"", ""max_iter"": 300, ""method"": ""alternate""}"
CBF,msm,elastic,0.3871393136362209,0.42538246202648267,1.0914794000000256,42,8,shift,20.0,930,150,128,3,"{""c"": 1.0, ""backend"": ""aeon""}","{""init"": ""random"", ""max_iter"": 300, ""method"": ""alternate""}"
CBF,msm,elastic,0.09542278748309874,0.14874762854165216,1.619268100000113,42,9,shift,20.0,930,150,128,3,"{""c"": 1.0, ""backend"": ""aeon""}","{""init"": ""random"", ""max_iter"": 300, ""method"": ""alternate""}"
CBF,msm,elastic,0.1189288144380002,0.17594449954941935,1.1755458999999746,42,10,shift,20.0,930,150,128,3,"{""c"": 1.0, ""backend"": ""aeon""}","{""init"": ""random"", ""max_iter"": 300, ""method"": ""alternate""}"
CBF,sbd,sliding,0.2501148442381278,0.3231567991008709,2.173632899999575,42,1,shift,20.0,930,150,128,3,"{""backend"": ""aeon"", ""n_jobs"": -1, ""candidate_k"": 20, ""paa_segments"": 32}","{""init"": ""random"", ""max_iter"": 300, ""method"": ""alternate""}"
CBF,sbd,sliding,0.3432698351207441,0.3508656054251938,2.1202111000002333,42,2,shift,20.0,930,150,128,3,"{""backend"": ""aeon"", ""n_jobs"": -1, ""candidate_k"": 20, ""paa_segments"": 32}","{""init"": ""random"", ""max_iter"": 300, ""method"": ""alternate""}"
CBF,sbd,sliding,0.5872175555384795,0.5548869528634073,1.2456018000002587,42,3,shift,20.0,930,150,128,3,"{""backend"": ""aeon"", ""n_jobs"": -1, ""candidate_k"": 20, ""paa_segments"": 32}","{""init"": ""random"", ""max_iter"": 300, ""method"": ""alternate""}"
CBF,sbd,sliding,0.28214027712145656,0.30076947590694914,2.105603100000735,42,4,shift,20.0,930,150,128,3,"{""backend"": ""aeon"", ""n_jobs"": -1, ""candidate_k"": 20, ""paa_segments"": 32}","{""init"": ""random"", ""max_iter"": 300, ""method"": ""alternate""}"
CBF,sbd,sliding,0.2501148442381278,0.32315679910087103,2.1167136000003666,42,5,shift,20.0,930,150,128,3,"{""backend"": ""aeon"", ""n_jobs"": -1, ""candidate_k"": 20, ""paa_segments"": 32}","{""init"": ""random"", ""max_iter"": 300, ""method"": ""alternate""}"
CBF,sbd,sliding,0.5791716388821262,0.5948867047325767,1.2571438999993916,42,6,shift,20.0,930,150,128,3,"{""backend"": ""aeon"", ""n_jobs"": -1, ""candidate_k"": 20, ""paa_segments"": 32}","{""init"": ""random"", ""max_iter"": 300, ""method"": ""alternate""}"
CBF,sbd,sliding,0.42408894245123746,0.4607125870839539,2.1008621000000858,42,7,shift,20.0,930,150,128,3,"{""backend"": ""aeon"", ""n_jobs"": -1, ""candidate_k"": 20, ""paa_segments"": 32}","{""init"": ""random"", ""max_iter"": 300, ""method"": ""alternate""}"
CBF,sbd,sliding,0.6353214477358887,0.6432696207910186,2.154210700000476,42,8,shift,20.0,930,150,128,3,"{""backend"": ""aeon"", ""n_jobs"": -1, ""candidate_k"": 20, ""paa_segments"": 32}","{""init"": ""random"", ""max_iter"": 300, ""method"": ""alternate""}"
CBF,sbd,sliding,0.2501148442381278,0.3231567991008709,1.258462499999041,42,9,shift,20.0,930,150,128,3,"{""backend"": ""aeon"", ""n_jobs"": -1, ""candidate_k"": 20, ""paa_segments"": 32}","{""init"": ""random"", ""max_iter"": 300, ""method"": ""alternate""}"
CBF,sbd,sliding,0.11299561945411658,0.16082281649433844,1.2529533000006268,42,10,shift,20.0,930,150,128,3,"{""backend"": ""aeon"", ""n_jobs"": -1, ""candidate_k"": 20, ""paa_segments"": 32}","{""init"": ""random"", ""max_iter"": 300, ""method"": ""alternate""}"
CBF,dtw,elastic,0.3979967677678806,0.44051309857782817,8.896980699999858,42,1,shift,30.0,930,150,128,3,"{""window"": 13, ""backend"": ""aeon""}","{""init"": ""random"", ""max_iter"": 300, ""method"": ""alternate""}"
CBF,dtw,elastic,0.16319550708997096,0.16239519258351345,7.117209799999955,42,2,shift,30.0,930,150,128,3,"{""window"": 13, ""backend"": ""aeon""}","{""init"": ""random"", ""max_iter"": 300, ""method"": ""alternate""}"
CBF,dtw,elastic,0.05832392009951814,0.12819739336627076,11.511084400000072,42,3,shift,30.0,930,150,128,3,"{""window"": 13, ""backend"": ""aeon""}","{""init"": ""random"", ""max_iter"": 300, ""method"": ""alternate""}"
CBF,dtw,elastic,0.3112061027657358,0.346714469589529,5.513936199999989,42,4,shift,30.0,930,150,128,3,"{""window"": 13, ""backend"": ""aeon""}","{""init"": ""random"", ""max_iter"": 300, ""method"": ""alternate""}"
CBF,dtw,elastic,0.2657521285392451,0.3096869478046097,22.418102999999974,42,5,shift,30.0,930,150,128,3,"{""window"": 13, ""backend"": ""aeon""}","{""init"": ""random"", ""max_iter"": 300, ""method"": ""alternate""}"
CBF,dtw,elastic,0.18209496052000496,0.27795604049508654,8.497718500000019,42,6,shift,30.0,930,150,128,3,"{""window"": 13, ""backend"": ""aeon""}","{""init"": ""random"", ""max_iter"": 300, ""method"": ""alternate""}"
CBF,dtw,elastic,0.34876712798071996,0.3548898607900714,8.068254900000056,42,7,shift,30.0,930,150,128,3,"{""window"": 13, ""backend"": ""aeon""}","{""init"": ""random"", ""max_iter"": 300, ""method"": ""alternate""}"
CBF,dtw,elastic,0.3820082093147141,0.40944996861361616,9.80847150000011,42,8,shift,30.0,930,150,128,3,"{""window"": 13, ""backend"": ""aeon""}","{""init"": ""random"", ""max_iter"": 300, ""method"": ""alternate""}"
CBF,dtw,elastic,0.12801926260346125,0.1939224692628236,7.959342800000059,42,9,shift,30.0,930,150,128,3,"{""window"": 13, ""backend"": ""aeon""}","{""init"": ""random"", ""max_iter"": 300, ""method"": ""alternate""}"
CBF,dtw,elastic,0.02951378488507995,0.0923598117421101,7.952319699999862,42,10,shift,30.0,930,150,128,3,"{""window"": 13, ""backend"": ""aeon""}","{""init"": ""random"", ""max_iter"": 300, ""method"": ""alternate""}"
CBF,ed,lock-step,0.060766515380736255,0.08726977688081869,0.0015569000000823507,42,1,shift,30.0,930,150,128,3,,"{""init"": ""random"", ""max_iter"": 300, ""method"": ""alternate""}"
CBF,ed,lock-step,0.042936256215117166,0.053586884891906474,0.00092939999990449,42,2,shift,30.0,930,150,128,3,,"{""init"": ""random"", ""max_iter"": 300, ""method"": ""alternate""}"
CBF,ed,lock-step,0.048799640252095246,0.05928089941626122,0.0009322999999312742,42,3,shift,30.0,930,150,128,3,,"{""init"": ""random"", ""max_iter"": 300, ""method"": ""alternate""}"
CBF,ed,lock-step,0.060766515380736255,0.08726977688081869,0.0013088999999126827,42,4,shift,30.0,930,150,128,3,,"{""init"": ""random"", ""max_iter"": 300, ""method"": ""alternate""}"
CBF,ed,lock-step,0.042936256215117166,0.053586884891906474,0.004467100000056234,42,5,shift,30.0,930,150,128,3,,"{""init"": ""random"", ""max_iter"": 300, ""method"": ""alternate""}"
CBF,ed,lock-step,0.060766515380736255,0.08726977688081869,0.0016204999999445135,42,6,shift,30.0,930,150,128,3,,"{""init"": ""random"", ""max_iter"": 300, ""method"": ""alternate""}"
CBF,ed,lock-step,0.060766515380736255,0.08726977688081869,0.0013842000000749977,42,7,shift,30.0,930,150,128,3,,"{""init"": ""random"", ""max_iter"": 300, ""method"": ""alternate""}"
CBF,ed,lock-step,0.048799640252095246,0.05928089941626122,0.0012418000001162,42,8,shift,30.0,930,150,128,3,,"{""init"": ""random"", ""max_iter"": 300, ""method"": ""alternate""}"
CBF,ed,lock-step,0.060766515380736255,0.08726977688081869,0.0014605000000074142,42,9,shift,30.0,930,150,128,3,,"{""init"": ""random"", ""max_iter"": 300, ""method"": ""alternate""}"
CBF,ed,lock-step,0.03690869992565872,0.07562098867568569,0.0022865999999339692,42,10,shift,30.0,930,150,128,3,,"{""init"": ""random"", ""max_iter"": 300, ""method"": ""alternate""}"
CBF,idk,distributional,0.2934558584246331,0.3344779052703504,11.45021849999921,42,1,shift,30.0,930,150,128,3,"{""backend"": ""aeon""}","{""init"": ""random"", ""max_iter"": 300, ""method"": ""alternate""}"
CBF,idk,distributional,0.25114551508883437,0.29173478409872017,12.031000900000436,42,2,shift,30.0,930,150,128,3,"{""backend"": ""aeon""}","{""init"": ""random"", ""max_iter"": 300, ""method"": ""alternate""}"
CBF,idk,distributional,0.21358913776776317,0.2443354004652889,11.83558130000074,42,3,shift,30.0,930,150,128,3,"{""backend"": ""aeon""}","{""init"": ""random"", ""max_iter"": 300, ""method"": ""alternate""}"
CBF,idk,distributional,0.2115641830182419,0.3259951543446041,10.66726699999981,42,4,shift,30.0,930,150,128,3,"{""backend"": ""aeon""}","{""init"": ""random"", ""max_iter"": 300, ""method"": ""alternate""}"
CBF,idk,distributional,0.34641484389379484,0.382849176060257,11.262637200000427,42,5,shift,30.0,930,150,128,3,"{""backend"": ""aeon""}","{""init"": ""random"", ""max_iter"": 300, ""method"": ""alternate""}"
CBF,idk,distributional,0.31496165587074676,0.3488439632553429,10.69927110000026,42,6,shift,30.0,930,150,128,3,"{""backend"": ""aeon""}","{""init"": ""random"", ""max_iter"": 300, ""method"": ""alternate""}"
CBF,idk,distributional,0.2225505945885347,0.2889091638407442,10.791819300000498,42,7,shift,30.0,930,150,128,3,"{""backend"": ""aeon""}","{""init"": ""random"", ""max_iter"": 300, ""method"": ""alternate""}"
CBF,idk,distributional,0.2376119193424705,0.261726265554484,11.519746699999814,42,8,shift,30.0,930,150,128,3,"{""backend"": ""aeon""}","{""init"": ""random"", ""max_iter"": 300, ""method"": ""alternate""}"
CBF,idk,distributional,0.20638136931753603,0.2767052303211976,11.517300099999375,42,9,shift,30.0,930,150,128,3,"{""backend"": ""aeon""}","{""init"": ""random"", ""max_iter"": 300, ""method"": ""alternate""}"
CBF,idk,distributional,0.30122805129084257,0.33637707258594557,11.39410829999997,42,10,shift,30.0,930,150,128,3,"{""backend"": ""aeon""}","{""init"": ""random"", ""max_iter"": 300, ""method"": ""alternate""}"
CBF,msm,elastic,0.22507680808255348,0.2517481380002614,1.7051190000000815,42,1,shift,30.0,930,150,128,3,"{""c"": 1.0, ""backend"": ""aeon""}","{""init"": ""random"", ""max_iter"": 300, ""method"": ""alternate""}"
CBF,msm,elastic,0.100964684440198,0.12665170547385446,4.435888200000022,42,2,shift,30.0,930,150,128,3,"{""c"": 1.0, ""backend"": ""aeon""}","{""init"": ""random"", ""max_iter"": 300, ""method"": ""alternate""}"
CBF,msm,elastic,0.10872326896867164,0.16325582346974604,0.8681593000000021,42,3,shift,30.0,930,150,128,3,"{""c"": 1.0, ""backend"": ""aeon""}","{""init"": ""random"", ""max_iter"": 300, ""method"": ""alternate""}"
CBF,msm,elastic,0.11233841232293325,0.18086677403648457,1.0513129000000845,42,4,shift,30.0,930,150,128,3,"{""c"": 1.0, ""backend"": ""aeon""}","{""init"": ""random"", ""max_iter"": 300, ""method"": ""alternate""}"
CBF,msm,elastic,0.13950366723600924,0.1537404631511948,1.5248212000000194,42,5,shift,30.0,930,150,128,3,"{""c"": 1.0, ""backend"": ""aeon""}","{""init"": ""random"", ""max_iter"": 300, ""method"": ""alternate""}"
CBF,msm,elastic,0.051197507696858435,0.06811038317747563,1.9310712000000194,42,6,shift,30.0,930,150,128,3,"{""c"": 1.0, ""backend"": ""aeon""}","{""init"": ""random"", ""max_iter"": 300, ""method"": ""alternate""}"
CBF,msm,elastic,0.11674856040474176,0.18539423679053738,1.2348845999999867,42,7,shift,30.0,930,150,128,3,"{""c"": 1.0, ""backend"": ""aeon""}","{""init"": ""random"", ""max_iter"": 300, ""method"": ""alternate""}"
CBF,msm,elastic,0.20200207497967082,0.1936235639705777,1.3226631999999654,42,8,shift,30.0,930,150,128,3,"{""c"": 1.0, ""backend"": ""aeon""}","{""init"": ""random"", ""max_iter"": 300, ""method"": ""alternate""}"
CBF,msm,elastic,0.051197507696858435,0.06811038317747563,1.2957783000000518,42,9,shift,30.0,930,150,128,3,"{""c"": 1.0, ""backend"": ""aeon""}","{""init"": ""random"", ""max_iter"": 300, ""method"": ""alternate""}"
CBF,msm,elastic,0.05190253405080875,0.06293858114707572,1.3279064000000744,42,10,shift,30.0,930,150,128,3,"{""c"": 1.0, ""backend"": ""aeon""}","{""init"": ""random"", ""max_iter"": 300, ""method"": ""alternate""}"
CBF,sbd,sliding,0.5470547977908994,0.576672751451679,1.2927180000006047,42,1,shift,30.0,930,150,128,3,"{""backend"": ""aeon"", ""n_jobs"": -1, ""candidate_k"": 20, ""paa_segments"": 32}","{""init"": ""random"", ""max_iter"": 300, ""method"": ""alternate""}"
CBF,sbd,sliding,0.05030664838558073,0.10546038050854778,2.107538000000204,42,2,shift,30.0,930,150,128,3,"{""backend"": ""aeon"", ""n_jobs"": -1, ""candidate_k"": 20, ""paa_segments"": 32}","{""init"": ""random"", ""max_iter"": 300, ""method"": ""alternate""}"
CBF,sbd,sliding,0.3779837032935416,0.3716233153169618,2.1206940999991275,42,3,shift,30.0,930,150,128,3,"{""backend"": ""aeon"", ""n_jobs"": -1, ""candidate_k"": 20, ""paa_segments"": 32}","{""init"": ""random"", ""max_iter"": 300, ""method"": ""alternate""}"
CBF,sbd,sliding,0.161774922655317,0.2566876444025792,2.122305299999425,42,4,shift,30.0,930,150,128,3,"{""backend"": ""aeon"", ""n_jobs"": -1, ""candidate_k"": 20, ""paa_segments"": 32}","{""init"": ""random"", ""max_iter"": 300, ""method"": ""alternate""}"
CBF,sbd,sliding,0.10858781489939039,0.13163710394516587,1.2450205999994068,42,5,shift,30.0,930,150,128,3,"{""backend"": ""aeon"", ""n_jobs"": -1, ""candidate_k"": 20, ""paa_segments"": 32}","{""init"": ""random"", ""max_iter"": 300, ""method"": ""alternate""}"
CBF,sbd,sliding,0.15803819556852186,0.27369114155631075,2.1384424999996554,42,6,shift,30.0,930,150,128,3,"{""backend"": ""aeon"", ""n_jobs"": -1, ""candidate_k"": 20, ""paa_segments"": 32}","{""init"": ""random"", ""max_iter"": 300, ""method"": ""alternate""}"
CBF,sbd,sliding,0.05030664838558073,0.10546038050854778,1.230665200000658,42,7,shift,30.0,930,150,128,3,"{""backend"": ""aeon"", ""n_jobs"": -1, ""candidate_k"": 20, ""paa_segments"": 32}","{""init"": ""random"", ""max_iter"": 300, ""method"": ""alternate""}"
CBF,sbd,sliding,0.08338231260530543,0.13196899979292653,2.10811029999968,42,8,shift,30.0,930,150,128,3,"{""backend"": ""aeon"", ""n_jobs"": -1, ""candidate_k"": 20, ""paa_segments"": 32}","{""init"": ""random"", ""max_iter"": 300, ""method"": ""alternate""}"
CBF,sbd,sliding,0.10238674562974072,0.153884991610779,1.1714820999995936,42,9,shift,30.0,930,150,128,3,"{""backend"": ""aeon"", ""n_jobs"": -1, ""candidate_k"": 20, ""paa_segments"": 32}","{""init"": ""random"", ""max_iter"": 300, ""method"": ""alternate""}"
CBF,sbd,sliding,0.05458181326847723,0.08004814522373208,1.1977126000010685,42,10,shift,30.0,930,150,128,3,"{""backend"": ""aeon"", ""n_jobs"": -1, ""candidate_k"": 20, ""paa_segments"": 32}","{""init"": ""random"", ""max_iter"": 300, ""method"": ""alternate""}"
CBF,dtw,elastic,0.7664397072344838,0.7617513540181938,5.795195200000023,42,1,shift,5.0,930,150,128,3,"{""window"": 13, ""backend"": ""aeon""}","{""init"": ""random"", ""max_iter"": 300, ""method"": ""alternate""}"
CBF,dtw,elastic,0.7664397072344838,0.7617513540181938,5.460805900000025,42,2,shift,5.0,930,150,128,3,"{""window"": 13, ""backend"": ""aeon""}","{""init"": ""random"", ""max_iter"": 300, ""method"": ""alternate""}"
CBF,dtw,elastic,0.3329127293460075,0.36994794233728556,6.507552800000042,42,3,shift,5.0,930,150,128,3,"{""window"": 13, ""backend"": ""aeon""}","{""init"": ""random"", ""max_iter"": 300, ""method"": ""alternate""}"
CBF,dtw,elastic,0.7664397072344838,0.7617513540181938,6.890801599999975,42,4,shift,5.0,930,150,128,3,"{""window"": 13, ""backend"": ""aeon""}","{""init"": ""random"", ""max_iter"": 300, ""method"": ""alternate""}"
CBF,dtw,elastic,0.7664397072344838,0.7617513540181938,7.862464699999919,42,5,shift,5.0,930,150,128,3,"{""window"": 13, ""backend"": ""aeon""}","{""init"": ""random"", ""max_iter"": 300, ""method"": ""alternate""}"
CBF,dtw,elastic,0.7664397072344838,0.7617513540181938,8.74948999999998,42,6,shift,5.0,930,150,128,3,"{""window"": 13, ""backend"": ""aeon""}","{""init"": ""random"", ""max_iter"": 300, ""method"": ""alternate""}"
CBF,dtw,elastic,0.201809797392253,0.23338531459794343,7.887705799999935,42,7,shift,5.0,930,150,128,3,"{""window"": 13, ""backend"": ""aeon""}","{""init"": ""random"", ""max_iter"": 300, ""method"": ""alternate""}"
CBF,dtw,elastic,0.7664397072344838,0.7617513540181938,7.366573299999914,42,8,shift,5.0,930,150,128,3,"{""window"": 13, ""backend"": ""aeon""}","{""init"": ""random"", ""max_iter"": 300, ""method"": ""alternate""}"
CBF,dtw,elastic,0.7664397072344838,0.7617513540181938,8.96506869999996,42,9,shift,5.0,930,150,128,3,"{""window"": 13, ""backend"": ""aeon""}","{""init"": ""random"", ""max_iter"": 300, ""method"": ""alternate""}"
CBF,dtw,elastic,0.19066585158821536,0.24522226657916601,9.594032200000015,42,10,shift,5.0,930,150,128,3,"{""window"": 13, ""backend"": ""aeon""}","{""init"": ""random"", ""max_iter"": 300, ""method"": ""alternate""}"
CBF,ed,lock-step,0.2171378874256466,0.23145624524940805,0.02148099999999431,42,1,shift,5.0,930,150,128,3,,"{""init"": ""random"", ""max_iter"": 300, ""method"": ""alternate""}"
CBF,ed,lock-step,0.2148748491446009,0.24043609314346645,0.002541400000040994,42,2,shift,5.0,930,150,128,3,,"{""init"": ""random"", ""max_iter"": 300, ""method"": ""alternate""}"
CBF,ed,lock-step,0.21067373540145246,0.2918765745523755,0.0036319000000162305,42,3,shift,5.0,930,150,128,3,,"{""init"": ""random"", ""max_iter"": 300, ""method"": ""alternate""}"
CBF,ed,lock-step,0.17578045939573791,0.26389586138187393,0.0011035000000561013,42,4,shift,5.0,930,150,128,3,,"{""init"": ""random"", ""max_iter"": 300, ""method"": ""alternate""}"
CBF,ed,lock-step,0.20003158966354354,0.21796538929299705,0.0013770999999564992,42,5,shift,5.0,930,150,128,3,,"{""init"": ""random"", ""max_iter"": 300, ""method"": ""alternate""}"
CBF,ed,lock-step,0.20003158966354354,0.21796538929299705,0.0015503999999850748,42,6,shift,5.0,930,150,128,3,,"{""init"": ""random"", ""max_iter"": 300, ""method"": ""alternate""}"
CBF,ed,lock-step,0.11961707459227797,0.2644202701579868,0.000891000000024178,42,7,shift,5.0,930,150,128,3,,"{""init"": ""random"", ""max_iter"": 300, ""method"": ""alternate""}"
CBF,ed,lock-step,0.1990661253830972,0.21993605733249574,0.0013996999998653337,42,8,shift,5.0,930,150,128,3,,"{""init"": ""random"", ""max_iter"": 300, ""method"": ""alternate""}"
CBF,ed,lock-step,0.20003158966354354,0.21796538929299705,0.0014059000000088417,42,9,shift,5.0,930,150,128,3,,"{""init"": ""random"", ""max_iter"": 300, ""method"": ""alternate""}"
CBF,ed,lock-step,0.18406057046713545,0.22529262433623182,0.0009681000000227868,42,10,shift,5.0,930,150,128,3,,"{""init"": ""random"", ""max_iter"": 300, ""method"": ""alternate""}"
CBF,idk,distributional,0.7230516626053305,0.7667611461971459,10.742901900000106,42,1,shift,5.0,930,150,128,3,"{""backend"": ""aeon""}","{""init"": ""random"", ""max_iter"": 300, ""method"": ""alternate""}"
CBF,idk,distributional,0.35289785622917524,0.42154555799441035,11.654237499999908,42,2,shift,5.0,930,150,128,3,"{""backend"": ""aeon""}","{""init"": ""random"", ""max_iter"": 300, ""method"": ""alternate""}"
CBF,idk,distributional,0.3118665554718461,0.39330383847478767,11.615867099999377,42,3,shift,5.0,930,150,128,3,"{""backend"": ""aeon""}","{""init"": ""random"", ""max_iter"": 300, ""method"": ""alternate""}"
CBF,idk,distributional,0.3457848043050145,0.4276871512296628,11.584151600000041,42,4,shift,5.0,930,150,128,3,"{""backend"": ""aeon""}","{""init"": ""random"", ""max_iter"": 300, ""method"": ""alternate""}"
CBF,idk,distributional,0.3432892320327663,0.3995000127033527,13.602364200000011,42,5,shift,5.0,930,150,128,3,"{""backend"": ""aeon""}","{""init"": ""random"", ""max_iter"": 300, ""method"": ""alternate""}"
CBF,idk,distributional,0.22749121294059846,0.37399005576157907,11.533954800000174,42,6,shift,5.0,930,150,128,3,"{""backend"": ""aeon""}","{""init"": ""random"", ""max_iter"": 300, ""method"": ""alternate""}"
CBF,idk,distributional,0.20934260812185532,0.3371040882616273,11.503885000000992,42,7,shift,5.0,930,150,128,3,"{""backend"": ""aeon""}","{""init"": ""random"", ""max_iter"": 300, ""method"": ""alternate""}"
CBF,idk,distributional,0.30394049975177007,0.38880830348715456,11.663262099998974,42,8,shift,5.0,930,150,128,3,"{""backend"": ""aeon""}","{""init"": ""random"", ""max_iter"": 300, ""method"": ""alternate""}"
CBF,idk,distributional,0.3244830361439936,0.3722727329502119,11.652422500000284,42,9,shift,5.0,930,150,128,3,"{""backend"": ""aeon""}","{""init"": ""random"", ""max_iter"": 300, ""method"": ""alternate""}"
CBF,idk,distributional,0.22749121294059846,0.373990055761579,11.616300200000296,42,10,shift,5.0,930,150,128,3,"{""backend"": ""aeon""}","{""init"": ""random"", ""max_iter"": 300, ""method"": ""alternate""}"
CBF,msm,elastic,0.43891318014993025,0.5608679415119016,0.7981118000000151,42,1,shift,5.0,930,150,128,3,"{""c"": 1.0, ""backend"": ""aeon""}","{""init"": ""random"", ""max_iter"": 300, ""method"": ""alternate""}"
CBF,msm,elastic,0.6047308277937145,0.6256698761844569,1.0810103999999683,42,2,shift,5.0,930,150,128,3,"{""c"": 1.0, ""backend"": ""aeon""}","{""init"": ""random"", ""max_iter"": 300, ""method"": ""alternate""}"
CBF,msm,elastic,0.39848486695187135,0.4341991202209908,2.8234434000000306,42,3,shift,5.0,930,150,128,3,"{""c"": 1.0, ""backend"": ""aeon""}","{""init"": ""random"", ""max_iter"": 300, ""method"": ""alternate""}"
CBF,msm,elastic,0.5239328809487197,0.612078981335106,1.320447300000012,42,4,shift,5.0,930,150,128,3,"{""c"": 1.0, ""backend"": ""aeon""}","{""init"": ""random"", ""max_iter"": 300, ""method"": ""alternate""}"
CBF,msm,elastic,0.324941842494835,0.37717961614601647,1.4756749000000013,42,5,shift,5.0,930,150,128,3,"{""c"": 1.0, ""backend"": ""aeon""}","{""init"": ""random"", ""max_iter"": 300, ""method"": ""alternate""}"
CBF,msm,elastic,0.27233340156298386,0.36796011451429567,1.1644002999998975,42,6,shift,5.0,930,150,128,3,"{""c"": 1.0, ""backend"": ""aeon""}","{""init"": ""random"", ""max_iter"": 300, ""method"": ""alternate""}"
CBF,msm,elastic,0.6047308277937145,0.6256698761844569,1.1388607000000093,42,7,shift,5.0,930,150,128,3,"{""c"": 1.0, ""backend"": ""aeon""}","{""init"": ""random"", ""max_iter"": 300, ""method"": ""alternate""}"
CBF,msm,elastic,0.5239328809487197,0.6120789813351057,1.4912341000000424,42,8,shift,5.0,930,150,128,3,"{""c"": 1.0, ""backend"": ""aeon""}","{""init"": ""random"", ""max_iter"": 300, ""method"": ""alternate""}"
CBF,msm,elastic,0.4141441246059198,0.5778243379803298,1.8912818999999672,42,9,shift,5.0,930,150,128,3,"{""c"": 1.0, ""backend"": ""aeon""}","{""init"": ""random"", ""max_iter"": 300, ""method"": ""alternate""}"
CBF,msm,elastic,0.16339560272104592,0.18845318118657664,1.226075999999921,42,10,shift,5.0,930,150,128,3,"{""c"": 1.0, ""backend"": ""aeon""}","{""init"": ""random"", ""max_iter"": 300, ""method"": ""alternate""}"
CBF,sbd,sliding,0.48145180309243024,0.5868622119275031,1.2874593000005916,42,1,shift,5.0,930,150,128,3,"{""backend"": ""aeon"", ""n_jobs"": -1, ""candidate_k"": 20, ""paa_segments"": 32}","{""init"": ""random"", ""max_iter"": 300, ""method"": ""alternate""}"
CBF,sbd,sliding,0.7359274203842624,0.7474194878219296,2.1193724000004295,42,2,shift,5.0,930,150,128,3,"{""backend"": ""aeon"", ""n_jobs"": -1, ""candidate_k"": 20, ""paa_segments"": 32}","{""init"": ""random"", ""max_iter"": 300, ""method"": ""alternate""}"
CBF,sbd,sliding,0.6898888369016312,0.6901351034795079,1.2454375000006621,42,3,shift,5.0,930,150,128,3,"{""backend"": ""aeon"", ""n_jobs"": -1, ""candidate_k"": 20, ""paa_segments"": 32}","{""init"": ""random"", ""max_iter"": 300, ""method"": ""alternate""}"
CBF,sbd,sliding,0.6906098592632469,0.7206021232401235,1.2479165000004286,42,4,shift,5.0,930,150,128,3,"{""backend"": ""aeon"", ""n_jobs"": -1, ""candidate_k"": 20, ""paa_segments"": 32}","{""init"": ""random"", ""max_iter"": 300, ""method"": ""alternate""}"
CBF,sbd,sliding,0.4134152406739603,0.43494366143043484,2.186429099999259,42,5,shift,5.0,930,150,128,3,"{""backend"": ""aeon"", ""n_jobs"": -1, ""candidate_k"": 20, ""paa_segments"": 32}","{""init"": ""random"", ""max_iter"": 300, ""method"": ""alternate""}"
CBF,sbd,sliding,0.7359274203842624,0.7474194878219296,2.1574456999996983,42,6,shift,5.0,930,150,128,3,"{""backend"": ""aeon"", ""n_jobs"": -1, ""candidate_k"": 20, ""paa_segments"": 32}","{""init"": ""random"", ""max_iter"": 300, ""method"": ""alternate""}"
CBF,sbd,sliding,0.1938624400686187,0.2621746655322849,1.2544472999998106,42,7,shift,5.0,930,150,128,3,"{""backend"": ""aeon"", ""n_jobs"": -1, ""candidate_k"": 20, ""paa_segments"": 32}","{""init"": ""random"", ""max_iter"": 300, ""method"": ""alternate""}"
CBF,sbd,sliding,0.7359274203842624,0.7474194878219296,2.1192674000003535,42,8,shift,5.0,930,150,128,3,"{""backend"": ""aeon"", ""n_jobs"": -1, ""candidate_k"": 20, ""paa_segments"": 32}","{""init"": ""random"", ""max_iter"": 300, ""method"": ""alternate""}"
CBF,sbd,sliding,0.48145180309243024,0.5868622119275031,1.2346055000007254,42,9,shift,5.0,930,150,128,3,"{""backend"": ""aeon"", ""n_jobs"": -1, ""candidate_k"": 20, ""paa_segments"": 32}","{""init"": ""random"", ""max_iter"": 300, ""method"": ""alternate""}"
CBF,sbd,sliding,0.1938624400686187,0.26217466553228486,1.2516708000011931,42,10,shift,5.0,930,150,128,3,"{""backend"": ""aeon"", ""n_jobs"": -1, ""candidate_k"": 20, ""paa_segments"": 32}","{""init"": ""random"", ""max_iter"": 300, ""method"": ""alternate""}"
ECG200,dtw,elastic,0.22274997551659975,0.18068148860961386,3.6173830999978236,42,1,length,0.25,200,100,96,2,"{""window"": 10, ""backend"": ""aeon""}","{""init"": ""random"", ""max_iter"": 300, ""method"": ""alternate""}"
ECG200,dtw,elastic,0.05060323352708445,0.06575702260378247,3.630651300001773,42,2,length,0.25,200,100,96,2,"{""window"": 10, ""backend"": ""aeon""}","{""init"": ""random"", ""max_iter"": 300, ""method"": ""alternate""}"
ECG200,dtw,elastic,0.20394825412755332,0.1716447463558835,3.7634816999998293,42,3,length,0.25,200,100,96,2,"{""window"": 10, ""backend"": ""aeon""}","{""init"": ""random"", ""max_iter"": 300, ""method"": ""alternate""}"
ECG200,dtw,elastic,0.05060323352708445,0.06575702260378247,3.6197397999967507,42,4,length,0.25,200,100,96,2,"{""window"": 10, ""backend"": ""aeon""}","{""init"": ""random"", ""max_iter"": 300, ""method"": ""alternate""}"
ECG200,dtw,elastic,0.05060323352708445,0.06575702260378247,3.66928270000426,42,5,length,0.25,200,100,96,2,"{""window"": 10, ""backend"": ""aeon""}","{""init"": ""random"", ""max_iter"": 300, ""method"": ""alternate""}"
ECG200,dtw,elastic,0.22274997551659975,0.18068148860961386,3.583472000002075,42,6,length,0.25,200,100,96,2,"{""window"": 10, ""backend"": ""aeon""}","{""init"": ""random"", ""max_iter"": 300, ""method"": ""alternate""}"
ECG200,dtw,elastic,0.22274997551659975,0.18068148860961386,3.5242011999980605,42,7,length,0.25,200,100,96,2,"{""window"": 10, ""backend"": ""aeon""}","{""init"": ""random"", ""max_iter"": 300, ""method"": ""alternate""}"
ECG200,dtw,elastic,0.05060323352708445,0.06575702260378247,5.943510699999024,42,8,length,0.25,200,100,96,2,"{""window"": 10, ""backend"": ""aeon""}","{""init"": ""random"", ""max_iter"": 300, ""method"": ""alternate""}"
ECG200,dtw,elastic,0.05060323352708445,0.06575702260378247,3.9072878999977547,42,9,length,0.25,200,100,96,2,"{""window"": 10, ""backend"": ""aeon""}","{""init"": ""random"", ""max_iter"": 300, ""method"": ""alternate""}"
ECG200,dtw,elastic,0.05060323352708445,0.06575702260378247,3.8252680000005057,42,10,length,0.25,200,100,96,2,"{""window"": 10, ""backend"": ""aeon""}","{""init"": ""random"", ""max_iter"": 300, ""method"": ""alternate""}"
ECG200,ed,lock-step,0.24272094190216262,0.2049456375426203,0.0033745999971870333,42,1,length,0.25,200,100,96,2,,"{""init"": ""random"", ""max_iter"": 300, ""method"": ""alternate""}"
ECG200,ed,lock-step,0.03287256386460216,0.04513717217584663,0.0022986000003584195,42,2,length,0.25,200,100,96,2,,"{""init"": ""random"", ""max_iter"": 300, ""method"": ""alternate""}"
ECG200,ed,lock-step,0.24272094190216262,0.2049456375426203,0.002420700002403464,42,3,length,0.25,200,100,96,2,,"{""init"": ""random"", ""max_iter"": 300, ""method"": ""alternate""}"
ECG200,ed,lock-step,0.03287256386460216,0.04513717217584663,0.003889500003424473,42,4,length,0.25,200,100,96,2,,"{""init"": ""random"", ""max_iter"": 300, ""method"": ""alternate""}"
ECG200,ed,lock-step,0.03287256386460216,0.04513717217584663,0.004683699997258373,42,5,length,0.25,200,100,96,2,,"{""init"": ""random"", ""max_iter"": 300, ""method"": ""alternate""}"
ECG200,ed,lock-step,0.24272094190216262,0.2049456375426203,0.002187699996284209,42,6,length,0.25,200,100,96,2,,"{""init"": ""random"", ""max_iter"": 300, ""method"": ""alternate""}"
ECG200,ed,lock-step,0.24272094190216262,0.2049456375426203,0.0027429999972810037,42,7,length,0.25,200,100,96,2,,"{""init"": ""random"", ""max_iter"": 300, ""method"": ""alternate""}"
ECG200,ed,lock-step,0.03287256386460216,0.04513717217584663,0.002557200004957849,42,8,length,0.25,200,100,96,2,,"{""init"": ""random"", ""max_iter"": 300, ""method"": ""alternate""}"
ECG200,ed,lock-step,0.03287256386460216,0.04513717217584663,0.0036012999989907257,42,9,length,0.25,200,100,96,2,,"{""init"": ""random"", ""max_iter"": 300, ""method"": ""alternate""}"
ECG200,ed,lock-step,0.03287256386460216,0.04513717217584663,0.0027211999986320734,42,10,length,0.25,200,100,96,2,,"{""init"": ""random"", ""max_iter"": 300, ""method"": ""alternate""}"
ECG200,idk,distributional,0.15210688591983557,0.13459183880031764,8.774398500001553,42,1,length,0.25,200,100,96,2,"{""backend"": ""aeon""}","{""init"": ""random"", ""max_iter"": 300, ""method"": ""alternate""}"
ECG200,idk,distributional,0.04799921633932507,0.04205291843043419,8.785614300000816,42,2,length,0.25,200,100,96,2,"{""backend"": ""aeon""}","{""init"": ""random"", ""max_iter"": 300, ""method"": ""alternate""}"
ECG200,idk,distributional,0.12123486603792057,0.10447601533627356,8.642985200000112,42,3,length,0.25,200,100,96,2,"{""backend"": ""aeon""}","{""init"": ""random"", ""max_iter"": 300, ""method"": ""alternate""}"
ECG200,idk,distributional,0.03916433108546391,0.03773834664531581,8.755063200000222,42,4,length,0.25,200,100,96,2,"{""backend"": ""aeon""}","{""init"": ""random"", ""max_iter"": 300, ""method"": ""alternate""}"
ECG200,idk,distributional,0.03869371961747095,0.03522021495407305,8.722542600000452,42,5,length,0.25,200,100,96,2,"{""backend"": ""aeon""}","{""init"": ""random"", ""max_iter"": 300, ""method"": ""alternate""}"
ECG200,idk,distributional,0.058397019760813774,0.05169322737348285,8.579901799999789,42,6,length,0.25,200,100,96,2,"{""backend"": ""aeon""}","{""init"": ""random"", ""max_iter"": 300, ""method"": ""alternate""}"
ECG200,idk,distributional,0.20428585992455908,0.18475117741427882,8.771086599999762,42,7,length,0.25,200,100,96,2,"{""backend"": ""aeon""}","{""init"": ""random"", ""max_iter"": 300, ""method"": ""alternate""}"
ECG200,idk,distributional,0.09396564381148143,0.08472444119491121,9.247249100000772,42,8,length,0.25,200,100,96,2,"{""backend"": ""aeon""}","{""init"": ""random"", ""max_iter"": 300, ""method"": ""alternate""}"
ECG200,idk,distributional,0.20428585992455908,0.18475117741427882,9.350779299998976,42,9,length,0.25,200,100,96,2,"{""backend"": ""aeon""}","{""init"": ""random"", ""max_iter"": 300, ""method"": ""alternate""}"
ECG200,idk,distributional,0.03916433108546391,0.03773834664531581,8.553031500001453,42,10,length,0.25,200,100,96,2,"{""backend"": ""aeon""}","{""init"": ""random"", ""max_iter"": 300, ""method"": ""alternate""}"
ECG200,msm,elastic,0.18602261048304214,0.16455265253877288,0.5852383000019472,42,1,length,0.25,200,100,96,2,"{""c"": 1.0, ""backend"": ""aeon""}","{""init"": ""random"", ""max_iter"": 300, ""method"": ""alternate""}"
ECG200,msm,elastic,0.03287256386460216,0.04513717217584663,0.587576200003241,42,2,length,0.25,200,100,96,2,"{""c"": 1.0, ""backend"": ""aeon""}","{""init"": ""random"", ""max_iter"": 300, ""method"": ""alternate""}"
ECG200,msm,elastic,0.18602261048304214,0.16455265253877288,0.5911479999995208,42,3,length,0.25,200,100,96,2,"{""c"": 1.0, ""backend"": ""aeon""}","{""init"": ""random"", ""max_iter"": 300, ""method"": ""alternate""}"
ECG200,msm,elastic,0.018796992481203006,0.031136408869133228,0.5737378999983775,42,4,length,0.25,200,100,96,2,"{""c"": 1.0, ""backend"": ""aeon""}","{""init"": ""random"", ""max_iter"": 300, ""method"": ""alternate""}"
ECG200,msm,elastic,0.018796992481203006,0.031136408869133228,0.632919600004243,42,5,length,0.25,200,100,96,2,"{""c"": 1.0, ""backend"": ""aeon""}","{""init"": ""random"", ""max_iter"": 300, ""method"": ""alternate""}"
ECG200,msm,elastic,0.18602261048304214,0.16455265253877288,0.5641164999942703,42,6,length,0.25,200,100,96,2,"{""c"": 1.0, ""backend"": ""aeon""}","{""init"": ""random"", ""max_iter"": 300, ""method"": ""alternate""}"
ECG200,msm,elastic,0.18602261048304214,0.16455265253877288,0.6178347999994003,42,7,length,0.25,200,100,96,2,"{""c"": 1.0, ""backend"": ""aeon""}","{""init"": ""random"", ""max_iter"": 300, ""method"": ""alternate""}"
ECG200,msm,elastic,0.18602261048304214,0.16455265253877288,0.6659161999996286,42,8,length,0.25,200,100,96,2,"{""c"": 1.0, ""backend"": ""aeon""}","{""init"": ""random"", ""max_iter"": 300, ""method"": ""alternate""}"
ECG200,msm,elastic,0.018796992481203006,0.031136408869133228,0.54553489999671,42,9,length,0.25,200,100,96,2,"{""c"": 1.0, ""backend"": ""aeon""}","{""init"": ""random"", ""max_iter"": 300, ""method"": ""alternate""}"
ECG200,msm,elastic,0.018796992481203006,0.031136408869133228,0.7006887999996252,42,10,length,0.25,200,100,96,2,"{""c"": 1.0, ""backend"": ""aeon""}","{""init"": ""random"", ""max_iter"": 300, ""method"": ""alternate""}"
ECG200,sbd,sliding,0.20363636363636364,0.16108192607888686,0.8412004000001616,42,1,length,0.25,200,100,96,2,"{""backend"": ""aeon"", ""n_jobs"": -1, ""candidate_k"": 20, ""paa_segments"": 32}","{""init"": ""random"", ""max_iter"": 300, ""method"": ""alternate""}"
ECG200,sbd,sliding,0.20363636363636364,0.16108192607888686,0.7672959999999875,42,2,length,0.25,200,100,96,2,"{""backend"": ""aeon"", ""n_jobs"": -1, ""candidate_k"": 20, ""paa_segments"": 32}","{""init"": ""random"", ""max_iter"": 300, ""method"": ""alternate""}"
ECG200,sbd,sliding,0.018796992481203006,0.031136408869133228,0.7665055999987089,42,3,length,0.25,200,100,96,2,"{""backend"": ""aeon"", ""n_jobs"": -1, ""candidate_k"": 20, ""paa_segments"": 32}","{""init"": ""random"", ""max_iter"": 300, ""method"": ""alternate""}"
ECG200,sbd,sliding,0.20363636363636364,0.16108192607888686,0.7929634000010992,42,4,length,0.25,200,100,96,2,"{""backend"": ""aeon"", ""n_jobs"": -1, ""candidate_k"": 20, ""paa_segments"": 32}","{""init"": ""random"", ""max_iter"": 300, ""method"": ""alternate""}"
ECG200,sbd,sliding,0.20363636363636364,0.16108192607888686,0.684899800000494,42,5,length,0.25,200,100,96,2,"{""backend"": ""aeon"", ""n_jobs"": -1, ""candidate_k"": 20, ""paa_segments"": 32}","{""init"": ""random"", ""max_iter"": 300, ""method"": ""alternate""}"
ECG200,sbd,sliding,0.20363636363636364,0.16108192607888686,0.8133682000025146,42,6,length,0.25,200,100,96,2,"{""backend"": ""aeon"", ""n_jobs"": -1, ""candidate_k"": 20, ""paa_segments"": 32}","{""init"": ""random"", ""max_iter"": 300, ""method"": ""alternate""}"
ECG200,sbd,sliding,0.20363636363636364,0.16108192607888686,0.7671009999994567,42,7,length,0.25,200,100,96,2,"{""backend"": ""aeon"", ""n_jobs"": -1, ""candidate_k"": 20, ""paa_segments"": 32}","{""init"": ""random"", ""max_iter"": 300, ""method"": ""alternate""}"
ECG200,sbd,sliding,0.018796992481203006,0.031136408869133228,0.69947559999855,42,8,length,0.25,200,100,96,2,"{""backend"": ""aeon"", ""n_jobs"": -1, ""candidate_k"": 20, ""paa_segments"": 32}","{""init"": ""random"", ""max_iter"": 300, ""method"": ""alternate""}"
ECG200,sbd,sliding,0.018796992481203006,0.031136408869133228,0.7243288000008761,42,9,length,0.25,200,100,96,2,"{""backend"": ""aeon"", ""n_jobs"": -1, ""candidate_k"": 20, ""paa_segments"": 32}","{""init"": ""random"", ""max_iter"": 300, ""method"": ""alternate""}"
ECG200,sbd,sliding,0.018796992481203006,0.031136408869133228,0.8394984000005934,42,10,length,0.25,200,100,96,2,"{""backend"": ""aeon"", ""n_jobs"": -1, ""candidate_k"": 20, ""paa_segments"": 32}","{""init"": ""random"", ""max_iter"": 300, ""method"": ""alternate""}"
ECG200,dtw,elastic,0.16875930268121114,0.15217136598067355,3.5385319999986677,42,1,length,0.5,200,100,96,2,"{""window"": 10, ""backend"": ""aeon""}","{""init"": ""random"", ""max_iter"": 300, ""method"": ""alternate""}"
ECG200,dtw,elastic,0.01701445012943135,0.10806496399729751,3.3381846000011137,42,2,length,0.5,200,100,96,2,"{""window"": 10, ""backend"": ""aeon""}","{""init"": ""random"", ""max_iter"": 300, ""method"": ""alternate""}"
ECG200,dtw,elastic,0.16875930268121114,0.15217136598067355,3.5219684000003326,42,3,length,0.5,200,100,96,2,"{""window"": 10, ""backend"": ""aeon""}","{""init"": ""random"", ""max_iter"": 300, ""method"": ""alternate""}"
ECG200,dtw,elastic,0.1692200471957646,0.1682390938673625,3.3085470000005444,42,4,length,0.5,200,100,96,2,"{""window"": 10, ""backend"": ""aeon""}","{""init"": ""random"", ""max_iter"": 300, ""method"": ""alternate""}"
ECG200,dtw,elastic,0.1692200471957646,0.1682390938673625,3.572913600000902,42,5,length,0.5,200,100,96,2,"{""window"": 10, ""backend"": ""aeon""}","{""init"": ""random"", ""max_iter"": 300, ""method"": ""alternate""}"
ECG200,dtw,elastic,0.16875930268121114,0.15217136598067355,3.4409250000026077,42,6,length,0.5,200,100,96,2,"{""window"": 10, ""backend"": ""aeon""}","{""init"": ""random"", ""max_iter"": 300, ""method"": ""alternate""}"
ECG200,dtw,elastic,0.16875930268121114,0.15217136598067355,3.0509401000017533,42,7,length,0.5,200,100,96,2,"{""window"": 10, ""backend"": ""aeon""}","{""init"": ""random"", ""max_iter"": 300, ""method"": ""alternate""}"
ECG200,dtw,elastic,0.16875930268121114,0.15217136598067355,3.4654705000029935,42,8,length,0.5,200,100,96,2,"{""window"": 10, ""backend"": ""aeon""}","{""init"": ""random"", ""max_iter"": 300, ""method"": ""alternate""}"
ECG200,dtw,elastic,0.1692200471957646,0.1682390938673625,3.5071607999962,42,9,length,0.5,200,100,96,2,"{""window"": 10, ""backend"": ""aeon""}","{""init"": ""random"", ""max_iter"": 300, ""method"": ""alternate""}"
ECG200,dtw,elastic,0.16875930268121114,0.15217136598067355,3.7269359000019904,42,10,length,0.5,200,100,96,2,"{""window"": 10, ""backend"": ""aeon""}","{""init"": ""random"", ""max_iter"": 300, ""method"": ""alternate""}"
ECG200,ed,lock-step,0.1689761872729719,0.15933429388669476,0.0031352000005426817,42,1,length,0.5,200,100,96,2,,"{""init"": ""random"", ""max_iter"": 300, ""method"": ""alternate""}"
ECG200,ed,lock-step,0.01701445012943135,0.10806496399729751,0.003409799999644747,42,2,length,0.5,200,100,96,2,,"{""init"": ""random"", ""max_iter"": 300, ""method"": ""alternate""}"
ECG200,ed,lock-step,0.1689761872729719,0.15933429388669476,0.0018739000006462447,42,3,length,0.5,200,100,96,2,,"{""init"": ""random"", ""max_iter"": 300, ""method"": ""alternate""}"
ECG200,ed,lock-step,0.1689761872729719,0.15933429388669476,0.002925700002379017,42,4,length,0.5,200,100,96,2,,"{""init"": ""random"", ""max_iter"": 300, ""method"": ""alternate""}"
ECG200,ed,lock-step,0.025013740458015268,0.03501835993498306,0.002279200001794379,42,5,length,0.5,200,100,96,2,,"{""init"": ""random"", ""max_iter"": 300, ""method"": ""alternate""}"
ECG200,ed,lock-step,0.01701445012943135,0.10806496399729751,0.002075599997624522,42,6,length,0.5,200,100,96,2,,"{""init"": ""random"", ""max_iter"": 300, ""method"": ""alternate""}"
ECG200,ed,lock-step,0.1689761872729719,0.15933429388669476,0.003042300002562115,42,7,length,0.5,200,100,96,2,,"{""init"": ""random"", ""max_iter"": 300, ""method"": ""alternate""}"
ECG200,ed,lock-step,0.1689761872729719,0.15933429388669476,0.0014351999998325482,42,8,length,0.5,200,100,96,2,,"{""init"": ""random"", ""max_iter"": 300, ""method"": ""alternate""}"
ECG200,ed,lock-step,0.025013740458015268,0.03501835993498306,0.002544299994042376,42,9,length,0.5,200,100,96,2,,"{""init"": ""random"", ""max_iter"": 300, ""method"": ""alternate""}"
ECG200,ed,lock-step,0.025013740458015268,0.03501835993498306,0.003952799997932743,42,10,length,0.5,200,100,96,2,,"{""init"": ""random"", ""max_iter"": 300, ""method"": ""alternate""}"
ECG200,idk,distributional,0.16840662366749484,0.1417811079197256,8.843940000000657,42,1,length,0.5,200,100,96,2,"{""backend"": ""aeon""}","{""init"": ""random"", ""max_iter"": 300, ""method"": ""alternate""}"
ECG200,idk,distributional,0.08179739001748958,0.07881773731952152,9.577726499999699,42,2,length,0.5,200,100,96,2,"{""backend"": ""aeon""}","{""init"": ""random"", ""max_iter"": 300, ""method"": ""alternate""}"
ECG200,idk,distributional,0.16840662366749484,0.1417811079197256,9.211482900000192,42,3,length,0.5,200,100,96,2,"{""backend"": ""aeon""}","{""init"": ""random"", ""max_iter"": 300, ""method"": ""alternate""}"
ECG200,idk,distributional,0.15177478580171358,0.12634639359704986,8.78835330000038,42,4,length,0.5,200,100,96,2,"{""backend"": ""aeon""}","{""init"": ""random"", ""max_iter"": 300, ""method"": ""alternate""}"
ECG200,idk,distributional,0.15177478580171358,0.12634639359704986,8.383920599999328,42,5,length,0.5,200,100,96,2,"{""backend"": ""aeon""}","{""init"": ""random"", ""max_iter"": 300, ""method"": ""alternate""}"
ECG200,idk,distributional,0.15177478580171358,0.12634639359704986,8.682543100001567,42,6,length,0.5,200,100,96,2,"{""backend"": ""aeon""}","{""init"": ""random"", ""max_iter"": 300, ""method"": ""alternate""}"
ECG200,idk,distributional,0.16840662366749484,0.1417811079197256,8.38790230000086,42,7,length,0.5,200,100,96,2,"{""backend"": ""aeon""}","{""init"": ""random"", ""max_iter"": 300, ""method"": ""alternate""}"
ECG200,idk,distributional,0.16856943577695385,0.14640120026863412,8.693397499999264,42,8,length,0.5,200,100,96,2,"{""backend"": ""aeon""}","{""init"": ""random"", ""max_iter"": 300, ""method"": ""alternate""}"
ECG200,idk,distributional,0.16840662366749484,0.1417811079197256,8.446428599998399,42,9,length,0.5,200,100,96,2,"{""backend"": ""aeon""}","{""init"": ""random"", ""max_iter"": 300, ""method"": ""alternate""}"
ECG200,idk,distributional,0.16840662366749484,0.1417811079197256,8.721693999999843,42,10,length,0.5,200,100,96,2,"{""backend"": ""aeon""}","{""init"": ""random"", ""max_iter"": 300, ""method"": ""alternate""}"
ECG200,msm,elastic,0.20428585992455908,0.18475117741427882,0.5564666999998735,42,1,length,0.5,200,100,96,2,"{""c"": 1.0, ""backend"": ""aeon""}","{""init"": ""random"", ""max_iter"": 300, ""method"": ""alternate""}"
ECG200,msm,elastic,0.04986068338466051,0.056935743822353245,0.5336095999991812,42,2,length,0.5,200,100,96,2,"{""c"": 1.0, ""backend"": ""aeon""}","{""init"": ""random"", ""max_iter"": 300, ""method"": ""alternate""}"
ECG200,msm,elastic,0.20428585992455908,0.18475117741427882,0.5068494000006467,42,3,length,0.5,200,100,96,2,"{""c"": 1.0, ""backend"": ""aeon""}","{""init"": ""random"", ""max_iter"": 300, ""method"": ""alternate""}"
ECG200,msm,elastic,0.20428585992455908,0.18475117741427882,0.5712788000018918,42,4,length,0.5,200,100,96,2,"{""c"": 1.0, ""backend"": ""aeon""}","{""init"": ""random"", ""max_iter"": 300, ""method"": ""alternate""}"
ECG200,msm,elastic,0.04986068338466051,0.056935743822353245,0.6300378999985696,42,5,length,0.5,200,100,96,2,"{""c"": 1.0, ""backend"": ""aeon""}","{""init"": ""random"", ""max_iter"": 300, ""method"": ""alternate""}"
ECG200,msm,elastic,0.20428585992455908,0.18475117741427882,0.5628915000015695,42,6,length,0.5,200,100,96,2,"{""c"": 1.0, ""backend"": ""aeon""}","{""init"": ""random"", ""max_iter"": 300, ""method"": ""alternate""}"
ECG200,msm,elastic,0.20428585992455908,0.18475117741427882,0.4222979999976815,42,7,length,0.5,200,100,96,2,"{""c"": 1.0, ""backend"": ""aeon""}","{""init"": ""random"", ""max_iter"": 300, ""method"": ""alternate""}"
ECG200,msm,elastic,0.20428585992455908,0.18475117741427882,0.5797444000018004,42,8,length,0.5,200,100,96,2,"{""c"": 1.0, ""backend"": ""aeon""}","{""init"": ""random"", ""max_iter"": 300, ""method"": ""alternate""}"
ECG200,msm,elastic,0.04986068338466051,0.056935743822353245,0.8137845999990532,42,9,length,0.5,200,100,96,2,"{""c"": 1.0, ""backend"": ""aeon""}","{""init"": ""random"", ""max_iter"": 300, ""method"": ""alternate""}"
ECG200,msm,elastic,0.04986068338466051,0.056935743822353245,0.56056929999977,42,10,length,0.5,200,100,96,2,"{""c"": 1.0, ""backend"": ""aeon""}","{""init"": ""random"", ""max_iter"": 300, ""method"": ""alternate""}"
ECG200,sbd,sliding,0.18622174381054898,0.17180268592686745,0.8278288999990764,42,1,length,0.5,200,100,96,2,"{""backend"": ""aeon"", ""n_jobs"": -1, ""candidate_k"": 20, ""paa_segments"": 32}","{""init"": ""random"", ""max_iter"": 300, ""method"": ""alternate""}"
ECG200,sbd,sliding,0.012148896880163282,0.09456435533426642,0.7629849999993894,42,2,length,0.5,200,100,96,2,"{""backend"": ""aeon"", ""n_jobs"": -1, ""candidate_k"": 20, ""paa_segments"": 32}","{""init"": ""random"", ""max_iter"": 300, ""method"": ""alternate""}"
ECG200,sbd,sliding,0.18622174381054898,0.17180268592686745,0.7553284999994503,42,3,length,0.5,200,100,96,2,"{""backend"": ""aeon"", ""n_jobs"": -1, ""candidate_k"": 20, ""paa_segments"": 32}","{""init"": ""random"", ""max_iter"": 300, ""method"": ""alternate""}"
ECG200,sbd,sliding,0.02542638435023949,0.03790883533264401,0.7113757999995869,42,4,length,0.5,200,100,96,2,"{""backend"": ""aeon"", ""n_jobs"": -1, ""candidate_k"": 20, ""paa_segments"": 32}","{""init"": ""random"", ""max_iter"": 300, ""method"": ""alternate""}"
ECG200,sbd,sliding,0.02542638435023949,0.03790883533264401,0.6207922000012331,42,5,length,0.5,200,100,96,2,"{""backend"": ""aeon"", ""n_jobs"": -1, ""candidate_k"": 20, ""paa_segments"": 32}","{""init"": ""random"", ""max_iter"": 300, ""method"": ""alternate""}"
ECG200,sbd,sliding,0.18622174381054898,0.17180268592686745,0.8321338999994623,42,6,length,0.5,200,100,96,2,"{""backend"": ""aeon"", ""n_jobs"": -1, ""candidate_k"": 20, ""paa_segments"": 32}","{""init"": ""random"", ""max_iter"": 300, ""method"": ""alternate""}"
ECG200,sbd,sliding,0.18622174381054898,0.17180268592686745,0.8052489999990939,42,7,length,0.5,200,100,96,2,"{""backend"": ""aeon"", ""n_jobs"": -1, ""candidate_k"": 20, ""paa_segments"": 32}","{""init"": ""random"", ""max_iter"": 300, ""method"": ""alternate""}"
ECG200,sbd,sliding,0.012984001854857407,0.0248500066450677,0.7788094000006822,42,8,length,0.5,200,100,96,2,"{""backend"": ""aeon"", ""n_jobs"": -1, ""candidate_k"": 20, ""paa_segments"": 32}","{""init"": ""random"", ""max_iter"": 300, ""method"": ""alternate""}"
ECG200,sbd,sliding,0.02542638435023949,0.03790883533264401,0.8875805999996373,42,9,length,0.5,200,100,96,2,"{""backend"": ""aeon"", ""n_jobs"": -1, ""candidate_k"": 20, ""paa_segments"": 32}","{""init"": ""random"", ""max_iter"": 300, ""method"": ""alternate""}"
ECG200,sbd,sliding,0.012984001854857407,0.0248500066450677,0.9342419999993581,42,10,length,0.5,200,100,96,2,"{""backend"": ""aeon"", ""n_jobs"": -1, ""candidate_k"": 20, ""paa_segments"": 32}","{""init"": ""random"", ""max_iter"": 300, ""method"": ""alternate""}"
ECG200,dtw,elastic,0.09471882640586797,0.09725478822712842,1.624246299998049,42,1,length,0.75,200,100,96,2,"{""window"": 10, ""backend"": ""aeon""}","{""init"": ""random"", ""max_iter"": 300, ""method"": ""alternate""}"
ECG200,dtw,elastic,0.03287256386460216,0.04513717217584663,1.6077706000032777,42,2,length,0.75,200,100,96,2,"{""window"": 10, ""backend"": ""aeon""}","{""init"": ""random"", ""max_iter"": 300, ""method"": ""alternate""}"
ECG200,dtw,elastic,0.09471882640586797,0.09725478822712842,1.6603204999955778,42,3,length,0.75,200,100,96,2,"{""window"": 10, ""backend"": ""aeon""}","{""init"": ""random"", ""max_iter"": 300, ""method"": ""alternate""}"
ECG200,dtw,elastic,0.09443837537297614,0.09221252606767766,1.6442606999989948,42,4,length,0.75,200,100,96,2,"{""window"": 10, ""backend"": ""aeon""}","{""init"": ""random"", ""max_iter"": 300, ""method"": ""alternate""}"
ECG200,dtw,elastic,0.030346561321601725,0.02964327933391515,1.774064900000667,42,5,length,0.75,200,100,96,2,"{""window"": 10, ""backend"": ""aeon""}","{""init"": ""random"", ""max_iter"": 300, ""method"": ""alternate""}"
ECG200,dtw,elastic,0.06913269886873766,0.058519792136740086,3.9323751000010816,42,6,length,0.75,200,100,96,2,"{""window"": 10, ""backend"": ""aeon""}","{""init"": ""random"", ""max_iter"": 300, ""method"": ""alternate""}"
ECG200,dtw,elastic,-0.00799530072120876,0.001251383123868879,3.6516793000009784,42,7,length,0.75,200,100,96,2,"{""window"": 10, ""backend"": ""aeon""}","{""init"": ""random"", ""max_iter"": 300, ""method"": ""alternate""}"
ECG200,dtw,elastic,0.08089810609306711,0.06784386573859888,3.947096700001566,42,8,length,0.75,200,100,96,2,"{""window"": 10, ""backend"": ""aeon""}","{""init"": ""random"", ""max_iter"": 300, ""method"": ""alternate""}"
ECG200,dtw,elastic,0.03287256386460216,0.04513717217584663,3.129287399995519,42,9,length,0.75,200,100,96,2,"{""window"": 10, ""backend"": ""aeon""}","{""init"": ""random"", ""max_iter"": 300, ""method"": ""alternate""}"
ECG200,dtw,elastic,0.03287256386460216,0.04513717217584663,3.679215900003328,42,10,length,0.75,200,100,96,2,"{""window"": 10, ""backend"": ""aeon""}","{""init"": ""random"", ""max_iter"": 300, ""method"": ""alternate""}"
ECG200,ed,lock-step,0.09471882640586797,0.09725478822712842,0.0011403999997128267,42,1,length,0.75,200,100,96,2,,"{""init"": ""random"", ""max_iter"": 300, ""method"": ""alternate""}"
ECG200,ed,lock-step,0.04113587786259542,0.052799317083607,0.0010984000000462402,42,2,length,0.75,200,100,96,2,,"{""init"": ""random"", ""max_iter"": 300, ""method"": ""alternate""}"
ECG200,ed,lock-step,0.09471882640586797,0.09725478822712842,0.0010014999970735516,42,3,length,0.75,200,100,96,2,,"{""init"": ""random"", ""max_iter"": 300, ""method"": ""alternate""}"
ECG200,ed,lock-step,0.09471882640586797,0.09725478822712842,0.0016273000001092441,42,4,length,0.75,200,100,96,2,,"{""init"": ""random"", ""max_iter"": 300, ""method"": ""alternate""}"
ECG200,ed,lock-step,0.04113587786259542,0.052799317083607,0.0009325999999418855,42,5,length,0.75,200,100,96,2,,"{""init"": ""random"", ""max_iter"": 300, ""method"": ""alternate""}"
ECG200,ed,lock-step,0.09471882640586797,0.09725478822712842,0.002146900002117036,42,6,length,0.75,200,100,96,2,,"{""init"": ""random"", ""max_iter"": 300, ""method"": ""alternate""}"
ECG200,ed,lock-step,0.09471882640586797,0.09725478822712842,0.003151500004605623,42,7,length,0.75,200,100,96,2,,"{""init"": ""random"", ""max_iter"": 300, ""method"": ""alternate""}"
ECG200,ed,lock-step,0.09471882640586797,0.09725478822712842,0.001905199998873286,42,8,length,0.75,200,100,96,2,,"{""init"": ""random"", ""max_iter"": 300, ""method"": ""alternate""}"
ECG200,ed,lock-step,0.04113587786259542,0.052799317083607,0.0016476000018883497,42,9,length,0.75,200,100,96,2,,"{""init"": ""random"", ""max_iter"": 300, ""method"": ""alternate""}"
ECG200,ed,lock-step,0.04113587786259542,0.052799317083607,0.0019506999997247476,42,10,length,0.75,200,100,96,2,,"{""init"": ""random"", ""max_iter"": 300, ""method"": ""alternate""}"
ECG200,idk,distributional,0.13668774384501547,0.12886573678714794,9.090123399999356,42,1,length,0.75,200,100,96,2,"{""backend"": ""aeon""}","{""init"": ""random"", ""max_iter"": 300, ""method"": ""alternate""}"
ECG200,idk,distributional,0.033753558357055714,0.054340072174078026,9.369972899999993,42,2,length,0.75,200,100,96,2,"{""backend"": ""aeon""}","{""init"": ""random"", ""max_iter"": 300, ""method"": ""alternate""}"
ECG200,idk,distributional,0.15177478580171358,0.12634639359704986,9.21527519999836,42,3,length,0.75,200,100,96,2,"{""backend"": ""aeon""}","{""init"": ""random"", ""max_iter"": 300, ""method"": ""alternate""}"
ECG200,idk,distributional,-0.008521892447840141,0.0011646013497918254,9.173079599999255,42,4,length,0.75,200,100,96,2,"{""backend"": ""aeon""}","{""init"": ""random"", ""max_iter"": 300, ""method"": ""alternate""}"
ECG200,idk,distributional,0.1218796367253102,0.11789870295965417,8.739853399998537,42,5,length,0.75,200,100,96,2,"{""backend"": ""aeon""}","{""init"": ""random"", ""max_iter"": 300, ""method"": ""alternate""}"
ECG200,idk,distributional,-0.008521892447840141,0.0011646013497918254,8.958550000001196,42,6,length,0.75,200,100,96,2,"{""backend"": ""aeon""}","{""init"": ""random"", ""max_iter"": 300, ""method"": ""alternate""}"
ECG200,idk,distributional,0.1360960505219871,0.11513495473941705,9.166836200000034,42,7,length,0.75,200,100,96,2,"{""backend"": ""aeon""}","{""init"": ""random"", ""max_iter"": 300, ""method"": ""alternate""}"
ECG200,idk,distributional,0.12123486603792057,0.10447601533627356,9.554494899997735,42,8,length,0.75,200,100,96,2,"{""backend"": ""aeon""}","{""init"": ""random"", ""max_iter"": 300, ""method"": ""alternate""}"
ECG200,idk,distributional,0.035886448848419926,0.10273159764776643,9.221171600000162,42,9,length,0.75,200,100,96,2,"{""backend"": ""aeon""}","{""init"": ""random"", ""max_iter"": 300, ""method"": ""alternate""}"
ECG200,idk,distributional,-0.006222106394761703,0.0016431701115071989,8.63784140000098,42,10,length,0.75,200,100,96,2,"{""backend"": ""aeon""}","{""init"": ""random"", ""max_iter"": 300, ""method"": ""alternate""}"
ECG200,msm,elastic,0.09471882640586797,0.09725478822712842,0.2952328999999736,42,1,length,0.75,200,100,96,2,"{""c"": 1.0, ""backend"": ""aeon""}","{""init"": ""random"", ""max_iter"": 300, ""method"": ""alternate""}"
ECG200,msm,elastic,0.0604824427480916,0.07461767443636569,0.3269267999967269,42,2,length,0.75,200,100,96,2,"{""c"": 1.0, ""backend"": ""aeon""}","{""init"": ""random"", ""max_iter"": 300, ""method"": ""alternate""}"
ECG200,msm,elastic,0.09471882640586797,0.09725478822712842,0.25741109999944456,42,3,length,0.75,200,100,96,2,"{""c"": 1.0, ""backend"": ""aeon""}","{""init"": ""random"", ""max_iter"": 300, ""method"": ""alternate""}"
ECG200,msm,elastic,0.09471882640586797,0.09725478822712842,0.2704249999987951,42,4,length,0.75,200,100,96,2,"{""c"": 1.0, ""backend"": ""aeon""}","{""init"": ""random"", ""max_iter"": 300, ""method"": ""alternate""}"
ECG200,msm,elastic,0.0604824427480916,0.07461767443636569,0.6737968000015826,42,5,length,0.75,200,100,96,2,"{""c"": 1.0, ""backend"": ""aeon""}","{""init"": ""random"", ""max_iter"": 300, ""method"": ""alternate""}"
ECG200,msm,elastic,0.09471882640586797,0.09725478822712842,0.633394499996939,42,6,length,0.75,200,100,96,2,"{""c"": 1.0, ""backend"": ""aeon""}","{""init"": ""random"", ""max_iter"": 300, ""method"": ""alternate""}"
ECG200,msm,elastic,0.09471882640586797,0.09725478822712842,0.6030858999984048,42,7,length,0.75,200,100,96,2,"{""c"": 1.0, ""backend"": ""aeon""}","{""init"": ""random"", ""max_iter"": 300, ""method"": ""alternate""}"
ECG200,msm,elastic,0.09471882640586797,0.09725478822712842,0.49815850000231876,42,8,length,0.75,200,100,96,2,"{""c"": 1.0, ""backend"": ""aeon""}","{""init"": ""random"", ""max_iter"": 300, ""method"": ""alternate""}"
ECG200,msm,elastic,0.0604824427480916,0.07461767443636569,0.5393786999993608,42,9,length,0.75,200,100,96,2,"{""c"": 1.0, ""backend"": ""aeon""}","{""init"": ""random"", ""max_iter"": 300, ""method"": ""alternate""}"
ECG200,msm,elastic,0.040760969172684285,0.04918785501957698,0.5895075000007637,42,10,length,0.75,200,100,96,2,"{""c"": 1.0, ""backend"": ""aeon""}","{""init"": ""random"", ""max_iter"": 300, ""method"": ""alternate""}"
ECG200,sbd,sliding,0.10789000696932276,0.107366056828105,0.7552437000013015,42,1,length,0.75,200,100,96,2,"{""backend"": ""aeon"", ""n_jobs"": -1, ""candidate_k"": 20, ""paa_segments"": 32}","{""init"": ""random"", ""max_iter"": 300, ""method"": ""alternate""}"
ECG200,sbd,sliding,0.008096346523631212,0.08068918390116896,0.7547988000005716,42,2,length,0.75,200,100,96,2,"{""backend"": ""aeon"", ""n_jobs"": -1, ""candidate_k"": 20, ""paa_segments"": 32}","{""init"": ""random"", ""max_iter"": 300, ""method"": ""alternate""}"
ECG200,sbd,sliding,0.10789000696932276,0.107366056828105,0.7874018000002252,42,3,length,0.75,200,100,96,2,"{""backend"": ""aeon"", ""n_jobs"": -1, ""candidate_k"": 20, ""paa_segments"": 32}","{""init"": ""random"", ""max_iter"": 300, ""method"": ""alternate""}"
ECG200,sbd,sliding,0.10789000696932276,0.107366056828105,0.746194999999716,42,4,length,0.75,200,100,96,2,"{""backend"": ""aeon"", ""n_jobs"": -1, ""candidate_k"": 20, ""paa_segments"": 32}","{""init"": ""random"", ""max_iter"": 300, ""method"": ""alternate""}"
ECG200,sbd,sliding,-0.009466258094262714,0.0003017697373495547,0.7085725999986607,42,5,length,0.75,200,100,96,2,"{""backend"": ""aeon"", ""n_jobs"": -1, ""candidate_k"": 20, ""paa_segments"": 32}","{""init"": ""random"", ""max_iter"": 300, ""method"": ""alternate""}"
ECG200,sbd,sliding,0.04804584190420218,0.04233997721440788,0.6412161999996897,42,6,length,0.75,200,100,96,2,"{""backend"": ""aeon"", ""n_jobs"": -1, ""candidate_k"": 20, ""paa_segments"": 32}","{""init"": ""random"", ""max_iter"": 300, ""method"": ""alternate""}"
ECG200,sbd,sliding,0.16856943577695385,0.14640120026863412,0.7523230999995576,42,7,length,0.75,200,100,96,2,"{""backend"": ""aeon"", ""n_jobs"": -1, ""candidate_k"": 20, ""paa_segments"": 32}","{""init"": ""random"", ""max_iter"": 300, ""method"": ""alternate""}"
ECG200,sbd,sliding,0.10789000696932276,0.107366056828105,0.7294495999994979,42,8,length,0.75,200,100,96,2,"{""backend"": ""aeon"", ""n_jobs"": -1, ""candidate_k"": 20, ""paa_segments"": 32}","{""init"": ""random"", ""max_iter"": 300, ""method"": ""alternate""}"
ECG200,sbd,sliding,-0.009466258094262714,0.0003017697373495547,0.7273026999991998,42,9,length,0.75,200,100,96,2,"{""backend"": ""aeon"", ""n_jobs"": -1, ""candidate_k"": 20, ""paa_segments"": 32}","{""init"": ""random"", ""max_iter"": 300, ""method"": ""alternate""}"
ECG200,sbd,sliding,0.061307918532710164,0.0895602242336334,0.6950090999998793,42,10,length,0.75,200,100,96,2,"{""backend"": ""aeon"", ""n_jobs"": -1, ""candidate_k"": 20, ""paa_segments"": 32}","{""init"": ""random"", ""max_iter"": 300, ""method"": ""alternate""}"
ECG200,dtw,elastic,0.10818078479145701,0.1138228555959753,1.1709775999988778,42,1,length,0.9,200,100,96,2,"{""window"": 10, ""backend"": ""aeon""}","{""init"": ""random"", ""max_iter"": 300, ""method"": ""alternate""}"
ECG200,dtw,elastic,-0.002413135282320523,0.005581295485867085,1.1401541000013822,42,2,length,0.9,200,100,96,2,"{""window"": 10, ""backend"": ""aeon""}","{""init"": ""random"", ""max_iter"": 300, ""method"": ""alternate""}"
ECG200,dtw,elastic,0.2041041077787159,0.17745410957296198,1.152036899999075,42,3,length,0.9,200,100,96,2,"{""window"": 10, ""backend"": ""aeon""}","{""init"": ""random"", ""max_iter"": 300, ""method"": ""alternate""}"
ECG200,dtw,elastic,0.058397019760813774,0.05169322737348285,1.2175468999957957,42,4,length,0.9,200,100,96,2,"{""window"": 10, ""backend"": ""aeon""}","{""init"": ""random"", ""max_iter"": 300, ""method"": ""alternate""}"
ECG200,dtw,elastic,0.058397019760813774,0.05169322737348285,1.2381327000002784,42,5,length,0.9,200,100,96,2,"{""window"": 10, ""backend"": ""aeon""}","{""init"": ""random"", ""max_iter"": 300, ""method"": ""alternate""}"
ECG200,dtw,elastic,0.2041041077787159,0.17745410957296198,1.241915800001152,42,6,length,0.9,200,100,96,2,"{""window"": 10, ""backend"": ""aeon""}","{""init"": ""random"", ""max_iter"": 300, ""method"": ""alternate""}"
ECG200,dtw,elastic,-0.002413135282320523,0.005581295485867085,1.3531255000052624,42,7,length,0.9,200,100,96,2,"{""window"": 10, ""backend"": ""aeon""}","{""init"": ""random"", ""max_iter"": 300, ""method"": ""alternate""}"
ECG200,dtw,elastic,0.058397019760813774,0.05169322737348285,1.401238699996611,42,8,length,0.9,200,100,96,2,"{""window"": 10, ""backend"": ""aeon""}","{""init"": ""random"", ""max_iter"": 300, ""method"": ""alternate""}"
ECG200,dtw,elastic,0.0033192185192868562,0.012580976099843792,1.3220332999990205,42,9,length,0.9,200,100,96,2,"{""window"": 10, ""backend"": ""aeon""}","{""init"": ""random"", ""max_iter"": 300, ""method"": ""alternate""}"
ECG200,dtw,elastic,0.0033192185192868562,0.012580976099843792,1.3198759000042628,42,10,length,0.9,200,100,96,2,"{""window"": 10, ""backend"": ""aeon""}","{""init"": ""random"", ""max_iter"": 300, ""method"": ""alternate""}"
ECG200,ed,lock-step,0.10818078479145701,0.1138228555959753,0.0010156999960599933,42,1,length,0.9,200,100,96,2,,"{""init"": ""random"", ""max_iter"": 300, ""method"": ""alternate""}"
ECG200,ed,lock-step,0.04154169837503917,0.05727918412528509,0.0005713999998988584,42,2,length,0.9,200,100,96,2,,"{""init"": ""random"", ""max_iter"": 300, ""method"": ""alternate""}"
ECG200,ed,lock-step,0.10818078479145701,0.1138228555959753,0.0005529000009119045,42,3,length,0.9,200,100,96,2,,"{""init"": ""random"", ""max_iter"": 300, ""method"": ""alternate""}"
ECG200,ed,lock-step,0.08269491587551776,0.09346609688347893,0.0006310999960987829,42,4,length,0.9,200,100,96,2,,"{""init"": ""random"", ""max_iter"": 300, ""method"": ""alternate""}"
ECG200,ed,lock-step,0.04154169837503917,0.05727918412528509,0.0007019999975454994,42,5,length,0.9,200,100,96,2,,"{""init"": ""random"", ""max_iter"": 300, ""method"": ""alternate""}"
ECG200,ed,lock-step,0.10818078479145701,0.1138228555959753,0.0008254000022134278,42,6,length,0.9,200,100,96,2,,"{""init"": ""random"", ""max_iter"": 300, ""method"": ""alternate""}"
ECG200,ed,lock-step,0.10818078479145701,0.1138228555959753,0.001180800001748139,42,7,length,0.9,200,100,96,2,,"{""init"": ""random"", ""max_iter"": 300, ""method"": ""alternate""}"
ECG200,ed,lock-step,0.10818078479145701,0.1138228555959753,0.001201200000650715,42,8,length,0.9,200,100,96,2,,"{""init"": ""random"", ""max_iter"": 300, ""method"": ""alternate""}"
ECG200,ed,lock-step,0.10818078479145701,0.1138228555959753,0.0006914000005053822,42,9,length,0.9,200,100,96,2,,"{""init"": ""random"", ""max_iter"": 300, ""method"": ""alternate""}"
ECG200,ed,lock-step,0.04154169837503917,0.05727918412528509,0.0009309000051871408,42,10,length,0.9,200,100,96,2,,"{""init"": ""random"", ""max_iter"": 300, ""method"": ""alternate""}"
ECG200,idk,distributional,0.16856943577695385,0.14640120026863412,9.00564680000025,42,1,length,0.9,200,100,96,2,"{""backend"": ""aeon""}","{""init"": ""random"", ""max_iter"": 300, ""method"": ""alternate""}"
ECG200,idk,distributional,0.13626518850262473,0.11876912541700375,9.278265500000998,42,2,length,0.9,200,100,96,2,"{""backend"": ""aeon""}","{""init"": ""random"", ""max_iter"": 300, ""method"": ""alternate""}"
ECG200,idk,distributional,0.15210688591983557,0.13459183880031764,8.875718700001016,42,3,length,0.9,200,100,96,2,"{""backend"": ""aeon""}","{""init"": ""random"", ""max_iter"": 300, ""method"": ""alternate""}"
ECG200,idk,distributional,0.015673213498555126,0.018587207287721865,9.059929099999863,42,4,length,0.9,200,100,96,2,"{""backend"": ""aeon""}","{""init"": ""random"", ""max_iter"": 300, ""method"": ""alternate""}"
ECG200,idk,distributional,0.15192703064321378,0.13000390226622416,8.392806600000768,42,5,length,0.9,200,100,96,2,"{""backend"": ""aeon""}","{""init"": ""random"", ""max_iter"": 300, ""method"": ""alternate""}"
ECG200,idk,distributional,0.030219914776901603,0.029114383118891984,8.65341570000055,42,6,length,0.9,200,100,96,2,"{""backend"": ""aeon""}","{""init"": ""random"", ""max_iter"": 300, ""method"": ""alternate""}"
ECG200,idk,distributional,0.16856943577695385,0.14640120026863412,8.890603499999997,42,7,length,0.9,200,100,96,2,"{""backend"": ""aeon""}","{""init"": ""random"", ""max_iter"": 300, ""method"": ""alternate""}"
ECG200,idk,distributional,0.15210688591983557,0.13459183880031764,8.684590700000626,42,8,length,0.9,200,100,96,2,"{""backend"": ""aeon""}","{""init"": ""random"", ""max_iter"": 300, ""method"": ""alternate""}"
ECG200,idk,distributional,0.16856943577695385,0.14640120026863412,8.796937799999796,42,9,length,0.9,200,100,96,2,"{""backend"": ""aeon""}","{""init"": ""random"", ""max_iter"": 300, ""method"": ""alternate""}"
ECG200,idk,distributional,0.15192703064321378,0.13000390226622416,8.579166499999701,42,10,length,0.9,200,100,96,2,"{""backend"": ""aeon""}","{""init"": ""random"", ""max_iter"": 300, ""method"": ""alternate""}"
ECG200,msm,elastic,0.16875930268121114,0.15217136598067355,0.1830941999978677,42,1,length,0.9,200,100,96,2,"{""c"": 1.0, ""backend"": ""aeon""}","{""init"": ""random"", ""max_iter"": 300, ""method"": ""alternate""}"
ECG200,msm,elastic,0.16875930268121114,0.15217136598067355,0.18824809999932768,42,2,length,0.9,200,100,96,2,"{""c"": 1.0, ""backend"": ""aeon""}","{""init"": ""random"", ""max_iter"": 300, ""method"": ""alternate""}"
ECG200,msm,elastic,0.16875930268121114,0.15217136598067355,0.18361949999962235,42,3,length,0.9,200,100,96,2,"{""c"": 1.0, ""backend"": ""aeon""}","{""init"": ""random"", ""max_iter"": 300, ""method"": ""alternate""}"
ECG200,msm,elastic,0.16875930268121114,0.15217136598067355,0.20941920000041137,42,4,length,0.9,200,100,96,2,"{""c"": 1.0, ""backend"": ""aeon""}","{""init"": ""random"", ""max_iter"": 300, ""method"": ""alternate""}"
ECG200,msm,elastic,0.16875930268121114,0.15217136598067355,0.1877851000026567,42,5,length,0.9,200,100,96,2,"{""c"": 1.0, ""backend"": ""aeon""}","{""init"": ""random"", ""max_iter"": 300, ""method"": ""alternate""}"
ECG200,msm,elastic,0.16875930268121114,0.15217136598067355,0.2870151999995869,42,6,length,0.9,200,100,96,2,"{""c"": 1.0, ""backend"": ""aeon""}","{""init"": ""random"", ""max_iter"": 300, ""method"": ""alternate""}"
ECG200,msm,elastic,0.16875930268121114,0.15217136598067355,0.3297467000011238,42,7,length,0.9,200,100,96,2,"{""c"": 1.0, ""backend"": ""aeon""}","{""init"": ""random"", ""max_iter"": 300, ""method"": ""alternate""}"
ECG200,msm,elastic,0.16875930268121114,0.15217136598067355,0.22251929999765707,42,8,length,0.9,200,100,96,2,"{""c"": 1.0, ""backend"": ""aeon""}","{""init"": ""random"", ""max_iter"": 300, ""method"": ""alternate""}"
ECG200,msm,elastic,0.16875930268121114,0.15217136598067355,0.24466920000122627,42,9,length,0.9,200,100,96,2,"{""c"": 1.0, ""backend"": ""aeon""}","{""init"": ""random"", ""max_iter"": 300, ""method"": ""alternate""}"
ECG200,msm,elastic,0.16875930268121114,0.15217136598067355,0.2919478999974672,42,10,length,0.9,200,100,96,2,"{""c"": 1.0, ""backend"": ""aeon""}","{""init"": ""random"", ""max_iter"": 300, ""method"": ""alternate""}"
ECG200,sbd,sliding,0.10789000696932276,0.107366056828105,0.7123023000021931,42,1,length,0.9,200,100,96,2,"{""backend"": ""aeon"", ""n_jobs"": -1, ""candidate_k"": 20, ""paa_segments"": 32}","{""init"": ""random"", ""max_iter"": 300, ""method"": ""alternate""}"
ECG200,sbd,sliding,0.10789000696932276,0.107366056828105,0.7676585999997769,42,2,length,0.9,200,100,96,2,"{""backend"": ""aeon"", ""n_jobs"": -1, ""candidate_k"": 20, ""paa_segments"": 32}","{""init"": ""random"", ""max_iter"": 300, ""method"": ""alternate""}"
ECG200,sbd,sliding,0.09573584721340302,0.12086122891152677,0.7196945999985473,42,3,length,0.9,200,100,96,2,"{""backend"": ""aeon"", ""n_jobs"": -1, ""candidate_k"": 20, ""paa_segments"": 32}","{""init"": ""random"", ""max_iter"": 300, ""method"": ""alternate""}"
ECG200,sbd,sliding,0.09573584721340302,0.12086122891152677,0.7335419999999431,42,4,length,0.9,200,100,96,2,"{""backend"": ""aeon"", ""n_jobs"": -1, ""candidate_k"": 20, ""paa_segments"": 32}","{""init"": ""random"", ""max_iter"": 300, ""method"": ""alternate""}"
ECG200,sbd,sliding,0.042445753595082146,0.07021735782919518,0.7894299000017782,42,5,length,0.9,200,100,96,2,"{""backend"": ""aeon"", ""n_jobs"": -1, ""candidate_k"": 20, ""paa_segments"": 32}","{""init"": ""random"", ""max_iter"": 300, ""method"": ""alternate""}"
ECG200,sbd,sliding,-0.0006803382252891437,0.007848505707418938,0.7491999000012584,42,6,length,0.9,200,100,96,2,"{""backend"": ""aeon"", ""n_jobs"": -1, ""candidate_k"": 20, ""paa_segments"": 32}","{""init"": ""random"", ""max_iter"": 300, ""method"": ""alternate""}"
ECG200,sbd,sliding,0.10789000696932276,0.107366056828105,0.7709136999983457,42,7,length,0.9,200,100,96,2,"{""backend"": ""aeon"", ""n_jobs"": -1, ""candidate_k"": 20, ""paa_segments"": 32}","{""init"": ""random"", ""max_iter"": 300, ""method"": ""alternate""}"
ECG200,sbd,sliding,0.09573584721340302,0.12086122891152677,0.7564758999997139,42,8,length,0.9,200,100,96,2,"{""backend"": ""aeon"", ""n_jobs"": -1, ""candidate_k"": 20, ""paa_segments"": 32}","{""init"": ""random"", ""max_iter"": 300, ""method"": ""alternate""}"
ECG200,sbd,sliding,0.022043795620437956,0.07928791578188196,0.7513878999998269,42,9,length,0.9,200,100,96,2,"{""backend"": ""aeon"", ""n_jobs"": -1, ""candidate_k"": 20, ""paa_segments"": 32}","{""init"": ""random"", ""max_iter"": 300, ""method"": ""alternate""}"
ECG200,sbd,sliding,0.2631475859367349,0.21409369088299846,0.7521825000003446,42,10,length,0.9,200,100,96,2,"{""backend"": ""aeon"", ""n_jobs"": -1, ""candidate_k"": 20, ""paa_segments"": 32}","{""init"": ""random"", ""max_iter"": 300, ""method"": ""alternate""}"
ECG200,dtw,elastic,0.0066781770205557546,0.014880660382146764,1.1378864999969664,42,1,length,1.0,200,100,96,2,"{""window"": 10, ""backend"": ""aeon""}","{""init"": ""random"", ""max_iter"": 300, ""method"": ""alternate""}"
ECG200,dtw,elastic,-0.001559549192811453,0.006362555582158176,1.149026799997955,42,2,length,1.0,200,100,96,2,"{""window"": 10, ""backend"": ""aeon""}","{""init"": ""random"", ""max_iter"": 300, ""method"": ""alternate""}"
ECG200,dtw,elastic,0.1358422193112398,0.11005444548223992,1.109569599997485,42,3,length,1.0,200,100,96,2,"{""window"": 10, ""backend"": ""aeon""}","{""init"": ""random"", ""max_iter"": 300, ""method"": ""alternate""}"
ECG200,dtw,elastic,-0.001559549192811453,0.006362555582158176,1.154837599999155,42,4,length,1.0,200,100,96,2,"{""window"": 10, ""backend"": ""aeon""}","{""init"": ""random"", ""max_iter"": 300, ""method"": ""alternate""}"
ECG200,dtw,elastic,0.05827405947381952,0.05073566873993589,1.1757203999986814,42,5,length,1.0,200,100,96,2,"{""window"": 10, ""backend"": ""aeon""}","{""init"": ""random"", ""max_iter"": 300, ""method"": ""alternate""}"
ECG200,dtw,elastic,0.03178484107579462,0.03705068107641364,1.1454604999962612,42,6,length,1.0,200,100,96,2,"{""window"": 10, ""backend"": ""aeon""}","{""init"": ""random"", ""max_iter"": 300, ""method"": ""alternate""}"
ECG200,dtw,elastic,-0.001559549192811453,0.006362555582158176,1.1599301000023843,42,7,length,1.0,200,100,96,2,"{""window"": 10, ""backend"": ""aeon""}","{""init"": ""random"", ""max_iter"": 300, ""method"": ""alternate""}"
ECG200,dtw,elastic,-0.001559549192811453,0.006362555582158176,1.1537890999970841,42,8,length,1.0,200,100,96,2,"{""window"": 10, ""backend"": ""aeon""}","{""init"": ""random"", ""max_iter"": 300, ""method"": ""alternate""}"
ECG200,dtw,elastic,-0.001559549192811453,0.006362555582158176,1.2663083000006736,42,9,length,1.0,200,100,96,2,"{""window"": 10, ""backend"": ""aeon""}","{""init"": ""random"", ""max_iter"": 300, ""method"": ""alternate""}"
ECG200,dtw,elastic,-0.001559549192811453,0.006362555582158176,1.1132393999978376,42,10,length,1.0,200,100,96,2,"{""window"": 10, ""backend"": ""aeon""}","{""init"": ""random"", ""max_iter"": 300, ""method"": ""alternate""}"
ECG200,ed,lock-step,0.13694107865553204,0.1357435317567495,0.0010452000024088193,42,1,length,1.0,200,100,96,2,,"{""init"": ""random"", ""max_iter"": 300, ""method"": ""alternate""}"
ECG200,ed,lock-step,0.03329752953813104,0.0491957059577339,0.0006333999990602024,42,2,length,1.0,200,100,96,2,,"{""init"": ""random"", ""max_iter"": 300, ""method"": ""alternate""}"
ECG200,ed,lock-step,0.13694107865553204,0.1357435317567495,0.0005177999992156401,42,3,length,1.0,200,100,96,2,,"{""init"": ""random"", ""max_iter"": 300, ""method"": ""alternate""}"
ECG200,ed,lock-step,0.13694107865553204,0.1357435317567495,0.0013350999979593325,42,4,length,1.0,200,100,96,2,,"{""init"": ""random"", ""max_iter"": 300, ""method"": ""alternate""}"
ECG200,ed,lock-step,0.13694107865553204,0.1357435317567495,0.0008374999997613486,42,5,length,1.0,200,100,96,2,,"{""init"": ""random"", ""max_iter"": 300, ""method"": ""alternate""}"
ECG200,ed,lock-step,0.13694107865553204,0.1357435317567495,0.0006424999992304947,42,6,length,1.0,200,100,96,2,,"{""init"": ""random"", ""max_iter"": 300, ""method"": ""alternate""}"
ECG200,ed,lock-step,0.13694107865553204,0.1357435317567495,0.0007253000003402121,42,7,length,1.0,200,100,96,2,,"{""init"": ""random"", ""max_iter"": 300, ""method"": ""alternate""}"
ECG200,ed,lock-step,0.13694107865553204,0.1357435317567495,0.000528900000063004,42,8,length,1.0,200,100,96,2,,"{""init"": ""random"", ""max_iter"": 300, ""method"": ""alternate""}"
ECG200,ed,lock-step,0.03329752953813104,0.0491957059577339,0.0009665000034146942,42,9,length,1.0,200,100,96,2,,"{""init"": ""random"", ""max_iter"": 300, ""method"": ""alternate""}"
ECG200,ed,lock-step,0.03329752953813104,0.0491957059577339,0.0004889999981969595,42,10,length,1.0,200,100,96,2,,"{""init"": ""random"", ""max_iter"": 300, ""method"": ""alternate""}"
ECG200,idk,distributional,0.1360960505219871,0.11513495473941705,9.239369999997507,42,1,length,1.0,200,100,96,2,"{""backend"": ""aeon""}","{""init"": ""random"", ""max_iter"": 300, ""method"": ""alternate""}"
ECG200,idk,distributional,0.1360960505219871,0.11513495473941705,8.854057799999282,42,2,length,1.0,200,100,96,2,"{""backend"": ""aeon""}","{""init"": ""random"", ""max_iter"": 300, ""method"": ""alternate""}"
ECG200,idk,distributional,0.1360960505219871,0.11513495473941705,9.038481300001877,42,3,length,1.0,200,100,96,2,"{""backend"": ""aeon""}","{""init"": ""random"", ""max_iter"": 300, ""method"": ""alternate""}"
ECG200,idk,distributional,0.1360960505219871,0.11513495473941705,9.285399499998675,42,4,length,1.0,200,100,96,2,"{""backend"": ""aeon""}","{""init"": ""random"", ""max_iter"": 300, ""method"": ""alternate""}"
ECG200,idk,distributional,0.1360960505219871,0.11513495473941705,9.261244199999055,42,5,length,1.0,200,100,96,2,"{""backend"": ""aeon""}","{""init"": ""random"", ""max_iter"": 300, ""method"": ""alternate""}"
ECG200,idk,distributional,0.03900751180222049,0.036865411084647505,8.814924099999189,42,6,length,1.0,200,100,96,2,"{""backend"": ""aeon""}","{""init"": ""random"", ""max_iter"": 300, ""method"": ""alternate""}"
ECG200,idk,distributional,0.1360960505219871,0.11513495473941705,8.8049428000013,42,7,length,1.0,200,100,96,2,"{""backend"": ""aeon""}","{""init"": ""random"", ""max_iter"": 300, ""method"": ""alternate""}"
ECG200,idk,distributional,0.1360960505219871,0.11513495473941705,9.355194000001575,42,8,length,1.0,200,100,96,2,"{""backend"": ""aeon""}","{""init"": ""random"", ""max_iter"": 300, ""method"": ""alternate""}"
ECG200,idk,distributional,0.1360960505219871,0.11513495473941705,10.85739089999879,42,9,length,1.0,200,100,96,2,"{""backend"": ""aeon""}","{""init"": ""random"", ""max_iter"": 300, ""method"": ""alternate""}"
ECG200,idk,distributional,0.1360960505219871,0.11513495473941705,8.86855519999881,42,10,length,1.0,200,100,96,2,"{""backend"": ""aeon""}","{""init"": ""random"", ""max_iter"": 300, ""method"": ""alternate""}"
ECG200,msm,elastic,0.15231431646932186,0.1402834245040046,0.17518009999912465,42,1,length,1.0,200,100,96,2,"{""c"": 1.0, ""backend"": ""aeon""}","{""init"": ""random"", ""max_iter"": 300, ""method"": ""alternate""}"
ECG200,msm,elastic,0.15231431646932186,0.1402834245040046,0.16952360000141198,42,2,length,1.0,200,100,96,2,"{""c"": 1.0, ""backend"": ""aeon""}","{""init"": ""random"", ""max_iter"": 300, ""method"": ""alternate""}"
ECG200,msm,elastic,0.15231431646932186,0.1402834245040046,0.1780564000036975,42,3,length,1.0,200,100,96,2,"{""c"": 1.0, ""backend"": ""aeon""}","{""init"": ""random"", ""max_iter"": 300, ""method"": ""alternate""}"
ECG200,msm,elastic,0.15231431646932186,0.1402834245040046,0.17398279999906663,42,4,length,1.0,200,100,96,2,"{""c"": 1.0, ""backend"": ""aeon""}","{""init"": ""random"", ""max_iter"": 300, ""method"": ""alternate""}"
ECG200,msm,elastic,0.15231431646932186,0.1402834245040046,0.19120530000145664,42,5,length,1.0,200,100,96,2,"{""c"": 1.0, ""backend"": ""aeon""}","{""init"": ""random"", ""max_iter"": 300, ""method"": ""alternate""}"
ECG200,msm,elastic,0.15231431646932186,0.1402834245040046,0.18356139999741572,42,6,length,1.0,200,100,96,2,"{""c"": 1.0, ""backend"": ""aeon""}","{""init"": ""random"", ""max_iter"": 300, ""method"": ""alternate""}"
ECG200,msm,elastic,0.15231431646932186,0.1402834245040046,0.19102840000050492,42,7,length,1.0,200,100,96,2,"{""c"": 1.0, ""backend"": ""aeon""}","{""init"": ""random"", ""max_iter"": 300, ""method"": ""alternate""}"
ECG200,msm,elastic,0.15231431646932186,0.1402834245040046,0.17989400000078604,42,8,length,1.0,200,100,96,2,"{""c"": 1.0, ""backend"": ""aeon""}","{""init"": ""random"", ""max_iter"": 300, ""method"": ""alternate""}"
ECG200,msm,elastic,0.15231431646932186,0.1402834245040046,0.17519880000327248,42,9,length,1.0,200,100,96,2,"{""c"": 1.0, ""backend"": ""aeon""}","{""init"": ""random"", ""max_iter"": 300, ""method"": ""alternate""}"
ECG200,msm,elastic,0.15231431646932186,0.1402834245040046,0.17506840000351076,42,10,length,1.0,200,100,96,2,"{""c"": 1.0, ""backend"": ""aeon""}","{""init"": ""random"", ""max_iter"": 300, ""method"": ""alternate""}"
ECG200,sbd,sliding,0.1218796367253102,0.11789870295965417,0.7167788999995537,42,1,length,1.0,200,100,96,2,"{""backend"": ""aeon"", ""n_jobs"": -1, ""candidate_k"": 20, ""paa_segments"": 32}","{""init"": ""random"", ""max_iter"": 300, ""method"": ""alternate""}"
ECG200,sbd,sliding,0.1218796367253102,0.11789870295965417,0.6894652000028145,42,2,length,1.0,200,100,96,2,"{""backend"": ""aeon"", ""n_jobs"": -1, ""candidate_k"": 20, ""paa_segments"": 32}","{""init"": ""random"", ""max_iter"": 300, ""method"": ""alternate""}"
ECG200,sbd,sliding,0.1218796367253102,0.11789870295965417,0.6643745000019408,42,3,length,1.0,200,100,96,2,"{""backend"": ""aeon"", ""n_jobs"": -1, ""candidate_k"": 20, ""paa_segments"": 32}","{""init"": ""random"", ""max_iter"": 300, ""method"": ""alternate""}"
ECG200,sbd,sliding,0.1218796367253102,0.11789870295965417,0.7405146999990393,42,4,length,1.0,200,100,96,2,"{""backend"": ""aeon"", ""n_jobs"": -1, ""candidate_k"": 20, ""paa_segments"": 32}","{""init"": ""random"", ""max_iter"": 300, ""method"": ""alternate""}"
ECG200,sbd,sliding,0.1218796367253102,0.11789870295965417,0.7480353000009927,42,5,length,1.0,200,100,96,2,"{""backend"": ""aeon"", ""n_jobs"": -1, ""candidate_k"": 20, ""paa_segments"": 32}","{""init"": ""random"", ""max_iter"": 300, ""method"": ""alternate""}"
ECG200,sbd,sliding,0.1218796367253102,0.11789870295965417,0.7038356000011845,42,6,length,1.0,200,100,96,2,"{""backend"": ""aeon"", ""n_jobs"": -1, ""candidate_k"": 20, ""paa_segments"": 32}","{""init"": ""random"", ""max_iter"": 300, ""method"": ""alternate""}"
ECG200,sbd,sliding,0.025013740458015268,0.03501835993498306,0.6876982000012504,42,7,length,1.0,200,100,96,2,"{""backend"": ""aeon"", ""n_jobs"": -1, ""candidate_k"": 20, ""paa_segments"": 32}","{""init"": ""random"", ""max_iter"": 300, ""method"": ""alternate""}"
ECG200,sbd,sliding,0.1218796367253102,0.11789870295965417,0.7269305999998323,42,8,length,1.0,200,100,96,2,"{""backend"": ""aeon"", ""n_jobs"": -1, ""candidate_k"": 20, ""paa_segments"": 32}","{""init"": ""random"", ""max_iter"": 300, ""method"": ""alternate""}"
ECG200,sbd,sliding,0.1218796367253102,0.11789870295965417,0.747238700001617,42,9,length,1.0,200,100,96,2,"{""backend"": ""aeon"", ""n_jobs"": -1, ""candidate_k"": 20, ""paa_segments"": 32}","{""init"": ""random"", ""max_iter"": 300, ""method"": ""alternate""}"
ECG200,sbd,sliding,0.1218796367253102,0.11789870295965417,0.7478568000005907,42,10,length,1.0,200,100,96,2,"{""backend"": ""aeon"", ""n_jobs"": -1, ""candidate_k"": 20, ""paa_segments"": 32}","{""init"": ""random"", ""max_iter"": 300, ""method"": ""alternate""}"
ECG200,dtw,elastic,0.0066781770205557546,0.014880660382146764,4.082401999998183,42,1,noise,0.0,200,100,96,2,"{""window"": 10, ""backend"": ""aeon""}","{""init"": ""random"", ""max_iter"": 300, ""method"": ""alternate""}"
ECG200,dtw,elastic,-0.001559549192811453,0.006362555582158176,3.7376241000001755,42,2,noise,0.0,200,100,96,2,"{""window"": 10, ""backend"": ""aeon""}","{""init"": ""random"", ""max_iter"": 300, ""method"": ""alternate""}"
ECG200,dtw,elastic,0.1358422193112398,0.11005444548223992,3.805301499998677,42,3,noise,0.0,200,100,96,2,"{""window"": 10, ""backend"": ""aeon""}","{""init"": ""random"", ""max_iter"": 300, ""method"": ""alternate""}"
ECG200,dtw,elastic,-0.001559549192811453,0.006362555582158176,3.7791956000000937,42,4,noise,0.0,200,100,96,2,"{""window"": 10, ""backend"": ""aeon""}","{""init"": ""random"", ""max_iter"": 300, ""method"": ""alternate""}"
ECG200,dtw,elastic,0.05827405947381952,0.05073566873993589,4.880052800001067,42,5,noise,0.0,200,100,96,2,"{""window"": 10, ""backend"": ""aeon""}","{""init"": ""random"", ""max_iter"": 300, ""method"": ""alternate""}"
ECG200,dtw,elastic,0.03178484107579462,0.03705068107641364,3.946641399999862,42,6,noise,0.0,200,100,96,2,"{""window"": 10, ""backend"": ""aeon""}","{""init"": ""random"", ""max_iter"": 300, ""method"": ""alternate""}"
ECG200,dtw,elastic,-0.001559549192811453,0.006362555582158176,3.7337384999991627,42,7,noise,0.0,200,100,96,2,"{""window"": 10, ""backend"": ""aeon""}","{""init"": ""random"", ""max_iter"": 300, ""method"": ""alternate""}"
ECG200,dtw,elastic,-0.001559549192811453,0.006362555582158176,3.8314613999991707,42,8,noise,0.0,200,100,96,2,"{""window"": 10, ""backend"": ""aeon""}","{""init"": ""random"", ""max_iter"": 300, ""method"": ""alternate""}"
ECG200,dtw,elastic,-0.001559549192811453,0.006362555582158176,3.817769999999655,42,9,noise,0.0,200,100,96,2,"{""window"": 10, ""backend"": ""aeon""}","{""init"": ""random"", ""max_iter"": 300, ""method"": ""alternate""}"
ECG200,dtw,elastic,-0.001559549192811453,0.006362555582158176,3.950185600000623,42,10,noise,0.0,200,100,96,2,"{""window"": 10, ""backend"": ""aeon""}","{""init"": ""random"", ""max_iter"": 300, ""method"": ""alternate""}"
ECG200,ed,lock-step,0.13694107865553204,0.1357435317567495,0.004612099999576458,42,1,noise,0.0,200,100,96,2,,"{""init"": ""random"", ""max_iter"": 300, ""method"": ""alternate""}"
ECG200,ed,lock-step,0.03329752953813104,0.0491957059577339,0.0025710999998409534,42,2,noise,0.0,200,100,96,2,,"{""init"": ""random"", ""max_iter"": 300, ""method"": ""alternate""}"
ECG200,ed,lock-step,0.13694107865553204,0.1357435317567495,0.0027630999975372106,42,3,noise,0.0,200,100,96,2,,"{""init"": ""random"", ""max_iter"": 300, ""method"": ""alternate""}"
ECG200,ed,lock-step,0.13694107865553204,0.1357435317567495,0.003732999999556341,42,4,noise,0.0,200,100,96,2,,"{""init"": ""random"", ""max_iter"": 300, ""method"": ""alternate""}"
ECG200,ed,lock-step,0.13694107865553204,0.1357435317567495,0.0024395000000367872,42,5,noise,0.0,200,100,96,2,,"{""init"": ""random"", ""max_iter"": 300, ""method"": ""alternate""}"
ECG200,ed,lock-step,0.13694107865553204,0.1357435317567495,0.004441399998540874,42,6,noise,0.0,200,100,96,2,,"{""init"": ""random"", ""max_iter"": 300, ""method"": ""alternate""}"
ECG200,ed,lock-step,0.13694107865553204,0.1357435317567495,0.0030741999980818946,42,7,noise,0.0,200,100,96,2,,"{""init"": ""random"", ""max_iter"": 300, ""method"": ""alternate""}"
ECG200,ed,lock-step,0.13694107865553204,0.1357435317567495,0.002631799998198403,42,8,noise,0.0,200,100,96,2,,"{""init"": ""random"", ""max_iter"": 300, ""method"": ""alternate""}"
ECG200,ed,lock-step,0.03329752953813104,0.0491957059577339,0.003009399999427842,42,9,noise,0.0,200,100,96,2,,"{""init"": ""random"", ""max_iter"": 300, ""method"": ""alternate""}"
ECG200,ed,lock-step,0.03329752953813104,0.0491957059577339,0.0027157000004081056,42,10,noise,0.0,200,100,96,2,,"{""init"": ""random"", ""max_iter"": 300, ""method"": ""alternate""}"
ECG200,idk,distributional,0.1360960505219871,0.11513495473941705,5.178408300000228,42,1,noise,0.0,200,100,96,2,"{""backend"": ""aeon""}","{""init"": ""random"", ""max_iter"": 300, ""method"": ""alternate""}"
ECG200,idk,distributional,0.1360960505219871,0.11513495473941705,5.300625200001377,42,2,noise,0.0,200,100,96,2,"{""backend"": ""aeon""}","{""init"": ""random"", ""max_iter"": 300, ""method"": ""alternate""}"
ECG200,idk,distributional,0.1360960505219871,0.11513495473941705,5.095711500000107,42,3,noise,0.0,200,100,96,2,"{""backend"": ""aeon""}","{""init"": ""random"", ""max_iter"": 300, ""method"": ""alternate""}"
ECG200,idk,distributional,0.1360960505219871,0.11513495473941705,6.125523699998666,42,4,noise,0.0,200,100,96,2,"{""backend"": ""aeon""}","{""init"": ""random"", ""max_iter"": 300, ""method"": ""alternate""}"
ECG200,idk,distributional,0.1360960505219871,0.11513495473941705,5.497844299999997,42,5,noise,0.0,200,100,96,2,"{""backend"": ""aeon""}","{""init"": ""random"", ""max_iter"": 300, ""method"": ""alternate""}"
ECG200,idk,distributional,0.03900751180222049,0.036865411084647505,6.952051599999322,42,6,noise,0.0,200,100,96,2,"{""backend"": ""aeon""}","{""init"": ""random"", ""max_iter"": 300, ""method"": ""alternate""}"
ECG200,idk,distributional,0.1360960505219871,0.11513495473941705,5.4694974000012735,42,7,noise,0.0,200,100,96,2,"{""backend"": ""aeon""}","{""init"": ""random"", ""max_iter"": 300, ""method"": ""alternate""}"
ECG200,idk,distributional,0.1360960505219871,0.11513495473941705,6.242128699999739,42,8,noise,0.0,200,100,96,2,"{""backend"": ""aeon""}","{""init"": ""random"", ""max_iter"": 300, ""method"": ""alternate""}"
ECG200,idk,distributional,0.1360960505219871,0.11513495473941705,5.135646599999745,42,9,noise,0.0,200,100,96,2,"{""backend"": ""aeon""}","{""init"": ""random"", ""max_iter"": 300, ""method"": ""alternate""}"
ECG200,idk,distributional,0.1360960505219871,0.11513495473941705,5.153244500001165,42,10,noise,0.0,200,100,96,2,"{""backend"": ""aeon""}","{""init"": ""random"", ""max_iter"": 300, ""method"": ""alternate""}"
ECG200,msm,elastic,0.15231431646932186,0.1402834245040046,0.6269191999999748,42,1,noise,0.0,200,100,96,2,"{""c"": 1.0, ""backend"": ""aeon""}","{""init"": ""random"", ""max_iter"": 300, ""method"": ""alternate""}"
ECG200,msm,elastic,0.15231431646932186,0.1402834245040046,0.6739839999991091,42,2,noise,0.0,200,100,96,2,"{""c"": 1.0, ""backend"": ""aeon""}","{""init"": ""random"", ""max_iter"": 300, ""method"": ""alternate""}"
ECG200,msm,elastic,0.15231431646932186,0.1402834245040046,0.6453022999994573,42,3,noise,0.0,200,100,96,2,"{""c"": 1.0, ""backend"": ""aeon""}","{""init"": ""random"", ""max_iter"": 300, ""method"": ""alternate""}"
ECG200,msm,elastic,0.15231431646932186,0.1402834245040046,0.8120290999995632,42,4,noise,0.0,200,100,96,2,"{""c"": 1.0, ""backend"": ""aeon""}","{""init"": ""random"", ""max_iter"": 300, ""method"": ""alternate""}"
ECG200,msm,elastic,0.15231431646932186,0.1402834245040046,0.7025666000008641,42,5,noise,0.0,200,100,96,2,"{""c"": 1.0, ""backend"": ""aeon""}","{""init"": ""random"", ""max_iter"": 300, ""method"": ""alternate""}"
ECG200,msm,elastic,0.15231431646932186,0.1402834245040046,0.6702815000007831,42,6,noise,0.0,200,100,96,2,"{""c"": 1.0, ""backend"": ""aeon""}","{""init"": ""random"", ""max_iter"": 300, ""method"": ""alternate""}"
ECG200,msm,elastic,0.15231431646932186,0.1402834245040046,0.6723460000011983,42,7,noise,0.0,200,100,96,2,"{""c"": 1.0, ""backend"": ""aeon""}","{""init"": ""random"", ""max_iter"": 300, ""method"": ""alternate""}"
ECG200,msm,elastic,0.15231431646932186,0.1402834245040046,0.6497300999999425,42,8,noise,0.0,200,100,96,2,"{""c"": 1.0, ""backend"": ""aeon""}","{""init"": ""random"", ""max_iter"": 300, ""method"": ""alternate""}"
ECG200,msm,elastic,0.15231431646932186,0.1402834245040046,0.6546677000023919,42,9,noise,0.0,200,100,96,2,"{""c"": 1.0, ""backend"": ""aeon""}","{""init"": ""random"", ""max_iter"": 300, ""method"": ""alternate""}"
ECG200,msm,elastic,0.15231431646932186,0.1402834245040046,0.6427348999986862,42,10,noise,0.0,200,100,96,2,"{""c"": 1.0, ""backend"": ""aeon""}","{""init"": ""random"", ""max_iter"": 300, ""method"": ""alternate""}"
ECG200,sbd,sliding,0.1218796367253102,0.11789870295965417,0.5798613999995723,42,1,noise,0.0,200,100,96,2,"{""backend"": ""aeon"", ""n_jobs"": -1, ""candidate_k"": 20, ""paa_segments"": 32}","{""init"": ""random"", ""max_iter"": 300, ""method"": ""alternate""}"
ECG200,sbd,sliding,0.1218796367253102,0.11789870295965417,0.5675460000002204,42,2,noise,0.0,200,100,96,2,"{""backend"": ""aeon"", ""n_jobs"": -1, ""candidate_k"": 20, ""paa_segments"": 32}","{""init"": ""random"", ""max_iter"": 300, ""method"": ""alternate""}"
ECG200,sbd,sliding,0.1218796367253102,0.11789870295965417,0.5619136999994225,42,3,noise,0.0,200,100,96,2,"{""backend"": ""aeon"", ""n_jobs"": -1, ""candidate_k"": 20, ""paa_segments"": 32}","{""init"": ""random"", ""max_iter"": 300, ""method"": ""alternate""}"
ECG200,sbd,sliding,0.1218796367253102,0.11789870295965417,0.5654850000009901,42,4,noise,0.0,200,100,96,2,"{""backend"": ""aeon"", ""n_jobs"": -1, ""candidate_k"": 20, ""paa_segments"": 32}","{""init"": ""random"", ""max_iter"": 300, ""method"": ""alternate""}"
ECG200,sbd,sliding,0.1218796367253102,0.11789870295965417,0.6010201000008237,42,5,noise,0.0,200,100,96,2,"{""backend"": ""aeon"", ""n_jobs"": -1, ""candidate_k"": 20, ""paa_segments"": 32}","{""init"": ""random"", ""max_iter"": 300, ""method"": ""alternate""}"
ECG200,sbd,sliding,0.1218796367253102,0.11789870295965417,0.5586901999995462,42,6,noise,0.0,200,100,96,2,"{""backend"": ""aeon"", ""n_jobs"": -1, ""candidate_k"": 20, ""paa_segments"": 32}","{""init"": ""random"", ""max_iter"": 300, ""method"": ""alternate""}"
ECG200,sbd,sliding,0.025013740458015268,0.03501835993498306,0.5518145000005461,42,7,noise,0.0,200,100,96,2,"{""backend"": ""aeon"", ""n_jobs"": -1, ""candidate_k"": 20, ""paa_segments"": 32}","{""init"": ""random"", ""max_iter"": 300, ""method"": ""alternate""}"
ECG200,sbd,sliding,0.1218796367253102,0.11789870295965417,0.5464499999998225,42,8,noise,0.0,200,100,96,2,"{""backend"": ""aeon"", ""n_jobs"": -1, ""candidate_k"": 20, ""paa_segments"": 32}","{""init"": ""random"", ""max_iter"": 300, ""method"": ""alternate""}"
ECG200,sbd,sliding,0.1218796367253102,0.11789870295965417,0.5453427999982523,42,9,noise,0.0,200,100,96,2,"{""backend"": ""aeon"", ""n_jobs"": -1, ""candidate_k"": 20, ""paa_segments"": 32}","{""init"": ""random"", ""max_iter"": 300, ""method"": ""alternate""}"
ECG200,sbd,sliding,0.1218796367253102,0.11789870295965417,0.5533962999998039,42,10,noise,0.0,200,100,96,2,"{""backend"": ""aeon"", ""n_jobs"": -1, ""candidate_k"": 20, ""paa_segments"": 32}","{""init"": ""random"", ""max_iter"": 300, ""method"": ""alternate""}"
ECG200,dtw,elastic,0.16827089819284236,0.13813850526105884,3.9039322000007814,42,1,noise,0.1,200,100,96,2,"{""window"": 10, ""backend"": ""aeon""}","{""init"": ""random"", ""max_iter"": 300, ""method"": ""alternate""}"
ECG200,dtw,elastic,0.0038054813568004684,0.013907861106311401,3.786210899999787,42,2,noise,0.1,200,100,96,2,"{""window"": 10, ""backend"": ""aeon""}","{""init"": ""random"", ""max_iter"": 300, ""method"": ""alternate""}"
ECG200,dtw,elastic,0.20358435812561987,0.15944314871033458,4.004854599999817,42,3,noise,0.1,200,100,96,2,"{""window"": 10, ""backend"": ""aeon""}","{""init"": ""random"", ""max_iter"": 300, ""method"": ""alternate""}"
ECG200,dtw,elastic,-0.001559549192811453,0.006362555582158176,3.949959800000215,42,4,noise,0.1,200,100,96,2,"{""window"": 10, ""backend"": ""aeon""}","{""init"": ""random"", ""max_iter"": 300, ""method"": ""alternate""}"
ECG200,dtw,elastic,0.06905671466353218,0.05784608233490577,3.8008792999989964,42,5,noise,0.1,200,100,96,2,"{""window"": 10, ""backend"": ""aeon""}","{""init"": ""random"", ""max_iter"": 300, ""method"": ""alternate""}"
ECG200,dtw,elastic,0.06905671466353218,0.05784608233490577,4.348499100000481,42,6,noise,0.1,200,100,96,2,"{""window"": 10, ""backend"": ""aeon""}","{""init"": ""random"", ""max_iter"": 300, ""method"": ""alternate""}"
ECG200,dtw,elastic,-0.001559549192811453,0.006362555582158176,3.990328199999567,42,7,noise,0.1,200,100,96,2,"{""window"": 10, ""backend"": ""aeon""}","{""init"": ""random"", ""max_iter"": 300, ""method"": ""alternate""}"
ECG200,dtw,elastic,-0.001559549192811453,0.006362555582158176,3.810106299999461,42,8,noise,0.1,200,100,96,2,"{""window"": 10, ""backend"": ""aeon""}","{""init"": ""random"", ""max_iter"": 300, ""method"": ""alternate""}"
ECG200,dtw,elastic,-0.001559549192811453,0.006362555582158176,3.803055000002132,42,9,noise,0.1,200,100,96,2,"{""window"": 10, ""backend"": ""aeon""}","{""init"": ""random"", ""max_iter"": 300, ""method"": ""alternate""}"
ECG200,dtw,elastic,-0.001559549192811453,0.006362555582158176,4.138906800000768,42,10,noise,0.1,200,100,96,2,"{""window"": 10, ""backend"": ""aeon""}","{""init"": ""random"", ""max_iter"": 300, ""method"": ""alternate""}"
ECG200,ed,lock-step,0.13694107865553204,0.1357435317567495,0.002880999998524203,42,1,noise,0.1,200,100,96,2,,"{""init"": ""random"", ""max_iter"": 300, ""method"": ""alternate""}"
ECG200,ed,lock-step,0.03247874385119067,0.04187773532282634,0.008837499999572174,42,2,noise,0.1,200,100,96,2,,"{""init"": ""random"", ""max_iter"": 300, ""method"": ""alternate""}"
ECG200,ed,lock-step,0.13694107865553204,0.1357435317567495,0.0020896000005450333,42,3,noise,0.1,200,100,96,2,,"{""init"": ""random"", ""max_iter"": 300, ""method"": ""alternate""}"
ECG200,ed,lock-step,0.13694107865553204,0.1357435317567495,0.005338299999493756,42,4,noise,0.1,200,100,96,2,,"{""init"": ""random"", ""max_iter"": 300, ""method"": ""alternate""}"
ECG200,ed,lock-step,0.03247874385119067,0.04187773532282634,0.0026003999992099125,42,5,noise,0.1,200,100,96,2,,"{""init"": ""random"", ""max_iter"": 300, ""method"": ""alternate""}"
ECG200,ed,lock-step,0.13694107865553204,0.1357435317567495,0.0022576000010303687,42,6,noise,0.1,200,100,96,2,,"{""init"": ""random"", ""max_iter"": 300, ""method"": ""alternate""}"
ECG200,ed,lock-step,0.13694107865553204,0.1357435317567495,0.0026781000015034806,42,7,noise,0.1,200,100,96,2,,"{""init"": ""random"", ""max_iter"": 300, ""method"": ""alternate""}"
ECG200,ed,lock-step,0.13694107865553204,0.1357435317567495,0.002607000000352855,42,8,noise,0.1,200,100,96,2,,"{""init"": ""random"", ""max_iter"": 300, ""method"": ""alternate""}"
ECG200,ed,lock-step,0.03247874385119067,0.04187773532282634,0.004622399999789195,42,9,noise,0.1,200,100,96,2,,"{""init"": ""random"", ""max_iter"": 300, ""method"": ""alternate""}"
ECG200,ed,lock-step,0.03247874385119067,0.04187773532282634,0.003963699999076198,42,10,noise,0.1,200,100,96,2,,"{""init"": ""random"", ""max_iter"": 300, ""method"": ""alternate""}"
ECG200,idk,distributional,0.05855067497276855,0.05293526690877434,6.38623120000193,42,1,noise,0.1,200,100,96,2,"{""backend"": ""aeon""}","{""init"": ""random"", ""max_iter"": 300, ""method"": ""alternate""}"
ECG200,idk,distributional,0.10701653469103015,0.09153303855499596,5.129031700000269,42,2,noise,0.1,200,100,96,2,"{""backend"": ""aeon""}","{""init"": ""random"", ""max_iter"": 300, ""method"": ""alternate""}"
ECG200,idk,distributional,0.06937576499388005,0.0607708675871891,5.452353000000585,42,3,noise,0.1,200,100,96,2,"{""backend"": ""aeon""}","{""init"": ""random"", ""max_iter"": 300, ""method"": ""alternate""}"
ECG200,idk,distributional,0.10739524926088287,0.09783188781884344,5.250358199999027,42,4,noise,0.1,200,100,96,2,"{""backend"": ""aeon""}","{""init"": ""random"", ""max_iter"": 300, ""method"": ""alternate""}"
ECG200,idk,distributional,0.16827089819284236,0.13813850526105884,5.218050699999367,42,5,noise,0.1,200,100,96,2,"{""backend"": ""aeon""}","{""init"": ""random"", ""max_iter"": 300, ""method"": ""alternate""}"
ECG200,idk,distributional,0.01076281447598547,0.01679217492080067,5.205495299998802,42,6,noise,0.1,200,100,96,2,"{""backend"": ""aeon""}","{""init"": ""random"", ""max_iter"": 300, ""method"": ""alternate""}"
ECG200,idk,distributional,0.15192703064321378,0.13000390226622416,5.1622302000014315,42,7,noise,0.1,200,100,96,2,"{""backend"": ""aeon""}","{""init"": ""random"", ""max_iter"": 300, ""method"": ""alternate""}"
ECG200,idk,distributional,0.16856943577695385,0.14640120026863412,5.253585800001019,42,8,noise,0.1,200,100,96,2,"{""backend"": ""aeon""}","{""init"": ""random"", ""max_iter"": 300, ""method"": ""alternate""}"
ECG200,idk,distributional,0.0003916433108546391,0.00773252967543183,5.823118500000419,42,9,noise,0.1,200,100,96,2,"{""backend"": ""aeon""}","{""init"": ""random"", ""max_iter"": 300, ""method"": ""alternate""}"
ECG200,idk,distributional,0.031216361679224973,0.03377440647865838,5.45322810000107,42,10,noise,0.1,200,100,96,2,"{""backend"": ""aeon""}","{""init"": ""random"", ""max_iter"": 300, ""method"": ""alternate""}"
ECG200,msm,elastic,0.13668774384501547,0.12886573678714794,0.7077049000017723,42,1,noise,0.1,200,100,96,2,"{""c"": 1.0, ""backend"": ""aeon""}","{""init"": ""random"", ""max_iter"": 300, ""method"": ""alternate""}"
ECG200,msm,elastic,0.15231431646932186,0.1402834245040046,0.661949999999706,42,2,noise,0.1,200,100,96,2,"{""c"": 1.0, ""backend"": ""aeon""}","{""init"": ""random"", ""max_iter"": 300, ""method"": ""alternate""}"
ECG200,msm,elastic,0.13668774384501547,0.12886573678714794,0.6729472000006353,42,3,noise,0.1,200,100,96,2,"{""c"": 1.0, ""backend"": ""aeon""}","{""init"": ""random"", ""max_iter"": 300, ""method"": ""alternate""}"
ECG200,msm,elastic,0.13668774384501547,0.12886573678714794,0.6861176999991585,42,4,noise,0.1,200,100,96,2,"{""c"": 1.0, ""backend"": ""aeon""}","{""init"": ""random"", ""max_iter"": 300, ""method"": ""alternate""}"
ECG200,msm,elastic,0.13668774384501547,0.12886573678714794,0.6860086000015144,42,5,noise,0.1,200,100,96,2,"{""c"": 1.0, ""backend"": ""aeon""}","{""init"": ""random"", ""max_iter"": 300, ""method"": ""alternate""}"
ECG200,msm,elastic,0.13668774384501547,0.12886573678714794,0.6496143999993365,42,6,noise,0.1,200,100,96,2,"{""c"": 1.0, ""backend"": ""aeon""}","{""init"": ""random"", ""max_iter"": 300, ""method"": ""alternate""}"
ECG200,msm,elastic,0.13668774384501547,0.12886573678714794,0.6640609000005497,42,7,noise,0.1,200,100,96,2,"{""c"": 1.0, ""backend"": ""aeon""}","{""init"": ""random"", ""max_iter"": 300, ""method"": ""alternate""}"
ECG200,msm,elastic,0.13668774384501547,0.12886573678714794,0.6297563000007358,42,8,noise,0.1,200,100,96,2,"{""c"": 1.0, ""backend"": ""aeon""}","{""init"": ""random"", ""max_iter"": 300, ""method"": ""alternate""}"
ECG200,msm,elastic,0.13668774384501547,0.12886573678714794,0.655658300000141,42,9,noise,0.1,200,100,96,2,"{""c"": 1.0, ""backend"": ""aeon""}","{""init"": ""random"", ""max_iter"": 300, ""method"": ""alternate""}"
ECG200,msm,elastic,0.15231431646932186,0.1402834245040046,1.265312300001824,42,10,noise,0.1,200,100,96,2,"{""c"": 1.0, ""backend"": ""aeon""}","{""init"": ""random"", ""max_iter"": 300, ""method"": ""alternate""}"
ECG200,sbd,sliding,0.10789000696932276,0.107366056828105,0.5512731999988318,42,1,noise,0.1,200,100,96,2,"{""backend"": ""aeon"", ""n_jobs"": -1, ""candidate_k"": 20, ""paa_segments"": 32}","{""init"": ""random"", ""max_iter"": 300, ""method"": ""alternate""}"
ECG200,sbd,sliding,0.10789000696932276,0.107366056828105,0.6121877000005043,42,2,noise,0.1,200,100,96,2,"{""backend"": ""aeon"", ""n_jobs"": -1, ""candidate_k"": 20, ""paa_segments"": 32}","{""init"": ""random"", ""max_iter"": 300, ""method"": ""alternate""}"
ECG200,sbd,sliding,0.10789000696932276,0.107366056828105,0.5565598999983195,42,3,noise,0.1,200,100,96,2,"{""backend"": ""aeon"", ""n_jobs"": -1, ""candidate_k"": 20, ""paa_segments"": 32}","{""init"": ""random"", ""max_iter"": 300, ""method"": ""alternate""}"
ECG200,sbd,sliding,0.10789000696932276,0.107366056828105,0.583356899998762,42,4,noise,0.1,200,100,96,2,"{""backend"": ""aeon"", ""n_jobs"": -1, ""candidate_k"": 20, ""paa_segments"": 32}","{""init"": ""random"", ""max_iter"": 300, ""method"": ""alternate""}"
ECG200,sbd,sliding,0.10789000696932276,0.107366056828105,0.5716978000000381,42,5,noise,0.1,200,100,96,2,"{""backend"": ""aeon"", ""n_jobs"": -1, ""candidate_k"": 20, ""paa_segments"": 32}","{""init"": ""random"", ""max_iter"": 300, ""method"": ""alternate""}"
ECG200,sbd,sliding,0.10789000696932276,0.107366056828105,0.6006171999997605,42,6,noise,0.1,200,100,96,2,"{""backend"": ""aeon"", ""n_jobs"": -1, ""candidate_k"": 20, ""paa_segments"": 32}","{""init"": ""random"", ""max_iter"": 300, ""method"": ""alternate""}"
ECG200,sbd,sliding,0.040417045236940854,0.04624277305410804,0.5599949000006745,42,7,noise,0.1,200,100,96,2,"{""backend"": ""aeon"", ""n_jobs"": -1, ""candidate_k"": 20, ""paa_segments"": 32}","{""init"": ""random"", ""max_iter"": 300, ""method"": ""alternate""}"
ECG200,sbd,sliding,0.10789000696932276,0.107366056828105,0.5533178999994561,42,8,noise,0.1,200,100,96,2,"{""backend"": ""aeon"", ""n_jobs"": -1, ""candidate_k"": 20, ""paa_segments"": 32}","{""init"": ""random"", ""max_iter"": 300, ""method"": ""alternate""}"
ECG200,sbd,sliding,0.10789000696932276,0.107366056828105,0.7173942000008537,42,9,noise,0.1,200,100,96,2,"{""backend"": ""aeon"", ""n_jobs"": -1, ""candidate_k"": 20, ""paa_segments"": 32}","{""init"": ""random"", ""max_iter"": 300, ""method"": ""alternate""}"
ECG200,sbd,sliding,0.10789000696932276,0.107366056828105,0.5495129000009911,42,10,noise,0.1,200,100,96,2,"{""backend"": ""aeon"", ""n_jobs"": -1, ""candidate_k"": 20, ""paa_segments"": 32}","{""init"": ""random"", ""max_iter"": 300, ""method"": ""alternate""}"
ECG200,dtw,elastic,0.03148489344703331,0.0352563385770393,4.124307099998987,42,1,noise,0.2,200,100,96,2,"{""window"": 10, ""backend"": ""aeon""}","{""init"": ""random"", ""max_iter"": 300, ""method"": ""alternate""}"
ECG200,dtw,elastic,-0.0038512163018573587,0.0026330702759332037,3.7464237000003777,42,2,noise,0.2,200,100,96,2,"{""window"": 10, ""backend"": ""aeon""}","{""init"": ""random"", ""max_iter"": 300, ""method"": ""alternate""}"
ECG200,dtw,elastic,0.12215158924205378,0.12458222025879266,3.764136800000415,42,3,noise,0.2,200,100,96,2,"{""window"": 10, ""backend"": ""aeon""}","{""init"": ""random"", ""max_iter"": 300, ""method"": ""alternate""}"
ECG200,dtw,elastic,-0.001559549192811453,0.006362555582158176,3.809384299998783,42,4,noise,0.2,200,100,96,2,"{""window"": 10, ""backend"": ""aeon""}","{""init"": ""random"", ""max_iter"": 300, ""method"": ""alternate""}"
ECG200,dtw,elastic,0.093255620316403,0.07535671081028444,3.703264900001159,42,5,noise,0.2,200,100,96,2,"{""window"": 10, ""backend"": ""aeon""}","{""init"": ""random"", ""max_iter"": 300, ""method"": ""alternate""}"
ECG200,dtw,elastic,0.093255620316403,0.07535671081028444,3.756828499997937,42,6,noise,0.2,200,100,96,2,"{""window"": 10, ""backend"": ""aeon""}","{""init"": ""random"", ""max_iter"": 300, ""method"": ""alternate""}"
ECG200,dtw,elastic,-0.0038512163018573587,0.0026330702759332037,3.657945300001302,42,7,noise,0.2,200,100,96,2,"{""window"": 10, ""backend"": ""aeon""}","{""init"": ""random"", ""max_iter"": 300, ""method"": ""alternate""}"
ECG200,dtw,elastic,-0.0038512163018573587,0.0026330702759332037,3.7521156999991945,42,8,noise,0.2,200,100,96,2,"{""window"": 10, ""backend"": ""aeon""}","{""init"": ""random"", ""max_iter"": 300, ""method"": ""alternate""}"
ECG200,dtw,elastic,0.03148489344703331,0.0352563385770393,3.8245790999990277,42,9,noise,0.2,200,100,96,2,"{""window"": 10, ""backend"": ""aeon""}","{""init"": ""random"", ""max_iter"": 300, ""method"": ""alternate""}"
ECG200,dtw,elastic,-0.0038512163018573587,0.0026330702759332037,3.713002400001642,42,10,noise,0.2,200,100,96,2,"{""window"": 10, ""backend"": ""aeon""}","{""init"": ""random"", ""max_iter"": 300, ""method"": ""alternate""}"
ECG200,ed,lock-step,0.1218796367253102,0.11789870295965417,0.002375600000959821,42,1,noise,0.2,200,100,96,2,,"{""init"": ""random"", ""max_iter"": 300, ""method"": ""alternate""}"
ECG200,ed,lock-step,0.04113587786259542,0.052799317083607,0.0027683999978762586,42,2,noise,0.2,200,100,96,2,,"{""init"": ""random"", ""max_iter"": 300, ""method"": ""alternate""}"
ECG200,ed,lock-step,0.1218796367253102,0.11789870295965417,0.0028289000001677778,42,3,noise,0.2,200,100,96,2,,"{""init"": ""random"", ""max_iter"": 300, ""method"": ""alternate""}"
ECG200,ed,lock-step,0.1218796367253102,0.11789870295965417,0.0037336999994295184,42,4,noise,0.2,200,100,96,2,,"{""init"": ""random"", ""max_iter"": 300, ""method"": ""alternate""}"
ECG200,ed,lock-step,0.13668774384501547,0.12886573678714794,0.002814100000250619,42,5,noise,0.2,200,100,96,2,,"{""init"": ""random"", ""max_iter"": 300, ""method"": ""alternate""}"
ECG200,ed,lock-step,0.1218796367253102,0.11789870295965417,0.0024794000000838423,42,6,noise,0.2,200,100,96,2,,"{""init"": ""random"", ""max_iter"": 300, ""method"": ""alternate""}"
ECG200,ed,lock-step,0.1218796367253102,0.11789870295965417,0.0035057999994023703,42,7,noise,0.2,200,100,96,2,,"{""init"": ""random"", ""max_iter"": 300, ""method"": ""alternate""}"
ECG200,ed,lock-step,0.1218796367253102,0.11789870295965417,0.0027102000003651483,42,8,noise,0.2,200,100,96,2,,"{""init"": ""random"", ""max_iter"": 300, ""method"": ""alternate""}"
ECG200,ed,lock-step,0.04113587786259542,0.052799317083607,0.004184800000075484,42,9,noise,0.2,200,100,96,2,,"{""init"": ""random"", ""max_iter"": 300, ""method"": ""alternate""}"
ECG200,ed,lock-step,0.04113587786259542,0.052799317083607,0.0032677000017429236,42,10,noise,0.2,200,100,96,2,,"{""init"": ""random"", ""max_iter"": 300, ""method"": ""alternate""}"
ECG200,idk,distributional,0.04837209302325581,0.04444801538936912,5.290113399998518,42,1,noise,0.2,200,100,96,2,"{""backend"": ""aeon""}","{""init"": ""random"", ""max_iter"": 300, ""method"": ""alternate""}"
ECG200,idk,distributional,0.015673213498555126,0.018587207287721865,5.25152689999959,42,2,noise,0.2,200,100,96,2,"{""backend"": ""aeon""}","{""init"": ""random"", ""max_iter"": 300, ""method"": ""alternate""}"
ECG200,idk,distributional,0.04837209302325581,0.04444801538936912,6.113063700000566,42,3,noise,0.2,200,100,96,2,"{""backend"": ""aeon""}","{""init"": ""random"", ""max_iter"": 300, ""method"": ""alternate""}"
ECG200,idk,distributional,0.04837209302325581,0.04444801538936912,5.2274549000012485,42,4,noise,0.2,200,100,96,2,"{""backend"": ""aeon""}","{""init"": ""random"", ""max_iter"": 300, ""method"": ""alternate""}"
ECG200,idk,distributional,0.12107711138310893,0.10161583526102293,5.148125499998059,42,5,noise,0.2,200,100,96,2,"{""backend"": ""aeon""}","{""init"": ""random"", ""max_iter"": 300, ""method"": ""alternate""}"
ECG200,idk,distributional,0.06913269886873766,0.058519792136740086,5.176278700000694,42,6,noise,0.2,200,100,96,2,"{""backend"": ""aeon""}","{""init"": ""random"", ""max_iter"": 300, ""method"": ""alternate""}"
ECG200,idk,distributional,0.08134796813626519,0.07296518310307334,5.149260199999844,42,7,noise,0.2,200,100,96,2,"{""backend"": ""aeon""}","{""init"": ""random"", ""max_iter"": 300, ""method"": ""alternate""}"
ECG200,idk,distributional,0.048123541030705694,0.0428259941262739,5.233487300001798,42,8,noise,0.2,200,100,96,2,"{""backend"": ""aeon""}","{""init"": ""random"", ""max_iter"": 300, ""method"": ""alternate""}"
ECG200,idk,distributional,-0.008873483535528597,0.0003279184104716484,5.1780801999993855,42,9,noise,0.2,200,100,96,2,"{""backend"": ""aeon""}","{""init"": ""random"", ""max_iter"": 300, ""method"": ""alternate""}"
ECG200,idk,distributional,0.08134796813626519,0.07296518310307334,5.129297399998904,42,10,noise,0.2,200,100,96,2,"{""backend"": ""aeon""}","{""init"": ""random"", ""max_iter"": 300, ""method"": ""alternate""}"
ECG200,msm,elastic,0.15231431646932186,0.1402834245040046,0.6308823000017583,42,1,noise,0.2,200,100,96,2,"{""c"": 1.0, ""backend"": ""aeon""}","{""init"": ""random"", ""max_iter"": 300, ""method"": ""alternate""}"
ECG200,msm,elastic,0.15231431646932186,0.1402834245040046,0.6732171999992715,42,2,noise,0.2,200,100,96,2,"{""c"": 1.0, ""backend"": ""aeon""}","{""init"": ""random"", ""max_iter"": 300, ""method"": ""alternate""}"
ECG200,msm,elastic,0.15231431646932186,0.1402834245040046,0.6597130000027391,42,3,noise,0.2,200,100,96,2,"{""c"": 1.0, ""backend"": ""aeon""}","{""init"": ""random"", ""max_iter"": 300, ""method"": ""alternate""}"
ECG200,msm,elastic,0.15231431646932186,0.1402834245040046,0.6500896999987162,42,4,noise,0.2,200,100,96,2,"{""c"": 1.0, ""backend"": ""aeon""}","{""init"": ""random"", ""max_iter"": 300, ""method"": ""alternate""}"
ECG200,msm,elastic,0.15231431646932186,0.1402834245040046,0.6646418999989692,42,5,noise,0.2,200,100,96,2,"{""c"": 1.0, ""backend"": ""aeon""}","{""init"": ""random"", ""max_iter"": 300, ""method"": ""alternate""}"
ECG200,msm,elastic,0.15231431646932186,0.1402834245040046,0.660176199999114,42,6,noise,0.2,200,100,96,2,"{""c"": 1.0, ""backend"": ""aeon""}","{""init"": ""random"", ""max_iter"": 300, ""method"": ""alternate""}"
ECG200,msm,elastic,0.15231431646932186,0.1402834245040046,0.6613615000005666,42,7,noise,0.2,200,100,96,2,"{""c"": 1.0, ""backend"": ""aeon""}","{""init"": ""random"", ""max_iter"": 300, ""method"": ""alternate""}"
ECG200,msm,elastic,0.15231431646932186,0.1402834245040046,0.6680855000013253,42,8,noise,0.2,200,100,96,2,"{""c"": 1.0, ""backend"": ""aeon""}","{""init"": ""random"", ""max_iter"": 300, ""method"": ""alternate""}"
ECG200,msm,elastic,0.15231431646932186,0.1402834245040046,0.6892877999998746,42,9,noise,0.2,200,100,96,2,"{""c"": 1.0, ""backend"": ""aeon""}","{""init"": ""random"", ""max_iter"": 300, ""method"": ""alternate""}"
ECG200,msm,elastic,0.15231431646932186,0.1402834245040046,0.6683059999995749,42,10,noise,0.2,200,100,96,2,"{""c"": 1.0, ""backend"": ""aeon""}","{""init"": ""random"", ""max_iter"": 300, ""method"": ""alternate""}"
ECG200,sbd,sliding,0.1218796367253102,0.11789870295965417,0.5517968000003748,42,1,noise,0.2,200,100,96,2,"{""backend"": ""aeon"", ""n_jobs"": -1, ""candidate_k"": 20, ""paa_segments"": 32}","{""init"": ""random"", ""max_iter"": 300, ""method"": ""alternate""}"
ECG200,sbd,sliding,0.1218796367253102,0.11789870295965417,0.5536570000003849,42,2,noise,0.2,200,100,96,2,"{""backend"": ""aeon"", ""n_jobs"": -1, ""candidate_k"": 20, ""paa_segments"": 32}","{""init"": ""random"", ""max_iter"": 300, ""method"": ""alternate""}"
ECG200,sbd,sliding,0.1218796367253102,0.11789870295965417,0.614883700001883,42,3,noise,0.2,200,100,96,2,"{""backend"": ""aeon"", ""n_jobs"": -1, ""candidate_k"": 20, ""paa_segments"": 32}","{""init"": ""random"", ""max_iter"": 300, ""method"": ""alternate""}"
ECG200,sbd,sliding,0.1218796367253102,0.11789870295965417,0.5499740999985079,42,4,noise,0.2,200,100,96,2,"{""backend"": ""aeon"", ""n_jobs"": -1, ""candidate_k"": 20, ""paa_segments"": 32}","{""init"": ""random"", ""max_iter"": 300, ""method"": ""alternate""}"
ECG200,sbd,sliding,0.1218796367253102,0.11789870295965417,0.5667312999994465,42,5,noise,0.2,200,100,96,2,"{""backend"": ""aeon"", ""n_jobs"": -1, ""candidate_k"": 20, ""paa_segments"": 32}","{""init"": ""random"", ""max_iter"": 300, ""method"": ""alternate""}"
ECG200,sbd,sliding,0.1218796367253102,0.11789870295965417,0.5401621000000887,42,6,noise,0.2,200,100,96,2,"{""backend"": ""aeon"", ""n_jobs"": -1, ""candidate_k"": 20, ""paa_segments"": 32}","{""init"": ""random"", ""max_iter"": 300, ""method"": ""alternate""}"
ECG200,sbd,sliding,0.1218796367253102,0.11789870295965417,0.5956054999987828,42,7,noise,0.2,200,100,96,2,"{""backend"": ""aeon"", ""n_jobs"": -1, ""candidate_k"": 20, ""paa_segments"": 32}","{""init"": ""random"", ""max_iter"": 300, ""method"": ""alternate""}"
ECG200,sbd,sliding,0.1218796367253102,0.11789870295965417,0.5523611999997229,42,8,noise,0.2,200,100,96,2,"{""backend"": ""aeon"", ""n_jobs"": -1, ""candidate_k"": 20, ""paa_segments"": 32}","{""init"": ""random"", ""max_iter"": 300, ""method"": ""alternate""}"
ECG200,sbd,sliding,0.1218796367253102,0.11789870295965417,1.4828178999996453,42,9,noise,0.2,200,100,96,2,"{""backend"": ""aeon"", ""n_jobs"": -1, ""candidate_k"": 20, ""paa_segments"": 32}","{""init"": ""random"", ""max_iter"": 300, ""method"": ""alternate""}"
ECG200,sbd,sliding,0.1218796367253102,0.11789870295965417,0.6067764000017632,42,10,noise,0.2,200,100,96,2,"{""backend"": ""aeon"", ""n_jobs"": -1, ""candidate_k"": 20, ""paa_segments"": 32}","{""init"": ""random"", ""max_iter"": 300, ""method"": ""alternate""}"
ECG200,dtw,elastic,0.01076281447598547,0.01679217492080067,3.7278815000008763,42,1,noise,0.4,200,100,96,2,"{""window"": 10, ""backend"": ""aeon""}","{""init"": ""random"", ""max_iter"": 300, ""method"": ""alternate""}"
ECG200,dtw,elastic,-0.004776119402985075,0.000703326377195201,3.7648944000011397,42,2,noise,0.4,200,100,96,2,"{""window"": 10, ""backend"": ""aeon""}","{""init"": ""random"", ""max_iter"": 300, ""method"": ""alternate""}"
ECG200,dtw,elastic,-0.00979587838416986,0.0002887154108162253,3.7175980000010895,42,3,noise,0.4,200,100,96,2,"{""window"": 10, ""backend"": ""aeon""}","{""init"": ""random"", ""max_iter"": 300, ""method"": ""alternate""}"
ECG200,dtw,elastic,0.007986986579910533,0.01908965057068902,3.75143129999924,42,4,noise,0.4,200,100,96,2,"{""window"": 10, ""backend"": ""aeon""}","{""init"": ""random"", ""max_iter"": 300, ""method"": ""alternate""}"
ECG200,dtw,elastic,0.009599960816486463,0.014192781347010507,3.735181999998531,42,5,noise,0.4,200,100,96,2,"{""window"": 10, ""backend"": ""aeon""}","{""init"": ""random"", ""max_iter"": 300, ""method"": ""alternate""}"
ECG200,dtw,elastic,0.009599960816486463,0.014192781347010507,3.7388636999985465,42,6,noise,0.4,200,100,96,2,"{""window"": 10, ""backend"": ""aeon""}","{""init"": ""random"", ""max_iter"": 300, ""method"": ""alternate""}"
ECG200,dtw,elastic,0.007986986579910533,0.01908965057068902,3.710784799999601,42,7,noise,0.4,200,100,96,2,"{""window"": 10, ""backend"": ""aeon""}","{""init"": ""random"", ""max_iter"": 300, ""method"": ""alternate""}"
ECG200,dtw,elastic,0.007986986579910533,0.01908965057068902,3.6193398000013985,42,8,noise,0.4,200,100,96,2,"{""window"": 10, ""backend"": ""aeon""}","{""init"": ""random"", ""max_iter"": 300, ""method"": ""alternate""}"
ECG200,dtw,elastic,0.01076281447598547,0.01679217492080067,3.7362205000008544,42,9,noise,0.4,200,100,96,2,"{""window"": 10, ""backend"": ""aeon""}","{""init"": ""random"", ""max_iter"": 300, ""method"": ""alternate""}"
ECG200,dtw,elastic,0.007986986579910533,0.01908965057068902,3.7653936999977304,42,10,noise,0.4,200,100,96,2,"{""window"": 10, ""backend"": ""aeon""}","{""init"": ""random"", ""max_iter"": 300, ""method"": ""alternate""}"
ECG200,ed,lock-step,0.13668774384501547,0.12886573678714794,0.003633699998317752,42,1,noise,0.4,200,100,96,2,,"{""init"": ""random"", ""max_iter"": 300, ""method"": ""alternate""}"
ECG200,ed,lock-step,0.04113587786259542,0.052799317083607,0.002746499998465879,42,2,noise,0.4,200,100,96,2,,"{""init"": ""random"", ""max_iter"": 300, ""method"": ""alternate""}"
ECG200,ed,lock-step,0.13668774384501547,0.12886573678714794,0.002312799999344861,42,3,noise,0.4,200,100,96,2,,"{""init"": ""random"", ""max_iter"": 300, ""method"": ""alternate""}"
ECG200,ed,lock-step,0.13668774384501547,0.12886573678714794,0.0038115000006655464,42,4,noise,0.4,200,100,96,2,,"{""init"": ""random"", ""max_iter"": 300, ""method"": ""alternate""}"
ECG200,ed,lock-step,0.04113587786259542,0.052799317083607,0.003957500002798042,42,5,noise,0.4,200,100,96,2,,"{""init"": ""random"", ""max_iter"": 300, ""method"": ""alternate""}"
ECG200,ed,lock-step,0.13668774384501547,0.12886573678714794,0.0025705999996716855,42,6,noise,0.4,200,100,96,2,,"{""init"": ""random"", ""max_iter"": 300, ""method"": ""alternate""}"
ECG200,ed,lock-step,0.13668774384501547,0.12886573678714794,0.0027895000002899906,42,7,noise,0.4,200,100,96,2,,"{""init"": ""random"", ""max_iter"": 300, ""method"": ""alternate""}"
ECG200,ed,lock-step,0.13668774384501547,0.12886573678714794,0.0031713000007584924,42,8,noise,0.4,200,100,96,2,,"{""init"": ""random"", ""max_iter"": 300, ""method"": ""alternate""}"
ECG200,ed,lock-step,0.04113587786259542,0.052799317083607,0.0024968999987322604,42,9,noise,0.4,200,100,96,2,,"{""init"": ""random"", ""max_iter"": 300, ""method"": ""alternate""}"
ECG200,ed,lock-step,0.04113587786259542,0.052799317083607,0.002255699999295757,42,10,noise,0.4,200,100,96,2,,"{""init"": ""random"", ""max_iter"": 300, ""method"": ""alternate""}"
ECG200,idk,distributional,0.009599960816486463,0.014192781347010507,5.190333400001691,42,1,noise,0.4,200,100,96,2,"{""backend"": ""aeon""}","{""init"": ""random"", ""max_iter"": 300, ""method"": ""alternate""}"
ECG200,idk,distributional,0.011729775301491881,0.01964874689663542,6.75476069999786,42,2,noise,0.4,200,100,96,2,"{""backend"": ""aeon""}","{""init"": ""random"", ""max_iter"": 300, ""method"": ""alternate""}"
ECG200,idk,distributional,0.03045734991675644,0.030119699730181713,5.328535399999964,42,3,noise,0.4,200,100,96,2,"{""backend"": ""aeon""}","{""init"": ""random"", ""max_iter"": 300, ""method"": ""alternate""}"
ECG200,idk,distributional,0.023678191847168035,0.027864554950917775,6.071226099998967,42,4,noise,0.4,200,100,96,2,"{""backend"": ""aeon""}","{""init"": ""random"", ""max_iter"": 300, ""method"": ""alternate""}"
ECG200,idk,distributional,-0.003329253365973072,0.004886209963297899,5.239644600000247,42,5,noise,0.4,200,100,96,2,"{""backend"": ""aeon""}","{""init"": ""random"", ""max_iter"": 300, ""method"": ""alternate""}"
ECG200,idk,distributional,-0.0065632385173938065,0.0025998294462112,6.03452020000077,42,6,noise,0.4,200,100,96,2,"{""backend"": ""aeon""}","{""init"": ""random"", ""max_iter"": 300, ""method"": ""alternate""}"
ECG200,idk,distributional,-0.006530372353668641,0.002611220469271829,6.145518900000752,42,7,noise,0.4,200,100,96,2,"{""backend"": ""aeon""}","{""init"": ""random"", ""max_iter"": 300, ""method"": ""alternate""}"
ECG200,idk,distributional,-0.009610677805697876,8.180178125525136e-16,6.199607800001104,42,8,noise,0.4,200,100,96,2,"{""backend"": ""aeon""}","{""init"": ""random"", ""max_iter"": 300, ""method"": ""alternate""}"
ECG200,idk,distributional,0.030979298194097782,0.032553721341654504,5.182296999997561,42,9,noise,0.4,200,100,96,2,"{""backend"": ""aeon""}","{""init"": ""random"", ""max_iter"": 300, ""method"": ""alternate""}"
ECG200,idk,distributional,-0.006464646464646465,0.002634255440327391,7.092896199999814,42,10,noise,0.4,200,100,96,2,"{""backend"": ""aeon""}","{""init"": ""random"", ""max_iter"": 300, ""method"": ""alternate""}"
ECG200,msm,elastic,0.15231431646932186,0.1402834245040046,0.6837636999989627,42,1,noise,0.4,200,100,96,2,"{""c"": 1.0, ""backend"": ""aeon""}","{""init"": ""random"", ""max_iter"": 300, ""method"": ""alternate""}"
ECG200,msm,elastic,0.02463252813313295,0.03267455494365409,0.6978742000010243,42,2,noise,0.4,200,100,96,2,"{""c"": 1.0, ""backend"": ""aeon""}","{""init"": ""random"", ""max_iter"": 300, ""method"": ""alternate""}"
ECG200,msm,elastic,0.15231431646932186,0.1402834245040046,0.6882324999987759,42,3,noise,0.4,200,100,96,2,"{""c"": 1.0, ""backend"": ""aeon""}","{""init"": ""random"", ""max_iter"": 300, ""method"": ""alternate""}"
ECG200,msm,elastic,0.15231431646932186,0.1402834245040046,0.690285099999528,42,4,noise,0.4,200,100,96,2,"{""c"": 1.0, ""backend"": ""aeon""}","{""init"": ""random"", ""max_iter"": 300, ""method"": ""alternate""}"
ECG200,msm,elastic,0.15231431646932186,0.1402834245040046,0.68531079999957,42,5,noise,0.4,200,100,96,2,"{""c"": 1.0, ""backend"": ""aeon""}","{""init"": ""random"", ""max_iter"": 300, ""method"": ""alternate""}"
ECG200,msm,elastic,0.15231431646932186,0.1402834245040046,0.6987282000009145,42,6,noise,0.4,200,100,96,2,"{""c"": 1.0, ""backend"": ""aeon""}","{""init"": ""random"", ""max_iter"": 300, ""method"": ""alternate""}"
ECG200,msm,elastic,0.15231431646932186,0.1402834245040046,0.6836464000007254,42,7,noise,0.4,200,100,96,2,"{""c"": 1.0, ""backend"": ""aeon""}","{""init"": ""random"", ""max_iter"": 300, ""method"": ""alternate""}"
ECG200,msm,elastic,0.15231431646932186,0.1402834245040046,0.6815143000003445,42,8,noise,0.4,200,100,96,2,"{""c"": 1.0, ""backend"": ""aeon""}","{""init"": ""random"", ""max_iter"": 300, ""method"": ""alternate""}"
ECG200,msm,elastic,0.15231431646932186,0.1402834245040046,0.6990034000009473,42,9,noise,0.4,200,100,96,2,"{""c"": 1.0, ""backend"": ""aeon""}","{""init"": ""random"", ""max_iter"": 300, ""method"": ""alternate""}"
ECG200,msm,elastic,0.02463252813313295,0.03267455494365409,0.7233687999996619,42,10,noise,0.4,200,100,96,2,"{""c"": 1.0, ""backend"": ""aeon""}","{""init"": ""random"", ""max_iter"": 300, ""method"": ""alternate""}"
ECG200,sbd,sliding,0.10701653469103015,0.09153303855499596,1.5013536999995267,42,1,noise,0.4,200,100,96,2,"{""backend"": ""aeon"", ""n_jobs"": -1, ""candidate_k"": 20, ""paa_segments"": 32}","{""init"": ""random"", ""max_iter"": 300, ""method"": ""alternate""}"
ECG200,sbd,sliding,0.05146807645384303,0.07973360923467632,0.551211100000728,42,2,noise,0.4,200,100,96,2,"{""backend"": ""aeon"", ""n_jobs"": -1, ""candidate_k"": 20, ""paa_segments"": 32}","{""init"": ""random"", ""max_iter"": 300, ""method"": ""alternate""}"
ECG200,sbd,sliding,0.1216361679224973,0.1124689399323596,0.5626505000018369,42,3,noise,0.4,200,100,96,2,"{""backend"": ""aeon"", ""n_jobs"": -1, ""candidate_k"": 20, ""paa_segments"": 32}","{""init"": ""random"", ""max_iter"": 300, ""method"": ""alternate""}"
ECG200,sbd,sliding,0.009632299221661245,0.014255592878046928,0.5556534999996074,42,4,noise,0.4,200,100,96,2,"{""backend"": ""aeon"", ""n_jobs"": -1, ""candidate_k"": 20, ""paa_segments"": 32}","{""init"": ""random"", ""max_iter"": 300, ""method"": ""alternate""}"
ECG200,sbd,sliding,0.10701653469103015,0.09153303855499596,0.5412718999996287,42,5,noise,0.4,200,100,96,2,"{""backend"": ""aeon"", ""n_jobs"": -1, ""candidate_k"": 20, ""paa_segments"": 32}","{""init"": ""random"", ""max_iter"": 300, ""method"": ""alternate""}"
ECG200,sbd,sliding,0.10701653469103015,0.09153303855499596,0.5586977999992087,42,6,noise,0.4,200,100,96,2,"{""backend"": ""aeon"", ""n_jobs"": -1, ""candidate_k"": 20, ""paa_segments"": 32}","{""init"": ""random"", ""max_iter"": 300, ""method"": ""alternate""}"
ECG200,sbd,sliding,-0.0040061068702290075,0.003830408650378948,0.5609617999998591,42,7,noise,0.4,200,100,96,2,"{""backend"": ""aeon"", ""n_jobs"": -1, ""candidate_k"": 20, ""paa_segments"": 32}","{""init"": ""random"", ""max_iter"": 300, ""method"": ""alternate""}"
ECG200,sbd,sliding,0.1216361679224973,0.1124689399323596,0.560452499999883,42,8,noise,0.4,200,100,96,2,"{""backend"": ""aeon"", ""n_jobs"": -1, ""candidate_k"": 20, ""paa_segments"": 32}","{""init"": ""random"", ""max_iter"": 300, ""method"": ""alternate""}"
ECG200,sbd,sliding,0.10701653469103015,0.09153303855499596,0.5587483000017528,42,9,noise,0.4,200,100,96,2,"{""backend"": ""aeon"", ""n_jobs"": -1, ""candidate_k"": 20, ""paa_segments"": 32}","{""init"": ""random"", ""max_iter"": 300, ""method"": ""alternate""}"
ECG200,sbd,sliding,0.10701653469103015,0.09153303855499596,0.5525502000000415,42,10,noise,0.4,200,100,96,2,"{""backend"": ""aeon"", ""n_jobs"": -1, ""candidate_k"": 20, ""paa_segments"": 32}","{""init"": ""random"", ""max_iter"": 300, ""method"": ""alternate""}"
ECG200,dtw,elastic,0.04347243374961925,0.09357577109755999,3.6356072000016866,42,1,noise,0.8,200,100,96,2,"{""window"": 10, ""backend"": ""aeon""}","{""init"": ""random"", ""max_iter"": 300, ""method"": ""alternate""}"
ECG200,dtw,elastic,0.002773722627737226,0.0179084651417859,3.7490556000011566,42,2,noise,0.8,200,100,96,2,"{""window"": 10, ""backend"": ""aeon""}","{""init"": ""random"", ""max_iter"": 300, ""method"": ""alternate""}"
ECG200,dtw,elastic,0.0492410037338377,0.05106503161177088,3.7420756999999867,42,3,noise,0.8,200,100,96,2,"{""window"": 10, ""backend"": ""aeon""}","{""init"": ""random"", ""max_iter"": 300, ""method"": ""alternate""}"
ECG200,dtw,elastic,-0.0034766428361570857,0.004788064483641013,3.717996799998218,42,4,noise,0.8,200,100,96,2,"{""window"": 10, ""backend"": ""aeon""}","{""init"": ""random"", ""max_iter"": 300, ""method"": ""alternate""}"
ECG200,dtw,elastic,-0.0034766428361570857,0.004788064483641013,3.7395715000002383,42,5,noise,0.8,200,100,96,2,"{""window"": 10, ""backend"": ""aeon""}","{""init"": ""random"", ""max_iter"": 300, ""method"": ""alternate""}"
ECG200,dtw,elastic,0.010504638597206647,0.016148038364212226,3.783133100001578,42,6,noise,0.8,200,100,96,2,"{""window"": 10, ""backend"": ""aeon""}","{""init"": ""random"", ""max_iter"": 300, ""method"": ""alternate""}"
ECG200,dtw,elastic,-0.0034766428361570857,0.004788064483641013,3.7667397999994137,42,7,noise,0.8,200,100,96,2,"{""window"": 10, ""backend"": ""aeon""}","{""init"": ""random"", ""max_iter"": 300, ""method"": ""alternate""}"
ECG200,dtw,elastic,0.04854289723591032,0.045626023826804925,3.726177699998516,42,8,noise,0.8,200,100,96,2,"{""window"": 10, ""backend"": ""aeon""}","{""init"": ""random"", ""max_iter"": 300, ""method"": ""alternate""}"
ECG200,dtw,elastic,-0.0034766428361570857,0.004788064483641013,3.7503669999987324,42,9,noise,0.8,200,100,96,2,"{""window"": 10, ""backend"": ""aeon""}","{""init"": ""random"", ""max_iter"": 300, ""method"": ""alternate""}"
ECG200,dtw,elastic,-0.0034766428361570857,0.004788064483641013,3.743986400000722,42,10,noise,0.8,200,100,96,2,"{""window"": 10, ""backend"": ""aeon""}","{""init"": ""random"", ""max_iter"": 300, ""method"": ""alternate""}"
ECG200,ed,lock-step,0.13668774384501547,0.12886573678714794,0.003551200001311372,42,1,noise,0.8,200,100,96,2,,"{""init"": ""random"", ""max_iter"": 300, ""method"": ""alternate""}"
ECG200,ed,lock-step,0.02542638435023949,0.03790883533264401,0.002680499997950392,42,2,noise,0.8,200,100,96,2,,"{""init"": ""random"", ""max_iter"": 300, ""method"": ""alternate""}"
ECG200,ed,lock-step,0.13668774384501547,0.12886573678714794,0.002561799999966752,42,3,noise,0.8,200,100,96,2,,"{""init"": ""random"", ""max_iter"": 300, ""method"": ""alternate""}"
ECG200,ed,lock-step,0.13668774384501547,0.12886573678714794,0.00290109999878041,42,4,noise,0.8,200,100,96,2,,"{""init"": ""random"", ""max_iter"": 300, ""method"": ""alternate""}"
ECG200,ed,lock-step,0.05060323352708445,0.06575702260378247,0.002316399999472196,42,5,noise,0.8,200,100,96,2,,"{""init"": ""random"", ""max_iter"": 300, ""method"": ""alternate""}"
ECG200,ed,lock-step,0.05060323352708445,0.06575702260378247,0.003010599999470287,42,6,noise,0.8,200,100,96,2,,"{""init"": ""random"", ""max_iter"": 300, ""method"": ""alternate""}"
ECG200,ed,lock-step,0.13668774384501547,0.12886573678714794,0.003093799999987823,42,7,noise,0.8,200,100,96,2,,"{""init"": ""random"", ""max_iter"": 300, ""method"": ""alternate""}"
ECG200,ed,lock-step,0.13668774384501547,0.12886573678714794,0.002352900000914815,42,8,noise,0.8,200,100,96,2,,"{""init"": ""random"", ""max_iter"": 300, ""method"": ""alternate""}"
ECG200,ed,lock-step,0.02542638435023949,0.03790883533264401,0.0026829000016732607,42,9,noise,0.8,200,100,96,2,,"{""init"": ""random"", ""max_iter"": 300, ""method"": ""alternate""}"
ECG200,ed,lock-step,0.02542638435023949,0.03790883533264401,0.002479299999322393,42,10,noise,0.8,200,100,96,2,,"{""init"": ""random"", ""max_iter"": 300, ""method"": ""alternate""}"
ECG200,idk,distributional,-0.0036732295033793712,0.004662264774345075,6.101706399997056,42,1,noise,0.8,200,100,96,2,"{""backend"": ""aeon""}","{""init"": ""random"", ""max_iter"": 300, ""method"": ""alternate""}"
ECG200,idk,distributional,-0.0005370569280343716,0.007676307897003695,5.308742100001837,42,2,noise,0.8,200,100,96,2,"{""backend"": ""aeon""}","{""init"": ""random"", ""max_iter"": 300, ""method"": ""alternate""}"
ECG200,idk,distributional,-0.007781529878138306,0.0012897889504124673,5.165837700000338,42,3,noise,0.8,200,100,96,2,"{""backend"": ""aeon""}","{""init"": ""random"", ""max_iter"": 300, ""method"": ""alternate""}"
ECG200,idk,distributional,-0.009610677805697876,8.180178125525136e-16,5.210797300000195,42,4,noise,0.8,200,100,96,2,"{""backend"": ""aeon""}","{""init"": ""random"", ""max_iter"": 300, ""method"": ""alternate""}"
ECG200,idk,distributional,-0.009103924231856393,0.0003173131428202994,6.0391749999998865,42,5,noise,0.8,200,100,96,2,"{""backend"": ""aeon""}","{""init"": ""random"", ""max_iter"": 300, ""method"": ""alternate""}"
ECG200,idk,distributional,-0.009610677805697876,8.180178125525136e-16,5.16122169999835,42,6,noise,0.8,200,100,96,2,"{""backend"": ""aeon""}","{""init"": ""random"", ""max_iter"": 300, ""method"": ""alternate""}"
ECG200,idk,distributional,0.015673213498555126,0.018587207287721865,5.141871600000741,42,7,noise,0.8,200,100,96,2,"{""backend"": ""aeon""}","{""init"": ""random"", ""max_iter"": 300, ""method"": ""alternate""}"
ECG200,idk,distributional,-0.009610677805697876,8.180178125525136e-16,5.290213799999037,42,8,noise,0.8,200,100,96,2,"{""backend"": ""aeon""}","{""init"": ""random"", ""max_iter"": 300, ""method"": ""alternate""}"
ECG200,idk,distributional,-0.0058734995044234795,0.0028579308471863582,5.943471500000669,42,9,noise,0.8,200,100,96,2,"{""backend"": ""aeon""}","{""init"": ""random"", ""max_iter"": 300, ""method"": ""alternate""}"
ECG200,idk,distributional,-0.008521892447840141,0.0011646013497918254,6.080250899998646,42,10,noise,0.8,200,100,96,2,"{""backend"": ""aeon""}","{""init"": ""random"", ""max_iter"": 300, ""method"": ""alternate""}"
ECG200,msm,elastic,0.09418729817007535,0.08809160248687292,0.7101658999999927,42,1,noise,0.8,200,100,96,2,"{""c"": 1.0, ""backend"": ""aeon""}","{""init"": ""random"", ""max_iter"": 300, ""method"": ""alternate""}"
ECG200,msm,elastic,0.07240341602277349,0.1112662986428317,0.7005679000030796,42,2,noise,0.8,200,100,96,2,"{""c"": 1.0, ""backend"": ""aeon""}","{""init"": ""random"", ""max_iter"": 300, ""method"": ""alternate""}"
ECG200,msm,elastic,0.09418729817007535,0.08809160248687292,0.7184120999991137,42,3,noise,0.8,200,100,96,2,"{""c"": 1.0, ""backend"": ""aeon""}","{""init"": ""random"", ""max_iter"": 300, ""method"": ""alternate""}"
ECG200,msm,elastic,0.09418729817007535,0.08809160248687292,0.7158791000001656,42,4,noise,0.8,200,100,96,2,"{""c"": 1.0, ""backend"": ""aeon""}","{""init"": ""random"", ""max_iter"": 300, ""method"": ""alternate""}"
ECG200,msm,elastic,0.015721422274463707,0.01871144634398399,0.7013775999985228,42,5,noise,0.8,200,100,96,2,"{""c"": 1.0, ""backend"": ""aeon""}","{""init"": ""random"", ""max_iter"": 300, ""method"": ""alternate""}"
ECG200,msm,elastic,0.09418729817007535,0.08809160248687292,0.7042483999994147,42,6,noise,0.8,200,100,96,2,"{""c"": 1.0, ""backend"": ""aeon""}","{""init"": ""random"", ""max_iter"": 300, ""method"": ""alternate""}"
ECG200,msm,elastic,0.09418729817007535,0.08809160248687292,0.7054564999998547,42,7,noise,0.8,200,100,96,2,"{""c"": 1.0, ""backend"": ""aeon""}","{""init"": ""random"", ""max_iter"": 300, ""method"": ""alternate""}"
ECG200,msm,elastic,0.09418729817007535,0.08809160248687292,0.719850999999835,42,8,noise,0.8,200,100,96,2,"{""c"": 1.0, ""backend"": ""aeon""}","{""init"": ""random"", ""max_iter"": 300, ""method"": ""alternate""}"
ECG200,msm,elastic,0.015721422274463707,0.01871144634398399,0.7093228999983694,42,9,noise,0.8,200,100,96,2,"{""c"": 1.0, ""backend"": ""aeon""}","{""init"": ""random"", ""max_iter"": 300, ""method"": ""alternate""}"
ECG200,msm,elastic,0.02542638435023949,0.03790883533264401,0.6873802999998588,42,10,noise,0.8,200,100,96,2,"{""c"": 1.0, ""backend"": ""aeon""}","{""init"": ""random"", ""max_iter"": 300, ""method"": ""alternate""}"
ECG200,sbd,sliding,0.13646243245998574,0.12328837996546078,0.5621138000005885,42,1,noise,0.8,200,100,96,2,"{""backend"": ""aeon"", ""n_jobs"": -1, ""candidate_k"": 20, ""paa_segments"": 32}","{""init"": ""random"", ""max_iter"": 300, ""method"": ""alternate""}"
ECG200,sbd,sliding,9.793959575431853e-05,0.00742391202620948,1.4936722000002192,42,2,noise,0.8,200,100,96,2,"{""backend"": ""aeon"", ""n_jobs"": -1, ""candidate_k"": 20, ""paa_segments"": 32}","{""init"": ""random"", ""max_iter"": 300, ""method"": ""alternate""}"
ECG200,sbd,sliding,0.1216361679224973,0.1124689399323596,0.5599563000014314,42,3,noise,0.8,200,100,96,2,"{""backend"": ""aeon"", ""n_jobs"": -1, ""candidate_k"": 20, ""paa_segments"": 32}","{""init"": ""random"", ""max_iter"": 300, ""method"": ""alternate""}"
ECG200,sbd,sliding,0.009632299221661245,0.014255592878046928,0.538915500001167,42,4,noise,0.8,200,100,96,2,"{""backend"": ""aeon"", ""n_jobs"": -1, ""candidate_k"": 20, ""paa_segments"": 32}","{""init"": ""random"", ""max_iter"": 300, ""method"": ""alternate""}"
ECG200,sbd,sliding,0.030599755201958383,0.030751805676497313,0.566467399999965,42,5,noise,0.8,200,100,96,2,"{""backend"": ""aeon"", ""n_jobs"": -1, ""candidate_k"": 20, ""paa_segments"": 32}","{""init"": ""random"", ""max_iter"": 300, ""method"": ""alternate""}"
ECG200,sbd,sliding,0.06996770721205597,0.06694852805127068,0.5608634000000166,42,6,noise,0.8,200,100,96,2,"{""backend"": ""aeon"", ""n_jobs"": -1, ""candidate_k"": 20, ""paa_segments"": 32}","{""init"": ""random"", ""max_iter"": 300, ""method"": ""alternate""}"
ECG200,sbd,sliding,0.1855841739300754,0.1505442577655267,0.5697163000004366,42,7,noise,0.8,200,100,96,2,"{""backend"": ""aeon"", ""n_jobs"": -1, ""candidate_k"": 20, ""paa_segments"": 32}","{""init"": ""random"", ""max_iter"": 300, ""method"": ""alternate""}"
ECG200,sbd,sliding,0.1216361679224973,0.1124689399323596,0.5633582999998907,42,8,noise,0.8,200,100,96,2,"{""backend"": ""aeon"", ""n_jobs"": -1, ""candidate_k"": 20, ""paa_segments"": 32}","{""init"": ""random"", ""max_iter"": 300, ""method"": ""alternate""}"
ECG200,sbd,sliding,0.030599755201958383,0.030751805676497313,0.5521863999983907,42,9,noise,0.8,200,100,96,2,"{""backend"": ""aeon"", ""n_jobs"": -1, ""candidate_k"": 20, ""paa_segments"": 32}","{""init"": ""random"", ""max_iter"": 300, ""method"": ""alternate""}"
ECG200,sbd,sliding,0.1855841739300754,0.1505442577655267,0.5709531000011339,42,10,noise,0.8,200,100,96,2,"{""backend"": ""aeon"", ""n_jobs"": -1, ""candidate_k"": 20, ""paa_segments"": 32}","{""init"": ""random"", ""max_iter"": 300, ""method"": ""alternate""}"
ECG200,dtw,elastic,0.0066781770205557546,0.014880660382146764,3.782680500000424,42,1,shift,0.0,200,100,96,2,"{""window"": 10, ""backend"": ""aeon""}","{""init"": ""random"", ""max_iter"": 300, ""method"": ""alternate""}"
ECG200,dtw,elastic,-0.001559549192811453,0.006362555582158176,3.7735283999991225,42,2,shift,0.0,200,100,96,2,"{""window"": 10, ""backend"": ""aeon""}","{""init"": ""random"", ""max_iter"": 300, ""method"": ""alternate""}"
ECG200,dtw,elastic,0.1358422193112398,0.11005444548223992,3.798017000000982,42,3,shift,0.0,200,100,96,2,"{""window"": 10, ""backend"": ""aeon""}","{""init"": ""random"", ""max_iter"": 300, ""method"": ""alternate""}"
ECG200,dtw,elastic,-0.001559549192811453,0.006362555582158176,3.7685909000010724,42,4,shift,0.0,200,100,96,2,"{""window"": 10, ""backend"": ""aeon""}","{""init"": ""random"", ""max_iter"": 300, ""method"": ""alternate""}"
ECG200,dtw,elastic,0.05827405947381952,0.05073566873993589,3.754064999999173,42,5,shift,0.0,200,100,96,2,"{""window"": 10, ""backend"": ""aeon""}","{""init"": ""random"", ""max_iter"": 300, ""method"": ""alternate""}"
ECG200,dtw,elastic,0.03178484107579462,0.03705068107641364,3.798636200001056,42,6,shift,0.0,200,100,96,2,"{""window"": 10, ""backend"": ""aeon""}","{""init"": ""random"", ""max_iter"": 300, ""method"": ""alternate""}"
ECG200,dtw,elastic,-0.001559549192811453,0.006362555582158176,3.7443430999992415,42,7,shift,0.0,200,100,96,2,"{""window"": 10, ""backend"": ""aeon""}","{""init"": ""random"", ""max_iter"": 300, ""method"": ""alternate""}"
ECG200,dtw,elastic,-0.001559549192811453,0.006362555582158176,3.68759560000035,42,8,shift,0.0,200,100,96,2,"{""window"": 10, ""backend"": ""aeon""}","{""init"": ""random"", ""max_iter"": 300, ""method"": ""alternate""}"
ECG200,dtw,elastic,-0.001559549192811453,0.006362555582158176,3.7062171999987186,42,9,shift,0.0,200,100,96,2,"{""window"": 10, ""backend"": ""aeon""}","{""init"": ""random"", ""max_iter"": 300, ""method"": ""alternate""}"
ECG200,dtw,elastic,-0.001559549192811453,0.006362555582158176,3.7430330000006506,42,10,shift,0.0,200,100,96,2,"{""window"": 10, ""backend"": ""aeon""}","{""init"": ""random"", ""max_iter"": 300, ""method"": ""alternate""}"
ECG200,ed,lock-step,0.13694107865553204,0.1357435317567495,0.004364899999927729,42,1,shift,0.0,200,100,96,2,,"{""init"": ""random"", ""max_iter"": 300, ""method"": ""alternate""}"
ECG200,ed,lock-step,0.03329752953813104,0.0491957059577339,0.0025306000006821705,42,2,shift,0.0,200,100,96,2,,"{""init"": ""random"", ""max_iter"": 300, ""method"": ""alternate""}"
ECG200,ed,lock-step,0.13694107865553204,0.1357435317567495,0.002687599999262602,42,3,shift,0.0,200,100,96,2,,"{""init"": ""random"", ""max_iter"": 300, ""method"": ""alternate""}"
ECG200,ed,lock-step,0.13694107865553204,0.1357435317567495,0.0033012000003509456,42,4,shift,0.0,200,100,96,2,,"{""init"": ""random"", ""max_iter"": 300, ""method"": ""alternate""}"
ECG200,ed,lock-step,0.13694107865553204,0.1357435317567495,0.00416880000011588,42,5,shift,0.0,200,100,96,2,,"{""init"": ""random"", ""max_iter"": 300, ""method"": ""alternate""}"
ECG200,ed,lock-step,0.13694107865553204,0.1357435317567495,0.003218600000764127,42,6,shift,0.0,200,100,96,2,,"{""init"": ""random"", ""max_iter"": 300, ""method"": ""alternate""}"
ECG200,ed,lock-step,0.13694107865553204,0.1357435317567495,0.00312590000066848,42,7,shift,0.0,200,100,96,2,,"{""init"": ""random"", ""max_iter"": 300, ""method"": ""alternate""}"
ECG200,ed,lock-step,0.13694107865553204,0.1357435317567495,0.0020475000001169974,42,8,shift,0.0,200,100,96,2,,"{""init"": ""random"", ""max_iter"": 300, ""method"": ""alternate""}"
ECG200,ed,lock-step,0.03329752953813104,0.0491957059577339,0.0024681000013515586,42,9,shift,0.0,200,100,96,2,,"{""init"": ""random"", ""max_iter"": 300, ""method"": ""alternate""}"
ECG200,ed,lock-step,0.03329752953813104,0.0491957059577339,0.0015049000012368197,42,10,shift,0.0,200,100,96,2,,"{""init"": ""random"", ""max_iter"": 300, ""method"": ""alternate""}"
ECG200,idk,distributional,0.1360960505219871,0.11513495473941705,6.156983700000637,42,1,shift,0.0,200,100,96,2,"{""backend"": ""aeon""}","{""init"": ""random"", ""max_iter"": 300, ""method"": ""alternate""}"
ECG200,idk,distributional,0.1360960505219871,0.11513495473941705,5.480048600002192,42,2,shift,0.0,200,100,96,2,"{""backend"": ""aeon""}","{""init"": ""random"", ""max_iter"": 300, ""method"": ""alternate""}"
ECG200,idk,distributional,0.1360960505219871,0.11513495473941705,5.165154899999834,42,3,shift,0.0,200,100,96,2,"{""backend"": ""aeon""}","{""init"": ""random"", ""max_iter"": 300, ""method"": ""alternate""}"
ECG200,idk,distributional,0.1360960505219871,0.11513495473941705,6.342635599999994,42,4,shift,0.0,200,100,96,2,"{""backend"": ""aeon""}","{""init"": ""random"", ""max_iter"": 300, ""method"": ""alternate""}"
ECG200,idk,distributional,0.1360960505219871,0.11513495473941705,7.066521099997772,42,5,shift,0.0,200,100,96,2,"{""backend"": ""aeon""}","{""init"": ""random"", ""max_iter"": 300, ""method"": ""alternate""}"
ECG200,idk,distributional,0.03900751180222049,0.036865411084647505,5.454154499999277,42,6,shift,0.0,200,100,96,2,"{""backend"": ""aeon""}","{""init"": ""random"", ""max_iter"": 300, ""method"": ""alternate""}"
ECG200,idk,distributional,0.1360960505219871,0.11513495473941705,5.258827399999063,42,7,shift,0.0,200,100,96,2,"{""backend"": ""aeon""}","{""init"": ""random"", ""max_iter"": 300, ""method"": ""alternate""}"
ECG200,idk,distributional,0.1360960505219871,0.11513495473941705,5.2935090999999375,42,8,shift,0.0,200,100,96,2,"{""backend"": ""aeon""}","{""init"": ""random"", ""max_iter"": 300, ""method"": ""alternate""}"
ECG200,idk,distributional,0.1360960505219871,0.11513495473941705,5.1309500000006665,42,9,shift,0.0,200,100,96,2,"{""backend"": ""aeon""}","{""init"": ""random"", ""max_iter"": 300, ""method"": ""alternate""}"
ECG200,idk,distributional,0.1360960505219871,0.11513495473941705,5.203866500000004,42,10,shift,0.0,200,100,96,2,"{""backend"": ""aeon""}","{""init"": ""random"", ""max_iter"": 300, ""method"": ""alternate""}"
ECG200,msm,elastic,0.15231431646932186,0.1402834245040046,0.6390564999983326,42,1,shift,0.0,200,100,96,2,"{""c"": 1.0, ""backend"": ""aeon""}","{""init"": ""random"", ""max_iter"": 300, ""method"": ""alternate""}"
ECG200,msm,elastic,0.15231431646932186,0.1402834245040046,0.6339338999987376,42,2,shift,0.0,200,100,96,2,"{""c"": 1.0, ""backend"": ""aeon""}","{""init"": ""random"", ""max_iter"": 300, ""method"": ""alternate""}"
ECG200,msm,elastic,0.15231431646932186,0.1402834245040046,0.629394499999762,42,3,shift,0.0,200,100,96,2,"{""c"": 1.0, ""backend"": ""aeon""}","{""init"": ""random"", ""max_iter"": 300, ""method"": ""alternate""}"
ECG200,msm,elastic,0.15231431646932186,0.1402834245040046,0.6396392000006017,42,4,shift,0.0,200,100,96,2,"{""c"": 1.0, ""backend"": ""aeon""}","{""init"": ""random"", ""max_iter"": 300, ""method"": ""alternate""}"
ECG200,msm,elastic,0.15231431646932186,0.1402834245040046,0.6309550000005402,42,5,shift,0.0,200,100,96,2,"{""c"": 1.0, ""backend"": ""aeon""}","{""init"": ""random"", ""max_iter"": 300, ""method"": ""alternate""}"
ECG200,msm,elastic,0.15231431646932186,0.1402834245040046,0.6507081999989168,42,6,shift,0.0,200,100,96,2,"{""c"": 1.0, ""backend"": ""aeon""}","{""init"": ""random"", ""max_iter"": 300, ""method"": ""alternate""}"
ECG200,msm,elastic,0.15231431646932186,0.1402834245040046,0.619952100001683,42,7,shift,0.0,200,100,96,2,"{""c"": 1.0, ""backend"": ""aeon""}","{""init"": ""random"", ""max_iter"": 300, ""method"": ""alternate""}"
ECG200,msm,elastic,0.15231431646932186,0.1402834245040046,0.6279811000003974,42,8,shift,0.0,200,100,96,2,"{""c"": 1.0, ""backend"": ""aeon""}","{""init"": ""random"", ""max_iter"": 300, ""method"": ""alternate""}"
ECG200,msm,elastic,0.15231431646932186,0.1402834245040046,0.6403430000009394,42,9,shift,0.0,200,100,96,2,"{""c"": 1.0, ""backend"": ""aeon""}","{""init"": ""random"", ""max_iter"": 300, ""method"": ""alternate""}"
ECG200,msm,elastic,0.15231431646932186,0.1402834245040046,0.6312238999980764,42,10,shift,0.0,200,100,96,2,"{""c"": 1.0, ""backend"": ""aeon""}","{""init"": ""random"", ""max_iter"": 300, ""method"": ""alternate""}"
ECG200,sbd,sliding,0.1218796367253102,0.11789870295965417,0.5699845999988611,42,1,shift,0.0,200,100,96,2,"{""backend"": ""aeon"", ""n_jobs"": -1, ""candidate_k"": 20, ""paa_segments"": 32}","{""init"": ""random"", ""max_iter"": 300, ""method"": ""alternate""}"
ECG200,sbd,sliding,0.1218796367253102,0.11789870295965417,0.5603429000020697,42,2,shift,0.0,200,100,96,2,"{""backend"": ""aeon"", ""n_jobs"": -1, ""candidate_k"": 20, ""paa_segments"": 32}","{""init"": ""random"", ""max_iter"": 300, ""method"": ""alternate""}"
ECG200,sbd,sliding,0.1218796367253102,0.11789870295965417,1.4864694999996573,42,3,shift,0.0,200,100,96,2,"{""backend"": ""aeon"", ""n_jobs"": -1, ""candidate_k"": 20, ""paa_segments"": 32}","{""init"": ""random"", ""max_iter"": 300, ""method"": ""alternate""}"
ECG200,sbd,sliding,0.1218796367253102,0.11789870295965417,0.566038999999364,42,4,shift,0.0,200,100,96,2,"{""backend"": ""aeon"", ""n_jobs"": -1, ""candidate_k"": 20, ""paa_segments"": 32}","{""init"": ""random"", ""max_iter"": 300, ""method"": ""alternate""}"
ECG200,sbd,sliding,0.1218796367253102,0.11789870295965417,0.5413206999983231,42,5,shift,0.0,200,100,96,2,"{""backend"": ""aeon"", ""n_jobs"": -1, ""candidate_k"": 20, ""paa_segments"": 32}","{""init"": ""random"", ""max_iter"": 300, ""method"": ""alternate""}"
ECG200,sbd,sliding,0.1218796367253102,0.11789870295965417,0.5677176999997755,42,6,shift,0.0,200,100,96,2,"{""backend"": ""aeon"", ""n_jobs"": -1, ""candidate_k"": 20, ""paa_segments"": 32}","{""init"": ""random"", ""max_iter"": 300, ""method"": ""alternate""}"
ECG200,sbd,sliding,0.025013740458015268,0.03501835993498306,0.5569045000011101,42,7,shift,0.0,200,100,96,2,"{""backend"": ""aeon"", ""n_jobs"": -1, ""candidate_k"": 20, ""paa_segments"": 32}","{""init"": ""random"", ""max_iter"": 300, ""method"": ""alternate""}"
ECG200,sbd,sliding,0.1218796367253102,0.11789870295965417,1.4854893000010634,42,8,shift,0.0,200,100,96,2,"{""backend"": ""aeon"", ""n_jobs"": -1, ""candidate_k"": 20, ""paa_segments"": 32}","{""init"": ""random"", ""max_iter"": 300, ""method"": ""alternate""}"
ECG200,sbd,sliding,0.1218796367253102,0.11789870295965417,0.561859800000093,42,9,shift,0.0,200,100,96,2,"{""backend"": ""aeon"", ""n_jobs"": -1, ""candidate_k"": 20, ""paa_segments"": 32}","{""init"": ""random"", ""max_iter"": 300, ""method"": ""alternate""}"
ECG200,sbd,sliding,0.1218796367253102,0.11789870295965417,0.5586008000009315,42,10,shift,0.0,200,100,96,2,"{""backend"": ""aeon"", ""n_jobs"": -1, ""candidate_k"": 20, ""paa_segments"": 32}","{""init"": ""random"", ""max_iter"": 300, ""method"": ""alternate""}"
ECG200,dtw,elastic,0.040760969172684285,0.04918785501957698,2401.7806059999966,42,1,shift,10.0,200,100,96,2,"{""window"": 10, ""backend"": ""aeon""}","{""init"": ""random"", ""max_iter"": 300, ""method"": ""alternate""}"
ECG200,dtw,elastic,-0.004398665738059455,0.003583068429010469,2.0716441000004124,42,2,shift,10.0,200,100,96,2,"{""window"": 10, ""backend"": ""aeon""}","{""init"": ""random"", ""max_iter"": 300, ""method"": ""alternate""}"
ECG200,dtw,elastic,0.0028649447155199427,0.011526783189614349,1.757011199999397,42,3,shift,10.0,200,100,96,2,"{""window"": 10, ""backend"": ""aeon""}","{""init"": ""random"", ""max_iter"": 300, ""method"": ""alternate""}"
ECG200,dtw,elastic,0.0028649447155199427,0.011526783189614349,1.5157157000030566,42,4,shift,10.0,200,100,96,2,"{""window"": 10, ""backend"": ""aeon""}","{""init"": ""random"", ""max_iter"": 300, ""method"": ""alternate""}"
ECG200,dtw,elastic,-0.004398665738059455,0.003583068429010469,1.5270904999997583,42,5,shift,10.0,200,100,96,2,"{""window"": 10, ""backend"": ""aeon""}","{""init"": ""random"", ""max_iter"": 300, ""method"": ""alternate""}"
ECG200,dtw,elastic,-0.0040061068702290075,0.003830408650378948,1.6821190000009665,42,6,shift,10.0,200,100,96,2,"{""window"": 10, ""backend"": ""aeon""}","{""init"": ""random"", ""max_iter"": 300, ""method"": ""alternate""}"
ECG200,dtw,elastic,0.0028649447155199427,0.011526783189614349,1.6636199000022316,42,7,shift,10.0,200,100,96,2,"{""window"": 10, ""backend"": ""aeon""}","{""init"": ""random"", ""max_iter"": 300, ""method"": ""alternate""}"
ECG200,dtw,elastic,-0.006234673434497166,0.0027176285319430375,1.6161495999986073,42,8,shift,10.0,200,100,96,2,"{""window"": 10, ""backend"": ""aeon""}","{""init"": ""random"", ""max_iter"": 300, ""method"": ""alternate""}"
ECG200,dtw,elastic,0.0028649447155199427,0.011526783189614349,1.3067117999999027,42,9,shift,10.0,200,100,96,2,"{""window"": 10, ""backend"": ""aeon""}","{""init"": ""random"", ""max_iter"": 300, ""method"": ""alternate""}"
ECG200,dtw,elastic,0.0028649447155199427,0.011526783189614349,1.304587899998296,42,10,shift,10.0,200,100,96,2,"{""window"": 10, ""backend"": ""aeon""}","{""init"": ""random"", ""max_iter"": 300, ""method"": ""alternate""}"
ECG200,ed,lock-step,0.01580175974142575,0.018921669336916504,0.0018964000009873416,42,1,shift,10.0,200,100,96,2,,"{""init"": ""random"", ""max_iter"": 300, ""method"": ""alternate""}"
ECG200,ed,lock-step,0.016684607104413347,0.02152781574323422,0.0029727000037382822,42,2,shift,10.0,200,100,96,2,,"{""init"": ""random"", ""max_iter"": 300, ""method"": ""alternate""}"
ECG200,ed,lock-step,0.01580175974142575,0.018921669336916504,0.0010908000003837515,42,3,shift,10.0,200,100,96,2,,"{""init"": ""random"", ""max_iter"": 300, ""method"": ""alternate""}"
ECG200,ed,lock-step,-0.006981740064446832,1.0919732917773802e-15,0.0010714000018197112,42,4,shift,10.0,200,100,96,2,,"{""init"": ""random"", ""max_iter"": 300, ""method"": ""alternate""}"
ECG200,ed,lock-step,0.01580175974142575,0.018921669336916504,0.0019993999994767364,42,5,shift,10.0,200,100,96,2,,"{""init"": ""random"", ""max_iter"": 300, ""method"": ""alternate""}"
ECG200,ed,lock-step,0.01580175974142575,0.018921669336916504,0.001041599996824516,42,6,shift,10.0,200,100,96,2,,"{""init"": ""random"", ""max_iter"": 300, ""method"": ""alternate""}"
ECG200,ed,lock-step,0.016684607104413347,0.02152781574323422,0.0006465999977081083,42,7,shift,10.0,200,100,96,2,,"{""init"": ""random"", ""max_iter"": 300, ""method"": ""alternate""}"
ECG200,ed,lock-step,-0.006981740064446832,1.0919732917773802e-15,0.0017973000030906405,42,8,shift,10.0,200,100,96,2,,"{""init"": ""random"", ""max_iter"": 300, ""method"": ""alternate""}"
ECG200,ed,lock-step,-0.0053705692803437165,0.0019126768596647993,0.0013756000007560942,42,9,shift,10.0,200,100,96,2,,"{""init"": ""random"", ""max_iter"": 300, ""method"": ""alternate""}"
ECG200,ed,lock-step,0.01580175974142575,0.018921669336916504,0.0009633999979996588,42,10,shift,10.0,200,100,96,2,,"{""init"": ""random"", ""max_iter"": 300, ""method"": ""alternate""}"
ECG200,idk,distributional,0.06996770721205597,0.06694852805127068,5.215924300000552,42,1,shift,10.0,200,100,96,2,"{""backend"": ""aeon""}","{""init"": ""random"", ""max_iter"": 300, ""method"": ""alternate""}"
ECG200,idk,distributional,0.1360960505219871,0.11513495473941705,7.103103599998576,42,2,shift,10.0,200,100,96,2,"{""backend"": ""aeon""}","{""init"": ""random"", ""max_iter"": 300, ""method"": ""alternate""}"
ECG200,idk,distributional,0.058397019760813774,0.05169322737348285,5.181579100000818,42,3,shift,10.0,200,100,96,2,"{""backend"": ""aeon""}","{""init"": ""random"", ""max_iter"": 300, ""method"": ""alternate""}"
ECG200,idk,distributional,-0.008610251580788377,0.0003407874429066628,5.178147000000536,42,4,shift,10.0,200,100,96,2,"{""backend"": ""aeon""}","{""init"": ""random"", ""max_iter"": 300, ""method"": ""alternate""}"
ECG200,idk,distributional,0.1360960505219871,0.11513495473941705,6.132971800001542,42,5,shift,10.0,200,100,96,2,"{""backend"": ""aeon""}","{""init"": ""random"", ""max_iter"": 300, ""method"": ""alternate""}"
ECG200,idk,distributional,-0.006070471318246906,0.002779933823369478,5.473994500000117,42,6,shift,10.0,200,100,96,2,"{""backend"": ""aeon""}","{""init"": ""random"", ""max_iter"": 300, ""method"": ""alternate""}"
ECG200,idk,distributional,0.03077374930653004,0.0315558589631368,6.071070399999371,42,7,shift,10.0,200,100,96,2,"{""backend"": ""aeon""}","{""init"": ""random"", ""max_iter"": 300, ""method"": ""alternate""}"
ECG200,idk,distributional,0.20371435916898253,0.1636019812595352,5.2632354999987,42,8,shift,10.0,200,100,96,2,"{""backend"": ""aeon""}","{""init"": ""random"", ""max_iter"": 300, ""method"": ""alternate""}"
ECG200,idk,distributional,0.1681622859101649,0.13534965598921833,5.8048713999996835,42,9,shift,10.0,200,100,96,2,"{""backend"": ""aeon""}","{""init"": ""random"", ""max_iter"": 300, ""method"": ""alternate""}"
ECG200,idk,distributional,0.03077374930653004,0.0315558589631368,6.461700600000768,42,10,shift,10.0,200,100,96,2,"{""backend"": ""aeon""}","{""init"": ""random"", ""max_iter"": 300, ""method"": ""alternate""}"
ECG200,msm,elastic,0.1071913659557285,0.09434576541925767,0.37007269999958226,42,1,shift,10.0,200,100,96,2,"{""c"": 1.0, ""backend"": ""aeon""}","{""init"": ""random"", ""max_iter"": 300, ""method"": ""alternate""}"
ECG200,msm,elastic,0.1071913659557285,0.09434576541925767,0.23196440000174334,42,2,shift,10.0,200,100,96,2,"{""c"": 1.0, ""backend"": ""aeon""}","{""init"": ""random"", ""max_iter"": 300, ""method"": ""alternate""}"
ECG200,msm,elastic,0.1071913659557285,0.09434576541925767,0.2882934999979625,42,3,shift,10.0,200,100,96,2,"{""c"": 1.0, ""backend"": ""aeon""}","{""init"": ""random"", ""max_iter"": 300, ""method"": ""alternate""}"
ECG200,msm,elastic,-0.003591309032142216,0.004713998200230879,0.28631789999781176,42,4,shift,10.0,200,100,96,2,"{""c"": 1.0, ""backend"": ""aeon""}","{""init"": ""random"", ""max_iter"": 300, ""method"": ""alternate""}"
ECG200,msm,elastic,0.1071913659557285,0.09434576541925767,0.34878379999645404,42,5,shift,10.0,200,100,96,2,"{""c"": 1.0, ""backend"": ""aeon""}","{""init"": ""random"", ""max_iter"": 300, ""method"": ""alternate""}"
ECG200,msm,elastic,0.1071913659557285,0.09434576541925767,0.24727910000365227,42,6,shift,10.0,200,100,96,2,"{""c"": 1.0, ""backend"": ""aeon""}","{""init"": ""random"", ""max_iter"": 300, ""method"": ""alternate""}"
ECG200,msm,elastic,0.1071913659557285,0.09434576541925767,0.39700019999872893,42,7,shift,10.0,200,100,96,2,"{""c"": 1.0, ""backend"": ""aeon""}","{""init"": ""random"", ""max_iter"": 300, ""method"": ""alternate""}"
ECG200,msm,elastic,0.1071913659557285,0.09434576541925767,0.26850520000152756,42,8,shift,10.0,200,100,96,2,"{""c"": 1.0, ""backend"": ""aeon""}","{""init"": ""random"", ""max_iter"": 300, ""method"": ""alternate""}"
ECG200,msm,elastic,0.1071913659557285,0.09434576541925767,0.21360590000040247,42,9,shift,10.0,200,100,96,2,"{""c"": 1.0, ""backend"": ""aeon""}","{""init"": ""random"", ""max_iter"": 300, ""method"": ""alternate""}"
ECG200,msm,elastic,0.1071913659557285,0.09434576541925767,0.25352879999991274,42,10,shift,10.0,200,100,96,2,"{""c"": 1.0, ""backend"": ""aeon""}","{""init"": ""random"", ""max_iter"": 300, ""method"": ""alternate""}"
ECG200,sbd,sliding,0.06974012626633387,0.06444636791086797,0.5443469000001642,42,1,shift,10.0,200,100,96,2,"{""backend"": ""aeon"", ""n_jobs"": -1, ""candidate_k"": 20, ""paa_segments"": 32}","{""init"": ""random"", ""max_iter"": 300, ""method"": ""alternate""}"
ECG200,sbd,sliding,0.06974012626633387,0.06444636791086797,0.5545689999999013,42,2,shift,10.0,200,100,96,2,"{""backend"": ""aeon"", ""n_jobs"": -1, ""candidate_k"": 20, ""paa_segments"": 32}","{""init"": ""random"", ""max_iter"": 300, ""method"": ""alternate""}"
ECG200,sbd,sliding,0.06974012626633387,0.06444636791086797,0.5699710000008054,42,3,shift,10.0,200,100,96,2,"{""backend"": ""aeon"", ""n_jobs"": -1, ""candidate_k"": 20, ""paa_segments"": 32}","{""init"": ""random"", ""max_iter"": 300, ""method"": ""alternate""}"
ECG200,sbd,sliding,0.0604824427480916,0.07461767443636569,0.5565069000003859,42,4,shift,10.0,200,100,96,2,"{""backend"": ""aeon"", ""n_jobs"": -1, ""candidate_k"": 20, ""paa_segments"": 32}","{""init"": ""random"", ""max_iter"": 300, ""method"": ""alternate""}"
ECG200,sbd,sliding,0.02083671679605028,0.05104356778471666,0.5540509000002203,42,5,shift,10.0,200,100,96,2,"{""backend"": ""aeon"", ""n_jobs"": -1, ""candidate_k"": 20, ""paa_segments"": 32}","{""init"": ""random"", ""max_iter"": 300, ""method"": ""alternate""}"
ECG200,sbd,sliding,0.03872510805725504,0.03537901103653688,0.5794968000009248,42,6,shift,10.0,200,100,96,2,"{""backend"": ""aeon"", ""n_jobs"": -1, ""candidate_k"": 20, ""paa_segments"": 32}","{""init"": ""random"", ""max_iter"": 300, ""method"": ""alternate""}"
ECG200,sbd,sliding,0.0581203139476509,0.04958135523402417,0.5537819000001036,42,7,shift,10.0,200,100,96,2,"{""backend"": ""aeon"", ""n_jobs"": -1, ""candidate_k"": 20, ""paa_segments"": 32}","{""init"": ""random"", ""max_iter"": 300, ""method"": ""alternate""}"
ECG200,sbd,sliding,0.0604824427480916,0.07461767443636569,0.6157977999991999,42,8,shift,10.0,200,100,96,2,"{""backend"": ""aeon"", ""n_jobs"": -1, ""candidate_k"": 20, ""paa_segments"": 32}","{""init"": ""random"", ""max_iter"": 300, ""method"": ""alternate""}"
ECG200,sbd,sliding,0.03872510805725504,0.03537901103653688,0.5713255999999092,42,9,shift,10.0,200,100,96,2,"{""backend"": ""aeon"", ""n_jobs"": -1, ""candidate_k"": 20, ""paa_segments"": 32}","{""init"": ""random"", ""max_iter"": 300, ""method"": ""alternate""}"
ECG200,sbd,sliding,0.0581203139476509,0.04958135523402417,0.5639880000017001,42,10,shift,10.0,200,100,96,2,"{""backend"": ""aeon"", ""n_jobs"": -1, ""candidate_k"": 20, ""paa_segments"": 32}","{""init"": ""random"", ""max_iter"": 300, ""method"": ""alternate""}"
ECG200,dtw,elastic,-0.007834641821676385,0.0,1.2788822000038635,42,1,shift,20.0,200,100,96,2,"{""window"": 10, ""backend"": ""aeon""}","{""init"": ""random"", ""max_iter"": 300, ""method"": ""alternate""}"
ECG200,dtw,elastic,-0.01020408163265306,0.0,1.19636040000114,42,2,shift,20.0,200,100,96,2,"{""window"": 10, ""backend"": ""aeon""}","{""init"": ""random"", ""max_iter"": 300, ""method"": ""alternate""}"
ECG200,dtw,elastic,0.001076281447598547,0.008543363862746928,1.1943610999987868,42,3,shift,20.0,200,100,96,2,"{""window"": 10, ""backend"": ""aeon""}","{""init"": ""random"", ""max_iter"": 300, ""method"": ""alternate""}"
ECG200,dtw,elastic,0.001076281447598547,0.008543363862746928,1.1630908999977692,42,4,shift,20.0,200,100,96,2,"{""window"": 10, ""backend"": ""aeon""}","{""init"": ""random"", ""max_iter"": 300, ""method"": ""alternate""}"
ECG200,dtw,elastic,-0.01020408163265306,0.0,1.1708586000022478,42,5,shift,20.0,200,100,96,2,"{""window"": 10, ""backend"": ""aeon""}","{""init"": ""random"", ""max_iter"": 300, ""method"": ""alternate""}"
ECG200,dtw,elastic,-0.01020408163265306,0.0,1.5464558999992732,42,6,shift,20.0,200,100,96,2,"{""window"": 10, ""backend"": ""aeon""}","{""init"": ""random"", ""max_iter"": 300, ""method"": ""alternate""}"
ECG200,dtw,elastic,0.001076281447598547,0.008543363862746928,1.3652624999995169,42,7,shift,20.0,200,100,96,2,"{""window"": 10, ""backend"": ""aeon""}","{""init"": ""random"", ""max_iter"": 300, ""method"": ""alternate""}"
ECG200,dtw,elastic,-0.01020408163265306,0.0,1.2876317999980529,42,8,shift,20.0,200,100,96,2,"{""window"": 10, ""backend"": ""aeon""}","{""init"": ""random"", ""max_iter"": 300, ""method"": ""alternate""}"
ECG200,dtw,elastic,0.001076281447598547,0.008543363862746928,1.2265671000022849,42,9,shift,20.0,200,100,96,2,"{""window"": 10, ""backend"": ""aeon""}","{""init"": ""random"", ""max_iter"": 300, ""method"": ""alternate""}"
ECG200,dtw,elastic,0.001076281447598547,0.008543363862746928,1.215975899998739,42,10,shift,20.0,200,100,96,2,"{""window"": 10, ""backend"": ""aeon""}","{""init"": ""random"", ""max_iter"": 300, ""method"": ""alternate""}"
ECG200,ed,lock-step,-0.009610677805697876,8.180178125525136e-16,0.0016477999997732695,42,1,shift,20.0,200,100,96,2,,"{""init"": ""random"", ""max_iter"": 300, ""method"": ""alternate""}"
ECG200,ed,lock-step,-0.009610677805697876,8.180178125525136e-16,0.0015098999974725302,42,2,shift,20.0,200,100,96,2,,"{""init"": ""random"", ""max_iter"": 300, ""method"": ""alternate""}"
ECG200,ed,lock-step,-0.009610677805697876,8.180178125525136e-16,0.001449999999749707,42,3,shift,20.0,200,100,96,2,,"{""init"": ""random"", ""max_iter"": 300, ""method"": ""alternate""}"
ECG200,ed,lock-step,-0.009610677805697876,8.180178125525136e-16,0.0009748000011313707,42,4,shift,20.0,200,100,96,2,,"{""init"": ""random"", ""max_iter"": 300, ""method"": ""alternate""}"
ECG200,ed,lock-step,-0.009610677805697876,8.180178125525136e-16,0.0006157999996503349,42,5,shift,20.0,200,100,96,2,,"{""init"": ""random"", ""max_iter"": 300, ""method"": ""alternate""}"
ECG200,ed,lock-step,-0.009610677805697876,8.180178125525136e-16,0.0022408000004361384,42,6,shift,20.0,200,100,96,2,,"{""init"": ""random"", ""max_iter"": 300, ""method"": ""alternate""}"
ECG200,ed,lock-step,-0.009610677805697876,8.180178125525136e-16,0.000685199996951269,42,7,shift,20.0,200,100,96,2,,"{""init"": ""random"", ""max_iter"": 300, ""method"": ""alternate""}"
ECG200,ed,lock-step,0.0024427480916030535,0.010676027352776717,0.0010264000011375174,42,8,shift,20.0,200,100,96,2,,"{""init"": ""random"", ""max_iter"": 300, ""method"": ""alternate""}"
ECG200,ed,lock-step,-0.009610677805697876,8.180178125525136e-16,0.0010505999998713378,42,9,shift,20.0,200,100,96,2,,"{""init"": ""random"", ""max_iter"": 300, ""method"": ""alternate""}"
ECG200,ed,lock-step,-0.009610677805697876,8.180178125525136e-16,0.0005532999966817442,42,10,shift,20.0,200,100,96,2,,"{""init"": ""random"", ""max_iter"": 300, ""method"": ""alternate""}"
ECG200,idk,distributional,0.04837209302325581,0.04444801538936912,8.931596599997647,42,1,shift,20.0,200,100,96,2,"{""backend"": ""aeon""}","{""init"": ""random"", ""max_iter"": 300, ""method"": ""alternate""}"
ECG200,idk,distributional,-0.00799530072120876,0.001251383123868879,9.045581599999423,42,2,shift,20.0,200,100,96,2,"{""backend"": ""aeon""}","{""init"": ""random"", ""max_iter"": 300, ""method"": ""alternate""}"
ECG200,idk,distributional,0.009923249864330567,0.014842747072989914,9.832087999999203,42,3,shift,20.0,200,100,96,2,"{""backend"": ""aeon""}","{""init"": ""random"", ""max_iter"": 300, ""method"": ""alternate""}"
ECG200,idk,distributional,-0.002413135282320523,0.005581295485867085,9.564208899999358,42,4,shift,20.0,200,100,96,2,"{""backend"": ""aeon""}","{""init"": ""random"", ""max_iter"": 300, ""method"": ""alternate""}"
ECG200,idk,distributional,0.06905671466353218,0.05784608233490577,8.89122700000189,42,5,shift,20.0,200,100,96,2,"{""backend"": ""aeon""}","{""init"": ""random"", ""max_iter"": 300, ""method"": ""alternate""}"
ECG200,idk,distributional,0.009632299221661245,0.014255592878046928,9.027858900002684,42,6,shift,20.0,200,100,96,2,"{""backend"": ""aeon""}","{""init"": ""random"", ""max_iter"": 300, ""method"": ""alternate""}"
ECG200,idk,distributional,0.02342338668569681,0.026784071476871663,9.02133159999903,42,7,shift,20.0,200,100,96,2,"{""backend"": ""aeon""}","{""init"": ""random"", ""max_iter"": 300, ""method"": ""alternate""}"
ECG200,idk,distributional,0.04854289723591032,0.045626023826804925,8.99638479999885,42,8,shift,20.0,200,100,96,2,"{""backend"": ""aeon""}","{""init"": ""random"", ""max_iter"": 300, ""method"": ""alternate""}"
ECG200,idk,distributional,0.005965770171149144,0.013213442871348327,8.876599800001713,42,9,shift,20.0,200,100,96,2,"{""backend"": ""aeon""}","{""init"": ""random"", ""max_iter"": 300, ""method"": ""alternate""}"
ECG200,idk,distributional,0.031216361679224973,0.03377440647865838,8.829567099999622,42,10,shift,20.0,200,100,96,2,"{""backend"": ""aeon""}","{""init"": ""random"", ""max_iter"": 300, ""method"": ""alternate""}"
ECG200,msm,elastic,0.00448913629017777,0.010621809793435164,0.20569569999861415,42,1,shift,20.0,200,100,96,2,"{""c"": 1.0, ""backend"": ""aeon""}","{""init"": ""random"", ""max_iter"": 300, ""method"": ""alternate""}"
ECG200,msm,elastic,-0.0013845001140176565,0.006587856406227654,0.18432299999767565,42,2,shift,20.0,200,100,96,2,"{""c"": 1.0, ""backend"": ""aeon""}","{""init"": ""random"", ""max_iter"": 300, ""method"": ""alternate""}"
ECG200,msm,elastic,0.00448913629017777,0.010621809793435164,0.2042622000008123,42,3,shift,20.0,200,100,96,2,"{""c"": 1.0, ""backend"": ""aeon""}","{""init"": ""random"", ""max_iter"": 300, ""method"": ""alternate""}"
ECG200,msm,elastic,-0.009696969696969697,0.0002925308140970916,0.18120819999603555,42,4,shift,20.0,200,100,96,2,"{""c"": 1.0, ""backend"": ""aeon""}","{""init"": ""random"", ""max_iter"": 300, ""method"": ""alternate""}"
ECG200,msm,elastic,0.02542638435023949,0.03790883533264401,0.24110440000367817,42,5,shift,20.0,200,100,96,2,"{""c"": 1.0, ""backend"": ""aeon""}","{""init"": ""random"", ""max_iter"": 300, ""method"": ""alternate""}"
ECG200,msm,elastic,0.00448913629017777,0.010621809793435164,0.29440790000080597,42,6,shift,20.0,200,100,96,2,"{""c"": 1.0, ""backend"": ""aeon""}","{""init"": ""random"", ""max_iter"": 300, ""method"": ""alternate""}"
ECG200,msm,elastic,0.00448913629017777,0.010621809793435164,0.25313309999910416,42,7,shift,20.0,200,100,96,2,"{""c"": 1.0, ""backend"": ""aeon""}","{""init"": ""random"", ""max_iter"": 300, ""method"": ""alternate""}"
ECG200,msm,elastic,-0.00914962325080732,0.0,0.2178678000018408,42,8,shift,20.0,200,100,96,2,"{""c"": 1.0, ""backend"": ""aeon""}","{""init"": ""random"", ""max_iter"": 300, ""method"": ""alternate""}"
ECG200,msm,elastic,-0.00508638292149119,0.0032101660815386087,0.18983400000070105,42,9,shift,20.0,200,100,96,2,"{""c"": 1.0, ""backend"": ""aeon""}","{""init"": ""random"", ""max_iter"": 300, ""method"": ""alternate""}"
ECG200,msm,elastic,-0.009696969696969697,0.0002925308140970916,0.22658819999924162,42,10,shift,20.0,200,100,96,2,"{""c"": 1.0, ""backend"": ""aeon""}","{""init"": ""random"", ""max_iter"": 300, ""method"": ""alternate""}"
ECG200,sbd,sliding,0.02685207384320307,0.052170926875811256,0.7917486000005738,42,1,shift,20.0,200,100,96,2,"{""backend"": ""aeon"", ""n_jobs"": -1, ""candidate_k"": 20, ""paa_segments"": 32}","{""init"": ""random"", ""max_iter"": 300, ""method"": ""alternate""}"
ECG200,sbd,sliding,0.02253052028359068,0.02351258938443967,1.2600395000008575,42,2,shift,20.0,200,100,96,2,"{""backend"": ""aeon"", ""n_jobs"": -1, ""candidate_k"": 20, ""paa_segments"": 32}","{""init"": ""random"", ""max_iter"": 300, ""method"": ""alternate""}"
ECG200,sbd,sliding,0.06901111818582553,0.05744833341206719,1.0459608000019216,42,3,shift,20.0,200,100,96,2,"{""backend"": ""aeon"", ""n_jobs"": -1, ""candidate_k"": 20, ""paa_segments"": 32}","{""init"": ""random"", ""max_iter"": 300, ""method"": ""alternate""}"
ECG200,sbd,sliding,-0.008324356086573304,0.001195927089963331,0.8565694999997504,42,4,shift,20.0,200,100,96,2,"{""backend"": ""aeon"", ""n_jobs"": -1, ""candidate_k"": 20, ""paa_segments"": 32}","{""init"": ""random"", ""max_iter"": 300, ""method"": ""alternate""}"
ECG200,sbd,sliding,0.019754170324846356,0.03833879258003947,0.7202156000003015,42,5,shift,20.0,200,100,96,2,"{""backend"": ""aeon"", ""n_jobs"": -1, ""candidate_k"": 20, ""paa_segments"": 32}","{""init"": ""random"", ""max_iter"": 300, ""method"": ""alternate""}"
ECG200,sbd,sliding,-0.003329253365973072,0.004886209963297899,0.7554851999993843,42,6,shift,20.0,200,100,96,2,"{""backend"": ""aeon"", ""n_jobs"": -1, ""candidate_k"": 20, ""paa_segments"": 32}","{""init"": ""random"", ""max_iter"": 300, ""method"": ""alternate""}"
ECG200,sbd,sliding,0.06901111818582553,0.05744833341206719,0.7553643999999622,42,7,shift,20.0,200,100,96,2,"{""backend"": ""aeon"", ""n_jobs"": -1, ""candidate_k"": 20, ""paa_segments"": 32}","{""init"": ""random"", ""max_iter"": 300, ""method"": ""alternate""}"
ECG200,sbd,sliding,0.00606844852973986,0.02538638403488332,0.7920224999998027,42,8,shift,20.0,200,100,96,2,"{""backend"": ""aeon"", ""n_jobs"": -1, ""candidate_k"": 20, ""paa_segments"": 32}","{""init"": ""random"", ""max_iter"": 300, ""method"": ""alternate""}"
ECG200,sbd,sliding,0.06901111818582553,0.05744833341206719,0.7661097000000154,42,9,shift,20.0,200,100,96,2,"{""backend"": ""aeon"", ""n_jobs"": -1, ""candidate_k"": 20, ""paa_segments"": 32}","{""init"": ""random"", ""max_iter"": 300, ""method"": ""alternate""}"
ECG200,sbd,sliding,0.03916433108546391,0.03773834664531581,0.6860632999978407,42,10,shift,20.0,200,100,96,2,"{""backend"": ""aeon"", ""n_jobs"": -1, ""candidate_k"": 20, ""paa_segments"": 32}","{""init"": ""random"", ""max_iter"": 300, ""method"": ""alternate""}"
ECG200,dtw,elastic,-0.006599208095028597,0.0015437484953255665,1.3007585999985167,42,1,shift,30.0,200,100,96,2,"{""window"": 10, ""backend"": ""aeon""}","{""init"": ""random"", ""max_iter"": 300, ""method"": ""alternate""}"
ECG200,dtw,elastic,-0.007534983853606028,0.0013366261245429105,1.3171093999990262,42,2,shift,30.0,200,100,96,2,"{""window"": 10, ""backend"": ""aeon""}","{""init"": ""random"", ""max_iter"": 300, ""method"": ""alternate""}"
ECG200,dtw,elastic,-0.007534983853606028,0.0013366261245429105,1.3362812000013946,42,3,shift,30.0,200,100,96,2,"{""window"": 10, ""backend"": ""aeon""}","{""init"": ""random"", ""max_iter"": 300, ""method"": ""alternate""}"
ECG200,dtw,elastic,-0.007534983853606028,0.0013366261245429105,1.2373931000001903,42,4,shift,30.0,200,100,96,2,"{""window"": 10, ""backend"": ""aeon""}","{""init"": ""random"", ""max_iter"": 300, ""method"": ""alternate""}"
ECG200,dtw,elastic,-0.00799530072120876,0.001251383123868879,1.1693920000034268,42,5,shift,30.0,200,100,96,2,"{""window"": 10, ""backend"": ""aeon""}","{""init"": ""random"", ""max_iter"": 300, ""method"": ""alternate""}"
ECG200,dtw,elastic,0.015721422274463707,0.01871144634398399,1.2003729999996722,42,6,shift,30.0,200,100,96,2,"{""window"": 10, ""backend"": ""aeon""}","{""init"": ""random"", ""max_iter"": 300, ""method"": ""alternate""}"
ECG200,dtw,elastic,-0.007534983853606028,0.0013366261245429105,1.148795599998266,42,7,shift,30.0,200,100,96,2,"{""window"": 10, ""backend"": ""aeon""}","{""init"": ""random"", ""max_iter"": 300, ""method"": ""alternate""}"
ECG200,dtw,elastic,0.015721422274463707,0.01871144634398399,1.1494233999947028,42,8,shift,30.0,200,100,96,2,"{""window"": 10, ""backend"": ""aeon""}","{""init"": ""random"", ""max_iter"": 300, ""method"": ""alternate""}"
ECG200,dtw,elastic,-0.007534983853606028,0.0013366261245429105,1.2356548999996448,42,9,shift,30.0,200,100,96,2,"{""window"": 10, ""backend"": ""aeon""}","{""init"": ""random"", ""max_iter"": 300, ""method"": ""alternate""}"
ECG200,dtw,elastic,-0.007534983853606028,0.0013366261245429105,1.1825699000000895,42,10,shift,30.0,200,100,96,2,"{""window"": 10, ""backend"": ""aeon""}","{""init"": ""random"", ""max_iter"": 300, ""method"": ""alternate""}"
ECG200,ed,lock-step,-0.009696969696969697,0.0002925308140970916,0.0011325999985274393,42,1,shift,30.0,200,100,96,2,,"{""init"": ""random"", ""max_iter"": 300, ""method"": ""alternate""}"
ECG200,ed,lock-step,0.00022849588503392755,0.00755846491112723,0.0008732999995118007,42,2,shift,30.0,200,100,96,2,,"{""init"": ""random"", ""max_iter"": 300, ""method"": ""alternate""}"
ECG200,ed,lock-step,-0.0058734995044234795,0.0028579308471863582,0.0007303999991563614,42,3,shift,30.0,200,100,96,2,,"{""init"": ""random"", ""max_iter"": 300, ""method"": ""alternate""}"
ECG200,ed,lock-step,-0.0058734995044234795,0.0028579308471863582,0.0006714000010106247,42,4,shift,30.0,200,100,96,2,,"{""init"": ""random"", ""max_iter"": 300, ""method"": ""alternate""}"
ECG200,ed,lock-step,0.00022849588503392755,0.00755846491112723,0.0007648999999219086,42,5,shift,30.0,200,100,96,2,,"{""init"": ""random"", ""max_iter"": 300, ""method"": ""alternate""}"
ECG200,ed,lock-step,-0.009696969696969697,0.0002925308140970916,0.0008129999987431802,42,6,shift,30.0,200,100,96,2,,"{""init"": ""random"", ""max_iter"": 300, ""method"": ""alternate""}"
ECG200,ed,lock-step,-0.009696969696969697,0.0002925308140970916,0.0005441000030259602,42,7,shift,30.0,200,100,96,2,,"{""init"": ""random"", ""max_iter"": 300, ""method"": ""alternate""}"
ECG200,ed,lock-step,-0.0058734995044234795,0.0028579308471863582,0.0005911000007472467,42,8,shift,30.0,200,100,96,2,,"{""init"": ""random"", ""max_iter"": 300, ""method"": ""alternate""}"
ECG200,ed,lock-step,-0.009696969696969697,0.0002925308140970916,0.0011244000015722122,42,9,shift,30.0,200,100,96,2,,"{""init"": ""random"", ""max_iter"": 300, ""method"": ""alternate""}"
ECG200,ed,lock-step,0.00022849588503392755,0.00755846491112723,0.0015093000001797918,42,10,shift,30.0,200,100,96,2,,"{""init"": ""random"", ""max_iter"": 300, ""method"": ""alternate""}"
ECG200,idk,distributional,-0.006070471318246906,0.002779933823369478,9.555686599998808,42,1,shift,30.0,200,100,96,2,"{""backend"": ""aeon""}","{""init"": ""random"", ""max_iter"": 300, ""method"": ""alternate""}"
ECG200,idk,distributional,-0.00817625458996328,0.0012203612085225554,8.446108100000856,42,2,shift,30.0,200,100,96,2,"{""backend"": ""aeon""}","{""init"": ""random"", ""max_iter"": 300, ""method"": ""alternate""}"
ECG200,idk,distributional,0.030346561321601725,0.02964327933391515,8.971026100001836,42,3,shift,30.0,200,100,96,2,"{""backend"": ""aeon""}","{""init"": ""random"", ""max_iter"": 300, ""method"": ""alternate""}"
ECG200,idk,distributional,-0.0017597888253409592,0.006187113097211257,9.094564200000605,42,4,shift,30.0,200,100,96,2,"{""backend"": ""aeon""}","{""init"": ""random"", ""max_iter"": 300, ""method"": ""alternate""}"
ECG200,idk,distributional,0.022562436481925154,0.023617500835648675,8.8750598000006,42,5,shift,30.0,200,100,96,2,"{""backend"": ""aeon""}","{""init"": ""random"", ""max_iter"": 300, ""method"": ""alternate""}"
ECG200,idk,distributional,0.010278624132741089,0.015618086215310073,9.321888899998157,42,6,shift,30.0,200,100,96,2,"{""backend"": ""aeon""}","{""init"": ""random"", ""max_iter"": 300, ""method"": ""alternate""}"
ECG200,idk,distributional,0.03900751180222049,0.036865411084647505,8.869499399999768,42,7,shift,30.0,200,100,96,2,"{""backend"": ""aeon""}","{""init"": ""random"", ""max_iter"": 300, ""method"": ""alternate""}"
ECG200,idk,distributional,0.030346561321601725,0.02964327933391515,11.098544100001163,42,8,shift,30.0,200,100,96,2,"{""backend"": ""aeon""}","{""init"": ""random"", ""max_iter"": 300, ""method"": ""alternate""}"
ECG200,idk,distributional,0.004749082007343941,0.011011968121955752,9.183131499999945,42,9,shift,30.0,200,100,96,2,"{""backend"": ""aeon""}","{""init"": ""random"", ""max_iter"": 300, ""method"": ""alternate""}"
ECG200,idk,distributional,0.009632299221661245,0.014255592878046928,9.213625099999263,42,10,shift,30.0,200,100,96,2,"{""backend"": ""aeon""}","{""init"": ""random"", ""max_iter"": 300, ""method"": ""alternate""}"
ECG200,msm,elastic,-0.00979587838416986,0.0002887154108162253,0.17818700000134413,42,1,shift,30.0,200,100,96,2,"{""c"": 1.0, ""backend"": ""aeon""}","{""init"": ""random"", ""max_iter"": 300, ""method"": ""alternate""}"
ECG200,msm,elastic,-0.00979587838416986,0.0002887154108162253,0.18538909999915631,42,2,shift,30.0,200,100,96,2,"{""c"": 1.0, ""backend"": ""aeon""}","{""init"": ""random"", ""max_iter"": 300, ""method"": ""alternate""}"
ECG200,msm,elastic,-0.007534983853606028,0.0013366261245429105,0.1760108999988006,42,3,shift,30.0,200,100,96,2,"{""c"": 1.0, ""backend"": ""aeon""}","{""init"": ""random"", ""max_iter"": 300, ""method"": ""alternate""}"
ECG200,msm,elastic,-0.007534983853606028,0.0013366261245429105,0.20597990000169375,42,4,shift,30.0,200,100,96,2,"{""c"": 1.0, ""backend"": ""aeon""}","{""init"": ""random"", ""max_iter"": 300, ""method"": ""alternate""}"
ECG200,msm,elastic,-0.007534983853606028,0.0013366261245429105,0.18296850000115228,42,5,shift,30.0,200,100,96,2,"{""c"": 1.0, ""backend"": ""aeon""}","{""init"": ""random"", ""max_iter"": 300, ""method"": ""alternate""}"
ECG200,msm,elastic,-0.009396564381148142,0.0,0.1744935999995505,42,6,shift,30.0,200,100,96,2,"{""c"": 1.0, ""backend"": ""aeon""}","{""init"": ""random"", ""max_iter"": 300, ""method"": ""alternate""}"
ECG200,msm,elastic,-0.009396564381148142,0.0,0.1810375999993994,42,7,shift,30.0,200,100,96,2,"{""c"": 1.0, ""backend"": ""aeon""}","{""init"": ""random"", ""max_iter"": 300, ""method"": ""alternate""}"
ECG200,msm,elastic,0.005382131324004306,0.012071788824177917,0.18656460000420338,42,8,shift,30.0,200,100,96,2,"{""c"": 1.0, ""backend"": ""aeon""}","{""init"": ""random"", ""max_iter"": 300, ""method"": ""alternate""}"
ECG200,msm,elastic,-0.009396564381148142,0.0,0.18944209999972372,42,9,shift,30.0,200,100,96,2,"{""c"": 1.0, ""backend"": ""aeon""}","{""init"": ""random"", ""max_iter"": 300, ""method"": ""alternate""}"
ECG200,msm,elastic,-0.007534983853606028,0.0013366261245429105,0.17228650000106427,42,10,shift,30.0,200,100,96,2,"{""c"": 1.0, ""backend"": ""aeon""}","{""init"": ""random"", ""max_iter"": 300, ""method"": ""alternate""}"
ECG200,sbd,sliding,0.010084815254506958,0.015186892977535385,0.723983899999439,42,1,shift,30.0,200,100,96,2,"{""backend"": ""aeon"", ""n_jobs"": -1, ""candidate_k"": 20, ""paa_segments"": 32}","{""init"": ""random"", ""max_iter"": 300, ""method"": ""alternate""}"
ECG200,sbd,sliding,-0.0036732295033793712,0.004662264774345075,0.6664505999997345,42,2,shift,30.0,200,100,96,2,"{""backend"": ""aeon"", ""n_jobs"": -1, ""candidate_k"": 20, ""paa_segments"": 32}","{""init"": ""random"", ""max_iter"": 300, ""method"": ""alternate""}"
ECG200,sbd,sliding,0.03869371961747095,0.03522021495407305,0.7262972999978956,42,3,shift,30.0,200,100,96,2,"{""backend"": ""aeon"", ""n_jobs"": -1, ""candidate_k"": 20, ""paa_segments"": 32}","{""init"": ""random"", ""max_iter"": 300, ""method"": ""alternate""}"
ECG200,sbd,sliding,-0.0036732295033793712,0.004662264774345075,0.763961399999971,42,4,shift,30.0,200,100,96,2,"{""backend"": ""aeon"", ""n_jobs"": -1, ""candidate_k"": 20, ""paa_segments"": 32}","{""init"": ""random"", ""max_iter"": 300, ""method"": ""alternate""}"
ECG200,sbd,sliding,0.05245454102276605,0.10455553487611384,0.7285154000001057,42,5,shift,30.0,200,100,96,2,"{""backend"": ""aeon"", ""n_jobs"": -1, ""candidate_k"": 20, ""paa_segments"": 32}","{""init"": ""random"", ""max_iter"": 300, ""method"": ""alternate""}"
ECG200,sbd,sliding,-0.0036732295033793712,0.004662264774345075,0.7918666999994457,42,6,shift,30.0,200,100,96,2,"{""backend"": ""aeon"", ""n_jobs"": -1, ""candidate_k"": 20, ""paa_segments"": 32}","{""init"": ""random"", ""max_iter"": 300, ""method"": ""alternate""}"
ECG200,sbd,sliding,-0.0036732295033793712,0.004662264774345075,0.7562519000002794,42,7,shift,30.0,200,100,96,2,"{""backend"": ""aeon"", ""n_jobs"": -1, ""candidate_k"": 20, ""paa_segments"": 32}","{""init"": ""random"", ""max_iter"": 300, ""method"": ""alternate""}"
ECG200,sbd,sliding,-0.001559549192811453,0.006362555582158176,0.7898009000018646,42,8,shift,30.0,200,100,96,2,"{""backend"": ""aeon"", ""n_jobs"": -1, ""candidate_k"": 20, ""paa_segments"": 32}","{""init"": ""random"", ""max_iter"": 300, ""method"": ""alternate""}"
ECG200,sbd,sliding,-0.0036732295033793712,0.004662264774345075,0.7331902999994782,42,9,shift,30.0,200,100,96,2,"{""backend"": ""aeon"", ""n_jobs"": -1, ""candidate_k"": 20, ""paa_segments"": 32}","{""init"": ""random"", ""max_iter"": 300, ""method"": ""alternate""}"
ECG200,sbd,sliding,-0.0036732295033793712,0.004662264774345075,0.7370921999990969,42,10,shift,30.0,200,100,96,2,"{""backend"": ""aeon"", ""n_jobs"": -1, ""candidate_k"": 20, ""paa_segments"": 32}","{""init"": ""random"", ""max_iter"": 300, ""method"": ""alternate""}"
ECG200,dtw,elastic,-0.008873483535528597,0.0003279184104716484,3.7181964999999764,42,1,shift,5.0,200,100,96,2,"{""window"": 10, ""backend"": ""aeon""}","{""init"": ""random"", ""max_iter"": 300, ""method"": ""alternate""}"
ECG200,dtw,elastic,0.009581966414395687,0.028007354617241177,3.8691916999996465,42,2,shift,5.0,200,100,96,2,"{""window"": 10, ""backend"": ""aeon""}","{""init"": ""random"", ""max_iter"": 300, ""method"": ""alternate""}"
ECG200,dtw,elastic,-0.002691065662002153,0.005353485220424157,3.8493913000002067,42,3,shift,5.0,200,100,96,2,"{""window"": 10, ""backend"": ""aeon""}","{""init"": ""random"", ""max_iter"": 300, ""method"": ""alternate""}"
ECG200,dtw,elastic,0.021424745581146223,0.0617914638395005,3.8152609999997367,42,4,shift,5.0,200,100,96,2,"{""window"": 10, ""backend"": ""aeon""}","{""init"": ""random"", ""max_iter"": 300, ""method"": ""alternate""}"
ECG200,dtw,elastic,0.004927715954704174,0.011294479513216294,3.8136629999989964,42,5,shift,5.0,200,100,96,2,"{""window"": 10, ""backend"": ""aeon""}","{""init"": ""random"", ""max_iter"": 300, ""method"": ""alternate""}"
ECG200,dtw,elastic,0.004927715954704174,0.011294479513216294,3.8346865999992588,42,6,shift,5.0,200,100,96,2,"{""window"": 10, ""backend"": ""aeon""}","{""init"": ""random"", ""max_iter"": 300, ""method"": ""alternate""}"
ECG200,dtw,elastic,0.021424745581146223,0.0617914638395005,3.7963509000001068,42,7,shift,5.0,200,100,96,2,"{""window"": 10, ""backend"": ""aeon""}","{""init"": ""random"", ""max_iter"": 300, ""method"": ""alternate""}"
ECG200,dtw,elastic,-0.004398665738059455,0.003583068429010469,3.8064756999992824,42,8,shift,5.0,200,100,96,2,"{""window"": 10, ""backend"": ""aeon""}","{""init"": ""random"", ""max_iter"": 300, ""method"": ""alternate""}"
ECG200,dtw,elastic,-6.506710044733631e-05,0.008424484037811738,3.838427099999535,42,9,shift,5.0,200,100,96,2,"{""window"": 10, ""backend"": ""aeon""}","{""init"": ""random"", ""max_iter"": 300, ""method"": ""alternate""}"
ECG200,dtw,elastic,-6.506710044733631e-05,0.008424484037811738,550.7432504999997,42,10,shift,5.0,200,100,96,2,"{""window"": 10, ""backend"": ""aeon""}","{""init"": ""random"", ""max_iter"": 300, ""method"": ""alternate""}"
ECG200,ed,lock-step,0.01580175974142575,0.018921669336916504,0.0028994000003876863,42,1,shift,5.0,200,100,96,2,,"{""init"": ""random"", ""max_iter"": 300, ""method"": ""alternate""}"
ECG200,ed,lock-step,0.009793959575431853,0.014576828435880821,0.004059500000948901,42,2,shift,5.0,200,100,96,2,,"{""init"": ""random"", ""max_iter"": 300, ""method"": ""alternate""}"
ECG200,ed,lock-step,0.01580175974142575,0.018921669336916504,0.0022655999982816866,42,3,shift,5.0,200,100,96,2,,"{""init"": ""random"", ""max_iter"": 300, ""method"": ""alternate""}"
ECG200,ed,lock-step,0.15231431646932186,0.1402834245040046,0.004429199998412514,42,4,shift,5.0,200,100,96,2,,"{""init"": ""random"", ""max_iter"": 300, ""method"": ""alternate""}"
ECG200,ed,lock-step,0.009793959575431853,0.014576828435880821,0.002785899998343666,42,5,shift,5.0,200,100,96,2,,"{""init"": ""random"", ""max_iter"": 300, ""method"": ""alternate""}"
ECG200,ed,lock-step,0.15231431646932186,0.1402834245040046,0.002408300000752206,42,6,shift,5.0,200,100,96,2,,"{""init"": ""random"", ""max_iter"": 300, ""method"": ""alternate""}"
ECG200,ed,lock-step,0.15231431646932186,0.1402834245040046,0.0025255999989894917,42,7,shift,5.0,200,100,96,2,,"{""init"": ""random"", ""max_iter"": 300, ""method"": ""alternate""}"
ECG200,ed,lock-step,0.15231431646932186,0.1402834245040046,0.004458399998839013,42,8,shift,5.0,200,100,96,2,,"{""init"": ""random"", ""max_iter"": 300, ""method"": ""alternate""}"
ECG200,ed,lock-step,0.009793959575431853,0.014576828435880821,0.0028994999993301462,42,9,shift,5.0,200,100,96,2,,"{""init"": ""random"", ""max_iter"": 300, ""method"": ""alternate""}"
ECG200,ed,lock-step,0.009793959575431853,0.014576828435880821,0.002924999998867861,42,10,shift,5.0,200,100,96,2,,"{""init"": ""random"", ""max_iter"": 300, ""method"": ""alternate""}"
ECG200,idk,distributional,0.20371435916898253,0.1636019812595352,5.184353900000133,42,1,shift,5.0,200,100,96,2,"{""backend"": ""aeon""}","{""init"": ""random"", ""max_iter"": 300, ""method"": ""alternate""}"
ECG200,idk,distributional,0.1071913659557285,0.09434576541925767,6.265708799999629,42,2,shift,5.0,200,100,96,2,"{""backend"": ""aeon""}","{""init"": ""random"", ""max_iter"": 300, ""method"": ""alternate""}"
ECG200,idk,distributional,0.20371435916898253,0.1636019812595352,5.967608099999779,42,3,shift,5.0,200,100,96,2,"{""backend"": ""aeon""}","{""init"": ""random"", ""max_iter"": 300, ""method"": ""alternate""}"
ECG200,idk,distributional,0.09377345560160559,0.08198909974765356,5.273291900000913,42,4,shift,5.0,200,100,96,2,"{""backend"": ""aeon""}","{""init"": ""random"", ""max_iter"": 300, ""method"": ""alternate""}"
ECG200,idk,distributional,0.1071913659557285,0.09434576541925767,6.217859099999259,42,5,shift,5.0,200,100,96,2,"{""backend"": ""aeon""}","{""init"": ""random"", ""max_iter"": 300, ""method"": ""alternate""}"
ECG200,idk,distributional,0.009632299221661245,0.014255592878046928,5.184022499999628,42,6,shift,5.0,200,100,96,2,"{""backend"": ""aeon""}","{""init"": ""random"", ""max_iter"": 300, ""method"": ""alternate""}"
ECG200,idk,distributional,0.1071913659557285,0.09434576541925767,5.146230899999864,42,7,shift,5.0,200,100,96,2,"{""backend"": ""aeon""}","{""init"": ""random"", ""max_iter"": 300, ""method"": ""alternate""}"
ECG200,idk,distributional,0.18549111151014544,0.14786423385306455,6.260292899998603,42,8,shift,5.0,200,100,96,2,"{""backend"": ""aeon""}","{""init"": ""random"", ""max_iter"": 300, ""method"": ""alternate""}"
ECG200,idk,distributional,0.18549111151014544,0.14786423385306455,5.170677699999942,42,9,shift,5.0,200,100,96,2,"{""backend"": ""aeon""}","{""init"": ""random"", ""max_iter"": 300, ""method"": ""alternate""}"
ECG200,idk,distributional,0.09377345560160559,0.08198909974765356,5.170915000000605,42,10,shift,5.0,200,100,96,2,"{""backend"": ""aeon""}","{""init"": ""random"", ""max_iter"": 300, ""method"": ""alternate""}"
ECG200,msm,elastic,0.1216361679224973,0.1124689399323596,0.6527019999994081,42,1,shift,5.0,200,100,96,2,"{""c"": 1.0, ""backend"": ""aeon""}","{""init"": ""random"", ""max_iter"": 300, ""method"": ""alternate""}"
ECG200,msm,elastic,0.15210688591983557,0.13459183880031764,0.6227753999992274,42,2,shift,5.0,200,100,96,2,"{""c"": 1.0, ""backend"": ""aeon""}","{""init"": ""random"", ""max_iter"": 300, ""method"": ""alternate""}"
ECG200,msm,elastic,0.1216361679224973,0.1124689399323596,0.655854200000249,42,3,shift,5.0,200,100,96,2,"{""c"": 1.0, ""backend"": ""aeon""}","{""init"": ""random"", ""max_iter"": 300, ""method"": ""alternate""}"
ECG200,msm,elastic,0.1216361679224973,0.1124689399323596,0.6349612999983947,42,4,shift,5.0,200,100,96,2,"{""c"": 1.0, ""backend"": ""aeon""}","{""init"": ""random"", ""max_iter"": 300, ""method"": ""alternate""}"
ECG200,msm,elastic,0.1216361679224973,0.1124689399323596,0.6503561000008631,42,5,shift,5.0,200,100,96,2,"{""c"": 1.0, ""backend"": ""aeon""}","{""init"": ""random"", ""max_iter"": 300, ""method"": ""alternate""}"
ECG200,msm,elastic,0.1216361679224973,0.1124689399323596,0.6306652000002941,42,6,shift,5.0,200,100,96,2,"{""c"": 1.0, ""backend"": ""aeon""}","{""init"": ""random"", ""max_iter"": 300, ""method"": ""alternate""}"
ECG200,msm,elastic,0.1216361679224973,0.1124689399323596,0.668688600000678,42,7,shift,5.0,200,100,96,2,"{""c"": 1.0, ""backend"": ""aeon""}","{""init"": ""random"", ""max_iter"": 300, ""method"": ""alternate""}"
ECG200,msm,elastic,0.1216361679224973,0.1124689399323596,0.6603890999995201,42,8,shift,5.0,200,100,96,2,"{""c"": 1.0, ""backend"": ""aeon""}","{""init"": ""random"", ""max_iter"": 300, ""method"": ""alternate""}"
ECG200,msm,elastic,0.1216361679224973,0.1124689399323596,0.6247424000011961,42,9,shift,5.0,200,100,96,2,"{""c"": 1.0, ""backend"": ""aeon""}","{""init"": ""random"", ""max_iter"": 300, ""method"": ""alternate""}"
ECG200,msm,elastic,0.15210688591983557,0.13459183880031764,0.673069199998281,42,10,shift,5.0,200,100,96,2,"{""c"": 1.0, ""backend"": ""aeon""}","{""init"": ""random"", ""max_iter"": 300, ""method"": ""alternate""}"
ECG200,sbd,sliding,0.15231431646932186,0.1402834245040046,0.5550867999991169,42,1,shift,5.0,200,100,96,2,"{""backend"": ""aeon"", ""n_jobs"": -1, ""candidate_k"": 20, ""paa_segments"": 32}","{""init"": ""random"", ""max_iter"": 300, ""method"": ""alternate""}"
ECG200,sbd,sliding,-0.00799530072120876,0.001251383123868879,0.5479341000009299,42,2,shift,5.0,200,100,96,2,"{""backend"": ""aeon"", ""n_jobs"": -1, ""candidate_k"": 20, ""paa_segments"": 32}","{""init"": ""random"", ""max_iter"": 300, ""method"": ""alternate""}"
ECG200,sbd,sliding,0.15231431646932186,0.1402834245040046,0.5857011999996757,42,3,shift,5.0,200,100,96,2,"{""backend"": ""aeon"", ""n_jobs"": -1, ""candidate_k"": 20, ""paa_segments"": 32}","{""init"": ""random"", ""max_iter"": 300, ""method"": ""alternate""}"
ECG200,sbd,sliding,0.15231431646932186,0.1402834245040046,0.5606847000017297,42,4,shift,5.0,200,100,96,2,"{""backend"": ""aeon"", ""n_jobs"": -1, ""candidate_k"": 20, ""paa_segments"": 32}","{""init"": ""random"", ""max_iter"": 300, ""method"": ""alternate""}"
ECG200,sbd,sliding,0.15231431646932186,0.1402834245040046,0.5646058000002085,42,5,shift,5.0,200,100,96,2,"{""backend"": ""aeon"", ""n_jobs"": -1, ""candidate_k"": 20, ""paa_segments"": 32}","{""init"": ""random"", ""max_iter"": 300, ""method"": ""alternate""}"
ECG200,sbd,sliding,0.15231431646932186,0.1402834245040046,0.5657714999997552,42,6,shift,5.0,200,100,96,2,"{""backend"": ""aeon"", ""n_jobs"": -1, ""candidate_k"": 20, ""paa_segments"": 32}","{""init"": ""random"", ""max_iter"": 300, ""method"": ""alternate""}"
ECG200,sbd,sliding,0.0003916433108546391,0.00773252967543183,0.5727916000014375,42,7,shift,5.0,200,100,96,2,"{""backend"": ""aeon"", ""n_jobs"": -1, ""candidate_k"": 20, ""paa_segments"": 32}","{""init"": ""random"", ""max_iter"": 300, ""method"": ""alternate""}"
ECG200,sbd,sliding,0.15231431646932186,0.1402834245040046,0.5646547000014834,42,8,shift,5.0,200,100,96,2,"{""backend"": ""aeon"", ""n_jobs"": -1, ""candidate_k"": 20, ""paa_segments"": 32}","{""init"": ""random"", ""max_iter"": 300, ""method"": ""alternate""}"
ECG200,sbd,sliding,0.15231431646932186,0.1402834245040046,0.6402715999993234,42,9,shift,5.0,200,100,96,2,"{""backend"": ""aeon"", ""n_jobs"": -1, ""candidate_k"": 20, ""paa_segments"": 32}","{""init"": ""random"", ""max_iter"": 300, ""method"": ""alternate""}"
ECG200,sbd,sliding,0.15231431646932186,0.1402834245040046,0.5566242000004422,42,10,shift,5.0,200,100,96,2,"{""backend"": ""aeon"", ""n_jobs"": -1, ""candidate_k"": 20, ""paa_segments"": 32}","{""init"": ""random"", ""max_iter"": 300, ""method"": ""alternate""}"
Trace,dtw,elastic,0.28033793372026894,0.4033578602755743,130.46012060000066,42,1,length,0.25,200,200,275,4,"{""window"": 28, ""backend"": ""aeon""}","{""init"": ""random"", ""max_iter"": 300, ""method"": ""alternate""}"
Trace,dtw,elastic,0.1056907089418089,0.2518691449772488,135.59137680000094,42,2,length,0.25,200,200,275,4,"{""window"": 28, ""backend"": ""aeon""}","{""init"": ""random"", ""max_iter"": 300, ""method"": ""alternate""}"
Trace,dtw,elastic,0.18936656870410815,0.3353205441180016,128.16082649999953,42,3,length,0.25,200,200,275,4,"{""window"": 28, ""backend"": ""aeon""}","{""init"": ""random"", ""max_iter"": 300, ""method"": ""alternate""}"
Trace,dtw,elastic,0.25340206455098846,0.34420686574989895,126.7440860000006,42,4,length,0.25,200,200,275,4,"{""window"": 28, ""backend"": ""aeon""}","{""init"": ""random"", ""max_iter"": 300, ""method"": ""alternate""}"
Trace,dtw,elastic,0.2706135407964062,0.3968178210088954,129.16113880000012,42,5,length,0.25,200,200,275,4,"{""window"": 28, ""backend"": ""aeon""}","{""init"": ""random"", ""max_iter"": 300, ""method"": ""alternate""}"
Trace,dtw,elastic,0.18373070130367358,0.2722944810074127,124.9907273000008,42,6,length,0.25,200,200,275,4,"{""window"": 28, ""backend"": ""aeon""}","{""init"": ""random"", ""max_iter"": 300, ""method"": ""alternate""}"
Trace,dtw,elastic,0.18373070130367358,0.27229448100741277,125.33814780000102,42,7,length,0.25,200,200,275,4,"{""window"": 28, ""backend"": ""aeon""}","{""init"": ""random"", ""max_iter"": 300, ""method"": ""alternate""}"
Trace,dtw,elastic,0.2677467882391994,0.4154132686436944,129.0470666000001,42,8,length,0.25,200,200,275,4,"{""window"": 28, ""backend"": ""aeon""}","{""init"": ""random"", ""max_iter"": 300, ""method"": ""alternate""}"
Trace,dtw,elastic,0.23837252798587144,0.36872136219525753,125.07497009999861,42,9,length,0.25,200,200,275,4,"{""window"": 28, ""backend"": ""aeon""}","{""init"": ""random"", ""max_iter"": 300, ""method"": ""alternate""}"
Trace,dtw,elastic,0.3774157695528937,0.47457610339675604,125.60431530000096,42,10,length,0.25,200,200,275,4,"{""window"": 28, ""backend"": ""aeon""}","{""init"": ""random"", ""max_iter"": 300, ""method"": ""alternate""}"
Trace,ed,lock-step,0.22024711235021643,0.2794628679785687,0.007362600001215469,42,1,length,0.25,200,200,275,4,,"{""init"": ""random"", ""max_iter"": 300, ""method"": ""alternate""}"
Trace,ed,lock-step,0.016796246303205302,0.10469212452164309,0.013951000000815839,42,2,length,0.25,200,200,275,4,,"{""init"": ""random"", ""max_iter"": 300, ""method"": ""alternate""}"
Trace,ed,lock-step,0.2631504965187638,0.30155328481856486,0.005529500000193366,42,3,length,0.25,200,200,275,4,,"{""init"": ""random"", ""max_iter"": 300, ""method"": ""alternate""}"
Trace,ed,lock-step,0.2999757257444056,0.3980023885750375,0.005953800000497722,42,4,length,0.25,200,200,275,4,,"{""init"": ""random"", ""max_iter"": 300, ""method"": ""alternate""}"
Trace,ed,lock-step,0.23016132845381537,0.27898809801795305,0.006229000000530505,42,5,length,0.25,200,200,275,4,,"{""init"": ""random"", ""max_iter"": 300, ""method"": ""alternate""}"
Trace,ed,lock-step,0.1942106339016699,0.28272178955890664,0.0066075999984605005,42,6,length,0.25,200,200,275,4,,"{""init"": ""random"", ""max_iter"": 300, ""method"": ""alternate""}"
Trace,ed,lock-step,0.22024711235021643,0.2794628679785686,0.006746799999746145,42,7,length,0.25,200,200,275,4,,"{""init"": ""random"", ""max_iter"": 300, ""method"": ""alternate""}"
Trace,ed,lock-step,0.20883844056766662,0.268410674903807,0.19271889999981795,42,8,length,0.25,200,200,275,4,,"{""init"": ""random"", ""max_iter"": 300, ""method"": ""alternate""}"
Trace,ed,lock-step,0.22024711235021643,0.2794628679785686,0.006727199999659206,42,9,length,0.25,200,200,275,4,,"{""init"": ""random"", ""max_iter"": 300, ""method"": ""alternate""}"
Trace,ed,lock-step,0.20883844056766662,0.268410674903807,0.006184299996675691,42,10,length,0.25,200,200,275,4,,"{""init"": ""random"", ""max_iter"": 300, ""method"": ""alternate""}"
Trace,idk,distributional,0.209529767982671,0.29915066620373376,39.70548599999893,42,1,length,0.25,200,200,275,4,"{""backend"": ""aeon""}","{""init"": ""random"", ""max_iter"": 300, ""method"": ""alternate""}"
Trace,idk,distributional,0.3192175573526075,0.4355795129843727,46.81348900000012,42,2,length,0.25,200,200,275,4,"{""backend"": ""aeon""}","{""init"": ""random"", ""max_iter"": 300, ""method"": ""alternate""}"
Trace,idk,distributional,0.27602550855879276,0.407859977995753,47.13598300000194,42,3,length,0.25,200,200,275,4,"{""backend"": ""aeon""}","{""init"": ""random"", ""max_iter"": 300, ""method"": ""alternate""}"
Trace,idk,distributional,0.3793395974309906,0.4925266321915738,41.89487960000042,42,4,length,0.25,200,200,275,4,"{""backend"": ""aeon""}","{""init"": ""random"", ""max_iter"": 300, ""method"": ""alternate""}"
Trace,idk,distributional,0.27788553020313467,0.4122477303426039,51.391517800000656,42,5,length,0.25,200,200,275,4,"{""backend"": ""aeon""}","{""init"": ""random"", ""max_iter"": 300, ""method"": ""alternate""}"
Trace,idk,distributional,0.38186376179468,0.5004449601978529,44.456433299999844,42,6,length,0.25,200,200,275,4,"{""backend"": ""aeon""}","{""init"": ""random"", ""max_iter"": 300, ""method"": ""alternate""}"
Trace,idk,distributional,0.27867685007741577,0.4125649277606787,44.88511269999981,42,7,length,0.25,200,200,275,4,"{""backend"": ""aeon""}","{""init"": ""random"", ""max_iter"": 300, ""method"": ""alternate""}"
Trace,idk,distributional,0.21166644098909476,0.3181446777999491,51.40713959999994,42,8,length,0.25,200,200,275,4,"{""backend"": ""aeon""}","{""init"": ""random"", ""max_iter"": 300, ""method"": ""alternate""}"
Trace,idk,distributional,0.27867685007741577,0.4125649277606787,45.40802470000017,42,9,length,0.25,200,200,275,4,"{""backend"": ""aeon""}","{""init"": ""random"", ""max_iter"": 300, ""method"": ""alternate""}"
Trace,idk,distributional,0.1884333056104352,0.28075186876921093,44.91513529999975,42,10,length,0.25,200,200,275,4,"{""backend"": ""aeon""}","{""init"": ""random"", ""max_iter"": 300, ""method"": ""alternate""}"
Trace,msm,elastic,0.28331143440611695,0.4209984700375731,46.605462100000295,42,1,length,0.25,200,200,275,4,"{""c"": 1.0, ""backend"": ""aeon""}","{""init"": ""random"", ""max_iter"": 300, ""method"": ""alternate""}"
Trace,msm,elastic,0.38961903811779297,0.5086129532276923,39.67329229999996,42,2,length,0.25,200,200,275,4,"{""c"": 1.0, ""backend"": ""aeon""}","{""init"": ""random"", ""max_iter"": 300, ""method"": ""alternate""}"
Trace,msm,elastic,0.27215590229344405,0.41761883598474675,45.89507339999909,42,3,length,0.25,200,200,275,4,"{""c"": 1.0, ""backend"": ""aeon""}","{""init"": ""random"", ""max_iter"": 300, ""method"": ""alternate""}"
Trace,msm,elastic,0.4074607856914643,0.5282522805686048,41.52780449999955,42,4,length,0.25,200,200,275,4,"{""c"": 1.0, ""backend"": ""aeon""}","{""init"": ""random"", ""max_iter"": 300, ""method"": ""alternate""}"
Trace,msm,elastic,0.2754305090295021,0.41469439813179865,42.97269109999979,42,5,length,0.25,200,200,275,4,"{""c"": 1.0, ""backend"": ""aeon""}","{""init"": ""random"", ""max_iter"": 300, ""method"": ""alternate""}"
Trace,msm,elastic,0.3458523105539379,0.44624314569311185,42.57327620000069,42,6,length,0.25,200,200,275,4,"{""c"": 1.0, ""backend"": ""aeon""}","{""init"": ""random"", ""max_iter"": 300, ""method"": ""alternate""}"
Trace,msm,elastic,0.28215967791951696,0.42086929939070417,42.52151340000091,42,7,length,0.25,200,200,275,4,"{""c"": 1.0, ""backend"": ""aeon""}","{""init"": ""random"", ""max_iter"": 300, ""method"": ""alternate""}"
Trace,msm,elastic,0.2721620020770859,0.41554529129442197,41.49515389999942,42,8,length,0.25,200,200,275,4,"{""c"": 1.0, ""backend"": ""aeon""}","{""init"": ""random"", ""max_iter"": 300, ""method"": ""alternate""}"
Trace,msm,elastic,0.2754305090295021,0.41469439813179865,37.662586000000374,42,9,length,0.25,200,200,275,4,"{""c"": 1.0, ""backend"": ""aeon""}","{""init"": ""random"", ""max_iter"": 300, ""method"": ""alternate""}"
Trace,msm,elastic,0.2721620020770859,0.41554529129442197,39.5582988999995,42,10,length,0.25,200,200,275,4,"{""c"": 1.0, ""backend"": ""aeon""}","{""init"": ""random"", ""max_iter"": 300, ""method"": ""alternate""}"
Trace,sbd,sliding,0.26305793805377203,0.36058054585093197,3.3019119999989925,42,1,length,0.25,200,200,275,4,"{""backend"": ""aeon"", ""n_jobs"": -1, ""candidate_k"": 20, ""paa_segments"": 32}","{""init"": ""random"", ""max_iter"": 300, ""method"": ""alternate""}"
Trace,sbd,sliding,0.09454323259730199,0.19844716324055073,2.4620007000012265,42,2,length,0.25,200,200,275,4,"{""backend"": ""aeon"", ""n_jobs"": -1, ""candidate_k"": 20, ""paa_segments"": 32}","{""init"": ""random"", ""max_iter"": 300, ""method"": ""alternate""}"
Trace,sbd,sliding,0.3401348656916793,0.4104401772608438,3.2423166999997193,42,3,length,0.25,200,200,275,4,"{""backend"": ""aeon"", ""n_jobs"": -1, ""candidate_k"": 20, ""paa_segments"": 32}","{""init"": ""random"", ""max_iter"": 300, ""method"": ""alternate""}"
Trace,sbd,sliding,0.34682182171223963,0.44223437879852057,2.3716196000004857,42,4,length,0.25,200,200,275,4,"{""backend"": ""aeon"", ""n_jobs"": -1, ""candidate_k"": 20, ""paa_segments"": 32}","{""init"": ""random"", ""max_iter"": 300, ""method"": ""alternate""}"
Trace,sbd,sliding,0.3555451773268535,0.45317827360935914,3.2859131999994133,42,5,length,0.25,200,200,275,4,"{""backend"": ""aeon"", ""n_jobs"": -1, ""candidate_k"": 20, ""paa_segments"": 32}","{""init"": ""random"", ""max_iter"": 300, ""method"": ""alternate""}"
Trace,sbd,sliding,0.33485864596713605,0.426420661728525,2.4334236000013334,42,6,length,0.25,200,200,275,4,"{""backend"": ""aeon"", ""n_jobs"": -1, ""candidate_k"": 20, ""paa_segments"": 32}","{""init"": ""random"", ""max_iter"": 300, ""method"": ""alternate""}"
Trace,sbd,sliding,0.2687266887352103,0.4016130744038602,2.353432199997769,42,7,length,0.25,200,200,275,4,"{""backend"": ""aeon"", ""n_jobs"": -1, ""candidate_k"": 20, ""paa_segments"": 32}","{""init"": ""random"", ""max_iter"": 300, ""method"": ""alternate""}"
Trace,sbd,sliding,0.2708957518780477,0.38777439824300286,3.228810799997518,42,8,length,0.25,200,200,275,4,"{""backend"": ""aeon"", ""n_jobs"": -1, ""candidate_k"": 20, ""paa_segments"": 32}","{""init"": ""random"", ""max_iter"": 300, ""method"": ""alternate""}"
Trace,sbd,sliding,0.26305793805377203,0.3605805458509318,2.3618026999993162,42,9,length,0.25,200,200,275,4,"{""backend"": ""aeon"", ""n_jobs"": -1, ""candidate_k"": 20, ""paa_segments"": 32}","{""init"": ""random"", ""max_iter"": 300, ""method"": ""alternate""}"
Trace,sbd,sliding,0.26305793805377203,0.3605805458509319,3.2525960999992094,42,10,length,0.25,200,200,275,4,"{""backend"": ""aeon"", ""n_jobs"": -1, ""candidate_k"": 20, ""paa_segments"": 32}","{""init"": ""random"", ""max_iter"": 300, ""method"": ""alternate""}"
Trace,dtw,elastic,0.40214300637843614,0.548513930045871,915.9010799999996,42,1,length,0.5,200,200,275,4,"{""window"": 28, ""backend"": ""aeon""}","{""init"": ""random"", ""max_iter"": 300, ""method"": ""alternate""}"
Trace,dtw,elastic,0.2629541795273378,0.38123711168620045,888.9282160000021,42,2,length,0.5,200,200,275,4,"{""window"": 28, ""backend"": ""aeon""}","{""init"": ""random"", ""max_iter"": 300, ""method"": ""alternate""}"
Trace,dtw,elastic,0.3477157779554269,0.4987228655107192,117.80720680000013,42,3,length,0.5,200,200,275,4,"{""window"": 28, ""backend"": ""aeon""}","{""init"": ""random"", ""max_iter"": 300, ""method"": ""alternate""}"
Trace,dtw,elastic,0.2779888756099796,0.3927247127113434,120.19819319999806,42,4,length,0.5,200,200,275,4,"{""window"": 28, ""backend"": ""aeon""}","{""init"": ""random"", ""max_iter"": 300, ""method"": ""alternate""}"
Trace,dtw,elastic,0.34486488113917413,0.5029906440052028,124.83611970000129,42,5,length,0.5,200,200,275,4,"{""window"": 28, ""backend"": ""aeon""}","{""init"": ""random"", ""max_iter"": 300, ""method"": ""alternate""}"
Trace,dtw,elastic,0.2779888756099796,0.3927247127113435,124.80065830000058,42,6,length,0.5,200,200,275,4,"{""window"": 28, ""backend"": ""aeon""}","{""init"": ""random"", ""max_iter"": 300, ""method"": ""alternate""}"
Trace,dtw,elastic,0.2779888756099796,0.3927247127113435,124.68636849999893,42,7,length,0.5,200,200,275,4,"{""window"": 28, ""backend"": ""aeon""}","{""init"": ""random"", ""max_iter"": 300, ""method"": ""alternate""}"
Trace,dtw,elastic,0.3500432167373805,0.5077572322152527,128.8268083999992,42,8,length,0.5,200,200,275,4,"{""window"": 28, ""backend"": ""aeon""}","{""init"": ""random"", ""max_iter"": 300, ""method"": ""alternate""}"
Trace,dtw,elastic,0.3056995243338351,0.48273915690585645,133.44449650000206,42,9,length,0.5,200,200,275,4,"{""window"": 28, ""backend"": ""aeon""}","{""init"": ""random"", ""max_iter"": 300, ""method"": ""alternate""}"
Trace,dtw,elastic,0.30022146897641616,0.48317614646530144,129.8316245999995,42,10,length,0.5,200,200,275,4,"{""window"": 28, ""backend"": ""aeon""}","{""init"": ""random"", ""max_iter"": 300, ""method"": ""alternate""}"
Trace,ed,lock-step,0.2778405504998066,0.3870476535022517,0.0032572000000072876,42,1,length,0.5,200,200,275,4,,"{""init"": ""random"", ""max_iter"": 300, ""method"": ""alternate""}"
Trace,ed,lock-step,0.2866850414781043,0.38760010613587864,0.0037433999987115385,42,2,length,0.5,200,200,275,4,,"{""init"": ""random"", ""max_iter"": 300, ""method"": ""alternate""}"
Trace,ed,lock-step,0.3153821860423461,0.4645928770355404,0.007618100000399863,42,3,length,0.5,200,200,275,4,,"{""init"": ""random"", ""max_iter"": 300, ""method"": ""alternate""}"
Trace,ed,lock-step,0.3153821860423461,0.4645928770355405,0.006895999998960178,42,4,length,0.5,200,200,275,4,,"{""init"": ""random"", ""max_iter"": 300, ""method"": ""alternate""}"
Trace,ed,lock-step,0.2778405504998066,0.3870476535022517,0.041013800000655465,42,5,length,0.5,200,200,275,4,,"{""init"": ""random"", ""max_iter"": 300, ""method"": ""alternate""}"
Trace,ed,lock-step,0.3153821860423461,0.4645928770355406,0.007078999999066582,42,6,length,0.5,200,200,275,4,,"{""init"": ""random"", ""max_iter"": 300, ""method"": ""alternate""}"
Trace,ed,lock-step,0.33126227117621176,0.47891318433537505,0.005807999999888125,42,7,length,0.5,200,200,275,4,,"{""init"": ""random"", ""max_iter"": 300, ""method"": ""alternate""}"
Trace,ed,lock-step,0.2778405504998066,0.3870476535022517,0.009747600002810941,42,8,length,0.5,200,200,275,4,,"{""init"": ""random"", ""max_iter"": 300, ""method"": ""alternate""}"
Trace,ed,lock-step,0.2778405504998066,0.3870476535022517,0.00739140000223415,42,9,length,0.5,200,200,275,4,,"{""init"": ""random"", ""max_iter"": 300, ""method"": ""alternate""}"
Trace,ed,lock-step,0.30534729790627285,0.41314146678735447,0.007227799998872797,42,10,length,0.5,200,200,275,4,,"{""init"": ""random"", ""max_iter"": 300, ""method"": ""alternate""}"
Trace,idk,distributional,0.35979507585177817,0.42371866953179727,40.55524650000007,42,1,length,0.5,200,200,275,4,"{""backend"": ""aeon""}","{""init"": ""random"", ""max_iter"": 300, ""method"": ""alternate""}"
Trace,idk,distributional,0.27069619772515147,0.37581516246282065,40.35093349999988,42,2,length,0.5,200,200,275,4,"{""backend"": ""aeon""}","{""init"": ""random"", ""max_iter"": 300, ""method"": ""alternate""}"
Trace,idk,distributional,0.2858681821769674,0.3815958482920957,39.54423340000176,42,3,length,0.5,200,200,275,4,"{""backend"": ""aeon""}","{""init"": ""random"", ""max_iter"": 300, ""method"": ""alternate""}"
Trace,idk,distributional,0.36360691422013547,0.4525424482873214,43.82163480000054,42,4,length,0.5,200,200,275,4,"{""backend"": ""aeon""}","{""init"": ""random"", ""max_iter"": 300, ""method"": ""alternate""}"
Trace,idk,distributional,0.3183608661782099,0.44746820586858904,55.450304299998606,42,5,length,0.5,200,200,275,4,"{""backend"": ""aeon""}","{""init"": ""random"", ""max_iter"": 300, ""method"": ""alternate""}"
Trace,idk,distributional,0.4181627473889672,0.5415559950616148,40.429104599999846,42,6,length,0.5,200,200,275,4,"{""backend"": ""aeon""}","{""init"": ""random"", ""max_iter"": 300, ""method"": ""alternate""}"
Trace,idk,distributional,0.3593902539207651,0.46915246204982664,40.265960099999575,42,7,length,0.5,200,200,275,4,"{""backend"": ""aeon""}","{""init"": ""random"", ""max_iter"": 300, ""method"": ""alternate""}"
Trace,idk,distributional,0.3120860738786442,0.40740738831572937,53.69821319999937,42,8,length,0.5,200,200,275,4,"{""backend"": ""aeon""}","{""init"": ""random"", ""max_iter"": 300, ""method"": ""alternate""}"
Trace,idk,distributional,0.3590318028526098,0.4212358068199488,40.78824320000058,42,9,length,0.5,200,200,275,4,"{""backend"": ""aeon""}","{""init"": ""random"", ""max_iter"": 300, ""method"": ""alternate""}"
Trace,idk,distributional,0.36365263091620637,0.426350997030209,41.16490619999786,42,10,length,0.5,200,200,275,4,"{""backend"": ""aeon""}","{""init"": ""random"", ""max_iter"": 300, ""method"": ""alternate""}"
Trace,msm,elastic,0.4065391062060559,0.5239471141127946,43.02633959999912,42,1,length,0.5,200,200,275,4,"{""c"": 1.0, ""backend"": ""aeon""}","{""init"": ""random"", ""max_iter"": 300, ""method"": ""alternate""}"
Trace,msm,elastic,0.37521920711746753,0.48373430502447917,36.72661330000119,42,2,length,0.5,200,200,275,4,"{""c"": 1.0, ""backend"": ""aeon""}","{""init"": ""random"", ""max_iter"": 300, ""method"": ""alternate""}"
Trace,msm,elastic,0.34281269541486387,0.49712147221620995,37.05911319999905,42,3,length,0.5,200,200,275,4,"{""c"": 1.0, ""backend"": ""aeon""}","{""init"": ""random"", ""max_iter"": 300, ""method"": ""alternate""}"
Trace,msm,elastic,0.34281269541486387,0.49712147221620995,37.08173150000039,42,4,length,0.5,200,200,275,4,"{""c"": 1.0, ""backend"": ""aeon""}","{""init"": ""random"", ""max_iter"": 300, ""method"": ""alternate""}"
Trace,msm,elastic,0.4453917573446366,0.5967917240646196,38.38523300000088,42,5,length,0.5,200,200,275,4,"{""c"": 1.0, ""backend"": ""aeon""}","{""init"": ""random"", ""max_iter"": 300, ""method"": ""alternate""}"
Trace,msm,elastic,0.34281269541486387,0.49712147221621006,37.29870309999933,42,6,length,0.5,200,200,275,4,"{""c"": 1.0, ""backend"": ""aeon""}","{""init"": ""random"", ""max_iter"": 300, ""method"": ""alternate""}"
Trace,msm,elastic,0.3460675229459932,0.4985589885888482,37.088252999999895,42,7,length,0.5,200,200,275,4,"{""c"": 1.0, ""backend"": ""aeon""}","{""init"": ""random"", ""max_iter"": 300, ""method"": ""alternate""}"
Trace,msm,elastic,0.4506487934990083,0.6008654823406794,45.680424300000595,42,8,length,0.5,200,200,275,4,"{""c"": 1.0, ""backend"": ""aeon""}","{""init"": ""random"", ""max_iter"": 300, ""method"": ""alternate""}"
Trace,msm,elastic,0.3989751890848749,0.5033980287922091,40.0352641999998,42,9,length,0.5,200,200,275,4,"{""c"": 1.0, ""backend"": ""aeon""}","{""init"": ""random"", ""max_iter"": 300, ""method"": ""alternate""}"
Trace,msm,elastic,0.38515911711290796,0.4869079481110727,44.73534210000071,42,10,length,0.5,200,200,275,4,"{""c"": 1.0, ""backend"": ""aeon""}","{""init"": ""random"", ""max_iter"": 300, ""method"": ""alternate""}"
Trace,sbd,sliding,0.2789981634079347,0.42104883316666963,2.4467068999983894,42,1,length,0.5,200,200,275,4,"{""backend"": ""aeon"", ""n_jobs"": -1, ""candidate_k"": 20, ""paa_segments"": 32}","{""init"": ""random"", ""max_iter"": 300, ""method"": ""alternate""}"
Trace,sbd,sliding,0.2066624160675098,0.3010874804222725,2.4650622000008298,42,2,length,0.5,200,200,275,4,"{""backend"": ""aeon"", ""n_jobs"": -1, ""candidate_k"": 20, ""paa_segments"": 32}","{""init"": ""random"", ""max_iter"": 300, ""method"": ""alternate""}"
Trace,sbd,sliding,0.2378678845643013,0.3718238634838282,3.384833600001002,42,3,length,0.5,200,200,275,4,"{""backend"": ""aeon"", ""n_jobs"": -1, ""candidate_k"": 20, ""paa_segments"": 32}","{""init"": ""random"", ""max_iter"": 300, ""method"": ""alternate""}"
Trace,sbd,sliding,0.25779968815367205,0.3870321259431984,2.432026100001167,42,4,length,0.5,200,200,275,4,"{""backend"": ""aeon"", ""n_jobs"": -1, ""candidate_k"": 20, ""paa_segments"": 32}","{""init"": ""random"", ""max_iter"": 300, ""method"": ""alternate""}"
Trace,sbd,sliding,0.2789981634079347,0.4210488331666697,2.451284000000669,42,5,length,0.5,200,200,275,4,"{""backend"": ""aeon"", ""n_jobs"": -1, ""candidate_k"": 20, ""paa_segments"": 32}","{""init"": ""random"", ""max_iter"": 300, ""method"": ""alternate""}"
Trace,sbd,sliding,0.25779968815367205,0.3870321259431984,2.4612113000021054,42,6,length,0.5,200,200,275,4,"{""backend"": ""aeon"", ""n_jobs"": -1, ""candidate_k"": 20, ""paa_segments"": 32}","{""init"": ""random"", ""max_iter"": 300, ""method"": ""alternate""}"
Trace,sbd,sliding,0.25830951523721213,0.3866430182685761,3.31844590000037,42,7,length,0.5,200,200,275,4,"{""backend"": ""aeon"", ""n_jobs"": -1, ""candidate_k"": 20, ""paa_segments"": 32}","{""init"": ""random"", ""max_iter"": 300, ""method"": ""alternate""}"
Trace,sbd,sliding,0.20875377806597217,0.31586681875165823,2.4361637000001792,42,8,length,0.5,200,200,275,4,"{""backend"": ""aeon"", ""n_jobs"": -1, ""candidate_k"": 20, ""paa_segments"": 32}","{""init"": ""random"", ""max_iter"": 300, ""method"": ""alternate""}"
Trace,sbd,sliding,0.21208802687133307,0.311719660439109,2.4558084000000235,42,9,length,0.5,200,200,275,4,"{""backend"": ""aeon"", ""n_jobs"": -1, ""candidate_k"": 20, ""paa_segments"": 32}","{""init"": ""random"", ""max_iter"": 300, ""method"": ""alternate""}"
Trace,sbd,sliding,0.1944414935558091,0.2778019016588232,3.3180769000009604,42,10,length,0.5,200,200,275,4,"{""backend"": ""aeon"", ""n_jobs"": -1, ""candidate_k"": 20, ""paa_segments"": 32}","{""init"": ""random"", ""max_iter"": 300, ""method"": ""alternate""}"
Trace,dtw,elastic,0.625378131410156,0.8000615761527523,51.57396150000204,42,1,length,0.75,200,200,275,4,"{""window"": 28, ""backend"": ""aeon""}","{""init"": ""random"", ""max_iter"": 300, ""method"": ""alternate""}"
Trace,dtw,elastic,0.6753601694915254,0.764450698096865,51.249002599999585,42,2,length,0.75,200,200,275,4,"{""window"": 28, ""backend"": ""aeon""}","{""init"": ""random"", ""max_iter"": 300, ""method"": ""alternate""}"
Trace,dtw,elastic,0.6670250258665287,0.7551871965064898,50.734788700001445,42,3,length,0.75,200,200,275,4,"{""window"": 28, ""backend"": ""aeon""}","{""init"": ""random"", ""max_iter"": 300, ""method"": ""alternate""}"
Trace,dtw,elastic,0.40399270359062694,0.5378734757973722,53.6326971999988,42,4,length,0.75,200,200,275,4,"{""window"": 28, ""backend"": ""aeon""}","{""init"": ""random"", ""max_iter"": 300, ""method"": ""alternate""}"
Trace,dtw,elastic,0.625378131410156,0.8000615761527523,53.96327980000024,42,5,length,0.75,200,200,275,4,"{""window"": 28, ""backend"": ""aeon""}","{""init"": ""random"", ""max_iter"": 300, ""method"": ""alternate""}"
Trace,dtw,elastic,0.46202482123458377,0.6184162347720443,49.80759600000056,42,6,length,0.75,200,200,275,4,"{""window"": 28, ""backend"": ""aeon""}","{""init"": ""random"", ""max_iter"": 300, ""method"": ""alternate""}"
Trace,dtw,elastic,0.6687669139742959,0.7542639147969771,51.58248100000128,42,7,length,0.75,200,200,275,4,"{""window"": 28, ""backend"": ""aeon""}","{""init"": ""random"", ""max_iter"": 300, ""method"": ""alternate""}"
Trace,dtw,elastic,0.6258062067299321,0.800246559228825,51.7900153999999,42,8,length,0.75,200,200,275,4,"{""window"": 28, ""backend"": ""aeon""}","{""init"": ""random"", ""max_iter"": 300, ""method"": ""alternate""}"
Trace,dtw,elastic,0.6265193183816744,0.8005557179615888,49.446463199999926,42,9,length,0.75,200,200,275,4,"{""window"": 28, ""backend"": ""aeon""}","{""init"": ""random"", ""max_iter"": 300, ""method"": ""alternate""}"
Trace,dtw,elastic,0.6265193183816744,0.8005557179615889,53.412562999999864,42,10,length,0.75,200,200,275,4,"{""window"": 28, ""backend"": ""aeon""}","{""init"": ""random"", ""max_iter"": 300, ""method"": ""alternate""}"
Trace,ed,lock-step,0.3293473151695709,0.5027812536798704,0.0026251000017509796,42,1,length,0.75,200,200,275,4,,"{""init"": ""random"", ""max_iter"": 300, ""method"": ""alternate""}"
Trace,ed,lock-step,0.3293473151695709,0.5027812536798705,0.0028814000015700003,42,2,length,0.75,200,200,275,4,,"{""init"": ""random"", ""max_iter"": 300, ""method"": ""alternate""}"
Trace,ed,lock-step,0.3293473151695709,0.5027812536798704,0.004406900001413305,42,3,length,0.75,200,200,275,4,,"{""init"": ""random"", ""max_iter"": 300, ""method"": ""alternate""}"
Trace,ed,lock-step,0.3117754755881325,0.41565749176837524,0.0015672999998059822,42,4,length,0.75,200,200,275,4,,"{""init"": ""random"", ""max_iter"": 300, ""method"": ""alternate""}"
Trace,ed,lock-step,0.4010723406827558,0.5350890051293287,0.0033571999993000645,42,5,length,0.75,200,200,275,4,,"{""init"": ""random"", ""max_iter"": 300, ""method"": ""alternate""}"
Trace,ed,lock-step,0.3293473151695709,0.5027812536798705,0.002015199999732431,42,6,length,0.75,200,200,275,4,,"{""init"": ""random"", ""max_iter"": 300, ""method"": ""alternate""}"
Trace,ed,lock-step,0.3293473151695709,0.5027812536798704,0.009648699999161181,42,7,length,0.75,200,200,275,4,,"{""init"": ""random"", ""max_iter"": 300, ""method"": ""alternate""}"
Trace,ed,lock-step,0.3293473151695709,0.5027812536798705,0.023070299999744748,42,8,length,0.75,200,200,275,4,,"{""init"": ""random"", ""max_iter"": 300, ""method"": ""alternate""}"
Trace,ed,lock-step,0.3293473151695709,0.5027812536798704,0.0023770999996486353,42,9,length,0.75,200,200,275,4,,"{""init"": ""random"", ""max_iter"": 300, ""method"": ""alternate""}"
Trace,ed,lock-step,0.40602902348360365,0.5408223494611252,0.10379409999768541,42,10,length,0.75,200,200,275,4,,"{""init"": ""random"", ""max_iter"": 300, ""method"": ""alternate""}"
Trace,idk,distributional,0.2807290029313055,0.45801599815625815,41.16557619999912,42,1,length,0.75,200,200,275,4,"{""backend"": ""aeon""}","{""init"": ""random"", ""max_iter"": 300, ""method"": ""alternate""}"
Trace,idk,distributional,0.35705607960026653,0.43413901775014335,42.257277599997906,42,2,length,0.75,200,200,275,4,"{""backend"": ""aeon""}","{""init"": ""random"", ""max_iter"": 300, ""method"": ""alternate""}"
Trace,idk,distributional,0.4028163966005163,0.4575230166569417,40.41550920000009,42,3,length,0.75,200,200,275,4,"{""backend"": ""aeon""}","{""init"": ""random"", ""max_iter"": 300, ""method"": ""alternate""}"
Trace,idk,distributional,0.14201740625070675,0.26555033833902014,43.71232129999953,42,4,length,0.75,200,200,275,4,"{""backend"": ""aeon""}","{""init"": ""random"", ""max_iter"": 300, ""method"": ""alternate""}"
Trace,idk,distributional,0.34819371952783756,0.4003379879525256,55.58355590000065,42,5,length,0.75,200,200,275,4,"{""backend"": ""aeon""}","{""init"": ""random"", ""max_iter"": 300, ""method"": ""alternate""}"
Trace,idk,distributional,0.4058596498017799,0.4679630269744868,40.94871239999884,42,6,length,0.75,200,200,275,4,"{""backend"": ""aeon""}","{""init"": ""random"", ""max_iter"": 300, ""method"": ""alternate""}"
Trace,idk,distributional,0.315364298926492,0.3802797596343398,41.50049620000027,42,7,length,0.75,200,200,275,4,"{""backend"": ""aeon""}","{""init"": ""random"", ""max_iter"": 300, ""method"": ""alternate""}"
Trace,idk,distributional,0.20444638883744157,0.3959103457877473,54.52758960000028,42,8,length,0.75,200,200,275,4,"{""backend"": ""aeon""}","{""init"": ""random"", ""max_iter"": 300, ""method"": ""alternate""}"
Trace,idk,distributional,0.2741207109157037,0.43553079164843017,41.18031740000151,42,9,length,0.75,200,200,275,4,"{""backend"": ""aeon""}","{""init"": ""random"", ""max_iter"": 300, ""method"": ""alternate""}"
Trace,idk,distributional,0.3469322353609314,0.39484714754926276,41.20021589999851,42,10,length,0.75,200,200,275,4,"{""backend"": ""aeon""}","{""init"": ""random"", ""max_iter"": 300, ""method"": ""alternate""}"
Trace,msm,elastic,0.3383215355387434,0.5076272636175402,16.154110700001183,42,1,length,0.75,200,200,275,4,"{""c"": 1.0, ""backend"": ""aeon""}","{""init"": ""random"", ""max_iter"": 300, ""method"": ""alternate""}"
Trace,msm,elastic,0.3383215355387434,0.5076272636175402,15.768077900000208,42,2,length,0.75,200,200,275,4,"{""c"": 1.0, ""backend"": ""aeon""}","{""init"": ""random"", ""max_iter"": 300, ""method"": ""alternate""}"
Trace,msm,elastic,0.3383215355387434,0.5076272636175402,15.435712099999364,42,3,length,0.75,200,200,275,4,"{""c"": 1.0, ""backend"": ""aeon""}","{""init"": ""random"", ""max_iter"": 300, ""method"": ""alternate""}"
Trace,msm,elastic,0.3709219454353267,0.48787548253586654,15.744063000000097,42,4,length,0.75,200,200,275,4,"{""c"": 1.0, ""backend"": ""aeon""}","{""init"": ""random"", ""max_iter"": 300, ""method"": ""alternate""}"
Trace,msm,elastic,0.4777016993544965,0.6566430991698093,14.102290699998775,42,5,length,0.75,200,200,275,4,"{""c"": 1.0, ""backend"": ""aeon""}","{""init"": ""random"", ""max_iter"": 300, ""method"": ""alternate""}"
Trace,msm,elastic,0.3383215355387434,0.5076272636175402,15.687374200000704,42,6,length,0.75,200,200,275,4,"{""c"": 1.0, ""backend"": ""aeon""}","{""init"": ""random"", ""max_iter"": 300, ""method"": ""alternate""}"
Trace,msm,elastic,0.3347655500136396,0.5054031889330557,14.924960599999395,42,7,length,0.75,200,200,275,4,"{""c"": 1.0, ""backend"": ""aeon""}","{""init"": ""random"", ""max_iter"": 300, ""method"": ""alternate""}"
Trace,msm,elastic,0.4234450076437179,0.5162736650497906,15.338124800002333,42,8,length,0.75,200,200,275,4,"{""c"": 1.0, ""backend"": ""aeon""}","{""init"": ""random"", ""max_iter"": 300, ""method"": ""alternate""}"
Trace,msm,elastic,0.3383215355387434,0.5076272636175402,16.67794370000047,42,9,length,0.75,200,200,275,4,"{""c"": 1.0, ""backend"": ""aeon""}","{""init"": ""random"", ""max_iter"": 300, ""method"": ""alternate""}"
Trace,msm,elastic,0.40610583173948184,0.5116683259048853,14.512521600001492,42,10,length,0.75,200,200,275,4,"{""c"": 1.0, ""backend"": ""aeon""}","{""init"": ""random"", ""max_iter"": 300, ""method"": ""alternate""}"
Trace,sbd,sliding,0.5539189282129843,0.7218567378580517,2.4585057999993296,42,1,length,0.75,200,200,275,4,"{""backend"": ""aeon"", ""n_jobs"": -1, ""candidate_k"": 20, ""paa_segments"": 32}","{""init"": ""random"", ""max_iter"": 300, ""method"": ""alternate""}"
Trace,sbd,sliding,0.6493796759518415,0.7339361730701893,2.6172772999998415,42,2,length,0.75,200,200,275,4,"{""backend"": ""aeon"", ""n_jobs"": -1, ""candidate_k"": 20, ""paa_segments"": 32}","{""init"": ""random"", ""max_iter"": 300, ""method"": ""alternate""}"
Trace,sbd,sliding,0.32825833421891426,0.5022757134203806,2.4680243999991944,42,3,length,0.75,200,200,275,4,"{""backend"": ""aeon"", ""n_jobs"": -1, ""candidate_k"": 20, ""paa_segments"": 32}","{""init"": ""random"", ""max_iter"": 300, ""method"": ""alternate""}"
Trace,sbd,sliding,0.354998987701972,0.4705215150455204,2.4512317000007897,42,4,length,0.75,200,200,275,4,"{""backend"": ""aeon"", ""n_jobs"": -1, ""candidate_k"": 20, ""paa_segments"": 32}","{""init"": ""random"", ""max_iter"": 300, ""method"": ""alternate""}"
Trace,sbd,sliding,0.5539189282129843,0.7218567378580517,2.486449200001516,42,5,length,0.75,200,200,275,4,"{""backend"": ""aeon"", ""n_jobs"": -1, ""candidate_k"": 20, ""paa_segments"": 32}","{""init"": ""random"", ""max_iter"": 300, ""method"": ""alternate""}"
Trace,sbd,sliding,0.35631250638739964,0.4724442685655459,2.440585900001679,42,6,length,0.75,200,200,275,4,"{""backend"": ""aeon"", ""n_jobs"": -1, ""candidate_k"": 20, ""paa_segments"": 32}","{""init"": ""random"", ""max_iter"": 300, ""method"": ""alternate""}"
Trace,sbd,sliding,0.627573300062383,0.712156303640406,2.429869999999937,42,7,length,0.75,200,200,275,4,"{""backend"": ""aeon"", ""n_jobs"": -1, ""candidate_k"": 20, ""paa_segments"": 32}","{""init"": ""random"", ""max_iter"": 300, ""method"": ""alternate""}"
Trace,sbd,sliding,0.627573300062383,0.712156303640406,4.034130100000766,42,8,length,0.75,200,200,275,4,"{""backend"": ""aeon"", ""n_jobs"": -1, ""candidate_k"": 20, ""paa_segments"": 32}","{""init"": ""random"", ""max_iter"": 300, ""method"": ""alternate""}"
Trace,sbd,sliding,0.627573300062383,0.712156303640406,2.482170800001768,42,9,length,0.75,200,200,275,4,"{""backend"": ""aeon"", ""n_jobs"": -1, ""candidate_k"": 20, ""paa_segments"": 32}","{""init"": ""random"", ""max_iter"": 300, ""method"": ""alternate""}"
Trace,sbd,sliding,0.627573300062383,0.712156303640406,2.4432884999987436,42,10,length,0.75,200,200,275,4,"{""backend"": ""aeon"", ""n_jobs"": -1, ""candidate_k"": 20, ""paa_segments"": 32}","{""init"": ""random"", ""max_iter"": 300, ""method"": ""alternate""}"
Trace,dtw,elastic,0.6265193183816744,0.8005557179615888,52.5309038000014,42,1,length,0.9,200,200,275,4,"{""window"": 28, ""backend"": ""aeon""}","{""init"": ""random"", ""max_iter"": 300, ""method"": ""alternate""}"
Trace,dtw,elastic,0.6681988674959525,0.7566755695936515,60.19547220000095,42,2,length,0.9,200,200,275,4,"{""window"": 28, ""backend"": ""aeon""}","{""init"": ""random"", ""max_iter"": 300, ""method"": ""alternate""}"
Trace,dtw,elastic,0.6638740625633404,0.7527333068874064,53.05879869999808,42,3,length,0.9,200,200,275,4,"{""window"": 28, ""backend"": ""aeon""}","{""init"": ""random"", ""max_iter"": 300, ""method"": ""alternate""}"
Trace,dtw,elastic,0.40335614936759445,0.5367042639670517,55.06854310000017,42,4,length,0.9,200,200,275,4,"{""window"": 28, ""backend"": ""aeon""}","{""init"": ""random"", ""max_iter"": 300, ""method"": ""alternate""}"
Trace,dtw,elastic,0.6258062067299321,0.800246559228825,54.747863900000084,42,5,length,0.9,200,200,275,4,"{""window"": 28, ""backend"": ""aeon""}","{""init"": ""random"", ""max_iter"": 300, ""method"": ""alternate""}"
Trace,dtw,elastic,0.4902153976747359,0.6775034944026076,53.499622800001816,42,6,length,0.9,200,200,275,4,"{""window"": 28, ""backend"": ""aeon""}","{""init"": ""random"", ""max_iter"": 300, ""method"": ""alternate""}"
Trace,dtw,elastic,0.6651560361653917,0.7520572375287914,52.46027950000098,42,7,length,0.9,200,200,275,4,"{""window"": 28, ""backend"": ""aeon""}","{""init"": ""random"", ""max_iter"": 300, ""method"": ""alternate""}"
Trace,dtw,elastic,0.625378131410156,0.8000615761527523,52.01702529999966,42,8,length,0.9,200,200,275,4,"{""window"": 28, ""backend"": ""aeon""}","{""init"": ""random"", ""max_iter"": 300, ""method"": ""alternate""}"
Trace,dtw,elastic,0.6275169462086189,0.8009903500739666,48.89944679999826,42,9,length,0.9,200,200,275,4,"{""window"": 28, ""backend"": ""aeon""}","{""init"": ""random"", ""max_iter"": 300, ""method"": ""alternate""}"
Trace,dtw,elastic,0.6265193183816744,0.8005557179615888,52.65971150000041,42,10,length,0.9,200,200,275,4,"{""window"": 28, ""backend"": ""aeon""}","{""init"": ""random"", ""max_iter"": 300, ""method"": ""alternate""}"
Trace,ed,lock-step,0.3970771698449474,0.5310472906884609,0.002748700000665849,42,1,length,0.9,200,200,275,4,,"{""init"": ""random"", ""max_iter"": 300, ""method"": ""alternate""}"
Trace,ed,lock-step,0.3293473151695709,0.5027812536798705,0.0037623000007442897,42,2,length,0.9,200,200,275,4,,"{""init"": ""random"", ""max_iter"": 300, ""method"": ""alternate""}"
Trace,ed,lock-step,0.3293473151695709,0.5027812536798704,0.003956700000344426,42,3,length,0.9,200,200,275,4,,"{""init"": ""random"", ""max_iter"": 300, ""method"": ""alternate""}"
Trace,ed,lock-step,0.3518175317117746,0.4547034513218119,0.0028483999994932674,42,4,length,0.9,200,200,275,4,,"{""init"": ""random"", ""max_iter"": 300, ""method"": ""alternate""}"
Trace,ed,lock-step,0.4010723406827558,0.5350890051293287,0.0018053999992844183,42,5,length,0.9,200,200,275,4,,"{""init"": ""random"", ""max_iter"": 300, ""method"": ""alternate""}"
Trace,ed,lock-step,0.3293473151695709,0.5027812536798705,0.2696427000009862,42,6,length,0.9,200,200,275,4,,"{""init"": ""random"", ""max_iter"": 300, ""method"": ""alternate""}"
Trace,ed,lock-step,0.3293473151695709,0.5027812536798704,0.004122699998333701,42,7,length,0.9,200,200,275,4,,"{""init"": ""random"", ""max_iter"": 300, ""method"": ""alternate""}"
Trace,ed,lock-step,0.4010723406827558,0.5350890051293287,0.0023032000008242903,42,8,length,0.9,200,200,275,4,,"{""init"": ""random"", ""max_iter"": 300, ""method"": ""alternate""}"
Trace,ed,lock-step,0.3293473151695709,0.5027812536798704,0.005566700001509162,42,9,length,0.9,200,200,275,4,,"{""init"": ""random"", ""max_iter"": 300, ""method"": ""alternate""}"
Trace,ed,lock-step,0.40602902348360365,0.5408223494611252,0.0029145999997126637,42,10,length,0.9,200,200,275,4,,"{""init"": ""random"", ""max_iter"": 300, ""method"": ""alternate""}"
Trace,idk,distributional,0.17750600165065686,0.26924951305376466,41.975122399999236,42,1,length,0.9,200,200,275,4,"{""backend"": ""aeon""}","{""init"": ""random"", ""max_iter"": 300, ""method"": ""alternate""}"
Trace,idk,distributional,0.31227752963172717,0.35381913599582643,40.410642000000735,42,2,length,0.9,200,200,275,4,"{""backend"": ""aeon""}","{""init"": ""random"", ""max_iter"": 300, ""method"": ""alternate""}"
Trace,idk,distributional,0.23213656901109475,0.31505145605043966,40.81271430000197,42,3,length,0.9,200,200,275,4,"{""backend"": ""aeon""}","{""init"": ""random"", ""max_iter"": 300, ""method"": ""alternate""}"
Trace,idk,distributional,0.23174393850429795,0.3099111191052742,41.41641460000028,42,4,length,0.9,200,200,275,4,"{""backend"": ""aeon""}","{""init"": ""random"", ""max_iter"": 300, ""method"": ""alternate""}"
Trace,idk,distributional,0.2851120547655388,0.3191639351779811,54.70214130000022,42,5,length,0.9,200,200,275,4,"{""backend"": ""aeon""}","{""init"": ""random"", ""max_iter"": 300, ""method"": ""alternate""}"
Trace,idk,distributional,0.23302002294755014,0.31546239499085393,41.93196540000099,42,6,length,0.9,200,200,275,4,"{""backend"": ""aeon""}","{""init"": ""random"", ""max_iter"": 300, ""method"": ""alternate""}"
Trace,idk,distributional,0.0957535192384636,0.15850908898952315,38.71253869999964,42,7,length,0.9,200,200,275,4,"{""backend"": ""aeon""}","{""init"": ""random"", ""max_iter"": 300, ""method"": ""alternate""}"
Trace,idk,distributional,0.21275118677842633,0.3209516531395724,54.33079550000002,42,8,length,0.9,200,200,275,4,"{""backend"": ""aeon""}","{""init"": ""random"", ""max_iter"": 300, ""method"": ""alternate""}"
Trace,idk,distributional,0.1938847594964688,0.2657182341325641,41.23908829999891,42,9,length,0.9,200,200,275,4,"{""backend"": ""aeon""}","{""init"": ""random"", ""max_iter"": 300, ""method"": ""alternate""}"
Trace,idk,distributional,0.22143533284299335,0.2934214320980007,41.88145320000149,42,10,length,0.9,200,200,275,4,"{""backend"": ""aeon""}","{""init"": ""random"", ""max_iter"": 300, ""method"": ""alternate""}"
Trace,msm,elastic,0.46972302036071456,0.603509907698587,18.872903600000427,42,1,length,0.9,200,200,275,4,"{""c"": 1.0, ""backend"": ""aeon""}","{""init"": ""random"", ""max_iter"": 300, ""method"": ""alternate""}"
Trace,msm,elastic,0.3383215355387434,0.5076272636175402,15.93425699999898,42,2,length,0.9,200,200,275,4,"{""c"": 1.0, ""backend"": ""aeon""}","{""init"": ""random"", ""max_iter"": 300, ""method"": ""alternate""}"
Trace,msm,elastic,0.3383215355387434,0.5076272636175402,15.800433300000805,42,3,length,0.9,200,200,275,4,"{""c"": 1.0, ""backend"": ""aeon""}","{""init"": ""random"", ""max_iter"": 300, ""method"": ""alternate""}"
Trace,msm,elastic,0.32829204447067817,0.5020757138821541,15.024073400001726,42,4,length,0.9,200,200,275,4,"{""c"": 1.0, ""backend"": ""aeon""}","{""init"": ""random"", ""max_iter"": 300, ""method"": ""alternate""}"
Trace,msm,elastic,0.4848984915126794,0.6735370190814333,14.989982500001133,42,5,length,0.9,200,200,275,4,"{""c"": 1.0, ""backend"": ""aeon""}","{""init"": ""random"", ""max_iter"": 300, ""method"": ""alternate""}"
Trace,msm,elastic,0.40932868869781613,0.5439792042422874,16.308316200002082,42,6,length,0.9,200,200,275,4,"{""c"": 1.0, ""backend"": ""aeon""}","{""init"": ""random"", ""max_iter"": 300, ""method"": ""alternate""}"
Trace,msm,elastic,0.346898457518967,0.5119871940367836,18.045017899999948,42,7,length,0.9,200,200,275,4,"{""c"": 1.0, ""backend"": ""aeon""}","{""init"": ""random"", ""max_iter"": 300, ""method"": ""alternate""}"
Trace,msm,elastic,0.34013469230609006,0.5082473123885117,16.892449099999794,42,8,length,0.9,200,200,275,4,"{""c"": 1.0, ""backend"": ""aeon""}","{""init"": ""random"", ""max_iter"": 300, ""method"": ""alternate""}"
Trace,msm,elastic,0.3383215355387434,0.5076272636175402,16.752655199999936,42,9,length,0.9,200,200,275,4,"{""c"": 1.0, ""backend"": ""aeon""}","{""init"": ""random"", ""max_iter"": 300, ""method"": ""alternate""}"
Trace,msm,elastic,0.45710176684797527,0.5961676786765705,18.534456400000636,42,10,length,0.9,200,200,275,4,"{""c"": 1.0, ""backend"": ""aeon""}","{""init"": ""random"", ""max_iter"": 300, ""method"": ""alternate""}"
Trace,sbd,sliding,0.6258062067299321,0.800246559228825,2.4496297000005143,42,1,length,0.9,200,200,275,4,"{""backend"": ""aeon"", ""n_jobs"": -1, ""candidate_k"": 20, ""paa_segments"": 32}","{""init"": ""random"", ""max_iter"": 300, ""method"": ""alternate""}"
Trace,sbd,sliding,0.6619090643948742,0.7503161040328223,3.357393399999637,42,2,length,0.9,200,200,275,4,"{""backend"": ""aeon"", ""n_jobs"": -1, ""candidate_k"": 20, ""paa_segments"": 32}","{""init"": ""random"", ""max_iter"": 300, ""method"": ""alternate""}"
Trace,sbd,sliding,0.3260325980943552,0.5014648940470768,2.446415499998693,42,3,length,0.9,200,200,275,4,"{""backend"": ""aeon"", ""n_jobs"": -1, ""candidate_k"": 20, ""paa_segments"": 32}","{""init"": ""random"", ""max_iter"": 300, ""method"": ""alternate""}"
Trace,sbd,sliding,0.3260325980943552,0.5014648940470768,2.530627000000095,42,4,length,0.9,200,200,275,4,"{""backend"": ""aeon"", ""n_jobs"": -1, ""candidate_k"": 20, ""paa_segments"": 32}","{""init"": ""random"", ""max_iter"": 300, ""method"": ""alternate""}"
Trace,sbd,sliding,0.6258062067299321,0.800246559228825,2.4767343000003166,42,5,length,0.9,200,200,275,4,"{""backend"": ""aeon"", ""n_jobs"": -1, ""candidate_k"": 20, ""paa_segments"": 32}","{""init"": ""random"", ""max_iter"": 300, ""method"": ""alternate""}"
Trace,sbd,sliding,0.36978411119304433,0.4870413042633246,2.4389503999991575,42,6,length,0.9,200,200,275,4,"{""backend"": ""aeon"", ""n_jobs"": -1, ""candidate_k"": 20, ""paa_segments"": 32}","{""init"": ""random"", ""max_iter"": 300, ""method"": ""alternate""}"
Trace,sbd,sliding,0.663572323010511,0.7522843471933998,3.336741200000688,42,7,length,0.9,200,200,275,4,"{""backend"": ""aeon"", ""n_jobs"": -1, ""candidate_k"": 20, ""paa_segments"": 32}","{""init"": ""random"", ""max_iter"": 300, ""method"": ""alternate""}"
Trace,sbd,sliding,0.6619090643948742,0.7503161040328223,2.425828699999329,42,8,length,0.9,200,200,275,4,"{""backend"": ""aeon"", ""n_jobs"": -1, ""candidate_k"": 20, ""paa_segments"": 32}","{""init"": ""random"", ""max_iter"": 300, ""method"": ""alternate""}"
Trace,sbd,sliding,0.6619090643948742,0.7503161040328223,2.434116799999174,42,9,length,0.9,200,200,275,4,"{""backend"": ""aeon"", ""n_jobs"": -1, ""candidate_k"": 20, ""paa_segments"": 32}","{""init"": ""random"", ""max_iter"": 300, ""method"": ""alternate""}"
Trace,sbd,sliding,0.6258062067299321,0.800246559228825,2.494517999999516,42,10,length,0.9,200,200,275,4,"{""backend"": ""aeon"", ""n_jobs"": -1, ""candidate_k"": 20, ""paa_segments"": 32}","{""init"": ""random"", ""max_iter"": 300, ""method"": ""alternate""}"
Trace,dtw,elastic,0.6258062067299321,0.800246559228825,49.73425210000096,42,1,length,1.0,200,200,275,4,"{""window"": 28, ""backend"": ""aeon""}","{""init"": ""random"", ""max_iter"": 300, ""method"": ""alternate""}"
Trace,dtw,elastic,0.6695430576205196,0.7584153924830414,50.826971599999524,42,2,length,1.0,200,200,275,4,"{""window"": 28, ""backend"": ""aeon""}","{""init"": ""random"", ""max_iter"": 300, ""method"": ""alternate""}"
Trace,dtw,elastic,0.6655235055431996,0.7525044461276025,51.17844330000116,42,3,length,1.0,200,200,275,4,"{""window"": 28, ""backend"": ""aeon""}","{""init"": ""random"", ""max_iter"": 300, ""method"": ""alternate""}"
Trace,dtw,elastic,0.4095704245400628,0.5442029245450124,52.802664700000605,42,4,length,1.0,200,200,275,4,"{""window"": 28, ""backend"": ""aeon""}","{""init"": ""random"", ""max_iter"": 300, ""method"": ""alternate""}"
Trace,dtw,elastic,0.6423800966262183,0.8077843044298384,47.941811900000175,42,5,length,1.0,200,200,275,4,"{""window"": 28, ""backend"": ""aeon""}","{""init"": ""random"", ""max_iter"": 300, ""method"": ""alternate""}"
Trace,dtw,elastic,0.4716834216187735,0.6627959101608362,49.84051100000215,42,6,length,1.0,200,200,275,4,"{""window"": 28, ""backend"": ""aeon""}","{""init"": ""random"", ""max_iter"": 300, ""method"": ""alternate""}"
Trace,dtw,elastic,0.6655235055431996,0.7525044461276026,53.93597289999889,42,7,length,1.0,200,200,275,4,"{""window"": 28, ""backend"": ""aeon""}","{""init"": ""random"", ""max_iter"": 300, ""method"": ""alternate""}"
Trace,dtw,elastic,0.6275169462086189,0.8009903500739666,49.41238689999955,42,8,length,1.0,200,200,275,4,"{""window"": 28, ""backend"": ""aeon""}","{""init"": ""random"", ""max_iter"": 300, ""method"": ""alternate""}"
Trace,dtw,elastic,0.6258062067299321,0.800246559228825,50.37366100000145,42,9,length,1.0,200,200,275,4,"{""window"": 28, ""backend"": ""aeon""}","{""init"": ""random"", ""max_iter"": 300, ""method"": ""alternate""}"
Trace,dtw,elastic,0.6423800966262183,0.8077843044298384,52.82853930000056,42,10,length,1.0,200,200,275,4,"{""window"": 28, ""backend"": ""aeon""}","{""init"": ""random"", ""max_iter"": 300, ""method"": ""alternate""}"
Trace,ed,lock-step,0.3970771698449474,0.5310472906884609,0.003800299999056733,42,1,length,1.0,200,200,275,4,,"{""init"": ""random"", ""max_iter"": 300, ""method"": ""alternate""}"
Trace,ed,lock-step,0.3293473151695709,0.5027812536798705,0.0097963999996864,42,2,length,1.0,200,200,275,4,,"{""init"": ""random"", ""max_iter"": 300, ""method"": ""alternate""}"
Trace,ed,lock-step,0.3293473151695709,0.5027812536798704,0.002623999998832005,42,3,length,1.0,200,200,275,4,,"{""init"": ""random"", ""max_iter"": 300, ""method"": ""alternate""}"
Trace,ed,lock-step,0.393930573582276,0.528533951323854,0.003038699998796801,42,4,length,1.0,200,200,275,4,,"{""init"": ""random"", ""max_iter"": 300, ""method"": ""alternate""}"
Trace,ed,lock-step,0.4010723406827558,0.5350890051293287,0.0019868999988830183,42,5,length,1.0,200,200,275,4,,"{""init"": ""random"", ""max_iter"": 300, ""method"": ""alternate""}"
Trace,ed,lock-step,0.3293473151695709,0.5027812536798705,0.010620100001688115,42,6,length,1.0,200,200,275,4,,"{""init"": ""random"", ""max_iter"": 300, ""method"": ""alternate""}"
Trace,ed,lock-step,0.3293473151695709,0.5027812536798704,0.0014336000003822846,42,7,length,1.0,200,200,275,4,,"{""init"": ""random"", ""max_iter"": 300, ""method"": ""alternate""}"
Trace,ed,lock-step,0.4010723406827558,0.5350890051293287,0.0012767000025633024,42,8,length,1.0,200,200,275,4,,"{""init"": ""random"", ""max_iter"": 300, ""method"": ""alternate""}"
Trace,ed,lock-step,0.3293473151695709,0.5027812536798704,0.0014686999984405702,42,9,length,1.0,200,200,275,4,,"{""init"": ""random"", ""max_iter"": 300, ""method"": ""alternate""}"
Trace,ed,lock-step,0.40602902348360365,0.5408223494611252,0.001958599999852595,42,10,length,1.0,200,200,275,4,,"{""init"": ""random"", ""max_iter"": 300, ""method"": ""alternate""}"
Trace,idk,distributional,0.15599917483014802,0.24029383127825135,41.13765969999986,42,1,length,1.0,200,200,275,4,"{""backend"": ""aeon""}","{""init"": ""random"", ""max_iter"": 300, ""method"": ""alternate""}"
Trace,idk,distributional,0.1952401501166655,0.24447440435710863,41.05604180000046,42,2,length,1.0,200,200,275,4,"{""backend"": ""aeon""}","{""init"": ""random"", ""max_iter"": 300, ""method"": ""alternate""}"
Trace,idk,distributional,0.20740003854834396,0.2721365953336342,43.56132860000071,42,3,length,1.0,200,200,275,4,"{""backend"": ""aeon""}","{""init"": ""random"", ""max_iter"": 300, ""method"": ""alternate""}"
Trace,idk,distributional,0.16839192218415824,0.23222368754698516,40.80333300000166,42,4,length,1.0,200,200,275,4,"{""backend"": ""aeon""}","{""init"": ""random"", ""max_iter"": 300, ""method"": ""alternate""}"
Trace,idk,distributional,0.22869822503868004,0.2658542436731486,54.50226360000124,42,5,length,1.0,200,200,275,4,"{""backend"": ""aeon""}","{""init"": ""random"", ""max_iter"": 300, ""method"": ""alternate""}"
Trace,idk,distributional,0.03175250987518855,0.10067139291339597,41.75578190000124,42,6,length,1.0,200,200,275,4,"{""backend"": ""aeon""}","{""init"": ""random"", ""max_iter"": 300, ""method"": ""alternate""}"
Trace,idk,distributional,0.198726354241998,0.2416015186487256,40.65884809999989,42,7,length,1.0,200,200,275,4,"{""backend"": ""aeon""}","{""init"": ""random"", ""max_iter"": 300, ""method"": ""alternate""}"
Trace,idk,distributional,0.2101014386762169,0.28631796939860354,54.631150599998364,42,8,length,1.0,200,200,275,4,"{""backend"": ""aeon""}","{""init"": ""random"", ""max_iter"": 300, ""method"": ""alternate""}"
Trace,idk,distributional,0.22228368458441866,0.2743465316026243,39.5490506999995,42,9,length,1.0,200,200,275,4,"{""backend"": ""aeon""}","{""init"": ""random"", ""max_iter"": 300, ""method"": ""alternate""}"
Trace,idk,distributional,0.23330501058932443,0.2858748384869865,41.003435399998125,42,10,length,1.0,200,200,275,4,"{""backend"": ""aeon""}","{""init"": ""random"", ""max_iter"": 300, ""method"": ""alternate""}"
Trace,msm,elastic,0.47508778265526974,0.6111570311240329,17.823808700000882,42,1,length,1.0,200,200,275,4,"{""c"": 1.0, ""backend"": ""aeon""}","{""init"": ""random"", ""max_iter"": 300, ""method"": ""alternate""}"
Trace,msm,elastic,0.34065271864654384,0.5089173059499711,15.510689499998989,42,2,length,1.0,200,200,275,4,"{""c"": 1.0, ""backend"": ""aeon""}","{""init"": ""random"", ""max_iter"": 300, ""method"": ""alternate""}"
Trace,msm,elastic,0.34065271864654384,0.5089173059499711,15.719570499999463,42,3,length,1.0,200,200,275,4,"{""c"": 1.0, ""backend"": ""aeon""}","{""init"": ""random"", ""max_iter"": 300, ""method"": ""alternate""}"
Trace,msm,elastic,0.34065271864654384,0.5089173059499711,15.215230699999665,42,4,length,1.0,200,200,275,4,"{""c"": 1.0, ""backend"": ""aeon""}","{""init"": ""random"", ""max_iter"": 300, ""method"": ""alternate""}"
Trace,msm,elastic,0.4848984915126794,0.6735370190814333,14.046465299999909,42,5,length,1.0,200,200,275,4,"{""c"": 1.0, ""backend"": ""aeon""}","{""init"": ""random"", ""max_iter"": 300, ""method"": ""alternate""}"
Trace,msm,elastic,0.40644456952737157,0.5411994180858049,14.050730400000248,42,6,length,1.0,200,200,275,4,"{""c"": 1.0, ""backend"": ""aeon""}","{""init"": ""random"", ""max_iter"": 300, ""method"": ""alternate""}"
Trace,msm,elastic,0.34013469230609006,0.5082473123885117,15.309311900000466,42,7,length,1.0,200,200,275,4,"{""c"": 1.0, ""backend"": ""aeon""}","{""init"": ""random"", ""max_iter"": 300, ""method"": ""alternate""}"
Trace,msm,elastic,0.3471097724890644,0.5124363745387334,14.983744599998317,42,8,length,1.0,200,200,275,4,"{""c"": 1.0, ""backend"": ""aeon""}","{""init"": ""random"", ""max_iter"": 300, ""method"": ""alternate""}"
Trace,msm,elastic,0.34065271864654384,0.5089173059499711,15.933710899998914,42,9,length,1.0,200,200,275,4,"{""c"": 1.0, ""backend"": ""aeon""}","{""init"": ""random"", ""max_iter"": 300, ""method"": ""alternate""}"
Trace,msm,elastic,0.4672539154643533,0.6100677595940187,18.035031600000366,42,10,length,1.0,200,200,275,4,"{""c"": 1.0, ""backend"": ""aeon""}","{""init"": ""random"", ""max_iter"": 300, ""method"": ""alternate""}"
Trace,sbd,sliding,0.6258062067299321,0.800246559228825,4.163778000000093,42,1,length,1.0,200,200,275,4,"{""backend"": ""aeon"", ""n_jobs"": -1, ""candidate_k"": 20, ""paa_segments"": 32}","{""init"": ""random"", ""max_iter"": 300, ""method"": ""alternate""}"
Trace,sbd,sliding,0.6619090643948742,0.7503161040328223,4.210535700000037,42,2,length,1.0,200,200,275,4,"{""backend"": ""aeon"", ""n_jobs"": -1, ""candidate_k"": 20, ""paa_segments"": 32}","{""init"": ""random"", ""max_iter"": 300, ""method"": ""alternate""}"
Trace,sbd,sliding,0.6619090643948742,0.7503161040328223,2.4521143000001757,42,3,length,1.0,200,200,275,4,"{""backend"": ""aeon"", ""n_jobs"": -1, ""candidate_k"": 20, ""paa_segments"": 32}","{""init"": ""random"", ""max_iter"": 300, ""method"": ""alternate""}"
Trace,sbd,sliding,0.663572323010511,0.7522843471933999,2.436128199999075,42,4,length,1.0,200,200,275,4,"{""backend"": ""aeon"", ""n_jobs"": -1, ""candidate_k"": 20, ""paa_segments"": 32}","{""init"": ""random"", ""max_iter"": 300, ""method"": ""alternate""}"
Trace,sbd,sliding,0.6258062067299321,0.800246559228825,2.4784846999991714,42,5,length,1.0,200,200,275,4,"{""backend"": ""aeon"", ""n_jobs"": -1, ""candidate_k"": 20, ""paa_segments"": 32}","{""init"": ""random"", ""max_iter"": 300, ""method"": ""alternate""}"
Trace,sbd,sliding,0.38172444999296534,0.5028837084715381,2.4891912000002776,42,6,length,1.0,200,200,275,4,"{""backend"": ""aeon"", ""n_jobs"": -1, ""candidate_k"": 20, ""paa_segments"": 32}","{""init"": ""random"", ""max_iter"": 300, ""method"": ""alternate""}"
Trace,sbd,sliding,0.663572323010511,0.7522843471933998,4.224823999998989,42,7,length,1.0,200,200,275,4,"{""backend"": ""aeon"", ""n_jobs"": -1, ""candidate_k"": 20, ""paa_segments"": 32}","{""init"": ""random"", ""max_iter"": 300, ""method"": ""alternate""}"
Trace,sbd,sliding,0.6619090643948742,0.7503161040328223,2.5208187000007456,42,8,length,1.0,200,200,275,4,"{""backend"": ""aeon"", ""n_jobs"": -1, ""candidate_k"": 20, ""paa_segments"": 32}","{""init"": ""random"", ""max_iter"": 300, ""method"": ""alternate""}"
Trace,sbd,sliding,0.38381938142156735,0.49941701495449226,3.3617933000004996,42,9,length,1.0,200,200,275,4,"{""backend"": ""aeon"", ""n_jobs"": -1, ""candidate_k"": 20, ""paa_segments"": 32}","{""init"": ""random"", ""max_iter"": 300, ""method"": ""alternate""}"
Trace,sbd,sliding,0.6258062067299321,0.800246559228825,2.4337006000005204,42,10,length,1.0,200,200,275,4,"{""backend"": ""aeon"", ""n_jobs"": -1, ""candidate_k"": 20, ""paa_segments"": 32}","{""init"": ""random"", ""max_iter"": 300, ""method"": ""alternate""}"
Trace,dtw,elastic,0.6258062067299321,0.800246559228825,70.93210649999992,42,1,noise,0.0,200,200,275,4,"{""window"": 28, ""backend"": ""aeon""}","{""init"": ""random"", ""max_iter"": 300, ""method"": ""alternate""}"
Trace,dtw,elastic,0.6695430576205196,0.7584153924830414,66.75081860000023,42,2,noise,0.0,200,200,275,4,"{""window"": 28, ""backend"": ""aeon""}","{""init"": ""random"", ""max_iter"": 300, ""method"": ""alternate""}"
Trace,dtw,elastic,0.6655235055431996,0.7525044461276025,78.83923240000013,42,3,noise,0.0,200,200,275,4,"{""window"": 28, ""backend"": ""aeon""}","{""init"": ""random"", ""max_iter"": 300, ""method"": ""alternate""}"
Trace,dtw,elastic,0.4095704245400628,0.5442029245450124,83.33725429999981,42,4,noise,0.0,200,200,275,4,"{""window"": 28, ""backend"": ""aeon""}","{""init"": ""random"", ""max_iter"": 300, ""method"": ""alternate""}"
Trace,dtw,elastic,0.6423800966262183,0.8077843044298384,60.70708640000021,42,5,noise,0.0,200,200,275,4,"{""window"": 28, ""backend"": ""aeon""}","{""init"": ""random"", ""max_iter"": 300, ""method"": ""alternate""}"
Trace,dtw,elastic,0.4716834216187735,0.6627959101608362,63.409596500000134,42,6,noise,0.0,200,200,275,4,"{""window"": 28, ""backend"": ""aeon""}","{""init"": ""random"", ""max_iter"": 300, ""method"": ""alternate""}"
Trace,dtw,elastic,0.6655235055431996,0.7525044461276026,74.53981680000015,42,7,noise,0.0,200,200,275,4,"{""window"": 28, ""backend"": ""aeon""}","{""init"": ""random"", ""max_iter"": 300, ""method"": ""alternate""}"
Trace,dtw,elastic,0.6275169462086189,0.8009903500739666,67.450515,42,8,noise,0.0,200,200,275,4,"{""window"": 28, ""backend"": ""aeon""}","{""init"": ""random"", ""max_iter"": 300, ""method"": ""alternate""}"
Trace,dtw,elastic,0.6258062067299321,0.800246559228825,73.5634869000005,42,9,noise,0.0,200,200,275,4,"{""window"": 28, ""backend"": ""aeon""}","{""init"": ""random"", ""max_iter"": 300, ""method"": ""alternate""}"
Trace,dtw,elastic,0.6423800966262183,0.8077843044298384,69.22011040000007,42,10,noise,0.0,200,200,275,4,"{""window"": 28, ""backend"": ""aeon""}","{""init"": ""random"", ""max_iter"": 300, ""method"": ""alternate""}"
Trace,ed,lock-step,0.3970771698449474,0.5310472906884609,0.00366859999985536,42,1,noise,0.0,200,200,275,4,,"{""init"": ""random"", ""max_iter"": 300, ""method"": ""alternate""}"
Trace,ed,lock-step,0.3293473151695709,0.5027812536798705,0.00290250000011838,42,2,noise,0.0,200,200,275,4,,"{""init"": ""random"", ""max_iter"": 300, ""method"": ""alternate""}"
Trace,ed,lock-step,0.3293473151695709,0.5027812536798704,0.001994100000047183,42,3,noise,0.0,200,200,275,4,,"{""init"": ""random"", ""max_iter"": 300, ""method"": ""alternate""}"
Trace,ed,lock-step,0.393930573582276,0.528533951323854,0.0032023999997363717,42,4,noise,0.0,200,200,275,4,,"{""init"": ""random"", ""max_iter"": 300, ""method"": ""alternate""}"
Trace,ed,lock-step,0.4010723406827558,0.5350890051293287,0.004406999999901018,42,5,noise,0.0,200,200,275,4,,"{""init"": ""random"", ""max_iter"": 300, ""method"": ""alternate""}"
Trace,ed,lock-step,0.3293473151695709,0.5027812536798705,0.0024106999999276013,42,6,noise,0.0,200,200,275,4,,"{""init"": ""random"", ""max_iter"": 300, ""method"": ""alternate""}"
Trace,ed,lock-step,0.3293473151695709,0.5027812536798704,0.002402399999937188,42,7,noise,0.0,200,200,275,4,,"{""init"": ""random"", ""max_iter"": 300, ""method"": ""alternate""}"
Trace,ed,lock-step,0.4010723406827558,0.5350890051293287,0.0019132999996145372,42,8,noise,0.0,200,200,275,4,,"{""init"": ""random"", ""max_iter"": 300, ""method"": ""alternate""}"
Trace,ed,lock-step,0.3293473151695709,0.5027812536798704,0.00289729999985866,42,9,noise,0.0,200,200,275,4,,"{""init"": ""random"", ""max_iter"": 300, ""method"": ""alternate""}"
Trace,ed,lock-step,0.40602902348360365,0.5408223494611252,0.0021813000003021443,42,10,noise,0.0,200,200,275,4,,"{""init"": ""random"", ""max_iter"": 300, ""method"": ""alternate""}"
Trace,idk,distributional,0.15599917483014802,0.24029383127825135,45.93920729999991,42,1,noise,0.0,200,200,275,4,"{""backend"": ""aeon""}","{""init"": ""random"", ""max_iter"": 300, ""method"": ""alternate""}"
Trace,idk,distributional,0.1952401501166655,0.24447440435710863,47.433620800000426,42,2,noise,0.0,200,200,275,4,"{""backend"": ""aeon""}","{""init"": ""random"", ""max_iter"": 300, ""method"": ""alternate""}"
Trace,idk,distributional,0.20740003854834396,0.2721365953336342,45.54355910000049,42,3,noise,0.0,200,200,275,4,"{""backend"": ""aeon""}","{""init"": ""random"", ""max_iter"": 300, ""method"": ""alternate""}"
Trace,idk,distributional,0.16839192218415824,0.23222368754698516,45.71935530000064,42,4,noise,0.0,200,200,275,4,"{""backend"": ""aeon""}","{""init"": ""random"", ""max_iter"": 300, ""method"": ""alternate""}"
Trace,idk,distributional,0.22869822503868004,0.2658542436731486,51.424279699998806,42,5,noise,0.0,200,200,275,4,"{""backend"": ""aeon""}","{""init"": ""random"", ""max_iter"": 300, ""method"": ""alternate""}"
Trace,idk,distributional,0.03175250987518855,0.10067139291339597,44.75679120000041,42,6,noise,0.0,200,200,275,4,"{""backend"": ""aeon""}","{""init"": ""random"", ""max_iter"": 300, ""method"": ""alternate""}"
Trace,idk,distributional,0.198726354241998,0.2416015186487256,47.6134617000007,42,7,noise,0.0,200,200,275,4,"{""backend"": ""aeon""}","{""init"": ""random"", ""max_iter"": 300, ""method"": ""alternate""}"
Trace,idk,distributional,0.2101014386762169,0.28631796939860354,50.74435210000047,42,8,noise,0.0,200,200,275,4,"{""backend"": ""aeon""}","{""init"": ""random"", ""max_iter"": 300, ""method"": ""alternate""}"
Trace,idk,distributional,0.22228368458441866,0.2743465316026243,46.462504799999806,42,9,noise,0.0,200,200,275,4,"{""backend"": ""aeon""}","{""init"": ""random"", ""max_iter"": 300, ""method"": ""alternate""}"
Trace,idk,distributional,0.23330501058932443,0.2858748384869865,42.30596699999933,42,10,noise,0.0,200,200,275,4,"{""backend"": ""aeon""}","{""init"": ""random"", ""max_iter"": 300, ""method"": ""alternate""}"
Trace,msm,elastic,0.47508778265526974,0.6111570311240329,34.34086719999982,42,1,noise,0.0,200,200,275,4,"{""c"": 1.0, ""backend"": ""aeon""}","{""init"": ""random"", ""max_iter"": 300, ""method"": ""alternate""}"
Trace,msm,elastic,0.34065271864654384,0.5089173059499711,24.72971080000002,42,2,noise,0.0,200,200,275,4,"{""c"": 1.0, ""backend"": ""aeon""}","{""init"": ""random"", ""max_iter"": 300, ""method"": ""alternate""}"
Trace,msm,elastic,0.34065271864654384,0.5089173059499711,25.017499499999985,42,3,noise,0.0,200,200,275,4,"{""c"": 1.0, ""backend"": ""aeon""}","{""init"": ""random"", ""max_iter"": 300, ""method"": ""alternate""}"
Trace,msm,elastic,0.34065271864654384,0.5089173059499711,25.45821500000011,42,4,noise,0.0,200,200,275,4,"{""c"": 1.0, ""backend"": ""aeon""}","{""init"": ""random"", ""max_iter"": 300, ""method"": ""alternate""}"
Trace,msm,elastic,0.4848984915126794,0.6735370190814333,17.512586499999998,42,5,noise,0.0,200,200,275,4,"{""c"": 1.0, ""backend"": ""aeon""}","{""init"": ""random"", ""max_iter"": 300, ""method"": ""alternate""}"
Trace,msm,elastic,0.40644456952737157,0.5411994180858049,31.226794100000006,42,6,noise,0.0,200,200,275,4,"{""c"": 1.0, ""backend"": ""aeon""}","{""init"": ""random"", ""max_iter"": 300, ""method"": ""alternate""}"
Trace,msm,elastic,0.34013469230609006,0.5082473123885117,21.077583599999798,42,7,noise,0.0,200,200,275,4,"{""c"": 1.0, ""backend"": ""aeon""}","{""init"": ""random"", ""max_iter"": 300, ""method"": ""alternate""}"
Trace,msm,elastic,0.3471097724890644,0.5124363745387334,35.36673050000036,42,8,noise,0.0,200,200,275,4,"{""c"": 1.0, ""backend"": ""aeon""}","{""init"": ""random"", ""max_iter"": 300, ""method"": ""alternate""}"
Trace,msm,elastic,0.34065271864654384,0.5089173059499711,26.119160799999918,42,9,noise,0.0,200,200,275,4,"{""c"": 1.0, ""backend"": ""aeon""}","{""init"": ""random"", ""max_iter"": 300, ""method"": ""alternate""}"
Trace,msm,elastic,0.4672539154643533,0.6100677595940187,19.025306099999852,42,10,noise,0.0,200,200,275,4,"{""c"": 1.0, ""backend"": ""aeon""}","{""init"": ""random"", ""max_iter"": 300, ""method"": ""alternate""}"
Trace,sbd,sliding,0.6258062067299321,0.800246559228825,2.453747800000201,42,1,noise,0.0,200,200,275,4,"{""backend"": ""aeon"", ""n_jobs"": -1, ""candidate_k"": 20, ""paa_segments"": 32}","{""init"": ""random"", ""max_iter"": 300, ""method"": ""alternate""}"
Trace,sbd,sliding,0.6619090643948742,0.7503161040328223,2.6962100000000646,42,2,noise,0.0,200,200,275,4,"{""backend"": ""aeon"", ""n_jobs"": -1, ""candidate_k"": 20, ""paa_segments"": 32}","{""init"": ""random"", ""max_iter"": 300, ""method"": ""alternate""}"
Trace,sbd,sliding,0.6619090643948742,0.7503161040328223,2.4385815000005095,42,3,noise,0.0,200,200,275,4,"{""backend"": ""aeon"", ""n_jobs"": -1, ""candidate_k"": 20, ""paa_segments"": 32}","{""init"": ""random"", ""max_iter"": 300, ""method"": ""alternate""}"
Trace,sbd,sliding,0.663572323010511,0.7522843471933999,2.4486620999996376,42,4,noise,0.0,200,200,275,4,"{""backend"": ""aeon"", ""n_jobs"": -1, ""candidate_k"": 20, ""paa_segments"": 32}","{""init"": ""random"", ""max_iter"": 300, ""method"": ""alternate""}"
Trace,sbd,sliding,0.6258062067299321,0.800246559228825,2.4704861000000164,42,5,noise,0.0,200,200,275,4,"{""backend"": ""aeon"", ""n_jobs"": -1, ""candidate_k"": 20, ""paa_segments"": 32}","{""init"": ""random"", ""max_iter"": 300, ""method"": ""alternate""}"
Trace,sbd,sliding,0.38172444999296534,0.5028837084715381,2.420677200000682,42,6,noise,0.0,200,200,275,4,"{""backend"": ""aeon"", ""n_jobs"": -1, ""candidate_k"": 20, ""paa_segments"": 32}","{""init"": ""random"", ""max_iter"": 300, ""method"": ""alternate""}"
Trace,sbd,sliding,0.663572323010511,0.7522843471933998,2.4607653000002756,42,7,noise,0.0,200,200,275,4,"{""backend"": ""aeon"", ""n_jobs"": -1, ""candidate_k"": 20, ""paa_segments"": 32}","{""init"": ""random"", ""max_iter"": 300, ""method"": ""alternate""}"
Trace,sbd,sliding,0.6619090643948742,0.7503161040328223,2.4778089000001273,42,8,noise,0.0,200,200,275,4,"{""backend"": ""aeon"", ""n_jobs"": -1, ""candidate_k"": 20, ""paa_segments"": 32}","{""init"": ""random"", ""max_iter"": 300, ""method"": ""alternate""}"
Trace,sbd,sliding,0.38381938142156735,0.49941701495449226,2.463762900000802,42,9,noise,0.0,200,200,275,4,"{""backend"": ""aeon"", ""n_jobs"": -1, ""candidate_k"": 20, ""paa_segments"": 32}","{""init"": ""random"", ""max_iter"": 300, ""method"": ""alternate""}"
Trace,sbd,sliding,0.6258062067299321,0.800246559228825,3.3003097000000707,42,10,noise,0.0,200,200,275,4,"{""backend"": ""aeon"", ""n_jobs"": -1, ""candidate_k"": 20, ""paa_segments"": 32}","{""init"": ""random"", ""max_iter"": 300, ""method"": ""alternate""}"
Trace,dtw,elastic,0.625378131410156,0.8000615761527523,55.18176760000006,42,1,noise,0.1,200,200,275,4,"{""window"": 28, ""backend"": ""aeon""}","{""init"": ""random"", ""max_iter"": 300, ""method"": ""alternate""}"
Trace,dtw,elastic,0.6644893035518995,0.7533907719567732,48.75915939999959,42,2,noise,0.1,200,200,275,4,"{""window"": 28, ""backend"": ""aeon""}","{""init"": ""random"", ""max_iter"": 300, ""method"": ""alternate""}"
Trace,dtw,elastic,0.6655235055431996,0.7525044461276026,51.30371500000001,42,3,noise,0.1,200,200,275,4,"{""window"": 28, ""backend"": ""aeon""}","{""init"": ""random"", ""max_iter"": 300, ""method"": ""alternate""}"
Trace,dtw,elastic,0.39567295867052094,0.5299659575179858,50.94514620000018,42,4,noise,0.1,200,200,275,4,"{""window"": 28, ""backend"": ""aeon""}","{""init"": ""random"", ""max_iter"": 300, ""method"": ""alternate""}"
Trace,dtw,elastic,0.6394225729645547,0.8063816560847118,52.01984009999978,42,5,noise,0.1,200,200,275,4,"{""window"": 28, ""backend"": ""aeon""}","{""init"": ""random"", ""max_iter"": 300, ""method"": ""alternate""}"
Trace,dtw,elastic,0.45563614487917276,0.6266880227627538,52.157081899999866,42,6,noise,0.1,200,200,275,4,"{""window"": 28, ""backend"": ""aeon""}","{""init"": ""random"", ""max_iter"": 300, ""method"": ""alternate""}"
Trace,dtw,elastic,0.6652028088730914,0.7529314092461399,52.649940900000274,42,7,noise,0.1,200,200,275,4,"{""window"": 28, ""backend"": ""aeon""}","{""init"": ""random"", ""max_iter"": 300, ""method"": ""alternate""}"
Trace,dtw,elastic,0.6287983633190926,0.8015523078704747,53.33584470000005,42,8,noise,0.1,200,200,275,4,"{""window"": 28, ""backend"": ""aeon""}","{""init"": ""random"", ""max_iter"": 300, ""method"": ""alternate""}"
Trace,dtw,elastic,0.6287983633190926,0.8015523078704747,53.68561480000017,42,9,noise,0.1,200,200,275,4,"{""window"": 28, ""backend"": ""aeon""}","{""init"": ""random"", ""max_iter"": 300, ""method"": ""alternate""}"
Trace,dtw,elastic,0.6343350107663466,0.8040298671099791,51.16773189999958,42,10,noise,0.1,200,200,275,4,"{""window"": 28, ""backend"": ""aeon""}","{""init"": ""random"", ""max_iter"": 300, ""method"": ""alternate""}"
Trace,ed,lock-step,0.3271146248282996,0.5020447227493601,0.003618000000187749,42,1,noise,0.1,200,200,275,4,,"{""init"": ""random"", ""max_iter"": 300, ""method"": ""alternate""}"
Trace,ed,lock-step,0.3271146248282996,0.50204472274936,0.003164200000355777,42,2,noise,0.1,200,200,275,4,,"{""init"": ""random"", ""max_iter"": 300, ""method"": ""alternate""}"
Trace,ed,lock-step,0.3271146248282996,0.5020447227493601,0.0014530999997077743,42,3,noise,0.1,200,200,275,4,,"{""init"": ""random"", ""max_iter"": 300, ""method"": ""alternate""}"
Trace,ed,lock-step,0.39380909758280674,0.5283654392586975,0.0019353999996383209,42,4,noise,0.1,200,200,275,4,,"{""init"": ""random"", ""max_iter"": 300, ""method"": ""alternate""}"
Trace,ed,lock-step,0.40104155638143857,0.5352605553467983,0.008334699999977602,42,5,noise,0.1,200,200,275,4,,"{""init"": ""random"", ""max_iter"": 300, ""method"": ""alternate""}"
Trace,ed,lock-step,0.3293473151695709,0.5027812536798705,0.05894070000022111,42,6,noise,0.1,200,200,275,4,,"{""init"": ""random"", ""max_iter"": 300, ""method"": ""alternate""}"
Trace,ed,lock-step,0.3293473151695709,0.5027812536798704,0.003099399999882735,42,7,noise,0.1,200,200,275,4,,"{""init"": ""random"", ""max_iter"": 300, ""method"": ""alternate""}"
Trace,ed,lock-step,0.40104155638143857,0.5352605553467984,0.0018847000001187553,42,8,noise,0.1,200,200,275,4,,"{""init"": ""random"", ""max_iter"": 300, ""method"": ""alternate""}"
Trace,ed,lock-step,0.3293473151695709,0.5027812536798704,0.06553259999964212,42,9,noise,0.1,200,200,275,4,,"{""init"": ""random"", ""max_iter"": 300, ""method"": ""alternate""}"
Trace,ed,lock-step,0.40826438571656154,0.5437364713700853,0.01178959999970175,42,10,noise,0.1,200,200,275,4,,"{""init"": ""random"", ""max_iter"": 300, ""method"": ""alternate""}"
Trace,idk,distributional,0.4000756060416101,0.45152656557652027,44.06990859999951,42,1,noise,0.1,200,200,275,4,"{""backend"": ""aeon""}","{""init"": ""random"", ""max_iter"": 300, ""method"": ""alternate""}"
Trace,idk,distributional,0.30684976160265154,0.34517327289926275,42.08274789999996,42,2,noise,0.1,200,200,275,4,"{""backend"": ""aeon""}","{""init"": ""random"", ""max_iter"": 300, ""method"": ""alternate""}"
Trace,idk,distributional,0.39927591021035624,0.4612773811148148,62.72102050000103,42,3,noise,0.1,200,200,275,4,"{""backend"": ""aeon""}","{""init"": ""random"", ""max_iter"": 300, ""method"": ""alternate""}"
Trace,idk,distributional,0.36029216845554995,0.3950489105394041,69.22754890000033,42,4,noise,0.1,200,200,275,4,"{""backend"": ""aeon""}","{""init"": ""random"", ""max_iter"": 300, ""method"": ""alternate""}"
Trace,idk,distributional,0.36233774962984644,0.4015690048168065,60.48619560000043,42,5,noise,0.1,200,200,275,4,"{""backend"": ""aeon""}","{""init"": ""random"", ""max_iter"": 300, ""method"": ""alternate""}"
Trace,idk,distributional,0.06801394211438998,0.1371464231027202,61.38042570000107,42,6,noise,0.1,200,200,275,4,"{""backend"": ""aeon""}","{""init"": ""random"", ""max_iter"": 300, ""method"": ""alternate""}"
Trace,idk,distributional,0.42139062305479036,0.4966185812871777,68.79182299999957,42,7,noise,0.1,200,200,275,4,"{""backend"": ""aeon""}","{""init"": ""random"", ""max_iter"": 300, ""method"": ""alternate""}"
Trace,idk,distributional,0.39927591021035624,0.4612773811148148,68.68979349999972,42,8,noise,0.1,200,200,275,4,"{""backend"": ""aeon""}","{""init"": ""random"", ""max_iter"": 300, ""method"": ""alternate""}"
Trace,idk,distributional,0.30402715649884204,0.34309561454048865,45.78665650000039,42,9,noise,0.1,200,200,275,4,"{""backend"": ""aeon""}","{""init"": ""random"", ""max_iter"": 300, ""method"": ""alternate""}"
Trace,idk,distributional,0.38166612796348826,0.40641275025400286,44.09296490000088,42,10,noise,0.1,200,200,275,4,"{""backend"": ""aeon""}","{""init"": ""random"", ""max_iter"": 300, ""method"": ""alternate""}"
Trace,msm,elastic,0.45496206291872854,0.5865227513758757,14.864767599999595,42,1,noise,0.1,200,200,275,4,"{""c"": 1.0, ""backend"": ""aeon""}","{""init"": ""random"", ""max_iter"": 300, ""method"": ""alternate""}"
Trace,msm,elastic,0.3303580533103106,0.5038018912943223,16.5235974000002,42,2,noise,0.1,200,200,275,4,"{""c"": 1.0, ""backend"": ""aeon""}","{""init"": ""random"", ""max_iter"": 300, ""method"": ""alternate""}"
Trace,msm,elastic,0.3303580533103106,0.5038018912943223,16.205422,42,3,noise,0.1,200,200,275,4,"{""c"": 1.0, ""backend"": ""aeon""}","{""init"": ""random"", ""max_iter"": 300, ""method"": ""alternate""}"
Trace,msm,elastic,0.32829204447067817,0.5020757138821541,16.511985899999672,42,4,noise,0.1,200,200,275,4,"{""c"": 1.0, ""backend"": ""aeon""}","{""init"": ""random"", ""max_iter"": 300, ""method"": ""alternate""}"
Trace,msm,elastic,0.4229619799272647,0.5592677628436682,16.877753599999778,42,5,noise,0.1,200,200,275,4,"{""c"": 1.0, ""backend"": ""aeon""}","{""init"": ""random"", ""max_iter"": 300, ""method"": ""alternate""}"
Trace,msm,elastic,0.41202035348487526,0.5475267900037135,15.515348599999925,42,6,noise,0.1,200,200,275,4,"{""c"": 1.0, ""backend"": ""aeon""}","{""init"": ""random"", ""max_iter"": 300, ""method"": ""alternate""}"
Trace,msm,elastic,0.34334360796617286,0.5099995090234004,17.192502400000194,42,7,noise,0.1,200,200,275,4,"{""c"": 1.0, ""backend"": ""aeon""}","{""init"": ""random"", ""max_iter"": 300, ""method"": ""alternate""}"
Trace,msm,elastic,0.33072567396240565,0.5039590415062897,18.81622580000021,42,8,noise,0.1,200,200,275,4,"{""c"": 1.0, ""backend"": ""aeon""}","{""init"": ""random"", ""max_iter"": 300, ""method"": ""alternate""}"
Trace,msm,elastic,0.3303580533103106,0.5038018912943223,18.48228470000049,42,9,noise,0.1,200,200,275,4,"{""c"": 1.0, ""backend"": ""aeon""}","{""init"": ""random"", ""max_iter"": 300, ""method"": ""alternate""}"
Trace,msm,elastic,0.4455339506303788,0.5875280155511264,16.08371729999999,42,10,noise,0.1,200,200,275,4,"{""c"": 1.0, ""backend"": ""aeon""}","{""init"": ""random"", ""max_iter"": 300, ""method"": ""alternate""}"
Trace,sbd,sliding,0.6258062067299321,0.800246559228825,2.4954201000000467,42,1,noise,0.1,200,200,275,4,"{""backend"": ""aeon"", ""n_jobs"": -1, ""candidate_k"": 20, ""paa_segments"": 32}","{""init"": ""random"", ""max_iter"": 300, ""method"": ""alternate""}"
Trace,sbd,sliding,0.6640998738801427,0.7515970668041965,3.2878955999995014,42,2,noise,0.1,200,200,275,4,"{""backend"": ""aeon"", ""n_jobs"": -1, ""candidate_k"": 20, ""paa_segments"": 32}","{""init"": ""random"", ""max_iter"": 300, ""method"": ""alternate""}"
Trace,sbd,sliding,0.6640998738801427,0.7515970668041965,2.4297292000001107,42,3,noise,0.1,200,200,275,4,"{""backend"": ""aeon"", ""n_jobs"": -1, ""candidate_k"": 20, ""paa_segments"": 32}","{""init"": ""random"", ""max_iter"": 300, ""method"": ""alternate""}"
Trace,sbd,sliding,0.663572323010511,0.7522843471933999,2.591475299999729,42,4,noise,0.1,200,200,275,4,"{""backend"": ""aeon"", ""n_jobs"": -1, ""candidate_k"": 20, ""paa_segments"": 32}","{""init"": ""random"", ""max_iter"": 300, ""method"": ""alternate""}"
Trace,sbd,sliding,0.6258062067299321,0.800246559228825,2.4932160999978805,42,5,noise,0.1,200,200,275,4,"{""backend"": ""aeon"", ""n_jobs"": -1, ""candidate_k"": 20, ""paa_segments"": 32}","{""init"": ""random"", ""max_iter"": 300, ""method"": ""alternate""}"
Trace,sbd,sliding,0.38804121058387786,0.5133529574667145,2.7107670000004873,42,6,noise,0.1,200,200,275,4,"{""backend"": ""aeon"", ""n_jobs"": -1, ""candidate_k"": 20, ""paa_segments"": 32}","{""init"": ""random"", ""max_iter"": 300, ""method"": ""alternate""}"
Trace,sbd,sliding,0.663572323010511,0.7522843471933998,2.6381684000025416,42,7,noise,0.1,200,200,275,4,"{""backend"": ""aeon"", ""n_jobs"": -1, ""candidate_k"": 20, ""paa_segments"": 32}","{""init"": ""random"", ""max_iter"": 300, ""method"": ""alternate""}"
Trace,sbd,sliding,0.6640998738801427,0.7515970668041965,2.622293599999466,42,8,noise,0.1,200,200,275,4,"{""backend"": ""aeon"", ""n_jobs"": -1, ""candidate_k"": 20, ""paa_segments"": 32}","{""init"": ""random"", ""max_iter"": 300, ""method"": ""alternate""}"
Trace,sbd,sliding,0.6640998738801427,0.7515970668041965,2.679655100000673,42,9,noise,0.1,200,200,275,4,"{""backend"": ""aeon"", ""n_jobs"": -1, ""candidate_k"": 20, ""paa_segments"": 32}","{""init"": ""random"", ""max_iter"": 300, ""method"": ""alternate""}"
Trace,sbd,sliding,0.6258062067299321,0.800246559228825,2.5430111000005127,42,10,noise,0.1,200,200,275,4,"{""backend"": ""aeon"", ""n_jobs"": -1, ""candidate_k"": 20, ""paa_segments"": 32}","{""init"": ""random"", ""max_iter"": 300, ""method"": ""alternate""}"
Trace,dtw,elastic,0.632208632453777,0.8030686221487029,47.20174720000023,42,1,noise,0.2,200,200,275,4,"{""window"": 28, ""backend"": ""aeon""}","{""init"": ""random"", ""max_iter"": 300, ""method"": ""alternate""}"
Trace,dtw,elastic,0.663572323010511,0.7522843471933998,46.14960939999992,42,2,noise,0.2,200,200,275,4,"{""window"": 28, ""backend"": ""aeon""}","{""init"": ""random"", ""max_iter"": 300, ""method"": ""alternate""}"
Trace,dtw,elastic,0.663572323010511,0.7522843471933998,46.68838140000025,42,3,noise,0.2,200,200,275,4,"{""window"": 28, ""backend"": ""aeon""}","{""init"": ""random"", ""max_iter"": 300, ""method"": ""alternate""}"
Trace,dtw,elastic,0.394107595137279,0.5285580236524312,49.651157799999964,42,4,noise,0.2,200,200,275,4,"{""window"": 28, ""backend"": ""aeon""}","{""init"": ""random"", ""max_iter"": 300, ""method"": ""alternate""}"
Trace,dtw,elastic,0.6528816898338525,0.8129989038127053,52.66395980000061,42,5,noise,0.2,200,200,275,4,"{""window"": 28, ""backend"": ""aeon""}","{""init"": ""random"", ""max_iter"": 300, ""method"": ""alternate""}"
Trace,dtw,elastic,0.41780032496544384,0.5548767992367034,52.35491669999965,42,6,noise,0.2,200,200,275,4,"{""window"": 28, ""backend"": ""aeon""}","{""init"": ""random"", ""max_iter"": 300, ""method"": ""alternate""}"
Trace,dtw,elastic,0.663572323010511,0.7522843471933998,53.1557499999999,42,7,noise,0.2,200,200,275,4,"{""window"": 28, ""backend"": ""aeon""}","{""init"": ""random"", ""max_iter"": 300, ""method"": ""alternate""}"
Trace,dtw,elastic,0.625378131410156,0.8000615761527523,58.15581539999994,42,8,noise,0.2,200,200,275,4,"{""window"": 28, ""backend"": ""aeon""}","{""init"": ""random"", ""max_iter"": 300, ""method"": ""alternate""}"
Trace,dtw,elastic,0.6252354048964218,0.7999999999999997,51.08463970000048,42,9,noise,0.2,200,200,275,4,"{""window"": 28, ""backend"": ""aeon""}","{""init"": ""random"", ""max_iter"": 300, ""method"": ""alternate""}"
Trace,dtw,elastic,0.632208632453777,0.8030686221487029,54.74145520000002,42,10,noise,0.2,200,200,275,4,"{""window"": 28, ""backend"": ""aeon""}","{""init"": ""random"", ""max_iter"": 300, ""method"": ""alternate""}"
Trace,ed,lock-step,0.3294627975351239,0.5032788831864564,0.0015572000002066488,42,1,noise,0.2,200,200,275,4,,"{""init"": ""random"", ""max_iter"": 300, ""method"": ""alternate""}"
Trace,ed,lock-step,0.3294627975351239,0.5032788831864564,0.0015564000000267697,42,2,noise,0.2,200,200,275,4,,"{""init"": ""random"", ""max_iter"": 300, ""method"": ""alternate""}"
Trace,ed,lock-step,0.3294627975351239,0.5032788831864564,0.0051366999996389495,42,3,noise,0.2,200,200,275,4,,"{""init"": ""random"", ""max_iter"": 300, ""method"": ""alternate""}"
Trace,ed,lock-step,0.3684000206329467,0.4723507029125112,0.0019767999997384322,42,4,noise,0.2,200,200,275,4,,"{""init"": ""random"", ""max_iter"": 300, ""method"": ""alternate""}"
Trace,ed,lock-step,0.40104155638143857,0.5352605553467983,0.0027074999998148996,42,5,noise,0.2,200,200,275,4,,"{""init"": ""random"", ""max_iter"": 300, ""method"": ""alternate""}"
Trace,ed,lock-step,0.33008218822779267,0.5030565335862407,0.00270440000031158,42,6,noise,0.2,200,200,275,4,,"{""init"": ""random"", ""max_iter"": 300, ""method"": ""alternate""}"
Trace,ed,lock-step,0.3293473151695709,0.5027812536798704,0.003312499999992724,42,7,noise,0.2,200,200,275,4,,"{""init"": ""random"", ""max_iter"": 300, ""method"": ""alternate""}"
Trace,ed,lock-step,0.40104155638143857,0.5352605553467984,0.004141099999742437,42,8,noise,0.2,200,200,275,4,,"{""init"": ""random"", ""max_iter"": 300, ""method"": ""alternate""}"
Trace,ed,lock-step,0.33008218822779267,0.5030565335862407,0.0038598999999521766,42,9,noise,0.2,200,200,275,4,,"{""init"": ""random"", ""max_iter"": 300, ""method"": ""alternate""}"
Trace,ed,lock-step,0.40026637269898974,0.5352258536375802,0.001819599999635102,42,10,noise,0.2,200,200,275,4,,"{""init"": ""random"", ""max_iter"": 300, ""method"": ""alternate""}"
Trace,idk,distributional,0.5097095647159019,0.5382541947381287,42.956910800001424,42,1,noise,0.2,200,200,275,4,"{""backend"": ""aeon""}","{""init"": ""random"", ""max_iter"": 300, ""method"": ""alternate""}"
Trace,idk,distributional,0.4403804891167718,0.47027801862126223,42.372626400001536,42,2,noise,0.2,200,200,275,4,"{""backend"": ""aeon""}","{""init"": ""random"", ""max_iter"": 300, ""method"": ""alternate""}"
Trace,idk,distributional,0.28188890560403296,0.3672643772903548,42.55663319999985,42,3,noise,0.2,200,200,275,4,"{""backend"": ""aeon""}","{""init"": ""random"", ""max_iter"": 300, ""method"": ""alternate""}"
Trace,idk,distributional,0.21958166380984884,0.27526104824161396,47.61814020000202,42,4,noise,0.2,200,200,275,4,"{""backend"": ""aeon""}","{""init"": ""random"", ""max_iter"": 300, ""method"": ""alternate""}"
Trace,idk,distributional,0.43876030543797145,0.49023286857514864,49.762364700000035,42,5,noise,0.2,200,200,275,4,"{""backend"": ""aeon""}","{""init"": ""random"", ""max_iter"": 300, ""method"": ""alternate""}"
Trace,idk,distributional,0.1919859248269564,0.2418549996032668,37.67945580000196,42,6,noise,0.2,200,200,275,4,"{""backend"": ""aeon""}","{""init"": ""random"", ""max_iter"": 300, ""method"": ""alternate""}"
Trace,idk,distributional,0.47586333835736944,0.5517652879472078,37.26375460000054,42,7,noise,0.2,200,200,275,4,"{""backend"": ""aeon""}","{""init"": ""random"", ""max_iter"": 300, ""method"": ""alternate""}"
Trace,idk,distributional,0.46839353751013535,0.5531013018278732,54.75143569999818,42,8,noise,0.2,200,200,275,4,"{""backend"": ""aeon""}","{""init"": ""random"", ""max_iter"": 300, ""method"": ""alternate""}"
Trace,idk,distributional,0.26611932875835126,0.3022829785092299,39.83859819999816,42,9,noise,0.2,200,200,275,4,"{""backend"": ""aeon""}","{""init"": ""random"", ""max_iter"": 300, ""method"": ""alternate""}"
Trace,idk,distributional,0.5097095647159019,0.5382541947381289,40.43041739999899,42,10,noise,0.2,200,200,275,4,"{""backend"": ""aeon""}","{""init"": ""random"", ""max_iter"": 300, ""method"": ""alternate""}"
Trace,msm,elastic,0.4425308334648594,0.5732154838780529,15.235530599999947,42,1,noise,0.2,200,200,275,4,"{""c"": 1.0, ""backend"": ""aeon""}","{""init"": ""random"", ""max_iter"": 300, ""method"": ""alternate""}"
Trace,msm,elastic,0.327824339784601,0.5024932286605133,17.12725920000048,42,2,noise,0.2,200,200,275,4,"{""c"": 1.0, ""backend"": ""aeon""}","{""init"": ""random"", ""max_iter"": 300, ""method"": ""alternate""}"
Trace,msm,elastic,0.327824339784601,0.5024932286605133,17.139380999999958,42,3,noise,0.2,200,200,275,4,"{""c"": 1.0, ""backend"": ""aeon""}","{""init"": ""random"", ""max_iter"": 300, ""method"": ""alternate""}"
Trace,msm,elastic,0.43939525005247676,0.582804742408862,18.106154799999786,42,4,noise,0.2,200,200,275,4,"{""c"": 1.0, ""backend"": ""aeon""}","{""init"": ""random"", ""max_iter"": 300, ""method"": ""alternate""}"
Trace,msm,elastic,0.48152784961257544,0.6711543229695098,18.62004019999995,42,5,noise,0.2,200,200,275,4,"{""c"": 1.0, ""backend"": ""aeon""}","{""init"": ""random"", ""max_iter"": 300, ""method"": ""alternate""}"
Trace,msm,elastic,0.41191682874083746,0.547480783726806,17.610104500000034,42,6,noise,0.2,200,200,275,4,"{""c"": 1.0, ""backend"": ""aeon""}","{""init"": ""random"", ""max_iter"": 300, ""method"": ""alternate""}"
Trace,msm,elastic,0.346898457518967,0.5119871940367836,20.717360899999676,42,7,noise,0.2,200,200,275,4,"{""c"": 1.0, ""backend"": ""aeon""}","{""init"": ""random"", ""max_iter"": 300, ""method"": ""alternate""}"
Trace,msm,elastic,0.4367461129463736,0.5663267226772396,17.74143120000008,42,8,noise,0.2,200,200,275,4,"{""c"": 1.0, ""backend"": ""aeon""}","{""init"": ""random"", ""max_iter"": 300, ""method"": ""alternate""}"
Trace,msm,elastic,0.327824339784601,0.5024932286605133,18.96360039999945,42,9,noise,0.2,200,200,275,4,"{""c"": 1.0, ""backend"": ""aeon""}","{""init"": ""random"", ""max_iter"": 300, ""method"": ""alternate""}"
Trace,msm,elastic,0.440802160597273,0.5843621464128562,19.477773099999922,42,10,noise,0.2,200,200,275,4,"{""c"": 1.0, ""backend"": ""aeon""}","{""init"": ""random"", ""max_iter"": 300, ""method"": ""alternate""}"
Trace,sbd,sliding,0.6265193183816744,0.8005557179615888,3.2319705999998405,42,1,noise,0.2,200,200,275,4,"{""backend"": ""aeon"", ""n_jobs"": -1, ""candidate_k"": 20, ""paa_segments"": 32}","{""init"": ""random"", ""max_iter"": 300, ""method"": ""alternate""}"
Trace,sbd,sliding,0.6621061224489796,0.7502886160011997,2.4921594000006735,42,2,noise,0.2,200,200,275,4,"{""backend"": ""aeon"", ""n_jobs"": -1, ""candidate_k"": 20, ""paa_segments"": 32}","{""init"": ""random"", ""max_iter"": 300, ""method"": ""alternate""}"
Trace,sbd,sliding,0.6621061224489796,0.7502886160011997,2.4833534000008513,42,3,noise,0.2,200,200,275,4,"{""backend"": ""aeon"", ""n_jobs"": -1, ""candidate_k"": 20, ""paa_segments"": 32}","{""init"": ""random"", ""max_iter"": 300, ""method"": ""alternate""}"
Trace,sbd,sliding,0.663572323010511,0.7522843471933999,2.4286582999993698,42,4,noise,0.2,200,200,275,4,"{""backend"": ""aeon"", ""n_jobs"": -1, ""candidate_k"": 20, ""paa_segments"": 32}","{""init"": ""random"", ""max_iter"": 300, ""method"": ""alternate""}"
Trace,sbd,sliding,0.6265193183816744,0.8005557179615888,3.294641899998169,42,5,noise,0.2,200,200,275,4,"{""backend"": ""aeon"", ""n_jobs"": -1, ""candidate_k"": 20, ""paa_segments"": 32}","{""init"": ""random"", ""max_iter"": 300, ""method"": ""alternate""}"
Trace,sbd,sliding,0.3882850674435775,0.5135764483598612,2.8132920999978523,42,6,noise,0.2,200,200,275,4,"{""backend"": ""aeon"", ""n_jobs"": -1, ""candidate_k"": 20, ""paa_segments"": 32}","{""init"": ""random"", ""max_iter"": 300, ""method"": ""alternate""}"
Trace,sbd,sliding,0.663572323010511,0.7522843471933998,2.4363517000001593,42,7,noise,0.2,200,200,275,4,"{""backend"": ""aeon"", ""n_jobs"": -1, ""candidate_k"": 20, ""paa_segments"": 32}","{""init"": ""random"", ""max_iter"": 300, ""method"": ""alternate""}"
Trace,sbd,sliding,0.6621061224489796,0.7502886160011997,2.4995405999998184,42,8,noise,0.2,200,200,275,4,"{""backend"": ""aeon"", ""n_jobs"": -1, ""candidate_k"": 20, ""paa_segments"": 32}","{""init"": ""random"", ""max_iter"": 300, ""method"": ""alternate""}"
Trace,sbd,sliding,0.6621061224489796,0.7502886160011997,2.43905249999807,42,9,noise,0.2,200,200,275,4,"{""backend"": ""aeon"", ""n_jobs"": -1, ""candidate_k"": 20, ""paa_segments"": 32}","{""init"": ""random"", ""max_iter"": 300, ""method"": ""alternate""}"
Trace,sbd,sliding,0.6265193183816744,0.8005557179615889,4.276192200000878,42,10,noise,0.2,200,200,275,4,"{""backend"": ""aeon"", ""n_jobs"": -1, ""candidate_k"": 20, ""paa_segments"": 32}","{""init"": ""random"", ""max_iter"": 300, ""method"": ""alternate""}"
Trace,dtw,elastic,0.6635854311381788,0.7520396350501346,50.38018099999999,42,1,noise,0.4,200,200,275,4,"{""window"": 28, ""backend"": ""aeon""}","{""init"": ""random"", ""max_iter"": 300, ""method"": ""alternate""}"
Trace,dtw,elastic,0.6858342061643905,0.7832926337891031,53.99356650000027,42,2,noise,0.4,200,200,275,4,"{""window"": 28, ""backend"": ""aeon""}","{""init"": ""random"", ""max_iter"": 300, ""method"": ""alternate""}"
Trace,dtw,elastic,0.6635854311381788,0.7520396350501346,51.754633099999864,42,3,noise,0.4,200,200,275,4,"{""window"": 28, ""backend"": ""aeon""}","{""init"": ""random"", ""max_iter"": 300, ""method"": ""alternate""}"
Trace,dtw,elastic,0.40565628939143905,0.5395426688283154,64.48388509999995,42,4,noise,0.4,200,200,275,4,"{""window"": 28, ""backend"": ""aeon""}","{""init"": ""random"", ""max_iter"": 300, ""method"": ""alternate""}"
Trace,dtw,elastic,0.6809724816519833,0.8293595724997516,79.37890950000019,42,5,noise,0.4,200,200,275,4,"{""window"": 28, ""backend"": ""aeon""}","{""init"": ""random"", ""max_iter"": 300, ""method"": ""alternate""}"
Trace,dtw,elastic,0.4184938865419291,0.5561124427928813,82.07663660000071,42,6,noise,0.4,200,200,275,4,"{""window"": 28, ""backend"": ""aeon""}","{""init"": ""random"", ""max_iter"": 300, ""method"": ""alternate""}"
Trace,dtw,elastic,0.6635854311381788,0.7520396350501344,66.63351289999991,42,7,noise,0.4,200,200,275,4,"{""window"": 28, ""backend"": ""aeon""}","{""init"": ""random"", ""max_iter"": 300, ""method"": ""alternate""}"
Trace,dtw,elastic,0.6343350107663466,0.804029867109979,66.03083650000008,42,8,noise,0.4,200,200,275,4,"{""window"": 28, ""backend"": ""aeon""}","{""init"": ""random"", ""max_iter"": 300, ""method"": ""alternate""}"
Trace,dtw,elastic,0.6635854311381788,0.7520396350501344,95.56211799999983,42,9,noise,0.4,200,200,275,4,"{""window"": 28, ""backend"": ""aeon""}","{""init"": ""random"", ""max_iter"": 300, ""method"": ""alternate""}"
Trace,dtw,elastic,0.636740235410385,0.8051323722515673,71.94631459999891,42,10,noise,0.4,200,200,275,4,"{""window"": 28, ""backend"": ""aeon""}","{""init"": ""random"", ""max_iter"": 300, ""method"": ""alternate""}"
Trace,ed,lock-step,0.33004710256575226,0.503288232777202,0.004683699999986857,42,1,noise,0.4,200,200,275,4,,"{""init"": ""random"", ""max_iter"": 300, ""method"": ""alternate""}"
Trace,ed,lock-step,0.33004710256575226,0.503288232777202,0.0025946000000658387,42,2,noise,0.4,200,200,275,4,,"{""init"": ""random"", ""max_iter"": 300, ""method"": ""alternate""}"
Trace,ed,lock-step,0.33004710256575226,0.503288232777202,0.0025402999999641906,42,3,noise,0.4,200,200,275,4,,"{""init"": ""random"", ""max_iter"": 300, ""method"": ""alternate""}"
Trace,ed,lock-step,0.3930007530051946,0.5179143198100119,0.0018477999997230654,42,4,noise,0.4,200,200,275,4,,"{""init"": ""random"", ""max_iter"": 300, ""method"": ""alternate""}"
Trace,ed,lock-step,0.40104155638143857,0.5352605553467983,0.0018708000002334302,42,5,noise,0.4,200,200,275,4,,"{""init"": ""random"", ""max_iter"": 300, ""method"": ""alternate""}"
Trace,ed,lock-step,0.33004710256575226,0.503288232777202,0.003163700000186509,42,6,noise,0.4,200,200,275,4,,"{""init"": ""random"", ""max_iter"": 300, ""method"": ""alternate""}"
Trace,ed,lock-step,0.33004710256575226,0.503288232777202,0.006217899999683141,42,7,noise,0.4,200,200,275,4,,"{""init"": ""random"", ""max_iter"": 300, ""method"": ""alternate""}"
Trace,ed,lock-step,0.40104155638143857,0.5352605553467984,0.0033416999995097285,42,8,noise,0.4,200,200,275,4,,"{""init"": ""random"", ""max_iter"": 300, ""method"": ""alternate""}"
Trace,ed,lock-step,0.33004710256575226,0.503288232777202,0.0023477000004277215,42,9,noise,0.4,200,200,275,4,,"{""init"": ""random"", ""max_iter"": 300, ""method"": ""alternate""}"
Trace,ed,lock-step,0.409059755745675,0.5437655748118784,0.0028887000007671304,42,10,noise,0.4,200,200,275,4,,"{""init"": ""random"", ""max_iter"": 300, ""method"": ""alternate""}"
Trace,idk,distributional,0.6356719124096907,0.7075049759867547,43.83030130000043,42,1,noise,0.4,200,200,275,4,"{""backend"": ""aeon""}","{""init"": ""random"", ""max_iter"": 300, ""method"": ""alternate""}"
Trace,idk,distributional,0.33318494614055116,0.41694404158190507,39.36818049999965,42,2,noise,0.4,200,200,275,4,"{""backend"": ""aeon""}","{""init"": ""random"", ""max_iter"": 300, ""method"": ""alternate""}"
Trace,idk,distributional,0.5968285534641532,0.6583469552916494,40.01271160000033,42,3,noise,0.4,200,200,275,4,"{""backend"": ""aeon""}","{""init"": ""random"", ""max_iter"": 300, ""method"": ""alternate""}"
Trace,idk,distributional,0.4843073639471374,0.5413986102838831,39.99257920000127,42,4,noise,0.4,200,200,275,4,"{""backend"": ""aeon""}","{""init"": ""random"", ""max_iter"": 300, ""method"": ""alternate""}"
Trace,idk,distributional,0.3266408653811481,0.4257561000461348,53.82086789999994,42,5,noise,0.4,200,200,275,4,"{""backend"": ""aeon""}","{""init"": ""random"", ""max_iter"": 300, ""method"": ""alternate""}"
Trace,idk,distributional,0.30031249856959485,0.3904438045978568,41.50129449999804,42,6,noise,0.4,200,200,275,4,"{""backend"": ""aeon""}","{""init"": ""random"", ""max_iter"": 300, ""method"": ""alternate""}"
Trace,idk,distributional,0.32622557465359553,0.4224986530409287,38.715195000000676,42,7,noise,0.4,200,200,275,4,"{""backend"": ""aeon""}","{""init"": ""random"", ""max_iter"": 300, ""method"": ""alternate""}"
Trace,idk,distributional,0.4727975944287327,0.527504790296131,53.657856199999515,42,8,noise,0.4,200,200,275,4,"{""backend"": ""aeon""}","{""init"": ""random"", ""max_iter"": 300, ""method"": ""alternate""}"
Trace,idk,distributional,0.5308064826118851,0.5874097715678911,39.90579160000016,42,9,noise,0.4,200,200,275,4,"{""backend"": ""aeon""}","{""init"": ""random"", ""max_iter"": 300, ""method"": ""alternate""}"
Trace,idk,distributional,0.5663036618824728,0.6205975607658749,40.85962140000083,42,10,noise,0.4,200,200,275,4,"{""backend"": ""aeon""}","{""init"": ""random"", ""max_iter"": 300, ""method"": ""alternate""}"
Trace,msm,elastic,0.4570829979165054,0.5989603935921505,18.59533220000003,42,1,noise,0.4,200,200,275,4,"{""c"": 1.0, ""backend"": ""aeon""}","{""init"": ""random"", ""max_iter"": 300, ""method"": ""alternate""}"
Trace,msm,elastic,0.33093464709758064,0.5038598130428986,19.13299999999981,42,2,noise,0.4,200,200,275,4,"{""c"": 1.0, ""backend"": ""aeon""}","{""init"": ""random"", ""max_iter"": 300, ""method"": ""alternate""}"
Trace,msm,elastic,0.33093464709758064,0.5038598130428986,18.604740199999924,42,3,noise,0.4,200,200,275,4,"{""c"": 1.0, ""backend"": ""aeon""}","{""init"": ""random"", ""max_iter"": 300, ""method"": ""alternate""}"
Trace,msm,elastic,0.3417367889372934,0.5093799603736784,26.523304099999677,42,4,noise,0.4,200,200,275,4,"{""c"": 1.0, ""backend"": ""aeon""}","{""init"": ""random"", ""max_iter"": 300, ""method"": ""alternate""}"
Trace,msm,elastic,0.47146877418022065,0.639706125118581,23.4570877999995,42,5,noise,0.4,200,200,275,4,"{""c"": 1.0, ""backend"": ""aeon""}","{""init"": ""random"", ""max_iter"": 300, ""method"": ""alternate""}"
Trace,msm,elastic,0.4191308108513567,0.5597344622864883,26.72220649999872,42,6,noise,0.4,200,200,275,4,"{""c"": 1.0, ""backend"": ""aeon""}","{""init"": ""random"", ""max_iter"": 300, ""method"": ""alternate""}"
Trace,msm,elastic,0.3417367889372934,0.5093799603736784,23.872370900000533,42,7,noise,0.4,200,200,275,4,"{""c"": 1.0, ""backend"": ""aeon""}","{""init"": ""random"", ""max_iter"": 300, ""method"": ""alternate""}"
Trace,msm,elastic,0.4020466491201802,0.5351475264515022,47.032670900000994,42,8,noise,0.4,200,200,275,4,"{""c"": 1.0, ""backend"": ""aeon""}","{""init"": ""random"", ""max_iter"": 300, ""method"": ""alternate""}"
Trace,msm,elastic,0.33093464709758064,0.5038598130428986,26.298243699999148,42,9,noise,0.4,200,200,275,4,"{""c"": 1.0, ""backend"": ""aeon""}","{""init"": ""random"", ""max_iter"": 300, ""method"": ""alternate""}"
Trace,msm,elastic,0.4333407095247706,0.569042476872293,17.844060100000206,42,10,noise,0.4,200,200,275,4,"{""c"": 1.0, ""backend"": ""aeon""}","{""init"": ""random"", ""max_iter"": 300, ""method"": ""alternate""}"
Trace,sbd,sliding,0.6068170025798276,0.7705793477772628,2.507715100000496,42,1,noise,0.4,200,200,275,4,"{""backend"": ""aeon"", ""n_jobs"": -1, ""candidate_k"": 20, ""paa_segments"": 32}","{""init"": ""random"", ""max_iter"": 300, ""method"": ""alternate""}"
Trace,sbd,sliding,0.6516332187155852,0.7361351878366231,2.509041999997862,42,2,noise,0.4,200,200,275,4,"{""backend"": ""aeon"", ""n_jobs"": -1, ""candidate_k"": 20, ""paa_segments"": 32}","{""init"": ""random"", ""max_iter"": 300, ""method"": ""alternate""}"
Trace,sbd,sliding,0.6367285363350008,0.7212008687957184,2.4526244000007864,42,3,noise,0.4,200,200,275,4,"{""backend"": ""aeon"", ""n_jobs"": -1, ""candidate_k"": 20, ""paa_segments"": 32}","{""init"": ""random"", ""max_iter"": 300, ""method"": ""alternate""}"
Trace,sbd,sliding,0.6497268999332911,0.7339758160332079,2.434998999999152,42,4,noise,0.4,200,200,275,4,"{""backend"": ""aeon"", ""n_jobs"": -1, ""candidate_k"": 20, ""paa_segments"": 32}","{""init"": ""random"", ""max_iter"": 300, ""method"": ""alternate""}"
Trace,sbd,sliding,0.6069618065208615,0.7709366177510584,2.454177899999195,42,5,noise,0.4,200,200,275,4,"{""backend"": ""aeon"", ""n_jobs"": -1, ""candidate_k"": 20, ""paa_segments"": 32}","{""init"": ""random"", ""max_iter"": 300, ""method"": ""alternate""}"
Trace,sbd,sliding,0.4034205166375964,0.5291115124284002,2.429806300000564,42,6,noise,0.4,200,200,275,4,"{""backend"": ""aeon"", ""n_jobs"": -1, ""candidate_k"": 20, ""paa_segments"": 32}","{""init"": ""random"", ""max_iter"": 300, ""method"": ""alternate""}"
Trace,sbd,sliding,0.6497268999332911,0.7339758160332079,3.3293507999987924,42,7,noise,0.4,200,200,275,4,"{""backend"": ""aeon"", ""n_jobs"": -1, ""candidate_k"": 20, ""paa_segments"": 32}","{""init"": ""random"", ""max_iter"": 300, ""method"": ""alternate""}"
Trace,sbd,sliding,0.6319719472688161,0.7894584283980275,2.43141519999881,42,8,noise,0.4,200,200,275,4,"{""backend"": ""aeon"", ""n_jobs"": -1, ""candidate_k"": 20, ""paa_segments"": 32}","{""init"": ""random"", ""max_iter"": 300, ""method"": ""alternate""}"
Trace,sbd,sliding,0.6387051937172211,0.7233228873469739,2.4313786000002438,42,9,noise,0.4,200,200,275,4,"{""backend"": ""aeon"", ""n_jobs"": -1, ""candidate_k"": 20, ""paa_segments"": 32}","{""init"": ""random"", ""max_iter"": 300, ""method"": ""alternate""}"
Trace,sbd,sliding,0.6161803183842245,0.782758810395865,3.3159673000009207,42,10,noise,0.4,200,200,275,4,"{""backend"": ""aeon"", ""n_jobs"": -1, ""candidate_k"": 20, ""paa_segments"": 32}","{""init"": ""random"", ""max_iter"": 300, ""method"": ""alternate""}"
Trace,dtw,elastic,0.48658521462039067,0.6026086100648844,67.0220374999999,42,1,noise,0.8,200,200,275,4,"{""window"": 28, ""backend"": ""aeon""}","{""init"": ""random"", ""max_iter"": 300, ""method"": ""alternate""}"
Trace,dtw,elastic,0.5374423973607794,0.6485177673294308,51.87434310000026,42,2,noise,0.8,200,200,275,4,"{""window"": 28, ""backend"": ""aeon""}","{""init"": ""random"", ""max_iter"": 300, ""method"": ""alternate""}"
Trace,dtw,elastic,0.4846992827187411,0.6014951953789901,47.584468000000925,42,3,noise,0.8,200,200,275,4,"{""window"": 28, ""backend"": ""aeon""}","{""init"": ""random"", ""max_iter"": 300, ""method"": ""alternate""}"
Trace,dtw,elastic,0.39922973592243116,0.5332047085326346,52.107767700000295,42,4,noise,0.8,200,200,275,4,"{""window"": 28, ""backend"": ""aeon""}","{""init"": ""random"", ""max_iter"": 300, ""method"": ""alternate""}"
Trace,dtw,elastic,0.5987455271761205,0.7531325637018933,51.18082440000035,42,5,noise,0.8,200,200,275,4,"{""window"": 28, ""backend"": ""aeon""}","{""init"": ""random"", ""max_iter"": 300, ""method"": ""alternate""}"
Trace,dtw,elastic,0.4121724000306006,0.5483594232258424,53.002604400000564,42,6,noise,0.8,200,200,275,4,"{""window"": 28, ""backend"": ""aeon""}","{""init"": ""random"", ""max_iter"": 300, ""method"": ""alternate""}"
Trace,dtw,elastic,0.5041470170934397,0.6128025216358262,50.18901370000003,42,7,noise,0.8,200,200,275,4,"{""window"": 28, ""backend"": ""aeon""}","{""init"": ""random"", ""max_iter"": 300, ""method"": ""alternate""}"
Trace,dtw,elastic,0.3315366825564853,0.5037146888892725,53.240258699999686,42,8,noise,0.8,200,200,275,4,"{""window"": 28, ""backend"": ""aeon""}","{""init"": ""random"", ""max_iter"": 300, ""method"": ""alternate""}"
Trace,dtw,elastic,0.6306166727582809,0.7767569044101295,53.430183899999975,42,9,noise,0.8,200,200,275,4,"{""window"": 28, ""backend"": ""aeon""}","{""init"": ""random"", ""max_iter"": 300, ""method"": ""alternate""}"
Trace,dtw,elastic,0.4548889486470103,0.6001318107241044,49.0578888,42,10,noise,0.8,200,200,275,4,"{""window"": 28, ""backend"": ""aeon""}","{""init"": ""random"", ""max_iter"": 300, ""method"": ""alternate""}"
Trace,ed,lock-step,0.33003355818446833,0.5033804565236418,0.0016821999997773673,42,1,noise,0.8,200,200,275,4,,"{""init"": ""random"", ""max_iter"": 300, ""method"": ""alternate""}"
Trace,ed,lock-step,0.3630345611039931,0.5190762046500491,0.009320600000137347,42,2,noise,0.8,200,200,275,4,,"{""init"": ""random"", ""max_iter"": 300, ""method"": ""alternate""}"
Trace,ed,lock-step,0.33003355818446833,0.5033804565236418,0.001246799999535142,42,3,noise,0.8,200,200,275,4,,"{""init"": ""random"", ""max_iter"": 300, ""method"": ""alternate""}"
Trace,ed,lock-step,0.3629750711587842,0.465285793773285,0.0014160999999148771,42,4,noise,0.8,200,200,275,4,,"{""init"": ""random"", ""max_iter"": 300, ""method"": ""alternate""}"
Trace,ed,lock-step,0.39911352802758776,0.5332440414687452,0.001481700000113051,42,5,noise,0.8,200,200,275,4,,"{""init"": ""random"", ""max_iter"": 300, ""method"": ""alternate""}"
Trace,ed,lock-step,0.39989272470236215,0.5226666127572153,0.0011939999994865502,42,6,noise,0.8,200,200,275,4,,"{""init"": ""random"", ""max_iter"": 300, ""method"": ""alternate""}"
Trace,ed,lock-step,0.33003355818446833,0.5033804565236418,0.005865699999958451,42,7,noise,0.8,200,200,275,4,,"{""init"": ""random"", ""max_iter"": 300, ""method"": ""alternate""}"
Trace,ed,lock-step,0.39911352802758776,0.5332440414687452,0.001372500000798027,42,8,noise,0.8,200,200,275,4,,"{""init"": ""random"", ""max_iter"": 300, ""method"": ""alternate""}"
Trace,ed,lock-step,0.39911352802758776,0.5332440414687452,0.002603100000669656,42,9,noise,0.8,200,200,275,4,,"{""init"": ""random"", ""max_iter"": 300, ""method"": ""alternate""}"
Trace,ed,lock-step,0.40439532442467147,0.5378584582249543,0.010517899999285873,42,10,noise,0.8,200,200,275,4,,"{""init"": ""random"", ""max_iter"": 300, ""method"": ""alternate""}"
Trace,idk,distributional,0.37080969606498526,0.45307741558083325,42.887007999999696,42,1,noise,0.8,200,200,275,4,"{""backend"": ""aeon""}","{""init"": ""random"", ""max_iter"": 300, ""method"": ""alternate""}"
Trace,idk,distributional,0.2731921110299489,0.3127144486247024,39.67752060000021,42,2,noise,0.8,200,200,275,4,"{""backend"": ""aeon""}","{""init"": ""random"", ""max_iter"": 300, ""method"": ""alternate""}"
Trace,idk,distributional,0.2657001978014249,0.3941767711789262,40.54754940000021,42,3,noise,0.8,200,200,275,4,"{""backend"": ""aeon""}","{""init"": ""random"", ""max_iter"": 300, ""method"": ""alternate""}"
Trace,idk,distributional,0.26606266034795384,0.3260421179677628,40.88120130000061,42,4,noise,0.8,200,200,275,4,"{""backend"": ""aeon""}","{""init"": ""random"", ""max_iter"": 300, ""method"": ""alternate""}"
Trace,idk,distributional,0.3146261972490573,0.39059345274215224,54.4696186000001,42,5,noise,0.8,200,200,275,4,"{""backend"": ""aeon""}","{""init"": ""random"", ""max_iter"": 300, ""method"": ""alternate""}"
Trace,idk,distributional,0.30925274660223173,0.37985310125078514,40.06603199999881,42,6,noise,0.8,200,200,275,4,"{""backend"": ""aeon""}","{""init"": ""random"", ""max_iter"": 300, ""method"": ""alternate""}"
Trace,idk,distributional,0.23670363432816147,0.3093032019551833,40.654028500001004,42,7,noise,0.8,200,200,275,4,"{""backend"": ""aeon""}","{""init"": ""random"", ""max_iter"": 300, ""method"": ""alternate""}"
Trace,idk,distributional,0.3548478286343405,0.39363881181059035,53.70088340000075,42,8,noise,0.8,200,200,275,4,"{""backend"": ""aeon""}","{""init"": ""random"", ""max_iter"": 300, ""method"": ""alternate""}"
Trace,idk,distributional,0.3566112288299124,0.4041924740667981,43.46814380000069,42,9,noise,0.8,200,200,275,4,"{""backend"": ""aeon""}","{""init"": ""random"", ""max_iter"": 300, ""method"": ""alternate""}"
Trace,idk,distributional,0.2706432866067092,0.3979177573671927,40.82095939999999,42,10,noise,0.8,200,200,275,4,"{""backend"": ""aeon""}","{""init"": ""random"", ""max_iter"": 300, ""method"": ""alternate""}"
Trace,msm,elastic,0.4258904168180238,0.5693182261769734,14.743896100000711,42,1,noise,0.8,200,200,275,4,"{""c"": 1.0, ""backend"": ""aeon""}","{""init"": ""random"", ""max_iter"": 300, ""method"": ""alternate""}"
Trace,msm,elastic,0.3249806444433437,0.5007419757416085,14.566551100000652,42,2,noise,0.8,200,200,275,4,"{""c"": 1.0, ""backend"": ""aeon""}","{""init"": ""random"", ""max_iter"": 300, ""method"": ""alternate""}"
Trace,msm,elastic,0.3249806444433437,0.5007419757416085,14.327031899999383,42,3,noise,0.8,200,200,275,4,"{""c"": 1.0, ""backend"": ""aeon""}","{""init"": ""random"", ""max_iter"": 300, ""method"": ""alternate""}"
Trace,msm,elastic,0.4006324200321036,0.5346693547877326,15.2166943000002,42,4,noise,0.8,200,200,275,4,"{""c"": 1.0, ""backend"": ""aeon""}","{""init"": ""random"", ""max_iter"": 300, ""method"": ""alternate""}"
Trace,msm,elastic,0.45972763505251074,0.6183465263235903,14.863411999998789,42,5,noise,0.8,200,200,275,4,"{""c"": 1.0, ""backend"": ""aeon""}","{""init"": ""random"", ""max_iter"": 300, ""method"": ""alternate""}"
Trace,msm,elastic,0.40630140143253834,0.5393459881342995,15.16959240000051,42,6,noise,0.8,200,200,275,4,"{""c"": 1.0, ""backend"": ""aeon""}","{""init"": ""random"", ""max_iter"": 300, ""method"": ""alternate""}"
Trace,msm,elastic,0.3249806444433437,0.5007419757416085,14.435508599999594,42,7,noise,0.8,200,200,275,4,"{""c"": 1.0, ""backend"": ""aeon""}","{""init"": ""random"", ""max_iter"": 300, ""method"": ""alternate""}"
Trace,msm,elastic,0.4258904168180238,0.5693182261769735,15.608676500000911,42,8,noise,0.8,200,200,275,4,"{""c"": 1.0, ""backend"": ""aeon""}","{""init"": ""random"", ""max_iter"": 300, ""method"": ""alternate""}"
Trace,msm,elastic,0.3249806444433437,0.5007419757416085,16.765981499999725,42,9,noise,0.8,200,200,275,4,"{""c"": 1.0, ""backend"": ""aeon""}","{""init"": ""random"", ""max_iter"": 300, ""method"": ""alternate""}"
Trace,msm,elastic,0.4034803317919545,0.5392830763891912,15.500593599999775,42,10,noise,0.8,200,200,275,4,"{""c"": 1.0, ""backend"": ""aeon""}","{""init"": ""random"", ""max_iter"": 300, ""method"": ""alternate""}"
Trace,sbd,sliding,0.5697861954741139,0.7142456085532592,2.4169480000000476,42,1,noise,0.8,200,200,275,4,"{""backend"": ""aeon"", ""n_jobs"": -1, ""candidate_k"": 20, ""paa_segments"": 32}","{""init"": ""random"", ""max_iter"": 300, ""method"": ""alternate""}"
Trace,sbd,sliding,0.32660101497078514,0.5016136754742485,2.435116900000139,42,2,noise,0.8,200,200,275,4,"{""backend"": ""aeon"", ""n_jobs"": -1, ""candidate_k"": 20, ""paa_segments"": 32}","{""init"": ""random"", ""max_iter"": 300, ""method"": ""alternate""}"
Trace,sbd,sliding,0.5421102951204998,0.6393267082734644,3.2889991000010923,42,3,noise,0.8,200,200,275,4,"{""backend"": ""aeon"", ""n_jobs"": -1, ""candidate_k"": 20, ""paa_segments"": 32}","{""init"": ""random"", ""max_iter"": 300, ""method"": ""alternate""}"
Trace,sbd,sliding,0.33875073220086266,0.5065525361917411,4.225695799999812,42,4,noise,0.8,200,200,275,4,"{""backend"": ""aeon"", ""n_jobs"": -1, ""candidate_k"": 20, ""paa_segments"": 32}","{""init"": ""random"", ""max_iter"": 300, ""method"": ""alternate""}"
Trace,sbd,sliding,0.5544882503116736,0.7063273240178928,3.311936899999637,42,5,noise,0.8,200,200,275,4,"{""backend"": ""aeon"", ""n_jobs"": -1, ""candidate_k"": 20, ""paa_segments"": 32}","{""init"": ""random"", ""max_iter"": 300, ""method"": ""alternate""}"
Trace,sbd,sliding,0.4239368329388001,0.5708334160014109,2.4003952000002755,42,6,noise,0.8,200,200,275,4,"{""backend"": ""aeon"", ""n_jobs"": -1, ""candidate_k"": 20, ""paa_segments"": 32}","{""init"": ""random"", ""max_iter"": 300, ""method"": ""alternate""}"
Trace,sbd,sliding,0.5434065265860415,0.6404361370775179,2.418817300000228,42,7,noise,0.8,200,200,275,4,"{""backend"": ""aeon"", ""n_jobs"": -1, ""candidate_k"": 20, ""paa_segments"": 32}","{""init"": ""random"", ""max_iter"": 300, ""method"": ""alternate""}"
Trace,sbd,sliding,0.4884680833668401,0.6415087639240182,2.4428817000007257,42,8,noise,0.8,200,200,275,4,"{""backend"": ""aeon"", ""n_jobs"": -1, ""candidate_k"": 20, ""paa_segments"": 32}","{""init"": ""random"", ""max_iter"": 300, ""method"": ""alternate""}"
Trace,sbd,sliding,0.5421102951204998,0.6393267082734644,2.4235236999993504,42,9,noise,0.8,200,200,275,4,"{""backend"": ""aeon"", ""n_jobs"": -1, ""candidate_k"": 20, ""paa_segments"": 32}","{""init"": ""random"", ""max_iter"": 300, ""method"": ""alternate""}"
Trace,sbd,sliding,0.5794434927767614,0.7315998302344229,2.4879817000000912,42,10,noise,0.8,200,200,275,4,"{""backend"": ""aeon"", ""n_jobs"": -1, ""candidate_k"": 20, ""paa_segments"": 32}","{""init"": ""random"", ""max_iter"": 300, ""method"": ""alternate""}"
Trace,dtw,elastic,0.6258062067299321,0.800246559228825,51.88076419999925,42,1,shift,0.0,200,200,275,4,"{""window"": 28, ""backend"": ""aeon""}","{""init"": ""random"", ""max_iter"": 300, ""method"": ""alternate""}"
Trace,dtw,elastic,0.6695430576205196,0.7584153924830414,51.281202699999085,42,2,shift,0.0,200,200,275,4,"{""window"": 28, ""backend"": ""aeon""}","{""init"": ""random"", ""max_iter"": 300, ""method"": ""alternate""}"
Trace,dtw,elastic,0.6655235055431996,0.7525044461276025,52.022807000000284,42,3,shift,0.0,200,200,275,4,"{""window"": 28, ""backend"": ""aeon""}","{""init"": ""random"", ""max_iter"": 300, ""method"": ""alternate""}"
Trace,dtw,elastic,0.4095704245400628,0.5442029245450124,52.05148740000004,42,4,shift,0.0,200,200,275,4,"{""window"": 28, ""backend"": ""aeon""}","{""init"": ""random"", ""max_iter"": 300, ""method"": ""alternate""}"
Trace,dtw,elastic,0.6423800966262183,0.8077843044298384,48.563532600000144,42,5,shift,0.0,200,200,275,4,"{""window"": 28, ""backend"": ""aeon""}","{""init"": ""random"", ""max_iter"": 300, ""method"": ""alternate""}"
Trace,dtw,elastic,0.4716834216187735,0.6627959101608362,50.24908929999947,42,6,shift,0.0,200,200,275,4,"{""window"": 28, ""backend"": ""aeon""}","{""init"": ""random"", ""max_iter"": 300, ""method"": ""alternate""}"
Trace,dtw,elastic,0.6655235055431996,0.7525044461276026,50.216084700000465,42,7,shift,0.0,200,200,275,4,"{""window"": 28, ""backend"": ""aeon""}","{""init"": ""random"", ""max_iter"": 300, ""method"": ""alternate""}"
Trace,dtw,elastic,0.6275169462086189,0.8009903500739666,52.95465199999944,42,8,shift,0.0,200,200,275,4,"{""window"": 28, ""backend"": ""aeon""}","{""init"": ""random"", ""max_iter"": 300, ""method"": ""alternate""}"
Trace,dtw,elastic,0.6258062067299321,0.800246559228825,52.40564480000012,42,9,shift,0.0,200,200,275,4,"{""window"": 28, ""backend"": ""aeon""}","{""init"": ""random"", ""max_iter"": 300, ""method"": ""alternate""}"
Trace,dtw,elastic,0.6423800966262183,0.8077843044298384,49.8061974000002,42,10,shift,0.0,200,200,275,4,"{""window"": 28, ""backend"": ""aeon""}","{""init"": ""random"", ""max_iter"": 300, ""method"": ""alternate""}"
Trace,ed,lock-step,0.3970771698449474,0.5310472906884609,0.0019095999996352475,42,1,shift,0.0,200,200,275,4,,"{""init"": ""random"", ""max_iter"": 300, ""method"": ""alternate""}"
Trace,ed,lock-step,0.3293473151695709,0.5027812536798705,0.0023504000000684755,42,2,shift,0.0,200,200,275,4,,"{""init"": ""random"", ""max_iter"": 300, ""method"": ""alternate""}"
Trace,ed,lock-step,0.3293473151695709,0.5027812536798704,0.03943410000010772,42,3,shift,0.0,200,200,275,4,,"{""init"": ""random"", ""max_iter"": 300, ""method"": ""alternate""}"
Trace,ed,lock-step,0.393930573582276,0.528533951323854,0.001818299999285955,42,4,shift,0.0,200,200,275,4,,"{""init"": ""random"", ""max_iter"": 300, ""method"": ""alternate""}"
Trace,ed,lock-step,0.4010723406827558,0.5350890051293287,0.0019403999995120103,42,5,shift,0.0,200,200,275,4,,"{""init"": ""random"", ""max_iter"": 300, ""method"": ""alternate""}"
Trace,ed,lock-step,0.3293473151695709,0.5027812536798705,0.0025187999999616295,42,6,shift,0.0,200,200,275,4,,"{""init"": ""random"", ""max_iter"": 300, ""method"": ""alternate""}"
Trace,ed,lock-step,0.3293473151695709,0.5027812536798704,0.00418089999948279,42,7,shift,0.0,200,200,275,4,,"{""init"": ""random"", ""max_iter"": 300, ""method"": ""alternate""}"
Trace,ed,lock-step,0.4010723406827558,0.5350890051293287,0.16866740000023128,42,8,shift,0.0,200,200,275,4,,"{""init"": ""random"", ""max_iter"": 300, ""method"": ""alternate""}"
Trace,ed,lock-step,0.3293473151695709,0.5027812536798704,0.0021901999998590327,42,9,shift,0.0,200,200,275,4,,"{""init"": ""random"", ""max_iter"": 300, ""method"": ""alternate""}"
Trace,ed,lock-step,0.40602902348360365,0.5408223494611252,0.003641799999968498,42,10,shift,0.0,200,200,275,4,,"{""init"": ""random"", ""max_iter"": 300, ""method"": ""alternate""}"
Trace,idk,distributional,0.15599917483014802,0.24029383127825135,41.7989278999994,42,1,shift,0.0,200,200,275,4,"{""backend"": ""aeon""}","{""init"": ""random"", ""max_iter"": 300, ""method"": ""alternate""}"
Trace,idk,distributional,0.1952401501166655,0.24447440435710863,41.31009179999819,42,2,shift,0.0,200,200,275,4,"{""backend"": ""aeon""}","{""init"": ""random"", ""max_iter"": 300, ""method"": ""alternate""}"
Trace,idk,distributional,0.20740003854834396,0.2721365953336342,39.56780500000241,42,3,shift,0.0,200,200,275,4,"{""backend"": ""aeon""}","{""init"": ""random"", ""max_iter"": 300, ""method"": ""alternate""}"
Trace,idk,distributional,0.16839192218415824,0.23222368754698516,43.02856090000023,42,4,shift,0.0,200,200,275,4,"{""backend"": ""aeon""}","{""init"": ""random"", ""max_iter"": 300, ""method"": ""alternate""}"
Trace,idk,distributional,0.22869822503868004,0.2658542436731486,54.47554990000026,42,5,shift,0.0,200,200,275,4,"{""backend"": ""aeon""}","{""init"": ""random"", ""max_iter"": 300, ""method"": ""alternate""}"
Trace,idk,distributional,0.03175250987518855,0.10067139291339597,40.37189010000111,42,6,shift,0.0,200,200,275,4,"{""backend"": ""aeon""}","{""init"": ""random"", ""max_iter"": 300, ""method"": ""alternate""}"
Trace,idk,distributional,0.198726354241998,0.2416015186487256,41.29446960000132,42,7,shift,0.0,200,200,275,4,"{""backend"": ""aeon""}","{""init"": ""random"", ""max_iter"": 300, ""method"": ""alternate""}"
Trace,idk,distributional,0.2101014386762169,0.28631796939860354,53.88371229999939,42,8,shift,0.0,200,200,275,4,"{""backend"": ""aeon""}","{""init"": ""random"", ""max_iter"": 300, ""method"": ""alternate""}"
Trace,idk,distributional,0.22228368458441866,0.2743465316026243,40.92283280000083,42,9,shift,0.0,200,200,275,4,"{""backend"": ""aeon""}","{""init"": ""random"", ""max_iter"": 300, ""method"": ""alternate""}"
Trace,idk,distributional,0.23330501058932443,0.2858748384869865,41.67292670000097,42,10,shift,0.0,200,200,275,4,"{""backend"": ""aeon""}","{""init"": ""random"", ""max_iter"": 300, ""method"": ""alternate""}"
Trace,msm,elastic,0.47508778265526974,0.6111570311240329,17.688152399999126,42,1,shift,0.0,200,200,275,4,"{""c"": 1.0, ""backend"": ""aeon""}","{""init"": ""random"", ""max_iter"": 300, ""method"": ""alternate""}"
Trace,msm,elastic,0.34065271864654384,0.5089173059499711,17.22420659999989,42,2,shift,0.0,200,200,275,4,"{""c"": 1.0, ""backend"": ""aeon""}","{""init"": ""random"", ""max_iter"": 300, ""method"": ""alternate""}"
Trace,msm,elastic,0.34065271864654384,0.5089173059499711,17.470772800000304,42,3,shift,0.0,200,200,275,4,"{""c"": 1.0, ""backend"": ""aeon""}","{""init"": ""random"", ""max_iter"": 300, ""method"": ""alternate""}"
Trace,msm,elastic,0.34065271864654384,0.5089173059499711,17.2275467999998,42,4,shift,0.0,200,200,275,4,"{""c"": 1.0, ""backend"": ""aeon""}","{""init"": ""random"", ""max_iter"": 300, ""method"": ""alternate""}"
Trace,msm,elastic,0.4848984915126794,0.6735370190814333,17.986555199999202,42,5,shift,0.0,200,200,275,4,"{""c"": 1.0, ""backend"": ""aeon""}","{""init"": ""random"", ""max_iter"": 300, ""method"": ""alternate""}"
Trace,msm,elastic,0.40644456952737157,0.5411994180858049,17.292641699999876,42,6,shift,0.0,200,200,275,4,"{""c"": 1.0, ""backend"": ""aeon""}","{""init"": ""random"", ""max_iter"": 300, ""method"": ""alternate""}"
Trace,msm,elastic,0.34013469230609006,0.5082473123885117,16.740982400000576,42,7,shift,0.0,200,200,275,4,"{""c"": 1.0, ""backend"": ""aeon""}","{""init"": ""random"", ""max_iter"": 300, ""method"": ""alternate""}"
Trace,msm,elastic,0.3471097724890644,0.5124363745387334,17.720521900000676,42,8,shift,0.0,200,200,275,4,"{""c"": 1.0, ""backend"": ""aeon""}","{""init"": ""random"", ""max_iter"": 300, ""method"": ""alternate""}"
Trace,msm,elastic,0.34065271864654384,0.5089173059499711,16.291462999999567,42,9,shift,0.0,200,200,275,4,"{""c"": 1.0, ""backend"": ""aeon""}","{""init"": ""random"", ""max_iter"": 300, ""method"": ""alternate""}"
Trace,msm,elastic,0.4672539154643533,0.6100677595940187,18.110268700000233,42,10,shift,0.0,200,200,275,4,"{""c"": 1.0, ""backend"": ""aeon""}","{""init"": ""random"", ""max_iter"": 300, ""method"": ""alternate""}"
Trace,sbd,sliding,0.6258062067299321,0.800246559228825,2.4623811000001297,42,1,shift,0.0,200,200,275,4,"{""backend"": ""aeon"", ""n_jobs"": -1, ""candidate_k"": 20, ""paa_segments"": 32}","{""init"": ""random"", ""max_iter"": 300, ""method"": ""alternate""}"
Trace,sbd,sliding,0.6619090643948742,0.7503161040328223,2.8077760999985912,42,2,shift,0.0,200,200,275,4,"{""backend"": ""aeon"", ""n_jobs"": -1, ""candidate_k"": 20, ""paa_segments"": 32}","{""init"": ""random"", ""max_iter"": 300, ""method"": ""alternate""}"
Trace,sbd,sliding,0.6619090643948742,0.7503161040328223,3.3548439999995026,42,3,shift,0.0,200,200,275,4,"{""backend"": ""aeon"", ""n_jobs"": -1, ""candidate_k"": 20, ""paa_segments"": 32}","{""init"": ""random"", ""max_iter"": 300, ""method"": ""alternate""}"
Trace,sbd,sliding,0.663572323010511,0.7522843471933999,2.439147500001127,42,4,shift,0.0,200,200,275,4,"{""backend"": ""aeon"", ""n_jobs"": -1, ""candidate_k"": 20, ""paa_segments"": 32}","{""init"": ""random"", ""max_iter"": 300, ""method"": ""alternate""}"
Trace,sbd,sliding,0.6258062067299321,0.800246559228825,2.4410564999998314,42,5,shift,0.0,200,200,275,4,"{""backend"": ""aeon"", ""n_jobs"": -1, ""candidate_k"": 20, ""paa_segments"": 32}","{""init"": ""random"", ""max_iter"": 300, ""method"": ""alternate""}"
Trace,sbd,sliding,0.38172444999296534,0.5028837084715381,4.328950299999633,42,6,shift,0.0,200,200,275,4,"{""backend"": ""aeon"", ""n_jobs"": -1, ""candidate_k"": 20, ""paa_segments"": 32}","{""init"": ""random"", ""max_iter"": 300, ""method"": ""alternate""}"
Trace,sbd,sliding,0.663572323010511,0.7522843471933998,3.295890600000348,42,7,shift,0.0,200,200,275,4,"{""backend"": ""aeon"", ""n_jobs"": -1, ""candidate_k"": 20, ""paa_segments"": 32}","{""init"": ""random"", ""max_iter"": 300, ""method"": ""alternate""}"
Trace,sbd,sliding,0.6619090643948742,0.7503161040328223,2.437805899999148,42,8,shift,0.0,200,200,275,4,"{""backend"": ""aeon"", ""n_jobs"": -1, ""candidate_k"": 20, ""paa_segments"": 32}","{""init"": ""random"", ""max_iter"": 300, ""method"": ""alternate""}"
Trace,sbd,sliding,0.38381938142156735,0.49941701495449226,2.4492161000016495,42,9,shift,0.0,200,200,275,4,"{""backend"": ""aeon"", ""n_jobs"": -1, ""candidate_k"": 20, ""paa_segments"": 32}","{""init"": ""random"", ""max_iter"": 300, ""method"": ""alternate""}"
Trace,sbd,sliding,0.6258062067299321,0.800246559228825,3.3905506000010064,42,10,shift,0.0,200,200,275,4,"{""backend"": ""aeon"", ""n_jobs"": -1, ""candidate_k"": 20, ""paa_segments"": 32}","{""init"": ""random"", ""max_iter"": 300, ""method"": ""alternate""}"
Trace,dtw,elastic,0.6394225729645547,0.8063816560847118,52.76431719999982,42,1,shift,10.0,200,200,275,4,"{""window"": 28, ""backend"": ""aeon""}","{""init"": ""random"", ""max_iter"": 300, ""method"": ""alternate""}"
Trace,dtw,elastic,0.6687142760624282,0.7554561998295833,50.84683610000047,42,2,shift,10.0,200,200,275,4,"{""window"": 28, ""backend"": ""aeon""}","{""init"": ""random"", ""max_iter"": 300, ""method"": ""alternate""}"
Trace,dtw,elastic,0.6687142760624282,0.7554561998295833,57.71098189999884,42,3,shift,10.0,200,200,275,4,"{""window"": 28, ""backend"": ""aeon""}","{""init"": ""random"", ""max_iter"": 300, ""method"": ""alternate""}"
Trace,dtw,elastic,0.41827094732740944,0.5527131879422673,52.82048070000019,42,4,shift,10.0,200,200,275,4,"{""window"": 28, ""backend"": ""aeon""}","{""init"": ""random"", ""max_iter"": 300, ""method"": ""alternate""}"
Trace,dtw,elastic,0.636740235410385,0.8051323722515673,52.70768459999999,42,5,shift,10.0,200,200,275,4,"{""window"": 28, ""backend"": ""aeon""}","{""init"": ""random"", ""max_iter"": 300, ""method"": ""alternate""}"
Trace,dtw,elastic,0.4161357482399663,0.5469085840497363,80.75781139999981,42,6,shift,10.0,200,200,275,4,"{""window"": 28, ""backend"": ""aeon""}","{""init"": ""random"", ""max_iter"": 300, ""method"": ""alternate""}"
Trace,dtw,elastic,0.6687142760624282,0.7554561998295833,71.13546230000065,42,7,shift,10.0,200,200,275,4,"{""window"": 28, ""backend"": ""aeon""}","{""init"": ""random"", ""max_iter"": 300, ""method"": ""alternate""}"
Trace,dtw,elastic,0.6275169462086189,0.8009903500739665,70.81512910000038,42,8,shift,10.0,200,200,275,4,"{""window"": 28, ""backend"": ""aeon""}","{""init"": ""random"", ""max_iter"": 300, ""method"": ""alternate""}"
Trace,dtw,elastic,0.6275169462086189,0.8009903500739665,75.24780329999976,42,9,shift,10.0,200,200,275,4,"{""window"": 28, ""backend"": ""aeon""}","{""init"": ""random"", ""max_iter"": 300, ""method"": ""alternate""}"
Trace,dtw,elastic,0.6491120490753046,0.8110826177824504,59.076692900000126,42,10,shift,10.0,200,200,275,4,"{""window"": 28, ""backend"": ""aeon""}","{""init"": ""random"", ""max_iter"": 300, ""method"": ""alternate""}"
Trace,ed,lock-step,0.32180685174749474,0.4606474823938277,0.0016945999996096361,42,1,shift,10.0,200,200,275,4,,"{""init"": ""random"", ""max_iter"": 300, ""method"": ""alternate""}"
Trace,ed,lock-step,0.32180685174749474,0.4606474823938277,0.0021667999999408494,42,2,shift,10.0,200,200,275,4,,"{""init"": ""random"", ""max_iter"": 300, ""method"": ""alternate""}"
Trace,ed,lock-step,0.30701690610355115,0.46108644039676644,0.002867300000616524,42,3,shift,10.0,200,200,275,4,,"{""init"": ""random"", ""max_iter"": 300, ""method"": ""alternate""}"
Trace,ed,lock-step,0.3058494687925333,0.4599480429230072,0.00213400000029651,42,4,shift,10.0,200,200,275,4,,"{""init"": ""random"", ""max_iter"": 300, ""method"": ""alternate""}"
Trace,ed,lock-step,0.3726773427743173,0.48801510871346687,0.3283805000000939,42,5,shift,10.0,200,200,275,4,,"{""init"": ""random"", ""max_iter"": 300, ""method"": ""alternate""}"
Trace,ed,lock-step,0.35752226416091204,0.4588343379946735,0.002122899999449146,42,6,shift,10.0,200,200,275,4,,"{""init"": ""random"", ""max_iter"": 300, ""method"": ""alternate""}"
Trace,ed,lock-step,0.30646089927952413,0.4608398680152978,0.0026840999989872216,42,7,shift,10.0,200,200,275,4,,"{""init"": ""random"", ""max_iter"": 300, ""method"": ""alternate""}"
Trace,ed,lock-step,0.36750703177574817,0.4824558311080405,0.0029414999999062275,42,8,shift,10.0,200,200,275,4,,"{""init"": ""random"", ""max_iter"": 300, ""method"": ""alternate""}"
Trace,ed,lock-step,0.3726773427743173,0.48801510871346687,0.0026269999998476123,42,9,shift,10.0,200,200,275,4,,"{""init"": ""random"", ""max_iter"": 300, ""method"": ""alternate""}"
Trace,ed,lock-step,0.3671226183190627,0.48209005442745784,0.0016093000003820634,42,10,shift,10.0,200,200,275,4,,"{""init"": ""random"", ""max_iter"": 300, ""method"": ""alternate""}"
Trace,idk,distributional,0.15269235422906557,0.2334750581321583,40.654994700000316,42,1,shift,10.0,200,200,275,4,"{""backend"": ""aeon""}","{""init"": ""random"", ""max_iter"": 300, ""method"": ""alternate""}"
Trace,idk,distributional,0.20801988967446197,0.259952417803234,40.042038700001285,42,2,shift,10.0,200,200,275,4,"{""backend"": ""aeon""}","{""init"": ""random"", ""max_iter"": 300, ""method"": ""alternate""}"
Trace,idk,distributional,0.20413369271301707,0.2700391576795052,41.57843210000101,42,3,shift,10.0,200,200,275,4,"{""backend"": ""aeon""}","{""init"": ""random"", ""max_iter"": 300, ""method"": ""alternate""}"
Trace,idk,distributional,0.18090907164828224,0.23652138334369338,39.94961520000106,42,4,shift,10.0,200,200,275,4,"{""backend"": ""aeon""}","{""init"": ""random"", ""max_iter"": 300, ""method"": ""alternate""}"
Trace,idk,distributional,0.22728634752048044,0.2896749398017124,54.63057939999999,42,5,shift,10.0,200,200,275,4,"{""backend"": ""aeon""}","{""init"": ""random"", ""max_iter"": 300, ""method"": ""alternate""}"
Trace,idk,distributional,0.27985133487198444,0.3295949340030763,40.34902189999957,42,6,shift,10.0,200,200,275,4,"{""backend"": ""aeon""}","{""init"": ""random"", ""max_iter"": 300, ""method"": ""alternate""}"
Trace,idk,distributional,0.2505787896629747,0.3135447634833965,42.97647510000024,42,7,shift,10.0,200,200,275,4,"{""backend"": ""aeon""}","{""init"": ""random"", ""max_iter"": 300, ""method"": ""alternate""}"
Trace,idk,distributional,0.17764719597770573,0.23494146032866442,54.75680370000009,42,8,shift,10.0,200,200,275,4,"{""backend"": ""aeon""}","{""init"": ""random"", ""max_iter"": 300, ""method"": ""alternate""}"
Trace,idk,distributional,0.20974250505339695,0.2640692702508616,40.56155349999972,42,9,shift,10.0,200,200,275,4,"{""backend"": ""aeon""}","{""init"": ""random"", ""max_iter"": 300, ""method"": ""alternate""}"
Trace,idk,distributional,0.210997301596581,0.26634272115439767,41.70430440000018,42,10,shift,10.0,200,200,275,4,"{""backend"": ""aeon""}","{""init"": ""random"", ""max_iter"": 300, ""method"": ""alternate""}"
Trace,msm,elastic,0.43376108238319916,0.5587334790196117,14.705391399999826,42,1,shift,10.0,200,200,275,4,"{""c"": 1.0, ""backend"": ""aeon""}","{""init"": ""random"", ""max_iter"": 300, ""method"": ""alternate""}"
Trace,msm,elastic,0.33763228492012454,0.5069147802360139,18.85658820000026,42,2,shift,10.0,200,200,275,4,"{""c"": 1.0, ""backend"": ""aeon""}","{""init"": ""random"", ""max_iter"": 300, ""method"": ""alternate""}"
Trace,msm,elastic,0.3349210809291971,0.5057798209527968,15.27312449999954,42,3,shift,10.0,200,200,275,4,"{""c"": 1.0, ""backend"": ""aeon""}","{""init"": ""random"", ""max_iter"": 300, ""method"": ""alternate""}"
Trace,msm,elastic,0.33001454924168105,0.5035094678347747,16.773840300000302,42,4,shift,10.0,200,200,275,4,"{""c"": 1.0, ""backend"": ""aeon""}","{""init"": ""random"", ""max_iter"": 300, ""method"": ""alternate""}"
Trace,msm,elastic,0.43376108238319916,0.5587334790196117,24.815448400000605,42,5,shift,10.0,200,200,275,4,"{""c"": 1.0, ""backend"": ""aeon""}","{""init"": ""random"", ""max_iter"": 300, ""method"": ""alternate""}"
Trace,msm,elastic,0.38302861055345716,0.4883117982285773,24.441295999999966,42,6,shift,10.0,200,200,275,4,"{""c"": 1.0, ""backend"": ""aeon""}","{""init"": ""random"", ""max_iter"": 300, ""method"": ""alternate""}"
Trace,msm,elastic,0.3422629991035218,0.5102298670943689,20.959481400000186,42,7,shift,10.0,200,200,275,4,"{""c"": 1.0, ""backend"": ""aeon""}","{""init"": ""random"", ""max_iter"": 300, ""method"": ""alternate""}"
Trace,msm,elastic,0.45326845128770066,0.5818729036174831,18.992214100000638,42,8,shift,10.0,200,200,275,4,"{""c"": 1.0, ""backend"": ""aeon""}","{""init"": ""random"", ""max_iter"": 300, ""method"": ""alternate""}"
Trace,msm,elastic,0.43376108238319916,0.5587334790196117,23.951286000000437,42,9,shift,10.0,200,200,275,4,"{""c"": 1.0, ""backend"": ""aeon""}","{""init"": ""random"", ""max_iter"": 300, ""method"": ""alternate""}"
Trace,msm,elastic,0.4439429268058135,0.5736736613032296,17.01218760000029,42,10,shift,10.0,200,200,275,4,"{""c"": 1.0, ""backend"": ""aeon""}","{""init"": ""random"", ""max_iter"": 300, ""method"": ""alternate""}"
Trace,sbd,sliding,0.5993451267831682,0.7671951781310296,4.2085535999995045,42,1,shift,10.0,200,200,275,4,"{""backend"": ""aeon"", ""n_jobs"": -1, ""candidate_k"": 20, ""paa_segments"": 32}","{""init"": ""random"", ""max_iter"": 300, ""method"": ""alternate""}"
Trace,sbd,sliding,0.3345696245302744,0.48096964782770407,2.415868500000215,42,2,shift,10.0,200,200,275,4,"{""backend"": ""aeon"", ""n_jobs"": -1, ""candidate_k"": 20, ""paa_segments"": 32}","{""init"": ""random"", ""max_iter"": 300, ""method"": ""alternate""}"
Trace,sbd,sliding,0.3236934406533245,0.4751664893378656,2.4708461000009265,42,3,shift,10.0,200,200,275,4,"{""backend"": ""aeon"", ""n_jobs"": -1, ""candidate_k"": 20, ""paa_segments"": 32}","{""init"": ""random"", ""max_iter"": 300, ""method"": ""alternate""}"
Trace,sbd,sliding,0.3818658976983536,0.49295990335365414,2.4198120000000927,42,4,shift,10.0,200,200,275,4,"{""backend"": ""aeon"", ""n_jobs"": -1, ""candidate_k"": 20, ""paa_segments"": 32}","{""init"": ""random"", ""max_iter"": 300, ""method"": ""alternate""}"
Trace,sbd,sliding,0.5993451267831682,0.7671951781310297,2.4334157000012056,42,5,shift,10.0,200,200,275,4,"{""backend"": ""aeon"", ""n_jobs"": -1, ""candidate_k"": 20, ""paa_segments"": 32}","{""init"": ""random"", ""max_iter"": 300, ""method"": ""alternate""}"
Trace,sbd,sliding,0.3817823971180143,0.4920744518329401,4.214558999998189,42,6,shift,10.0,200,200,275,4,"{""backend"": ""aeon"", ""n_jobs"": -1, ""candidate_k"": 20, ""paa_segments"": 32}","{""init"": ""random"", ""max_iter"": 300, ""method"": ""alternate""}"
Trace,sbd,sliding,0.3813903098126843,0.4926268714232586,2.4142717000013363,42,7,shift,10.0,200,200,275,4,"{""backend"": ""aeon"", ""n_jobs"": -1, ""candidate_k"": 20, ""paa_segments"": 32}","{""init"": ""random"", ""max_iter"": 300, ""method"": ""alternate""}"
Trace,sbd,sliding,0.6406471572314425,0.7231775310647277,2.4172550000002957,42,8,shift,10.0,200,200,275,4,"{""backend"": ""aeon"", ""n_jobs"": -1, ""candidate_k"": 20, ""paa_segments"": 32}","{""init"": ""random"", ""max_iter"": 300, ""method"": ""alternate""}"
Trace,sbd,sliding,0.625378131410156,0.8000615761527523,2.426001499998165,42,9,shift,10.0,200,200,275,4,"{""backend"": ""aeon"", ""n_jobs"": -1, ""candidate_k"": 20, ""paa_segments"": 32}","{""init"": ""random"", ""max_iter"": 300, ""method"": ""alternate""}"
Trace,sbd,sliding,0.5680359058830641,0.7236741121397987,2.456544299999223,42,10,shift,10.0,200,200,275,4,"{""backend"": ""aeon"", ""n_jobs"": -1, ""candidate_k"": 20, ""paa_segments"": 32}","{""init"": ""random"", ""max_iter"": 300, ""method"": ""alternate""}"
Trace,dtw,elastic,0.5580515940434755,0.7243716888431242,50.244243899999674,42,1,shift,20.0,200,200,275,4,"{""window"": 28, ""backend"": ""aeon""}","{""init"": ""random"", ""max_iter"": 300, ""method"": ""alternate""}"
Trace,dtw,elastic,0.6665297428461837,0.7527159652030234,50.798338100000365,42,2,shift,20.0,200,200,275,4,"{""window"": 28, ""backend"": ""aeon""}","{""init"": ""random"", ""max_iter"": 300, ""method"": ""alternate""}"
Trace,dtw,elastic,0.6654164511122608,0.7542621971557802,48.35060220000105,42,3,shift,20.0,200,200,275,4,"{""window"": 28, ""backend"": ""aeon""}","{""init"": ""random"", ""max_iter"": 300, ""method"": ""alternate""}"
Trace,dtw,elastic,0.41874124509387256,0.5561811759964669,53.017845500000476,42,4,shift,20.0,200,200,275,4,"{""window"": 28, ""backend"": ""aeon""}","{""init"": ""random"", ""max_iter"": 300, ""method"": ""alternate""}"
Trace,dtw,elastic,0.6423800966262183,0.8077843044298384,53.101714499999616,42,5,shift,20.0,200,200,275,4,"{""window"": 28, ""backend"": ""aeon""}","{""init"": ""random"", ""max_iter"": 300, ""method"": ""alternate""}"
Trace,dtw,elastic,0.4108147293448154,0.5320477946177935,54.679632800000036,42,6,shift,20.0,200,200,275,4,"{""window"": 28, ""backend"": ""aeon""}","{""init"": ""random"", ""max_iter"": 300, ""method"": ""alternate""}"
Trace,dtw,elastic,0.6665297428461837,0.7527159652030234,56.849562700000206,42,7,shift,20.0,200,200,275,4,"{""window"": 28, ""backend"": ""aeon""}","{""init"": ""random"", ""max_iter"": 300, ""method"": ""alternate""}"
Trace,dtw,elastic,0.6275169462086189,0.8009903500739665,49.24038879999989,42,8,shift,20.0,200,200,275,4,"{""window"": 28, ""backend"": ""aeon""}","{""init"": ""random"", ""max_iter"": 300, ""method"": ""alternate""}"
Trace,dtw,elastic,0.6265193183816744,0.8005557179615889,54.43762349999997,42,9,shift,20.0,200,200,275,4,"{""window"": 28, ""backend"": ""aeon""}","{""init"": ""random"", ""max_iter"": 300, ""method"": ""alternate""}"
Trace,dtw,elastic,0.6809724816519833,0.8293595724997516,52.08807880000131,42,10,shift,20.0,200,200,275,4,"{""window"": 28, ""backend"": ""aeon""}","{""init"": ""random"", ""max_iter"": 300, ""method"": ""alternate""}"
Trace,ed,lock-step,0.18960443987060693,0.3059562171660943,0.00274489999992511,42,1,shift,20.0,200,200,275,4,,"{""init"": ""random"", ""max_iter"": 300, ""method"": ""alternate""}"
Trace,ed,lock-step,0.19533855024016342,0.32023961435297843,0.0023510999999416526,42,2,shift,20.0,200,200,275,4,,"{""init"": ""random"", ""max_iter"": 300, ""method"": ""alternate""}"
Trace,ed,lock-step,0.2718229749714147,0.38151071450119517,0.0035653000013553537,42,3,shift,20.0,200,200,275,4,,"{""init"": ""random"", ""max_iter"": 300, ""method"": ""alternate""}"
Trace,ed,lock-step,0.2285155280253247,0.3383596591406491,0.08947659999921598,42,4,shift,20.0,200,200,275,4,,"{""init"": ""random"", ""max_iter"": 300, ""method"": ""alternate""}"
Trace,ed,lock-step,0.34575028054497814,0.45361910099192443,0.0018365999994784943,42,5,shift,20.0,200,200,275,4,,"{""init"": ""random"", ""max_iter"": 300, ""method"": ""alternate""}"
Trace,ed,lock-step,0.2285155280253247,0.3383596591406491,0.0029242999999041785,42,6,shift,20.0,200,200,275,4,,"{""init"": ""random"", ""max_iter"": 300, ""method"": ""alternate""}"
Trace,ed,lock-step,0.2285155280253247,0.338359659140649,0.0017994000008911826,42,7,shift,20.0,200,200,275,4,,"{""init"": ""random"", ""max_iter"": 300, ""method"": ""alternate""}"
Trace,ed,lock-step,0.2718229749714147,0.3815107145011952,0.0021473999995578197,42,8,shift,20.0,200,200,275,4,,"{""init"": ""random"", ""max_iter"": 300, ""method"": ""alternate""}"
Trace,ed,lock-step,0.2881905280921408,0.4281277973401601,0.0024900000007619383,42,9,shift,20.0,200,200,275,4,,"{""init"": ""random"", ""max_iter"": 300, ""method"": ""alternate""}"
Trace,ed,lock-step,0.3621913969725024,0.4670308842921394,0.0017410999998901389,42,10,shift,20.0,200,200,275,4,,"{""init"": ""random"", ""max_iter"": 300, ""method"": ""alternate""}"
Trace,idk,distributional,0.16132873017673433,0.2496485589550511,38.91264539999975,42,1,shift,20.0,200,200,275,4,"{""backend"": ""aeon""}","{""init"": ""random"", ""max_iter"": 300, ""method"": ""alternate""}"
Trace,idk,distributional,0.23572649258531028,0.2801601723770167,42.034315799997785,42,2,shift,20.0,200,200,275,4,"{""backend"": ""aeon""}","{""init"": ""random"", ""max_iter"": 300, ""method"": ""alternate""}"
Trace,idk,distributional,0.2653968500318586,0.31239946921075445,40.130618299999696,42,3,shift,20.0,200,200,275,4,"{""backend"": ""aeon""}","{""init"": ""random"", ""max_iter"": 300, ""method"": ""alternate""}"
Trace,idk,distributional,0.32295762729728344,0.3696071630462303,41.662531600000875,42,4,shift,20.0,200,200,275,4,"{""backend"": ""aeon""}","{""init"": ""random"", ""max_iter"": 300, ""method"": ""alternate""}"
Trace,idk,distributional,0.20763343850142768,0.2746680057781375,53.3909453999986,42,5,shift,20.0,200,200,275,4,"{""backend"": ""aeon""}","{""init"": ""random"", ""max_iter"": 300, ""method"": ""alternate""}"
Trace,idk,distributional,0.3187590925411641,0.37126048860836547,40.496526700000686,42,6,shift,20.0,200,200,275,4,"{""backend"": ""aeon""}","{""init"": ""random"", ""max_iter"": 300, ""method"": ""alternate""}"
Trace,idk,distributional,0.3043954236793743,0.3488327392212704,39.82824090000031,42,7,shift,20.0,200,200,275,4,"{""backend"": ""aeon""}","{""init"": ""random"", ""max_iter"": 300, ""method"": ""alternate""}"
Trace,idk,distributional,0.2161677888467806,0.27844760408104835,52.64090009999927,42,8,shift,20.0,200,200,275,4,"{""backend"": ""aeon""}","{""init"": ""random"", ""max_iter"": 300, ""method"": ""alternate""}"
Trace,idk,distributional,0.20742205598321967,0.2689432936278035,39.651355500000136,42,9,shift,20.0,200,200,275,4,"{""backend"": ""aeon""}","{""init"": ""random"", ""max_iter"": 300, ""method"": ""alternate""}"
Trace,idk,distributional,0.26426779459003763,0.29936922058575205,45.06436969999959,42,10,shift,20.0,200,200,275,4,"{""backend"": ""aeon""}","{""init"": ""random"", ""max_iter"": 300, ""method"": ""alternate""}"
Trace,msm,elastic,0.3435742323264951,0.4275777284220189,15.160649799999192,42,1,shift,20.0,200,200,275,4,"{""c"": 1.0, ""backend"": ""aeon""}","{""init"": ""random"", ""max_iter"": 300, ""method"": ""alternate""}"
Trace,msm,elastic,0.304979462468635,0.4596359251742583,15.217199700000492,42,2,shift,20.0,200,200,275,4,"{""c"": 1.0, ""backend"": ""aeon""}","{""init"": ""random"", ""max_iter"": 300, ""method"": ""alternate""}"
Trace,msm,elastic,0.31109033445871054,0.4618400213763241,15.138363999999456,42,3,shift,20.0,200,200,275,4,"{""c"": 1.0, ""backend"": ""aeon""}","{""init"": ""random"", ""max_iter"": 300, ""method"": ""alternate""}"
Trace,msm,elastic,0.30893005441991744,0.460682575628291,17.28559430000041,42,4,shift,20.0,200,200,275,4,"{""c"": 1.0, ""backend"": ""aeon""}","{""init"": ""random"", ""max_iter"": 300, ""method"": ""alternate""}"
Trace,msm,elastic,0.3435742323264951,0.4275777284220189,14.818903899999896,42,5,shift,20.0,200,200,275,4,"{""c"": 1.0, ""backend"": ""aeon""}","{""init"": ""random"", ""max_iter"": 300, ""method"": ""alternate""}"
Trace,msm,elastic,0.34019102729415845,0.44156724221923194,14.40418150000005,42,6,shift,20.0,200,200,275,4,"{""c"": 1.0, ""backend"": ""aeon""}","{""init"": ""random"", ""max_iter"": 300, ""method"": ""alternate""}"
Trace,msm,elastic,0.2984025429168049,0.40419004637376343,15.753149699999085,42,7,shift,20.0,200,200,275,4,"{""c"": 1.0, ""backend"": ""aeon""}","{""init"": ""random"", ""max_iter"": 300, ""method"": ""alternate""}"
Trace,msm,elastic,0.3168451372139505,0.37574424857714983,17.48069460000079,42,8,shift,20.0,200,200,275,4,"{""c"": 1.0, ""backend"": ""aeon""}","{""init"": ""random"", ""max_iter"": 300, ""method"": ""alternate""}"
Trace,msm,elastic,0.3435742323264951,0.4275777284220189,16.260839500000657,42,9,shift,20.0,200,200,275,4,"{""c"": 1.0, ""backend"": ""aeon""}","{""init"": ""random"", ""max_iter"": 300, ""method"": ""alternate""}"
Trace,msm,elastic,0.3242074828588606,0.3848410826910997,15.32231309999952,42,10,shift,20.0,200,200,275,4,"{""c"": 1.0, ""backend"": ""aeon""}","{""init"": ""random"", ""max_iter"": 300, ""method"": ""alternate""}"
Trace,sbd,sliding,0.5119947066972685,0.6722245912125161,3.3689629999989847,42,1,shift,20.0,200,200,275,4,"{""backend"": ""aeon"", ""n_jobs"": -1, ""candidate_k"": 20, ""paa_segments"": 32}","{""init"": ""random"", ""max_iter"": 300, ""method"": ""alternate""}"
Trace,sbd,sliding,0.5767264330034451,0.6591915490859573,3.333217600000353,42,2,shift,20.0,200,200,275,4,"{""backend"": ""aeon"", ""n_jobs"": -1, ""candidate_k"": 20, ""paa_segments"": 32}","{""init"": ""random"", ""max_iter"": 300, ""method"": ""alternate""}"
Trace,sbd,sliding,0.2463176323010269,0.3588131764319309,2.374308900001779,42,3,shift,20.0,200,200,275,4,"{""backend"": ""aeon"", ""n_jobs"": -1, ""candidate_k"": 20, ""paa_segments"": 32}","{""init"": ""random"", ""max_iter"": 300, ""method"": ""alternate""}"
Trace,sbd,sliding,0.33545745490849005,0.45450238557735845,2.4739107999994303,42,4,shift,20.0,200,200,275,4,"{""backend"": ""aeon"", ""n_jobs"": -1, ""candidate_k"": 20, ""paa_segments"": 32}","{""init"": ""random"", ""max_iter"": 300, ""method"": ""alternate""}"
Trace,sbd,sliding,0.6476849717270547,0.7265677893385822,3.281718999998702,42,5,shift,20.0,200,200,275,4,"{""backend"": ""aeon"", ""n_jobs"": -1, ""candidate_k"": 20, ""paa_segments"": 32}","{""init"": ""random"", ""max_iter"": 300, ""method"": ""alternate""}"
Trace,sbd,sliding,0.35093115931772645,0.4466527405850367,2.4297017000008054,42,6,shift,20.0,200,200,275,4,"{""backend"": ""aeon"", ""n_jobs"": -1, ""candidate_k"": 20, ""paa_segments"": 32}","{""init"": ""random"", ""max_iter"": 300, ""method"": ""alternate""}"
Trace,sbd,sliding,0.33545745490849005,0.4545023855773584,3.37550359999841,42,7,shift,20.0,200,200,275,4,"{""backend"": ""aeon"", ""n_jobs"": -1, ""candidate_k"": 20, ""paa_segments"": 32}","{""init"": ""random"", ""max_iter"": 300, ""method"": ""alternate""}"
Trace,sbd,sliding,0.5294699052127925,0.6478216684773752,3.3601283000007243,42,8,shift,20.0,200,200,275,4,"{""backend"": ""aeon"", ""n_jobs"": -1, ""candidate_k"": 20, ""paa_segments"": 32}","{""init"": ""random"", ""max_iter"": 300, ""method"": ""alternate""}"
Trace,sbd,sliding,0.5767264330034451,0.6591915490859572,2.428759100002935,42,9,shift,20.0,200,200,275,4,"{""backend"": ""aeon"", ""n_jobs"": -1, ""candidate_k"": 20, ""paa_segments"": 32}","{""init"": ""random"", ""max_iter"": 300, ""method"": ""alternate""}"
Trace,sbd,sliding,0.5767264330034451,0.6591915490859572,3.3344839999990654,42,10,shift,20.0,200,200,275,4,"{""backend"": ""aeon"", ""n_jobs"": -1, ""candidate_k"": 20, ""paa_segments"": 32}","{""init"": ""random"", ""max_iter"": 300, ""method"": ""alternate""}"
Trace,dtw,elastic,0.6305393512089683,0.6938351608148587,53.712689500000124,42,1,shift,30.0,200,200,275,4,"{""window"": 28, ""backend"": ""aeon""}","{""init"": ""random"", ""max_iter"": 300, ""method"": ""alternate""}"
Trace,dtw,elastic,0.3588121648117269,0.46203216662124247,53.44321659999878,42,2,shift,30.0,200,200,275,4,"{""window"": 28, ""backend"": ""aeon""}","{""init"": ""random"", ""max_iter"": 300, ""method"": ""alternate""}"
Trace,dtw,elastic,0.36345707167485064,0.4726639861690802,50.50734929999999,42,3,shift,30.0,200,200,275,4,"{""window"": 28, ""backend"": ""aeon""}","{""init"": ""random"", ""max_iter"": 300, ""method"": ""alternate""}"
Trace,dtw,elastic,0.6207299796268053,0.6835089510394661,56.03971309999906,42,4,shift,30.0,200,200,275,4,"{""window"": 28, ""backend"": ""aeon""}","{""init"": ""random"", ""max_iter"": 300, ""method"": ""alternate""}"
Trace,dtw,elastic,0.6178229541183955,0.7444386134994987,51.0566998000013,42,5,shift,30.0,200,200,275,4,"{""window"": 28, ""backend"": ""aeon""}","{""init"": ""random"", ""max_iter"": 300, ""method"": ""alternate""}"
Trace,dtw,elastic,0.3720514176061581,0.4699657507853259,51.53685229999974,42,6,shift,30.0,200,200,275,4,"{""window"": 28, ""backend"": ""aeon""}","{""init"": ""random"", ""max_iter"": 300, ""method"": ""alternate""}"
Trace,dtw,elastic,0.3630495748637353,0.4633359163886051,53.58215140000175,42,7,shift,30.0,200,200,275,4,"{""window"": 28, ""backend"": ""aeon""}","{""init"": ""random"", ""max_iter"": 300, ""method"": ""alternate""}"
Trace,dtw,elastic,0.5903548287309088,0.725390332139096,50.33703879999848,42,8,shift,30.0,200,200,275,4,"{""window"": 28, ""backend"": ""aeon""}","{""init"": ""random"", ""max_iter"": 300, ""method"": ""alternate""}"
Trace,dtw,elastic,0.6157703149845424,0.7382473108061439,51.72686580000118,42,9,shift,30.0,200,200,275,4,"{""window"": 28, ""backend"": ""aeon""}","{""init"": ""random"", ""max_iter"": 300, ""method"": ""alternate""}"
Trace,dtw,elastic,0.6178229541183955,0.7444386134994988,47.9002984000017,42,10,shift,30.0,200,200,275,4,"{""window"": 28, ""backend"": ""aeon""}","{""init"": ""random"", ""max_iter"": 300, ""method"": ""alternate""}"
Trace,ed,lock-step,0.1523530350553205,0.26501457272811874,0.0018258999989484437,42,1,shift,30.0,200,200,275,4,,"{""init"": ""random"", ""max_iter"": 300, ""method"": ""alternate""}"
Trace,ed,lock-step,0.1472208470370102,0.26117547220052384,0.0026625000009516953,42,2,shift,30.0,200,200,275,4,,"{""init"": ""random"", ""max_iter"": 300, ""method"": ""alternate""}"
Trace,ed,lock-step,0.19997969214800662,0.31326808864237765,0.0018954000006488059,42,3,shift,30.0,200,200,275,4,,"{""init"": ""random"", ""max_iter"": 300, ""method"": ""alternate""}"
Trace,ed,lock-step,0.1473123522197761,0.2220175787852094,0.06292489999941608,42,4,shift,30.0,200,200,275,4,,"{""init"": ""random"", ""max_iter"": 300, ""method"": ""alternate""}"
Trace,ed,lock-step,0.1472208470370102,0.26117547220052384,0.0016419000003224937,42,5,shift,30.0,200,200,275,4,,"{""init"": ""random"", ""max_iter"": 300, ""method"": ""alternate""}"
Trace,ed,lock-step,0.1471792506314504,0.2217969967041115,0.002560299999458948,42,6,shift,30.0,200,200,275,4,,"{""init"": ""random"", ""max_iter"": 300, ""method"": ""alternate""}"
Trace,ed,lock-step,0.13693391283844022,0.23252197309816908,0.002849399999831803,42,7,shift,30.0,200,200,275,4,,"{""init"": ""random"", ""max_iter"": 300, ""method"": ""alternate""}"
Trace,ed,lock-step,0.19896612485969917,0.30673242657797767,0.0021732999994128477,42,8,shift,30.0,200,200,275,4,,"{""init"": ""random"", ""max_iter"": 300, ""method"": ""alternate""}"
Trace,ed,lock-step,0.1945789817428917,0.2943475175210582,0.006811100000049919,42,9,shift,30.0,200,200,275,4,,"{""init"": ""random"", ""max_iter"": 300, ""method"": ""alternate""}"
Trace,ed,lock-step,0.16867946135197817,0.2751264000056596,0.0024974999996629776,42,10,shift,30.0,200,200,275,4,,"{""init"": ""random"", ""max_iter"": 300, ""method"": ""alternate""}"
Trace,idk,distributional,0.16759841249637167,0.246479518530097,40.477151799999774,42,1,shift,30.0,200,200,275,4,"{""backend"": ""aeon""}","{""init"": ""random"", ""max_iter"": 300, ""method"": ""alternate""}"
Trace,idk,distributional,0.16007819703302717,0.23676711681759677,41.262246099997355,42,2,shift,30.0,200,200,275,4,"{""backend"": ""aeon""}","{""init"": ""random"", ""max_iter"": 300, ""method"": ""alternate""}"
Trace,idk,distributional,0.2518083696039654,0.32668415003831786,41.64479829999982,42,3,shift,30.0,200,200,275,4,"{""backend"": ""aeon""}","{""init"": ""random"", ""max_iter"": 300, ""method"": ""alternate""}"
Trace,idk,distributional,0.3389836271206816,0.3877267722097653,39.6463920999995,42,4,shift,30.0,200,200,275,4,"{""backend"": ""aeon""}","{""init"": ""random"", ""max_iter"": 300, ""method"": ""alternate""}"
Trace,idk,distributional,0.24698184627956438,0.3032254474260122,54.83789290000095,42,5,shift,30.0,200,200,275,4,"{""backend"": ""aeon""}","{""init"": ""random"", ""max_iter"": 300, ""method"": ""alternate""}"
Trace,idk,distributional,0.06421348813844793,0.18244787545959681,41.884125499998845,42,6,shift,30.0,200,200,275,4,"{""backend"": ""aeon""}","{""init"": ""random"", ""max_iter"": 300, ""method"": ""alternate""}"
Trace,idk,distributional,0.16308788809847458,0.22068967403903852,40.15123020000101,42,7,shift,30.0,200,200,275,4,"{""backend"": ""aeon""}","{""init"": ""random"", ""max_iter"": 300, ""method"": ""alternate""}"
Trace,idk,distributional,0.1793216828840548,0.24795069269830275,53.74157650000052,42,8,shift,30.0,200,200,275,4,"{""backend"": ""aeon""}","{""init"": ""random"", ""max_iter"": 300, ""method"": ""alternate""}"
Trace,idk,distributional,0.17895743759390678,0.24657701453271774,38.85486420000052,42,9,shift,30.0,200,200,275,4,"{""backend"": ""aeon""}","{""init"": ""random"", ""max_iter"": 300, ""method"": ""alternate""}"
Trace,idk,distributional,0.1183348895201397,0.20385898179774448,40.868781999999555,42,10,shift,30.0,200,200,275,4,"{""backend"": ""aeon""}","{""init"": ""random"", ""max_iter"": 300, ""method"": ""alternate""}"
Trace,msm,elastic,0.19290293772700576,0.3209023501399672,15.058578400001352,42,1,shift,30.0,200,200,275,4,"{""c"": 1.0, ""backend"": ""aeon""}","{""init"": ""random"", ""max_iter"": 300, ""method"": ""alternate""}"
Trace,msm,elastic,0.17282384428255054,0.3090858905332867,17.821110799999587,42,2,shift,30.0,200,200,275,4,"{""c"": 1.0, ""backend"": ""aeon""}","{""init"": ""random"", ""max_iter"": 300, ""method"": ""alternate""}"
Trace,msm,elastic,0.21442597728607,0.34443992931495093,17.96505640000032,42,3,shift,30.0,200,200,275,4,"{""c"": 1.0, ""backend"": ""aeon""}","{""init"": ""random"", ""max_iter"": 300, ""method"": ""alternate""}"
Trace,msm,elastic,0.20704460269026417,0.3291421747564718,17.94442909999998,42,4,shift,30.0,200,200,275,4,"{""c"": 1.0, ""backend"": ""aeon""}","{""init"": ""random"", ""max_iter"": 300, ""method"": ""alternate""}"
Trace,msm,elastic,0.12297919968677633,0.25088073032485636,17.664252799999304,42,5,shift,30.0,200,200,275,4,"{""c"": 1.0, ""backend"": ""aeon""}","{""init"": ""random"", ""max_iter"": 300, ""method"": ""alternate""}"
Trace,msm,elastic,0.2123430521819302,0.31682670779341054,18.266836400000102,42,6,shift,30.0,200,200,275,4,"{""c"": 1.0, ""backend"": ""aeon""}","{""init"": ""random"", ""max_iter"": 300, ""method"": ""alternate""}"
Trace,msm,elastic,0.18869496056527174,0.3240090609484593,16.947549099999378,42,7,shift,30.0,200,200,275,4,"{""c"": 1.0, ""backend"": ""aeon""}","{""init"": ""random"", ""max_iter"": 300, ""method"": ""alternate""}"
Trace,msm,elastic,0.21442597728607,0.344439929314951,17.56449590000011,42,8,shift,30.0,200,200,275,4,"{""c"": 1.0, ""backend"": ""aeon""}","{""init"": ""random"", ""max_iter"": 300, ""method"": ""alternate""}"
Trace,msm,elastic,0.15803891344242102,0.2304718433763317,17.05349980000028,42,9,shift,30.0,200,200,275,4,"{""c"": 1.0, ""backend"": ""aeon""}","{""init"": ""random"", ""max_iter"": 300, ""method"": ""alternate""}"
Trace,msm,elastic,0.3102217934392129,0.451262390246291,17.82402170000023,42,10,shift,30.0,200,200,275,4,"{""c"": 1.0, ""backend"": ""aeon""}","{""init"": ""random"", ""max_iter"": 300, ""method"": ""alternate""}"
Trace,sbd,sliding,0.3860330047423545,0.5555499260432494,3.2942856999998185,42,1,shift,30.0,200,200,275,4,"{""backend"": ""aeon"", ""n_jobs"": -1, ""candidate_k"": 20, ""paa_segments"": 32}","{""init"": ""random"", ""max_iter"": 300, ""method"": ""alternate""}"
Trace,sbd,sliding,0.3163036545687551,0.4312265181450059,3.3427993999994214,42,2,shift,30.0,200,200,275,4,"{""backend"": ""aeon"", ""n_jobs"": -1, ""candidate_k"": 20, ""paa_segments"": 32}","{""init"": ""random"", ""max_iter"": 300, ""method"": ""alternate""}"
Trace,sbd,sliding,0.28512994628432003,0.37512256997496224,2.4490255000000616,42,3,shift,30.0,200,200,275,4,"{""backend"": ""aeon"", ""n_jobs"": -1, ""candidate_k"": 20, ""paa_segments"": 32}","{""init"": ""random"", ""max_iter"": 300, ""method"": ""alternate""}"
Trace,sbd,sliding,0.2797911990806356,0.38062272815125064,2.4983239000011963,42,4,shift,30.0,200,200,275,4,"{""backend"": ""aeon"", ""n_jobs"": -1, ""candidate_k"": 20, ""paa_segments"": 32}","{""init"": ""random"", ""max_iter"": 300, ""method"": ""alternate""}"
Trace,sbd,sliding,0.3776946114323978,0.4896881012414958,3.3455508000006375,42,5,shift,30.0,200,200,275,4,"{""backend"": ""aeon"", ""n_jobs"": -1, ""candidate_k"": 20, ""paa_segments"": 32}","{""init"": ""random"", ""max_iter"": 300, ""method"": ""alternate""}"
Trace,sbd,sliding,0.3008745904813575,0.4024483284381591,2.4312062000008154,42,6,shift,30.0,200,200,275,4,"{""backend"": ""aeon"", ""n_jobs"": -1, ""candidate_k"": 20, ""paa_segments"": 32}","{""init"": ""random"", ""max_iter"": 300, ""method"": ""alternate""}"
Trace,sbd,sliding,0.2797911990806356,0.38062272815125064,2.8328715000006923,42,7,shift,30.0,200,200,275,4,"{""backend"": ""aeon"", ""n_jobs"": -1, ""candidate_k"": 20, ""paa_segments"": 32}","{""init"": ""random"", ""max_iter"": 300, ""method"": ""alternate""}"
Trace,sbd,sliding,0.35125393149470163,0.5184284451058887,2.4336118000010174,42,8,shift,30.0,200,200,275,4,"{""backend"": ""aeon"", ""n_jobs"": -1, ""candidate_k"": 20, ""paa_segments"": 32}","{""init"": ""random"", ""max_iter"": 300, ""method"": ""alternate""}"
Trace,sbd,sliding,0.4669370359394333,0.6129987854498341,2.4419308999986242,42,9,shift,30.0,200,200,275,4,"{""backend"": ""aeon"", ""n_jobs"": -1, ""candidate_k"": 20, ""paa_segments"": 32}","{""init"": ""random"", ""max_iter"": 300, ""method"": ""alternate""}"
Trace,sbd,sliding,0.29545939688113587,0.4138564929735584,3.3121523999998317,42,10,shift,30.0,200,200,275,4,"{""backend"": ""aeon"", ""n_jobs"": -1, ""candidate_k"": 20, ""paa_segments"": 32}","{""init"": ""random"", ""max_iter"": 300, ""method"": ""alternate""}"
Trace,dtw,elastic,0.6275169462086189,0.8009903500739666,49.88832540000021,42,1,shift,5.0,200,200,275,4,"{""window"": 28, ""backend"": ""aeon""}","{""init"": ""random"", ""max_iter"": 300, ""method"": ""alternate""}"
Trace,dtw,elastic,0.6710422383817984,0.7556893645831072,50.17309539999951,42,2,shift,5.0,200,200,275,4,"{""window"": 28, ""backend"": ""aeon""}","{""init"": ""random"", ""max_iter"": 300, ""method"": ""alternate""}"
Trace,dtw,elastic,0.6725524300711312,0.7559045645641863,54.36080790000051,42,3,shift,5.0,200,200,275,4,"{""window"": 28, ""backend"": ""aeon""}","{""init"": ""random"", ""max_iter"": 300, ""method"": ""alternate""}"
Trace,dtw,elastic,0.4100732113406967,0.5428361243975711,51.90030980000029,42,4,shift,5.0,200,200,275,4,"{""window"": 28, ""backend"": ""aeon""}","{""init"": ""random"", ""max_iter"": 300, ""method"": ""alternate""}"
Trace,dtw,elastic,0.6423800966262183,0.8077843044298384,54.48959390000073,42,5,shift,5.0,200,200,275,4,"{""window"": 28, ""backend"": ""aeon""}","{""init"": ""random"", ""max_iter"": 300, ""method"": ""alternate""}"
Trace,dtw,elastic,0.4184144751632289,0.5500164275420064,51.31718009999986,42,6,shift,5.0,200,200,275,4,"{""window"": 28, ""backend"": ""aeon""}","{""init"": ""random"", ""max_iter"": 300, ""method"": ""alternate""}"
Trace,dtw,elastic,0.6725524300711312,0.7559045645641864,48.391268900000796,42,7,shift,5.0,200,200,275,4,"{""window"": 28, ""backend"": ""aeon""}","{""init"": ""random"", ""max_iter"": 300, ""method"": ""alternate""}"
Trace,dtw,elastic,0.6275169462086189,0.8009903500739666,51.989976699999715,42,8,shift,5.0,200,200,275,4,"{""window"": 28, ""backend"": ""aeon""}","{""init"": ""random"", ""max_iter"": 300, ""method"": ""alternate""}"
Trace,dtw,elastic,0.6275169462086189,0.8009903500739665,53.30693710000014,42,9,shift,5.0,200,200,275,4,"{""window"": 28, ""backend"": ""aeon""}","{""init"": ""random"", ""max_iter"": 300, ""method"": ""alternate""}"
Trace,dtw,elastic,0.632208632453777,0.8030686221487029,51.39191270000083,42,10,shift,5.0,200,200,275,4,"{""window"": 28, ""backend"": ""aeon""}","{""init"": ""random"", ""max_iter"": 300, ""method"": ""alternate""}"
Trace,ed,lock-step,0.3336900736833758,0.47304319913227644,0.0030007000004843576,42,1,shift,5.0,200,200,275,4,,"{""init"": ""random"", ""max_iter"": 300, ""method"": ""alternate""}"
Trace,ed,lock-step,0.3336900736833758,0.47304319913227644,0.004029399999126326,42,2,shift,5.0,200,200,275,4,,"{""init"": ""random"", ""max_iter"": 300, ""method"": ""alternate""}"
Trace,ed,lock-step,0.33288289383182557,0.4727835093539137,0.0015352000000348198,42,3,shift,5.0,200,200,275,4,,"{""init"": ""random"", ""max_iter"": 300, ""method"": ""alternate""}"
Trace,ed,lock-step,0.34614802452203514,0.5101999619619144,0.009010699999635108,42,4,shift,5.0,200,200,275,4,,"{""init"": ""random"", ""max_iter"": 300, ""method"": ""alternate""}"
Trace,ed,lock-step,0.40292093687847863,0.5253363866572325,0.05203980000078445,42,5,shift,5.0,200,200,275,4,,"{""init"": ""random"", ""max_iter"": 300, ""method"": ""alternate""}"
Trace,ed,lock-step,0.34228813559322036,0.508172900784223,0.001783400000022084,42,6,shift,5.0,200,200,275,4,,"{""init"": ""random"", ""max_iter"": 300, ""method"": ""alternate""}"
Trace,ed,lock-step,0.3429910794594766,0.508472957123145,0.0015203999992081663,42,7,shift,5.0,200,200,275,4,,"{""init"": ""random"", ""max_iter"": 300, ""method"": ""alternate""}"
Trace,ed,lock-step,0.4097820294196465,0.5424235902453282,0.002169500000491098,42,8,shift,5.0,200,200,275,4,,"{""init"": ""random"", ""max_iter"": 300, ""method"": ""alternate""}"
Trace,ed,lock-step,0.4097820294196465,0.5424235902453282,0.0019446000005700625,42,9,shift,5.0,200,200,275,4,,"{""init"": ""random"", ""max_iter"": 300, ""method"": ""alternate""}"
Trace,ed,lock-step,0.4097820294196465,0.5424235902453282,0.0023782999996910803,42,10,shift,5.0,200,200,275,4,,"{""init"": ""random"", ""max_iter"": 300, ""method"": ""alternate""}"
Trace,idk,distributional,0.14773220666745032,0.23228290772861176,41.44883060000029,42,1,shift,5.0,200,200,275,4,"{""backend"": ""aeon""}","{""init"": ""random"", ""max_iter"": 300, ""method"": ""alternate""}"
Trace,idk,distributional,0.16077580466596628,0.2351646672730235,41.76137100000051,42,2,shift,5.0,200,200,275,4,"{""backend"": ""aeon""}","{""init"": ""random"", ""max_iter"": 300, ""method"": ""alternate""}"
Trace,idk,distributional,0.2067823634022199,0.27505369331401114,39.630443500002,42,3,shift,5.0,200,200,275,4,"{""backend"": ""aeon""}","{""init"": ""random"", ""max_iter"": 300, ""method"": ""alternate""}"
Trace,idk,distributional,0.26070787231303566,0.2911492911468272,41.23592909999934,42,4,shift,5.0,200,200,275,4,"{""backend"": ""aeon""}","{""init"": ""random"", ""max_iter"": 300, ""method"": ""alternate""}"
Trace,idk,distributional,0.20711960037179772,0.2444855494249273,53.57549609999842,42,5,shift,5.0,200,200,275,4,"{""backend"": ""aeon""}","{""init"": ""random"", ""max_iter"": 300, ""method"": ""alternate""}"
Trace,idk,distributional,0.21567148693624819,0.25809102280128754,39.70801089999986,42,6,shift,5.0,200,200,275,4,"{""backend"": ""aeon""}","{""init"": ""random"", ""max_iter"": 300, ""method"": ""alternate""}"
Trace,idk,distributional,0.21688821329573038,0.29151114936390726,41.83452100000068,42,7,shift,5.0,200,200,275,4,"{""backend"": ""aeon""}","{""init"": ""random"", ""max_iter"": 300, ""method"": ""alternate""}"
Trace,idk,distributional,0.20738855272122234,0.27498798822735904,54.53718220000155,42,8,shift,5.0,200,200,275,4,"{""backend"": ""aeon""}","{""init"": ""random"", ""max_iter"": 300, ""method"": ""alternate""}"
Trace,idk,distributional,0.2145101005911735,0.2649672167212765,42.107632000001104,42,9,shift,5.0,200,200,275,4,"{""backend"": ""aeon""}","{""init"": ""random"", ""max_iter"": 300, ""method"": ""alternate""}"
Trace,idk,distributional,0.21421311879412158,0.26914473654225946,39.66933210000025,42,10,shift,5.0,200,200,275,4,"{""backend"": ""aeon""}","{""init"": ""random"", ""max_iter"": 300, ""method"": ""alternate""}"
Trace,msm,elastic,0.44944497658836857,0.578265927026303,17.03323079999973,42,1,shift,5.0,200,200,275,4,"{""c"": 1.0, ""backend"": ""aeon""}","{""init"": ""random"", ""max_iter"": 300, ""method"": ""alternate""}"
Trace,msm,elastic,0.36154154207778005,0.5196220328546297,14.84296010000071,42,2,shift,5.0,200,200,275,4,"{""c"": 1.0, ""backend"": ""aeon""}","{""init"": ""random"", ""max_iter"": 300, ""method"": ""alternate""}"
Trace,msm,elastic,0.34491813234143814,0.5095129671644634,15.181418599999233,42,3,shift,5.0,200,200,275,4,"{""c"": 1.0, ""backend"": ""aeon""}","{""init"": ""random"", ""max_iter"": 300, ""method"": ""alternate""}"
Trace,msm,elastic,0.3647858376185563,0.5231757650690055,14.410767599999417,42,4,shift,5.0,200,200,275,4,"{""c"": 1.0, ""backend"": ""aeon""}","{""init"": ""random"", ""max_iter"": 300, ""method"": ""alternate""}"
Trace,msm,elastic,0.44679502309344443,0.5884434374834284,16.721706999998787,42,5,shift,5.0,200,200,275,4,"{""c"": 1.0, ""backend"": ""aeon""}","{""init"": ""random"", ""max_iter"": 300, ""method"": ""alternate""}"
Trace,msm,elastic,0.40618905525019205,0.5401001792527118,15.947092899999916,42,6,shift,5.0,200,200,275,4,"{""c"": 1.0, ""backend"": ""aeon""}","{""init"": ""random"", ""max_iter"": 300, ""method"": ""alternate""}"
Trace,msm,elastic,0.3647858376185563,0.5231757650690055,14.916868300000715,42,7,shift,5.0,200,200,275,4,"{""c"": 1.0, ""backend"": ""aeon""}","{""init"": ""random"", ""max_iter"": 300, ""method"": ""alternate""}"
Trace,msm,elastic,0.3621998671039152,0.5205731431707359,15.291368499999408,42,8,shift,5.0,200,200,275,4,"{""c"": 1.0, ""backend"": ""aeon""}","{""init"": ""random"", ""max_iter"": 300, ""method"": ""alternate""}"
Trace,msm,elastic,0.44944497658836857,0.578265927026303,17.245787100000598,42,9,shift,5.0,200,200,275,4,"{""c"": 1.0, ""backend"": ""aeon""}","{""init"": ""random"", ""max_iter"": 300, ""method"": ""alternate""}"
Trace,msm,elastic,0.45293252732505546,0.5825731904332798,14.940343400000529,42,10,shift,5.0,200,200,275,4,"{""c"": 1.0, ""backend"": ""aeon""}","{""init"": ""random"", ""max_iter"": 300, ""method"": ""alternate""}"
Trace,sbd,sliding,0.625724539834128,0.7875137170295846,2.424381299999368,42,1,shift,5.0,200,200,275,4,"{""backend"": ""aeon"", ""n_jobs"": -1, ""candidate_k"": 20, ""paa_segments"": 32}","{""init"": ""random"", ""max_iter"": 300, ""method"": ""alternate""}"
Trace,sbd,sliding,0.6655235055431996,0.7525044461276025,2.471213100001478,42,2,shift,5.0,200,200,275,4,"{""backend"": ""aeon"", ""n_jobs"": -1, ""candidate_k"": 20, ""paa_segments"": 32}","{""init"": ""random"", ""max_iter"": 300, ""method"": ""alternate""}"
Trace,sbd,sliding,0.6621989602857447,0.7503973674900298,2.5218055000004824,42,3,shift,5.0,200,200,275,4,"{""backend"": ""aeon"", ""n_jobs"": -1, ""candidate_k"": 20, ""paa_segments"": 32}","{""init"": ""random"", ""max_iter"": 300, ""method"": ""alternate""}"
Trace,sbd,sliding,0.3760739443788428,0.488012381462676,2.4645399000000907,42,4,shift,5.0,200,200,275,4,"{""backend"": ""aeon"", ""n_jobs"": -1, ""candidate_k"": 20, ""paa_segments"": 32}","{""init"": ""random"", ""max_iter"": 300, ""method"": ""alternate""}"
Trace,sbd,sliding,0.632208632453777,0.8030686221487029,2.4454174999991665,42,5,shift,5.0,200,200,275,4,"{""backend"": ""aeon"", ""n_jobs"": -1, ""candidate_k"": 20, ""paa_segments"": 32}","{""init"": ""random"", ""max_iter"": 300, ""method"": ""alternate""}"
Trace,sbd,sliding,0.38695811469180247,0.5039249151976947,2.5129161000004387,42,6,shift,5.0,200,200,275,4,"{""backend"": ""aeon"", ""n_jobs"": -1, ""candidate_k"": 20, ""paa_segments"": 32}","{""init"": ""random"", ""max_iter"": 300, ""method"": ""alternate""}"
Trace,sbd,sliding,0.3760739443788428,0.48801238146267606,2.448777199999313,42,7,shift,5.0,200,200,275,4,"{""backend"": ""aeon"", ""n_jobs"": -1, ""candidate_k"": 20, ""paa_segments"": 32}","{""init"": ""random"", ""max_iter"": 300, ""method"": ""alternate""}"
Trace,sbd,sliding,0.6655235055431996,0.7525044461276025,2.435190899999725,42,8,shift,5.0,200,200,275,4,"{""backend"": ""aeon"", ""n_jobs"": -1, ""candidate_k"": 20, ""paa_segments"": 32}","{""init"": ""random"", ""max_iter"": 300, ""method"": ""alternate""}"
Trace,sbd,sliding,0.632208632453777,0.8030686221487029,2.4355173999992985,42,9,shift,5.0,200,200,275,4,"{""backend"": ""aeon"", ""n_jobs"": -1, ""candidate_k"": 20, ""paa_segments"": 32}","{""init"": ""random"", ""max_iter"": 300, ""method"": ""alternate""}"
Trace,sbd,sliding,0.6092667024395367,0.7670493434067157,4.228347099999155,42,10,shift,5.0,200,200,275,4,"{""backend"": ""aeon"", ""n_jobs"": -1, ""candidate_k"": 20, ""paa_segments"": 32}","{""init"": ""random"", ""max_iter"": 300, ""method"": ""alternate""}"
