dataset,measure,paradigm,ari,nmi,runtime,subsample_seed,clustering_seed,perturbation_type,perturbation_level,n_original,n_sampled,series_length,k,measure_params,clustering_params
ACSF1,dtw,elastic,0.2105700332730249,0.4265303615184699,1525.2060509,42,1,none,0,200,200,1460,10,"{""window"": 146, ""backend"": ""aeon""}","{""init"": ""random"", ""max_iter"": 300, ""method"": ""alternate""}"
ACSF1,dtw,elastic,0.1832588982104374,0.4018072264322173,1664.3160475999998,42,2,none,0,200,200,1460,10,"{""window"": 146, ""backend"": ""aeon""}","{""init"": ""random"", ""max_iter"": 300, ""method"": ""alternate""}"
ACSF1,dtw,elastic,0.1953416557616545,0.4161562607607992,1584.6711334,42,3,none,0,200,200,1460,10,"{""window"": 146, ""backend"": ""aeon""}","{""init"": ""random"", ""max_iter"": 300, ""method"": ""alternate""}"
ACSF1,dtw,elastic,0.1516236777487659,0.404141257469303,2989.1723379000005,42,4,none,0,200,200,1460,10,"{""window"": 146, ""backend"": ""aeon""}","{""init"": ""random"", ""max_iter"": 300, ""method"": ""alternate""}"
ACSF1,dtw,elastic,0.1464561617304637,0.3806871748449308,3504.685715899999,42,5,none,0,200,200,1460,10,"{""window"": 146, ""backend"": ""aeon""}","{""init"": ""random"", ""max_iter"": 300, ""method"": ""alternate""}"
ACSF1,dtw,elastic,0.2033808359523988,0.4198106801605473,19401.896937999994,42,6,none,0,200,200,1460,10,"{""window"": 146, ""backend"": ""aeon""}","{""init"": ""random"", ""max_iter"": 300, ""method"": ""alternate""}"
ACSF1,dtw,elastic,0.1558459518717245,0.4128638324990218,1675.2707518000025,42,7,none,0,200,200,1460,10,"{""window"": 146, ""backend"": ""aeon""}","{""init"": ""random"", ""max_iter"": 300, ""method"": ""alternate""}"
ACSF1,dtw,elastic,0.1646793141110442,0.4066844369569717,1559.2130398000008,42,8,none,0,200,200,1460,10,"{""window"": 146, ""backend"": ""aeon""}","{""init"": ""random"", ""max_iter"": 300, ""method"": ""alternate""}"
ACSF1,dtw,elastic,0.1771784620867609,0.4218271877346837,1501.4613802000022,42,9,none,0,200,200,1460,10,"{""window"": 146, ""backend"": ""aeon""}","{""init"": ""random"", ""max_iter"": 300, ""method"": ""alternate""}"
ACSF1,dtw,elastic,0.2253211708923226,0.4618530014553951,1542.6243568999998,42,10,none,0,200,200,1460,10,"{""window"": 146, ""backend"": ""aeon""}","{""init"": ""random"", ""max_iter"": 300, ""method"": ""alternate""}"
ACSF1,ed,lock-step,0.2094464404219776,0.4124696522010855,0.0037955000000025,42,1,none,0,200,200,1460,10,,"{""init"": ""random"", ""max_iter"": 300, ""method"": ""alternate""}"
ACSF1,ed,lock-step,0.1335965445484598,0.3275807613167344,0.0677840999996988,42,2,none,0,200,200,1460,10,,"{""init"": ""random"", ""max_iter"": 300, ""method"": ""alternate""}"
ACSF1,ed,lock-step,0.1407642199316145,0.3403859869059118,0.0041421999994781,42,3,none,0,200,200,1460,10,,"{""init"": ""random"", ""max_iter"": 300, ""method"": ""alternate""}"
ACSF1,ed,lock-step,0.1339178177670253,0.3220340509625817,0.0172908000004099,42,4,none,0,200,200,1460,10,,"{""init"": ""random"", ""max_iter"": 300, ""method"": ""alternate""}"
ACSF1,ed,lock-step,0.1822157838808001,0.3481967739841699,0.0151849000012589,42,5,none,0,200,200,1460,10,,"{""init"": ""random"", ""max_iter"": 300, ""method"": ""alternate""}"
ACSF1,ed,lock-step,0.1683587336603742,0.3361579843679799,0.0139217000014468,42,6,none,0,200,200,1460,10,,"{""init"": ""random"", ""max_iter"": 300, ""method"": ""alternate""}"
ACSF1,ed,lock-step,0.1730717203821817,0.3531823623307041,0.0057527999961166,42,7,none,0,200,200,1460,10,,"{""init"": ""random"", ""max_iter"": 300, ""method"": ""alternate""}"
ACSF1,ed,lock-step,0.1448748918192241,0.3171767056167615,0.0053158999944571,42,8,none,0,200,200,1460,10,,"{""init"": ""random"", ""max_iter"": 300, ""method"": ""alternate""}"
ACSF1,ed,lock-step,0.189151581328407,0.3818471825205137,0.0035002000076929,42,9,none,0,200,200,1460,10,,"{""init"": ""random"", ""max_iter"": 300, ""method"": ""alternate""}"
ACSF1,ed,lock-step,0.1974546933186008,0.4181796027842753,0.0044390999973984,42,10,none,0,200,200,1460,10,,"{""init"": ""random"", ""max_iter"": 300, ""method"": ""alternate""}"
ACSF1,idk,distributional,0.3622001186047765,0.5710248939496907,11.777777600000263,42,1,none,0,200,200,1460,10,"{""no_window_threshold"": 96, ""psi"": 200, ""t"": 220, ""window_size"": 146, ""window_step"": 36}","{""init"": ""random"",""max_iter"": 300,""method"": ""alternate""}"
ACSF1,idk,distributional,0.3836199624623041,0.5706523323826144,9.04643809999834,42,2,none,0,200,200,1460,10,"{""no_window_threshold"": 96, ""psi"": 200, ""t"": 220, ""window_size"": 146, ""window_step"": 36}","{""init"": ""random"",""max_iter"": 300,""method"": ""alternate""}"
ACSF1,idk,distributional,0.299221276297808,0.5152459738223741,7.719710900000791,42,3,none,0,200,200,1460,10,"{""no_window_threshold"": 96, ""psi"": 200, ""t"": 220, ""window_size"": 146, ""window_step"": 36}","{""init"": ""random"",""max_iter"": 300,""method"": ""alternate""}"
ACSF1,idk,distributional,0.3323624736920878,0.5471127907816261,7.7177214000003005,42,4,none,0,200,200,1460,10,"{""no_window_threshold"": 96, ""psi"": 200, ""t"": 220, ""window_size"": 146, ""window_step"": 36}","{""init"": ""random"",""max_iter"": 300,""method"": ""alternate""}"
ACSF1,idk,distributional,0.3164614204728294,0.5288612564543108,7.726086500002566,42,5,none,0,200,200,1460,10,"{""no_window_threshold"": 96, ""psi"": 200, ""t"": 220, ""window_size"": 146, ""window_step"": 36}","{""init"": ""random"",""max_iter"": 300,""method"": ""alternate""}"
ACSF1,idk,distributional,0.33809944465691,0.5447062039052478,7.724806099999114,42,6,none,0,200,200,1460,10,"{""no_window_threshold"": 96, ""psi"": 200, ""t"": 220, ""window_size"": 146, ""window_step"": 36}","{""init"": ""random"",""max_iter"": 300,""method"": ""alternate""}"
ACSF1,idk,distributional,0.3050593538068483,0.5478575954918653,7.702517000001535,42,7,none,0,200,200,1460,10,"{""no_window_threshold"": 96, ""psi"": 200, ""t"": 220, ""window_size"": 146, ""window_step"": 36}","{""init"": ""random"",""max_iter"": 300,""method"": ""alternate""}"
ACSF1,idk,distributional,0.34259152426611494,0.5365240532465272,7.769492100000207,42,8,none,0,200,200,1460,10,"{""no_window_threshold"": 96, ""psi"": 200, ""t"": 220, ""window_size"": 146, ""window_step"": 36}","{""init"": ""random"",""max_iter"": 300,""method"": ""alternate""}"
ACSF1,idk,distributional,0.39567647544651996,0.5821622477841352,7.739954699998634,42,9,none,0,200,200,1460,10,"{""no_window_threshold"": 96, ""psi"": 200, ""t"": 220, ""window_size"": 146, ""window_step"": 36}","{""init"": ""random"",""max_iter"": 300,""method"": ""alternate""}"
ACSF1,idk,distributional,0.3316632972268786,0.5518619632025937,7.757893000001786,42,10,none,0,200,200,1460,10,"{""no_window_threshold"": 96, ""psi"": 200, ""t"": 220, ""window_size"": 146, ""window_step"": 36}","{""init"": ""random"",""max_iter"": 300,""method"": ""alternate""}"
ACSF1,msm,elastic,0.3372496995575015,0.5391152708836815,548.2894823000001,42,1,none,0,200,200,1460,10,"{""c"": 1.0, ""backend"": ""aeon""}","{""init"": ""random"", ""max_iter"": 300, ""method"": ""alternate""}"
ACSF1,msm,elastic,0.2481041103531128,0.4472301405090322,554.3940323999996,42,2,none,0,200,200,1460,10,"{""c"": 1.0, ""backend"": ""aeon""}","{""init"": ""random"", ""max_iter"": 300, ""method"": ""alternate""}"
ACSF1,msm,elastic,0.2291627040848286,0.4944701323909538,574.9803609999999,42,3,none,0,200,200,1460,10,"{""c"": 1.0, ""backend"": ""aeon""}","{""init"": ""random"", ""max_iter"": 300, ""method"": ""alternate""}"
ACSF1,msm,elastic,0.2314478391691973,0.4810959317664556,1030.6728674999997,42,4,none,0,200,200,1460,10,"{""c"": 1.0, ""backend"": ""aeon""}","{""init"": ""random"", ""max_iter"": 300, ""method"": ""alternate""}"
ACSF1,msm,elastic,0.2634000897711829,0.4908804753597721,1038.4025419999998,42,5,none,0,200,200,1460,10,"{""c"": 1.0, ""backend"": ""aeon""}","{""init"": ""random"", ""max_iter"": 300, ""method"": ""alternate""}"
ACSF1,msm,elastic,0.2694081236303966,0.4696094131609838,584.2091384000087,42,6,none,0,200,200,1460,10,"{""c"": 1.0, ""backend"": ""aeon""}","{""init"": ""random"", ""max_iter"": 300, ""method"": ""alternate""}"
ACSF1,msm,elastic,0.2165986055726062,0.4701461548545507,601.4028640999968,42,7,none,0,200,200,1460,10,"{""c"": 1.0, ""backend"": ""aeon""}","{""init"": ""random"", ""max_iter"": 300, ""method"": ""alternate""}"
ACSF1,msm,elastic,0.2535378206819061,0.4601686072636438,536.6013348999986,42,8,none,0,200,200,1460,10,"{""c"": 1.0, ""backend"": ""aeon""}","{""init"": ""random"", ""max_iter"": 300, ""method"": ""alternate""}"
ACSF1,msm,elastic,0.2784090129488793,0.4900928722303544,520.474132400006,42,9,none,0,200,200,1460,10,"{""c"": 1.0, ""backend"": ""aeon""}","{""init"": ""random"", ""max_iter"": 300, ""method"": ""alternate""}"
ACSF1,msm,elastic,0.2894210880721983,0.5133432222454188,570.4312857999976,42,10,none,0,200,200,1460,10,"{""c"": 1.0, ""backend"": ""aeon""}","{""init"": ""random"", ""max_iter"": 300, ""method"": ""alternate""}"
ACSF1,sbd,sliding,0.20104138603522306,0.4209241927210812,4.178708399998868,42,1,none,0,200,200,1460,10,"{""backend"": ""reference"", ""candidate_k"": 20, ""coarse_method"": ""paa"", ""n_jobs"": -1, ""paa_segments"": 32, ""standardize"": false}","{""init"": ""random"",""max_iter"": 300,""method"": ""alternate""}"
ACSF1,sbd,sliding,0.20789269348341408,0.4342138109811683,4.224421300001268,42,2,none,0,200,200,1460,10,"{""backend"": ""reference"", ""candidate_k"": 20, ""coarse_method"": ""paa"", ""n_jobs"": -1, ""paa_segments"": 32, ""standardize"": false}","{""init"": ""random"",""max_iter"": 300,""method"": ""alternate""}"
ACSF1,sbd,sliding,0.18476599085104184,0.4089965666331817,4.154785800001264,42,3,none,0,200,200,1460,10,"{""backend"": ""reference"", ""candidate_k"": 20, ""coarse_method"": ""paa"", ""n_jobs"": -1, ""paa_segments"": 32, ""standardize"": false}","{""init"": ""random"",""max_iter"": 300,""method"": ""alternate""}"
ACSF1,sbd,sliding,0.14648392953449788,0.37077413275515697,4.0522407999997085,42,4,none,0,200,200,1460,10,"{""backend"": ""reference"", ""candidate_k"": 20, ""coarse_method"": ""paa"", ""n_jobs"": -1, ""paa_segments"": 32, ""standardize"": false}","{""init"": ""random"",""max_iter"": 300,""method"": ""alternate""}"
ACSF1,sbd,sliding,0.17152982053302804,0.35887734128692944,4.064968700000463,42,5,none,0,200,200,1460,10,"{""backend"": ""reference"", ""candidate_k"": 20, ""coarse_method"": ""paa"", ""n_jobs"": -1, ""paa_segments"": 32, ""standardize"": false}","{""init"": ""random"",""max_iter"": 300,""method"": ""alternate""}"
ACSF1,sbd,sliding,0.2123623655234847,0.4239130631449222,4.067118099999789,42,6,none,0,200,200,1460,10,"{""backend"": ""reference"", ""candidate_k"": 20, ""coarse_method"": ""paa"", ""n_jobs"": -1, ""paa_segments"": 32, ""standardize"": false}","{""init"": ""random"",""max_iter"": 300,""method"": ""alternate""}"
ACSF1,sbd,sliding,0.12352594937993465,0.337687172949683,5.026627899998857,42,7,none,0,200,200,1460,10,"{""backend"": ""reference"", ""candidate_k"": 20, ""coarse_method"": ""paa"", ""n_jobs"": -1, ""paa_segments"": 32, ""standardize"": false}","{""init"": ""random"",""max_iter"": 300,""method"": ""alternate""}"
ACSF1,sbd,sliding,0.16684320314874207,0.3763097851670515,4.034869300001446,42,8,none,0,200,200,1460,10,"{""backend"": ""reference"", ""candidate_k"": 20, ""coarse_method"": ""paa"", ""n_jobs"": -1, ""paa_segments"": 32, ""standardize"": false}","{""init"": ""random"",""max_iter"": 300,""method"": ""alternate""}"
ACSF1,sbd,sliding,0.1961186784631304,0.4259282191725438,3.135388200000307,42,9,none,0,200,200,1460,10,"{""backend"": ""reference"", ""candidate_k"": 20, ""coarse_method"": ""paa"", ""n_jobs"": -1, ""paa_segments"": 32, ""standardize"": false}","{""init"": ""random"",""max_iter"": 300,""method"": ""alternate""}"
ACSF1,sbd,sliding,0.207619130005572,0.42833982772583334,3.1441190999976243,42,10,none,0,200,200,1460,10,"{""backend"": ""reference"", ""candidate_k"": 20, ""coarse_method"": ""paa"", ""n_jobs"": -1, ""paa_segments"": 32, ""standardize"": false}","{""init"": ""random"",""max_iter"": 300,""method"": ""alternate""}"
ArrowHead,dtw,elastic,0.2314102311147013,0.2885770615066219,40.09104780000007,0,1,none,0,211,211,251,3,"{""window"": 25, ""backend"": ""aeon""}","{""init"":""random"",""max_iter"":300,""method"":""alternate""}"
ArrowHead,dtw,elastic,0.2322292625186421,0.273874308029036,35.197054099999946,0,2,none,0,211,211,251,3,"{""window"": 25, ""backend"": ""aeon""}","{""init"":""random"",""max_iter"":300,""method"":""alternate""}"
ArrowHead,dtw,elastic,0.2397360226899333,0.2755527721800527,41.06743310000002,0,3,none,0,211,211,251,3,"{""window"": 25, ""backend"": ""aeon""}","{""init"":""random"",""max_iter"":300,""method"":""alternate""}"
ArrowHead,dtw,elastic,0.1461010710612141,0.2438575417779045,40.832988,0,4,none,0,211,211,251,3,"{""window"": 25, ""backend"": ""aeon""}","{""init"":""random"",""max_iter"":300,""method"":""alternate""}"
ArrowHead,dtw,elastic,0.2397360226899333,0.2755527721800527,42.47336910000013,0,5,none,0,211,211,251,3,"{""window"": 25, ""backend"": ""aeon""}","{""init"":""random"",""max_iter"":300,""method"":""alternate""}"
ArrowHead,dtw,elastic,0.1603813204797083,0.2387668498327589,47.93680470000004,0,6,none,0,211,211,251,3,"{""window"": 25, ""backend"": ""aeon""}","{""init"":""random"",""max_iter"":300,""method"":""alternate""}"
ArrowHead,dtw,elastic,0.2286195885149993,0.2679648921909881,48.57500639999989,0,7,none,0,211,211,251,3,"{""window"": 25, ""backend"": ""aeon""}","{""init"":""random"",""max_iter"":300,""method"":""alternate""}"
ArrowHead,dtw,elastic,0.1593479190455082,0.2531123625047463,38.53048280000007,0,8,none,0,211,211,251,3,"{""window"": 25, ""backend"": ""aeon""}","{""init"":""random"",""max_iter"":300,""method"":""alternate""}"
ArrowHead,dtw,elastic,0.1603813204797083,0.238766849832759,38.07744699999989,0,9,none,0,211,211,251,3,"{""window"": 25, ""backend"": ""aeon""}","{""init"":""random"",""max_iter"":300,""method"":""alternate""}"
ArrowHead,dtw,elastic,0.1593479190455082,0.2531123625047463,35.66734210000004,0,10,none,0,211,211,251,3,"{""window"": 25, ""backend"": ""aeon""}","{""init"":""random"",""max_iter"":300,""method"":""alternate""}"
ArrowHead,ed,lock-step,0.3320653459988425,0.3010635062877603,0.0019702999999253,0,1,none,0,211,211,251,3,,"{""init"":""random"",""max_iter"":300,""method"":""alternate""}"
ArrowHead,ed,lock-step,0.3198523612868374,0.2989474942228477,0.0012102999999115,0,2,none,0,211,211,251,3,,"{""init"":""random"",""max_iter"":300,""method"":""alternate""}"
ArrowHead,ed,lock-step,0.3148738197083204,0.2979462068939544,0.0013817000000244,0,3,none,0,211,211,251,3,,"{""init"":""random"",""max_iter"":300,""method"":""alternate""}"
ArrowHead,ed,lock-step,0.3148738197083204,0.2979462068939544,0.0034309000000121,0,4,none,0,211,211,251,3,,"{""init"":""random"",""max_iter"":300,""method"":""alternate""}"
ArrowHead,ed,lock-step,0.3148738197083204,0.2979462068939544,0.0030342000001155,0,5,none,0,211,211,251,3,,"{""init"":""random"",""max_iter"":300,""method"":""alternate""}"
ArrowHead,ed,lock-step,0.3049089436640884,0.2728908795054429,0.002321199999983,0,6,none,0,211,211,251,3,,"{""init"":""random"",""max_iter"":300,""method"":""alternate""}"
ArrowHead,ed,lock-step,0.2781036594311238,0.3507019789759422,0.0027663999999276,0,7,none,0,211,211,251,3,,"{""init"":""random"",""max_iter"":300,""method"":""alternate""}"
ArrowHead,ed,lock-step,0.1854697360612462,0.2479112886146543,0.0018750000001546,0,8,none,0,211,211,251,3,,"{""init"":""random"",""max_iter"":300,""method"":""alternate""}"
ArrowHead,ed,lock-step,0.2805975682165654,0.2798596004701718,0.0013810000000376,0,9,none,0,211,211,251,3,,"{""init"":""random"",""max_iter"":300,""method"":""alternate""}"
ArrowHead,ed,lock-step,0.1816592856480782,0.2610097939800685,0.001429200000075,0,10,none,0,211,211,251,3,,"{""init"":""random"",""max_iter"":300,""method"":""alternate""}"
ArrowHead,idk,distributional,0.18737545315717496,0.16353417638128204,9.666404400006286,0,1,none,0,211,211,251,3,"{""no_window_threshold"": 0, ""psi"": 211, ""t"": 220, ""window_size"": 25, ""window_step"": 6}","{""init"": ""random"",""max_iter"": 300,""method"": ""alternate""}"
ArrowHead,idk,distributional,0.19669279445573118,0.2180500103637208,8.682361400002264,0,2,none,0,211,211,251,3,"{""no_window_threshold"": 0, ""psi"": 211, ""t"": 220, ""window_size"": 25, ""window_step"": 6}","{""init"": ""random"",""max_iter"": 300,""method"": ""alternate""}"
ArrowHead,idk,distributional,0.11823251093129791,0.1662587965305183,9.26455160000478,0,3,none,0,211,211,251,3,"{""no_window_threshold"": 0, ""psi"": 211, ""t"": 220, ""window_size"": 25, ""window_step"": 6}","{""init"": ""random"",""max_iter"": 300,""method"": ""alternate""}"
ArrowHead,idk,distributional,0.20165387053063383,0.17355905597051785,8.206382000003941,0,4,none,0,211,211,251,3,"{""no_window_threshold"": 0, ""psi"": 211, ""t"": 220, ""window_size"": 25, ""window_step"": 6}","{""init"": ""random"",""max_iter"": 300,""method"": ""alternate""}"
ArrowHead,idk,distributional,0.1892967988557758,0.1650017218703798,12.788277799991192,0,5,none,0,211,211,251,3,"{""no_window_threshold"": 0, ""psi"": 211, ""t"": 220, ""window_size"": 25, ""window_step"": 6}","{""init"": ""random"",""max_iter"": 300,""method"": ""alternate""}"
ArrowHead,idk,distributional,0.19748498979689458,0.16822209106249394,8.808813800002099,0,6,none,0,211,211,251,3,"{""no_window_threshold"": 0, ""psi"": 211, ""t"": 220, ""window_size"": 25, ""window_step"": 6}","{""init"": ""random"",""max_iter"": 300,""method"": ""alternate""}"
ArrowHead,idk,distributional,0.20900903929543313,0.22782785622800147,12.452959499991266,0,7,none,0,211,211,251,3,"{""no_window_threshold"": 0, ""psi"": 211, ""t"": 220, ""window_size"": 25, ""window_step"": 6}","{""init"": ""random"",""max_iter"": 300,""method"": ""alternate""}"
ArrowHead,idk,distributional,0.2015382708403825,0.17403059594860243,8.325486499990802,0,8,none,0,211,211,251,3,"{""no_window_threshold"": 0, ""psi"": 211, ""t"": 220, ""window_size"": 25, ""window_step"": 6}","{""init"": ""random"",""max_iter"": 300,""method"": ""alternate""}"
ArrowHead,idk,distributional,0.2033559401365597,0.1756617927106717,8.686304900009418,0,9,none,0,211,211,251,3,"{""no_window_threshold"": 0, ""psi"": 211, ""t"": 220, ""window_size"": 25, ""window_step"": 6}","{""init"": ""random"",""max_iter"": 300,""method"": ""alternate""}"
ArrowHead,idk,distributional,0.18621961695983932,0.16238152992821508,8.42938650000724,0,10,none,0,211,211,251,3,"{""no_window_threshold"": 0, ""psi"": 211, ""t"": 220, ""window_size"": 25, ""window_step"": 6}","{""init"": ""random"",""max_iter"": 300,""method"": ""alternate""}"
ArrowHead,msm,elastic,0.2400745339875333,0.2173313747603513,15.83633789999999,0,1,none,0,211,211,251,3,"{""c"": 1.0, ""backend"": ""aeon""}","{""init"":""random"",""max_iter"":300,""method"":""alternate""}"
ArrowHead,msm,elastic,0.2444999651313857,0.229504191089502,15.5683686000001,0,2,none,0,211,211,251,3,"{""c"": 1.0, ""backend"": ""aeon""}","{""init"":""random"",""max_iter"":300,""method"":""alternate""}"
ArrowHead,msm,elastic,0.2043195663731732,0.1838259086485936,18.704171799999926,0,3,none,0,211,211,251,3,"{""c"": 1.0, ""backend"": ""aeon""}","{""init"":""random"",""max_iter"":300,""method"":""alternate""}"
ArrowHead,msm,elastic,0.2043195663731732,0.1838259086485936,14.970196899999904,0,4,none,0,211,211,251,3,"{""c"": 1.0, ""backend"": ""aeon""}","{""init"":""random"",""max_iter"":300,""method"":""alternate""}"
ArrowHead,msm,elastic,0.2043195663731732,0.1838259086485936,20.68203619999997,0,5,none,0,211,211,251,3,"{""c"": 1.0, ""backend"": ""aeon""}","{""init"":""random"",""max_iter"":300,""method"":""alternate""}"
ArrowHead,msm,elastic,0.2702551789950996,0.2521757035446014,16.943005200000243,0,6,none,0,211,211,251,3,"{""c"": 1.0, ""backend"": ""aeon""}","{""init"":""random"",""max_iter"":300,""method"":""alternate""}"
ArrowHead,msm,elastic,0.2444999651313857,0.229504191089502,19.610098000000107,0,7,none,0,211,211,251,3,"{""c"": 1.0, ""backend"": ""aeon""}","{""init"":""random"",""max_iter"":300,""method"":""alternate""}"
ArrowHead,msm,elastic,0.1717412956134796,0.2251292179585877,14.730481299999838,0,8,none,0,211,211,251,3,"{""c"": 1.0, ""backend"": ""aeon""}","{""init"":""random"",""max_iter"":300,""method"":""alternate""}"
ArrowHead,msm,elastic,0.2539177378785675,0.2401446733841299,13.945880000000216,0,9,none,0,211,211,251,3,"{""c"": 1.0, ""backend"": ""aeon""}","{""init"":""random"",""max_iter"":300,""method"":""alternate""}"
ArrowHead,msm,elastic,0.1715677526801362,0.2251173087889277,18.028766399999768,0,10,none,0,211,211,251,3,"{""c"": 1.0, ""backend"": ""aeon""}","{""init"":""random"",""max_iter"":300,""method"":""alternate""}"
ArrowHead,sbd,sliding,0.24735175188270658,0.2849795816216414,0.33139439999649767,0,1,none,0,211,211,251,3,"{""backend"": ""reference"", ""candidate_k"": 20, ""coarse_method"": ""paa"", ""n_jobs"": -1, ""paa_segments"": 32, ""standardize"": false}","{""init"": ""random"",""max_iter"": 300,""method"": ""alternate""}"
ArrowHead,sbd,sliding,0.28686028319187246,0.34149544109128266,0.34344989999954123,0,2,none,0,211,211,251,3,"{""backend"": ""reference"", ""candidate_k"": 20, ""coarse_method"": ""paa"", ""n_jobs"": -1, ""paa_segments"": 32, ""standardize"": false}","{""init"": ""random"",""max_iter"": 300,""method"": ""alternate""}"
ArrowHead,sbd,sliding,0.2812232714842196,0.32800007558977917,0.34909209999023005,0,3,none,0,211,211,251,3,"{""backend"": ""reference"", ""candidate_k"": 20, ""coarse_method"": ""paa"", ""n_jobs"": -1, ""paa_segments"": 32, ""standardize"": false}","{""init"": ""random"",""max_iter"": 300,""method"": ""alternate""}"
ArrowHead,sbd,sliding,0.3103187935378854,0.2939929935014329,0.3621716000052402,0,4,none,0,211,211,251,3,"{""backend"": ""reference"", ""candidate_k"": 20, ""coarse_method"": ""paa"", ""n_jobs"": -1, ""paa_segments"": 32, ""standardize"": false}","{""init"": ""random"",""max_iter"": 300,""method"": ""alternate""}"
ArrowHead,sbd,sliding,0.20561860694484346,0.2578859161029652,0.3531261000025552,0,5,none,0,211,211,251,3,"{""backend"": ""reference"", ""candidate_k"": 20, ""coarse_method"": ""paa"", ""n_jobs"": -1, ""paa_segments"": 32, ""standardize"": false}","{""init"": ""random"",""max_iter"": 300,""method"": ""alternate""}"
ArrowHead,sbd,sliding,0.23312905694412595,0.2875217521372253,0.3514366000017617,0,6,none,0,211,211,251,3,"{""backend"": ""reference"", ""candidate_k"": 20, ""coarse_method"": ""paa"", ""n_jobs"": -1, ""paa_segments"": 32, ""standardize"": false}","{""init"": ""random"",""max_iter"": 300,""method"": ""alternate""}"
ArrowHead,sbd,sliding,0.19060408552449745,0.30718469669982773,0.33943200000794604,0,7,none,0,211,211,251,3,"{""backend"": ""reference"", ""candidate_k"": 20, ""coarse_method"": ""paa"", ""n_jobs"": -1, ""paa_segments"": 32, ""standardize"": false}","{""init"": ""random"",""max_iter"": 300,""method"": ""alternate""}"
ArrowHead,sbd,sliding,0.17862088690645778,0.24532848937749802,0.34674779999477323,0,8,none,0,211,211,251,3,"{""backend"": ""reference"", ""candidate_k"": 20, ""coarse_method"": ""paa"", ""n_jobs"": -1, ""paa_segments"": 32, ""standardize"": false}","{""init"": ""random"",""max_iter"": 300,""method"": ""alternate""}"
ArrowHead,sbd,sliding,0.14785076061115526,0.2643269071619646,0.3443084999889834,0,9,none,0,211,211,251,3,"{""backend"": ""reference"", ""candidate_k"": 20, ""coarse_method"": ""paa"", ""n_jobs"": -1, ""paa_segments"": 32, ""standardize"": false}","{""init"": ""random"",""max_iter"": 300,""method"": ""alternate""}"
ArrowHead,sbd,sliding,0.17862088690645778,0.24532848937749802,0.36244920000899583,0,10,none,0,211,211,251,3,"{""backend"": ""reference"", ""candidate_k"": 20, ""coarse_method"": ""paa"", ""n_jobs"": -1, ""paa_segments"": 32, ""standardize"": false}","{""init"": ""random"",""max_iter"": 300,""method"": ""alternate""}"
CBF,dtw,elastic,0.8101913561243268,0.7852579030004063,178.04374430000007,0,1,none,0,930,930,128,3,"{""window"": 13, ""backend"": ""aeon""}","{""init"":""random"",""max_iter"":300,""method"":""alternate""}"
CBF,dtw,elastic,0.3774628497764145,0.4740938729409569,178.0018528999999,0,2,none,0,930,930,128,3,"{""window"": 13, ""backend"": ""aeon""}","{""init"":""random"",""max_iter"":300,""method"":""alternate""}"
CBF,dtw,elastic,0.8101913561243268,0.7852579030004063,178.18707680000034,0,3,none,0,930,930,128,3,"{""window"": 13, ""backend"": ""aeon""}","{""init"":""random"",""max_iter"":300,""method"":""alternate""}"
CBF,dtw,elastic,0.8101913561243268,0.7852579030004063,177.88890590000028,0,4,none,0,930,930,128,3,"{""window"": 13, ""backend"": ""aeon""}","{""init"":""random"",""max_iter"":300,""method"":""alternate""}"
CBF,dtw,elastic,0.8101913561243268,0.7852579030004063,177.90424639999992,0,5,none,0,930,930,128,3,"{""window"": 13, ""backend"": ""aeon""}","{""init"":""random"",""max_iter"":300,""method"":""alternate""}"
CBF,dtw,elastic,0.4206385179830888,0.563338172894267,177.87861239999984,0,6,none,0,930,930,128,3,"{""window"": 13, ""backend"": ""aeon""}","{""init"":""random"",""max_iter"":300,""method"":""alternate""}"
CBF,dtw,elastic,0.8101913561243268,0.7852579030004062,178.04743450000024,0,7,none,0,930,930,128,3,"{""window"": 13, ""backend"": ""aeon""}","{""init"":""random"",""max_iter"":300,""method"":""alternate""}"
CBF,dtw,elastic,0.1789864209543817,0.2680877701746183,178.3343577999999,0,8,none,0,930,930,128,3,"{""window"": 13, ""backend"": ""aeon""}","{""init"":""random"",""max_iter"":300,""method"":""alternate""}"
CBF,dtw,elastic,0.8101913561243268,0.7852579030004062,178.3006433999999,0,9,none,0,930,930,128,3,"{""window"": 13, ""backend"": ""aeon""}","{""init"":""random"",""max_iter"":300,""method"":""alternate""}"
CBF,dtw,elastic,0.8101913561243268,0.7852579030004062,177.89576320000015,0,10,none,0,930,930,128,3,"{""window"": 13, ""backend"": ""aeon""}","{""init"":""random"",""max_iter"":300,""method"":""alternate""}"
CBF,ed,lock-step,0.2588644966937155,0.2969186029798326,0.0109842000001663,0,1,none,0,930,930,128,3,,"{""init"":""random"",""max_iter"":300,""method"":""alternate""}"
CBF,ed,lock-step,0.2887428579145246,0.3097100964209307,0.0133493999999245,0,2,none,0,930,930,128,3,,"{""init"":""random"",""max_iter"":300,""method"":""alternate""}"
CBF,ed,lock-step,0.2440810362229983,0.297954106906454,0.012610499999937,0,3,none,0,930,930,128,3,,"{""init"":""random"",""max_iter"":300,""method"":""alternate""}"
CBF,ed,lock-step,0.2877796043168201,0.3089587760033309,0.0142959000004339,0,4,none,0,930,930,128,3,,"{""init"":""random"",""max_iter"":300,""method"":""alternate""}"
CBF,ed,lock-step,0.2151391066518594,0.2741897804873321,0.0123734999992848,0,5,none,0,930,930,128,3,,"{""init"":""random"",""max_iter"":300,""method"":""alternate""}"
CBF,ed,lock-step,0.2588644966937155,0.2969186029798326,0.0147737999996024,0,6,none,0,930,930,128,3,,"{""init"":""random"",""max_iter"":300,""method"":""alternate""}"
CBF,ed,lock-step,0.2715536408920928,0.3034125992793892,0.0130733000000873,0,7,none,0,930,930,128,3,,"{""init"":""random"",""max_iter"":300,""method"":""alternate""}"
CBF,ed,lock-step,0.2428846464114188,0.2630107146069888,0.0109263999997892,0,8,none,0,930,930,128,3,,"{""init"":""random"",""max_iter"":300,""method"":""alternate""}"
CBF,ed,lock-step,0.2129325565033551,0.2816284341917,0.012205399999857,0,9,none,0,930,930,128,3,,"{""init"":""random"",""max_iter"":300,""method"":""alternate""}"
CBF,ed,lock-step,0.2479376521510557,0.277680897511844,0.0155165000001034,0,10,none,0,930,930,128,3,,"{""init"":""random"",""max_iter"":300,""method"":""alternate""}"
CBF,idk,distributional,0.168172142810319,0.19536923028796307,177.00841500000388,0,1,none,0,930,930,128,3,"{""no_window_threshold"": 0, ""psi"": 930, ""t"": 220, ""window_size"": 13, ""window_step"": 3}","{""init"": ""random"",""max_iter"": 300,""method"": ""alternate""}"
CBF,idk,distributional,0.21347342149226092,0.24587862155236628,179.76002320001135,0,2,none,0,930,930,128,3,"{""no_window_threshold"": 0, ""psi"": 930, ""t"": 220, ""window_size"": 13, ""window_step"": 3}","{""init"": ""random"",""max_iter"": 300,""method"": ""alternate""}"
CBF,idk,distributional,0.24641807286842948,0.278296746359921,177.34473969999817,0,3,none,0,930,930,128,3,"{""no_window_threshold"": 0, ""psi"": 930, ""t"": 220, ""window_size"": 13, ""window_step"": 3}","{""init"": ""random"",""max_iter"": 300,""method"": ""alternate""}"
CBF,idk,distributional,0.24602247631524576,0.2773287538615149,180.98980049999955,0,4,none,0,930,930,128,3,"{""no_window_threshold"": 0, ""psi"": 930, ""t"": 220, ""window_size"": 13, ""window_step"": 3}","{""init"": ""random"",""max_iter"": 300,""method"": ""alternate""}"
CBF,idk,distributional,0.286298549582603,0.312957795028195,178.68992949998938,0,5,none,0,930,930,128,3,"{""no_window_threshold"": 0, ""psi"": 930, ""t"": 220, ""window_size"": 13, ""window_step"": 3}","{""init"": ""random"",""max_iter"": 300,""method"": ""alternate""}"
CBF,idk,distributional,0.2059187623811293,0.23172911492691303,180.737624100002,0,6,none,0,930,930,128,3,"{""no_window_threshold"": 0, ""psi"": 930, ""t"": 220, ""window_size"": 13, ""window_step"": 3}","{""init"": ""random"",""max_iter"": 300,""method"": ""alternate""}"
CBF,idk,distributional,0.3634093957793735,0.3388246774175278,182.53251340000133,0,7,none,0,930,930,128,3,"{""no_window_threshold"": 0, ""psi"": 930, ""t"": 220, ""window_size"": 13, ""window_step"": 3}","{""init"": ""random"",""max_iter"": 300,""method"": ""alternate""}"
CBF,idk,distributional,0.17774088433119653,0.22061722245711093,191.10391669999808,0,8,none,0,930,930,128,3,"{""no_window_threshold"": 0, ""psi"": 930, ""t"": 220, ""window_size"": 13, ""window_step"": 3}","{""init"": ""random"",""max_iter"": 300,""method"": ""alternate""}"
CBF,idk,distributional,0.24227783296986546,0.2732176738079009,257.23721969999315,0,9,none,0,930,930,128,3,"{""no_window_threshold"": 0, ""psi"": 930, ""t"": 220, ""window_size"": 13, ""window_step"": 3}","{""init"": ""random"",""max_iter"": 300,""method"": ""alternate""}"
CBF,idk,distributional,0.23185783885300415,0.2661015391411836,177.3212593000062,0,10,none,0,930,930,128,3,"{""no_window_threshold"": 0, ""psi"": 930, ""t"": 220, ""window_size"": 13, ""window_step"": 3}","{""init"": ""random"",""max_iter"": 300,""method"": ""alternate""}"
CBF,msm,elastic,0.4885315892892937,0.5332107177732706,27.53101330000004,0,1,none,0,930,930,128,3,"{""c"": 1.0, ""backend"": ""aeon""}","{""init"":""random"",""max_iter"":300,""method"":""alternate""}"
CBF,msm,elastic,0.4434637408224368,0.4531586116270293,27.97941129999981,0,2,none,0,930,930,128,3,"{""c"": 1.0, ""backend"": ""aeon""}","{""init"":""random"",""max_iter"":300,""method"":""alternate""}"
CBF,msm,elastic,0.510424838925174,0.5747695541721902,27.43174719999979,0,3,none,0,930,930,128,3,"{""c"": 1.0, ""backend"": ""aeon""}","{""init"":""random"",""max_iter"":300,""method"":""alternate""}"
CBF,msm,elastic,0.4885315892892937,0.5332107177732706,27.499888199999987,0,4,none,0,930,930,128,3,"{""c"": 1.0, ""backend"": ""aeon""}","{""init"":""random"",""max_iter"":300,""method"":""alternate""}"
CBF,msm,elastic,0.5014691290868122,0.557024424607702,27.86202219999996,0,5,none,0,930,930,128,3,"{""c"": 1.0, ""backend"": ""aeon""}","{""init"":""random"",""max_iter"":300,""method"":""alternate""}"
CBF,msm,elastic,0.3795391322941632,0.4933642091391581,27.611233600000105,0,6,none,0,930,930,128,3,"{""c"": 1.0, ""backend"": ""aeon""}","{""init"":""random"",""max_iter"":300,""method"":""alternate""}"
CBF,msm,elastic,0.5067734000829892,0.5990804267341034,27.895554700000048,0,7,none,0,930,930,128,3,"{""c"": 1.0, ""backend"": ""aeon""}","{""init"":""random"",""max_iter"":300,""method"":""alternate""}"
CBF,msm,elastic,0.4086318333042802,0.5184977539029877,27.73001769999973,0,8,none,0,930,930,128,3,"{""c"": 1.0, ""backend"": ""aeon""}","{""init"":""random"",""max_iter"":300,""method"":""alternate""}"
CBF,msm,elastic,0.4999785780955042,0.5541299360353837,27.502924499999608,0,9,none,0,930,930,128,3,"{""c"": 1.0, ""backend"": ""aeon""}","{""init"":""random"",""max_iter"":300,""method"":""alternate""}"
CBF,msm,elastic,0.5023418789804452,0.5376459690134308,27.48393979999992,0,10,none,0,930,930,128,3,"{""c"": 1.0, ""backend"": ""aeon""}","{""init"":""random"",""max_iter"":300,""method"":""alternate""}"
CBF,sbd,sliding,0.4326871195594798,0.4411304093858384,6.154216200011433,0,1,none,0,930,930,128,3,"{""backend"": ""reference"", ""candidate_k"": 20, ""coarse_method"": ""paa"", ""n_jobs"": -1, ""paa_segments"": 32, ""standardize"": false}","{""init"": ""random"",""max_iter"": 300,""method"": ""alternate""}"
CBF,sbd,sliding,0.4132285540381697,0.4799436604724876,6.022793699987233,0,2,none,0,930,930,128,3,"{""backend"": ""reference"", ""candidate_k"": 20, ""coarse_method"": ""paa"", ""n_jobs"": -1, ""paa_segments"": 32, ""standardize"": false}","{""init"": ""random"",""max_iter"": 300,""method"": ""alternate""}"
CBF,sbd,sliding,0.6803885820026475,0.7485634168696144,6.016444499997306,0,3,none,0,930,930,128,3,"{""backend"": ""reference"", ""candidate_k"": 20, ""coarse_method"": ""paa"", ""n_jobs"": -1, ""paa_segments"": 32, ""standardize"": false}","{""init"": ""random"",""max_iter"": 300,""method"": ""alternate""}"
CBF,sbd,sliding,0.6803885820026475,0.7485634168696144,6.061483400000725,0,4,none,0,930,930,128,3,"{""backend"": ""reference"", ""candidate_k"": 20, ""coarse_method"": ""paa"", ""n_jobs"": -1, ""paa_segments"": 32, ""standardize"": false}","{""init"": ""random"",""max_iter"": 300,""method"": ""alternate""}"
CBF,sbd,sliding,0.6803885820026475,0.7485634168696144,6.036963899998227,0,5,none,0,930,930,128,3,"{""backend"": ""reference"", ""candidate_k"": 20, ""coarse_method"": ""paa"", ""n_jobs"": -1, ""paa_segments"": 32, ""standardize"": false}","{""init"": ""random"",""max_iter"": 300,""method"": ""alternate""}"
CBF,sbd,sliding,0.39275887050242064,0.4444039668178034,6.043048400009866,0,6,none,0,930,930,128,3,"{""backend"": ""reference"", ""candidate_k"": 20, ""coarse_method"": ""paa"", ""n_jobs"": -1, ""paa_segments"": 32, ""standardize"": false}","{""init"": ""random"",""max_iter"": 300,""method"": ""alternate""}"
CBF,sbd,sliding,0.39275887050242064,0.4444039668178034,6.037040499999421,0,7,none,0,930,930,128,3,"{""backend"": ""reference"", ""candidate_k"": 20, ""coarse_method"": ""paa"", ""n_jobs"": -1, ""paa_segments"": 32, ""standardize"": false}","{""init"": ""random"",""max_iter"": 300,""method"": ""alternate""}"
CBF,sbd,sliding,0.37307409248859374,0.4759702019799121,6.039607400001842,0,8,none,0,930,930,128,3,"{""backend"": ""reference"", ""candidate_k"": 20, ""coarse_method"": ""paa"", ""n_jobs"": -1, ""paa_segments"": 32, ""standardize"": false}","{""init"": ""random"",""max_iter"": 300,""method"": ""alternate""}"
CBF,sbd,sliding,0.18287831598131116,0.2048101763743906,6.005770200004918,0,9,none,0,930,930,128,3,"{""backend"": ""reference"", ""candidate_k"": 20, ""coarse_method"": ""paa"", ""n_jobs"": -1, ""paa_segments"": 32, ""standardize"": false}","{""init"": ""random"",""max_iter"": 300,""method"": ""alternate""}"
CBF,sbd,sliding,0.6803885820026475,0.7485634168696144,5.969322799996007,0,10,none,0,930,930,128,3,"{""backend"": ""reference"", ""candidate_k"": 20, ""coarse_method"": ""paa"", ""n_jobs"": -1, ""paa_segments"": 32, ""standardize"": false}","{""init"": ""random"",""max_iter"": 300,""method"": ""alternate""}"
Chinatown,dtw,elastic,0.4168110914605129,0.4172169739256145,2.8099996000000003,0,1,none,0,363,363,24,2,"{""window"": 2, ""backend"": ""aeon""}","{""init"":""random"",""max_iter"":300,""method"":""alternate""}"
Chinatown,dtw,elastic,0.2825515152876575,0.2146168228008605,1.6691630000000002,0,2,none,0,363,363,24,2,"{""window"": 2, ""backend"": ""aeon""}","{""init"":""random"",""max_iter"":300,""method"":""alternate""}"
Chinatown,dtw,elastic,0.0852399569173786,0.034954889961802,1.411355300000002,0,3,none,0,363,363,24,2,"{""window"": 2, ""backend"": ""aeon""}","{""init"":""random"",""max_iter"":300,""method"":""alternate""}"
Chinatown,dtw,elastic,0.0852399569173786,0.034954889961802,1.415813700000001,0,4,none,0,363,363,24,2,"{""window"": 2, ""backend"": ""aeon""}","{""init"":""random"",""max_iter"":300,""method"":""alternate""}"
Chinatown,dtw,elastic,0.6728284660719303,0.5278251707730837,1.416254200000001,0,5,none,0,363,363,24,2,"{""window"": 2, ""backend"": ""aeon""}","{""init"":""random"",""max_iter"":300,""method"":""alternate""}"
Chinatown,dtw,elastic,0.0235337045877515,0.0084102433778494,1.4524616000000012,0,6,none,0,363,363,24,2,"{""window"": 2, ""backend"": ""aeon""}","{""init"":""random"",""max_iter"":300,""method"":""alternate""}"
Chinatown,dtw,elastic,0.0852399569173786,0.034954889961802,1.4265781000000004,0,7,none,0,363,363,24,2,"{""window"": 2, ""backend"": ""aeon""}","{""init"":""random"",""max_iter"":300,""method"":""alternate""}"
Chinatown,dtw,elastic,0.1566110210330441,0.0926200909319094,1.4138331999999991,0,8,none,0,363,363,24,2,"{""window"": 2, ""backend"": ""aeon""}","{""init"":""random"",""max_iter"":300,""method"":""alternate""}"
Chinatown,dtw,elastic,0.1566110210330441,0.0926200909319094,1.442302699999999,0,9,none,0,363,363,24,2,"{""window"": 2, ""backend"": ""aeon""}","{""init"":""random"",""max_iter"":300,""method"":""alternate""}"
Chinatown,dtw,elastic,0.1566110210330441,0.0926200909319094,1.428546100000002,0,10,none,0,363,363,24,2,"{""window"": 2, ""backend"": ""aeon""}","{""init"":""random"",""max_iter"":300,""method"":""alternate""}"
Chinatown,ed,lock-step,0.0088011219496911,0.0038504745510654,0.0048354999999999,0,1,none,0,363,363,24,2,,"{""init"":""random"",""max_iter"":300,""method"":""alternate""}"
Chinatown,ed,lock-step,0.8792698920524972,0.8158426433147425,0.0052725000000002,0,2,none,0,363,363,24,2,,"{""init"":""random"",""max_iter"":300,""method"":""alternate""}"
Chinatown,ed,lock-step,0.0342530765856422,0.0124758967791681,0.0070069000000003,0,3,none,0,363,363,24,2,,"{""init"":""random"",""max_iter"":300,""method"":""alternate""}"
Chinatown,ed,lock-step,0.0342530765856422,0.0124758967791681,0.0066087999999986,0,4,none,0,363,363,24,2,,"{""init"":""random"",""max_iter"":300,""method"":""alternate""}"
Chinatown,ed,lock-step,0.2814872689823915,0.1593932268622694,0.0064228999999986,0,5,none,0,363,363,24,2,,"{""init"":""random"",""max_iter"":300,""method"":""alternate""}"
Chinatown,ed,lock-step,0.0342530765856422,0.0124758967791681,0.0036269000000004,0,6,none,0,363,363,24,2,,"{""init"":""random"",""max_iter"":300,""method"":""alternate""}"
Chinatown,ed,lock-step,0.0342530765856422,0.0124758967791681,0.0033857000000008,0,7,none,0,363,363,24,2,,"{""init"":""random"",""max_iter"":300,""method"":""alternate""}"
Chinatown,ed,lock-step,0.0088011219496911,0.0038504745510654,0.0048808000000022,0,8,none,0,363,363,24,2,,"{""init"":""random"",""max_iter"":300,""method"":""alternate""}"
Chinatown,ed,lock-step,0.0088011219496911,0.0038504745510654,0.0058530999999995,0,9,none,0,363,363,24,2,,"{""init"":""random"",""max_iter"":300,""method"":""alternate""}"
Chinatown,ed,lock-step,0.0088011219496911,0.0038504745510654,0.0028030000000036,0,10,none,0,363,363,24,2,,"{""init"":""random"",""max_iter"":300,""method"":""alternate""}"
Chinatown,idk,distributional,-0.003289315946754708,0.0030146205842464776,0.8954249999951571,0,1,none,0,363,363,24,2,"{""no_window_threshold"": 96, ""psi"": 363, ""t"": 220, ""window_size"": 24, ""window_step"": 24}","{""init"": ""random"",""max_iter"": 300,""method"": ""alternate""}"
Chinatown,idk,distributional,-0.003289315946754708,0.0030146205842464776,0.7115606000006665,0,2,none,0,363,363,24,2,"{""no_window_threshold"": 96, ""psi"": 363, ""t"": 220, ""window_size"": 24, ""window_step"": 24}","{""init"": ""random"",""max_iter"": 300,""method"": ""alternate""}"
Chinatown,idk,distributional,-0.003289315946754708,0.0030146205842464776,0.8145359000045573,0,3,none,0,363,363,24,2,"{""no_window_threshold"": 96, ""psi"": 363, ""t"": 220, ""window_size"": 24, ""window_step"": 24}","{""init"": ""random"",""max_iter"": 300,""method"": ""alternate""}"
Chinatown,idk,distributional,-0.003289315946754708,0.0030146205842464776,0.8541875000082655,0,4,none,0,363,363,24,2,"{""no_window_threshold"": 96, ""psi"": 363, ""t"": 220, ""window_size"": 24, ""window_step"": 24}","{""init"": ""random"",""max_iter"": 300,""method"": ""alternate""}"
Chinatown,idk,distributional,-0.003289315946754708,0.0030146205842464776,0.8670184000075096,0,5,none,0,363,363,24,2,"{""no_window_threshold"": 96, ""psi"": 363, ""t"": 220, ""window_size"": 24, ""window_step"": 24}","{""init"": ""random"",""max_iter"": 300,""method"": ""alternate""}"
Chinatown,idk,distributional,-0.003289315946754708,0.0030146205842464776,0.7623380000004545,0,6,none,0,363,363,24,2,"{""no_window_threshold"": 96, ""psi"": 363, ""t"": 220, ""window_size"": 24, ""window_step"": 24}","{""init"": ""random"",""max_iter"": 300,""method"": ""alternate""}"
Chinatown,idk,distributional,-0.003289315946754708,0.0030146205842464776,0.750243499991484,0,7,none,0,363,363,24,2,"{""no_window_threshold"": 96, ""psi"": 363, ""t"": 220, ""window_size"": 24, ""window_step"": 24}","{""init"": ""random"",""max_iter"": 300,""method"": ""alternate""}"
Chinatown,idk,distributional,-0.003289315946754708,0.0030146205842464776,0.7474534999928437,0,8,none,0,363,363,24,2,"{""no_window_threshold"": 96, ""psi"": 363, ""t"": 220, ""window_size"": 24, ""window_step"": 24}","{""init"": ""random"",""max_iter"": 300,""method"": ""alternate""}"
Chinatown,idk,distributional,-0.003289315946754708,0.0030146205842464776,0.7722598999971524,0,9,none,0,363,363,24,2,"{""no_window_threshold"": 96, ""psi"": 363, ""t"": 220, ""window_size"": 24, ""window_step"": 24}","{""init"": ""random"",""max_iter"": 300,""method"": ""alternate""}"
Chinatown,idk,distributional,-0.003289315946754708,0.0030146205842464776,0.7390338999975938,0,10,none,0,363,363,24,2,"{""no_window_threshold"": 96, ""psi"": 363, ""t"": 220, ""window_size"": 24, ""window_step"": 24}","{""init"": ""random"",""max_iter"": 300,""method"": ""alternate""}"
Chinatown,msm,elastic,0.0303959235146061,0.0121799436837558,0.3516183000000001,0,1,none,0,363,363,24,2,"{""c"": 1.0, ""backend"": ""aeon""}","{""init"":""random"",""max_iter"":300,""method"":""alternate""}"
Chinatown,msm,elastic,0.6425472068533034,0.4999666953761002,0.2914123000000002,0,2,none,0,363,363,24,2,"{""c"": 1.0, ""backend"": ""aeon""}","{""init"":""random"",""max_iter"":300,""method"":""alternate""}"
Chinatown,msm,elastic,0.0628011904387527,0.0234088236043877,0.2802493999999988,0,3,none,0,363,363,24,2,"{""c"": 1.0, ""backend"": ""aeon""}","{""init"":""random"",""max_iter"":300,""method"":""alternate""}"
Chinatown,msm,elastic,0.0628011904387527,0.0234088236043877,0.2857990999999984,0,4,none,0,363,363,24,2,"{""c"": 1.0, ""backend"": ""aeon""}","{""init"":""random"",""max_iter"":300,""method"":""alternate""}"
Chinatown,msm,elastic,0.3177196076609809,0.192318417002553,0.2913563999999997,0,5,none,0,363,363,24,2,"{""c"": 1.0, ""backend"": ""aeon""}","{""init"":""random"",""max_iter"":300,""method"":""alternate""}"
Chinatown,msm,elastic,0.0628011904387527,0.0234088236043877,0.2979065999999992,0,6,none,0,363,363,24,2,"{""c"": 1.0, ""backend"": ""aeon""}","{""init"":""random"",""max_iter"":300,""method"":""alternate""}"
Chinatown,msm,elastic,0.0628011904387527,0.0234088236043877,0.2897733000000038,0,7,none,0,363,363,24,2,"{""c"": 1.0, ""backend"": ""aeon""}","{""init"":""random"",""max_iter"":300,""method"":""alternate""}"
Chinatown,msm,elastic,0.0303959235146061,0.0121799436837558,0.278632800000004,0,8,none,0,363,363,24,2,"{""c"": 1.0, ""backend"": ""aeon""}","{""init"":""random"",""max_iter"":300,""method"":""alternate""}"
Chinatown,msm,elastic,0.0303959235146061,0.0121799436837558,0.292647800000001,0,9,none,0,363,363,24,2,"{""c"": 1.0, ""backend"": ""aeon""}","{""init"":""random"",""max_iter"":300,""method"":""alternate""}"
Chinatown,msm,elastic,0.0303959235146061,0.0121799436837558,0.2846559000000006,0,10,none,0,363,363,24,2,"{""c"": 1.0, ""backend"": ""aeon""}","{""init"":""random"",""max_iter"":300,""method"":""alternate""}"
Chinatown,sbd,sliding,0.0072575454703023914,0.0029581129037221676,0.4352455999905942,0,1,none,0,363,363,24,2,"{""backend"": ""reference"", ""candidate_k"": 20, ""coarse_method"": ""paa"", ""n_jobs"": -1, ""paa_segments"": 32, ""standardize"": false}","{""init"": ""random"",""max_iter"": 300,""method"": ""alternate""}"
Chinatown,sbd,sliding,0.2814872689823915,0.15939322686226948,0.4403426000062609,0,2,none,0,363,363,24,2,"{""backend"": ""reference"", ""candidate_k"": 20, ""coarse_method"": ""paa"", ""n_jobs"": -1, ""paa_segments"": 32, ""standardize"": false}","{""init"": ""random"",""max_iter"": 300,""method"": ""alternate""}"
Chinatown,sbd,sliding,0.031358890248962074,0.010812327536742865,0.44453160000557546,0,3,none,0,363,363,24,2,"{""backend"": ""reference"", ""candidate_k"": 20, ""coarse_method"": ""paa"", ""n_jobs"": -1, ""paa_segments"": 32, ""standardize"": false}","{""init"": ""random"",""max_iter"": 300,""method"": ""alternate""}"
Chinatown,sbd,sliding,0.031358890248962074,0.010812327536742865,0.4942478000011761,0,4,none,0,363,363,24,2,"{""backend"": ""reference"", ""candidate_k"": 20, ""coarse_method"": ""paa"", ""n_jobs"": -1, ""paa_segments"": 32, ""standardize"": false}","{""init"": ""random"",""max_iter"": 300,""method"": ""alternate""}"
Chinatown,sbd,sliding,0.2814872689823915,0.15939322686226948,0.5401740000088466,0,5,none,0,363,363,24,2,"{""backend"": ""reference"", ""candidate_k"": 20, ""coarse_method"": ""paa"", ""n_jobs"": -1, ""paa_segments"": 32, ""standardize"": false}","{""init"": ""random"",""max_iter"": 300,""method"": ""alternate""}"
Chinatown,sbd,sliding,0.031358890248962074,0.010812327536742865,0.4598712000006344,0,6,none,0,363,363,24,2,"{""backend"": ""reference"", ""candidate_k"": 20, ""coarse_method"": ""paa"", ""n_jobs"": -1, ""paa_segments"": 32, ""standardize"": false}","{""init"": ""random"",""max_iter"": 300,""method"": ""alternate""}"
Chinatown,sbd,sliding,0.031358890248962074,0.010812327536742865,0.4422560999955749,0,7,none,0,363,363,24,2,"{""backend"": ""reference"", ""candidate_k"": 20, ""coarse_method"": ""paa"", ""n_jobs"": -1, ""paa_segments"": 32, ""standardize"": false}","{""init"": ""random"",""max_iter"": 300,""method"": ""alternate""}"
Chinatown,sbd,sliding,0.0072575454703023914,0.0029581129037221676,0.4377794000029098,0,8,none,0,363,363,24,2,"{""backend"": ""reference"", ""candidate_k"": 20, ""coarse_method"": ""paa"", ""n_jobs"": -1, ""paa_segments"": 32, ""standardize"": false}","{""init"": ""random"",""max_iter"": 300,""method"": ""alternate""}"
Chinatown,sbd,sliding,0.0072575454703023914,0.0029581129037221676,0.4474523000098998,0,9,none,0,363,363,24,2,"{""backend"": ""reference"", ""candidate_k"": 20, ""coarse_method"": ""paa"", ""n_jobs"": -1, ""paa_segments"": 32, ""standardize"": false}","{""init"": ""random"",""max_iter"": 300,""method"": ""alternate""}"
Chinatown,sbd,sliding,0.0072575454703023914,0.0029581129037221676,0.44568429999344517,0,10,none,0,363,363,24,2,"{""backend"": ""reference"", ""candidate_k"": 20, ""coarse_method"": ""paa"", ""n_jobs"": -1, ""paa_segments"": 32, ""standardize"": false}","{""init"": ""random"",""max_iter"": 300,""method"": ""alternate""}"
Coffee,dtw,elastic,-0.0100179250498383,0.0002388706620754,3.64950970000001,0,1,none,0,56,56,286,2,"{""window"": 29, ""backend"": ""aeon""}","{""init"":""random"",""max_iter"":300,""method"":""alternate""}"
Coffee,dtw,elastic,-0.0016761313886873,0.0055093353078625,3.604704700000013,0,2,none,0,56,56,286,2,"{""window"": 29, ""backend"": ""aeon""}","{""init"":""random"",""max_iter"":300,""method"":""alternate""}"
Coffee,dtw,elastic,0.7299352660768275,0.6934247667673387,3.869693400000017,0,3,none,0,56,56,286,2,"{""window"": 29, ""backend"": ""aeon""}","{""init"":""random"",""max_iter"":300,""method"":""alternate""}"
Coffee,dtw,elastic,0.7299352660768275,0.6934247667673387,3.709000099999969,0,4,none,0,56,56,286,2,"{""window"": 29, ""backend"": ""aeon""}","{""init"":""random"",""max_iter"":300,""method"":""alternate""}"
Coffee,dtw,elastic,0.5547602269777102,0.5633798327944151,3.735796699999924,0,5,none,0,56,56,286,2,"{""window"": 29, ""backend"": ""aeon""}","{""init"":""random"",""max_iter"":300,""method"":""alternate""}"
Coffee,dtw,elastic,0.7299352660768275,0.6934247667673387,3.585149200000046,0,6,none,0,56,56,286,2,"{""window"": 29, ""backend"": ""aeon""}","{""init"":""random"",""max_iter"":300,""method"":""alternate""}"
Coffee,dtw,elastic,0.7299352660768275,0.6934247667673387,3.610530600000004,0,7,none,0,56,56,286,2,"{""window"": 29, ""backend"": ""aeon""}","{""init"":""random"",""max_iter"":300,""method"":""alternate""}"
Coffee,dtw,elastic,0.5547602269777102,0.5633798327944151,3.575079200000061,0,8,none,0,56,56,286,2,"{""window"": 29, ""backend"": ""aeon""}","{""init"":""random"",""max_iter"":300,""method"":""alternate""}"
Coffee,dtw,elastic,0.7299352660768275,0.6934247667673387,3.5684834999999566,0,9,none,0,56,56,286,2,"{""window"": 29, ""backend"": ""aeon""}","{""init"":""random"",""max_iter"":300,""method"":""alternate""}"
Coffee,dtw,elastic,0.5547602269777102,0.5633798327944151,3.5800156000000243,0,10,none,0,56,56,286,2,"{""window"": 29, ""backend"": ""aeon""}","{""init"":""random"",""max_iter"":300,""method"":""alternate""}"
Coffee,ed,lock-step,0.089607965152458,0.1145159212314952,0.0014991999999551,0,1,none,0,56,56,286,2,,"{""init"":""random"",""max_iter"":300,""method"":""alternate""}"
Coffee,ed,lock-step,0.0079068205470934,0.0632311711858987,0.0011300999999548,0,2,none,0,56,56,286,2,,"{""init"":""random"",""max_iter"":300,""method"":""alternate""}"
Coffee,ed,lock-step,0.9285494957129696,0.8883460672052379,0.0007461000000148,0,3,none,0,56,56,286,2,,"{""init"":""random"",""max_iter"":300,""method"":""alternate""}"
Coffee,ed,lock-step,0.9285494957129696,0.8883460672052379,0.0021001000000069,0,4,none,0,56,56,286,2,,"{""init"":""random"",""max_iter"":300,""method"":""alternate""}"
Coffee,ed,lock-step,0.7298405121155127,0.6951740782696901,0.001073099999985,0,5,none,0,56,56,286,2,,"{""init"":""random"",""max_iter"":300,""method"":""alternate""}"
Coffee,ed,lock-step,0.9285494957129696,0.8883460672052379,0.0007497000000284,0,6,none,0,56,56,286,2,,"{""init"":""random"",""max_iter"":300,""method"":""alternate""}"
Coffee,ed,lock-step,0.9285494957129696,0.8883460672052379,0.0009425999999734,0,7,none,0,56,56,286,2,,"{""init"":""random"",""max_iter"":300,""method"":""alternate""}"
Coffee,ed,lock-step,0.7298405121155127,0.6951740782696901,0.0009873000000197,0,8,none,0,56,56,286,2,,"{""init"":""random"",""max_iter"":300,""method"":""alternate""}"
Coffee,ed,lock-step,0.9285494957129696,0.8883460672052379,0.000898500000062,0,9,none,0,56,56,286,2,,"{""init"":""random"",""max_iter"":300,""method"":""alternate""}"
Coffee,ed,lock-step,0.7298405121155127,0.6951740782696901,0.000996099999952,0,10,none,0,56,56,286,2,,"{""init"":""random"",""max_iter"":300,""method"":""alternate""}"
Coffee,idk,distributional,0.005975643579334863,0.01603827770898737,1.6551723000011407,0,1,none,0,56,56,286,2,"{""no_window_threshold"": 0, ""psi"": 56, ""t"": 220, ""window_size"": 29, ""window_step"": 7}","{""init"": ""random"",""max_iter"": 300,""method"": ""alternate""}"
Coffee,idk,distributional,0.610278524322163,0.5161511168055759,0.536267500006943,0,2,none,0,56,56,286,2,"{""no_window_threshold"": 0, ""psi"": 56, ""t"": 220, ""window_size"": 29, ""window_step"": 7}","{""init"": ""random"",""max_iter"": 300,""method"": ""alternate""}"
Coffee,idk,distributional,0.554447762201191,0.4702871686289219,0.6613404999952763,0,3,none,0,56,56,286,2,"{""no_window_threshold"": 0, ""psi"": 56, ""t"": 220, ""window_size"": 29, ""window_step"": 7}","{""init"": ""random"",""max_iter"": 300,""method"": ""alternate""}"
Coffee,idk,distributional,0.7935155483146294,0.7484581820782018,0.5541155999962939,0,4,none,0,56,56,286,2,"{""no_window_threshold"": 0, ""psi"": 56, ""t"": 220, ""window_size"": 29, ""window_step"": 7}","{""init"": ""random"",""max_iter"": 300,""method"": ""alternate""}"
Coffee,idk,distributional,0.35717104663988425,0.30492851994145354,0.5350162999966415,0,5,none,0,56,56,286,2,"{""no_window_threshold"": 0, ""psi"": 56, ""t"": 220, ""window_size"": 29, ""window_step"": 7}","{""init"": ""random"",""max_iter"": 300,""method"": ""alternate""}"
Coffee,idk,distributional,0.6687294801237688,0.5681062928944013,1.474112600000808,0,6,none,0,56,56,286,2,"{""no_window_threshold"": 0, ""psi"": 56, ""t"": 220, ""window_size"": 29, ""window_step"": 7}","{""init"": ""random"",""max_iter"": 300,""method"": ""alternate""}"
Coffee,idk,distributional,0.554447762201191,0.4702871686289219,0.5265356999880169,0,7,none,0,56,56,286,2,"{""no_window_threshold"": 0, ""psi"": 56, ""t"": 220, ""window_size"": 29, ""window_step"": 7}","{""init"": ""random"",""max_iter"": 300,""method"": ""alternate""}"
Coffee,idk,distributional,0.5012440223671004,0.42912186293947246,0.5559693999966839,0,8,none,0,56,56,286,2,"{""no_window_threshold"": 0, ""psi"": 56, ""t"": 220, ""window_size"": 29, ""window_step"": 7}","{""init"": ""random"",""max_iter"": 300,""method"": ""alternate""}"
Coffee,idk,distributional,0.7297931101966997,0.6284966101428285,0.5492863999970723,0,9,none,0,56,56,286,2,"{""no_window_threshold"": 0, ""psi"": 56, ""t"": 220, ""window_size"": 29, ""window_step"": 7}","{""init"": ""random"",""max_iter"": 300,""method"": ""alternate""}"
Coffee,idk,distributional,0.610278524322163,0.5161511168055759,1.4655914000031771,0,10,none,0,56,56,286,2,"{""no_window_threshold"": 0, ""psi"": 56, ""t"": 220, ""window_size"": 29, ""window_step"": 7}","{""init"": ""random"",""max_iter"": 300,""method"": ""alternate""}"
Coffee,msm,elastic,0.7935155483146294,0.7484581820782018,1.1214727000000266,0,1,none,0,56,56,286,2,"{""c"": 1.0, ""backend"": ""aeon""}","{""init"":""random"",""max_iter"":300,""method"":""alternate""}"
Coffee,msm,elastic,0.0079068205470934,0.0632311711858987,1.3994741000000204,0,2,none,0,56,56,286,2,"{""c"": 1.0, ""backend"": ""aeon""}","{""init"":""random"",""max_iter"":300,""method"":""alternate""}"
Coffee,msm,elastic,0.5545649878736976,0.498059541217228,1.615219199999956,0,3,none,0,56,56,286,2,"{""c"": 1.0, ""backend"": ""aeon""}","{""init"":""random"",""max_iter"":300,""method"":""alternate""}"
Coffee,msm,elastic,0.7935155483146294,0.7484581820782018,1.1423235999999974,0,4,none,0,56,56,286,2,"{""c"": 1.0, ""backend"": ""aeon""}","{""init"":""random"",""max_iter"":300,""method"":""alternate""}"
Coffee,msm,elastic,0.5545649878736976,0.498059541217228,1.087067699999977,0,5,none,0,56,56,286,2,"{""c"": 1.0, ""backend"": ""aeon""}","{""init"":""random"",""max_iter"":300,""method"":""alternate""}"
Coffee,msm,elastic,0.7935155483146294,0.7484581820782018,1.0960784000000103,0,6,none,0,56,56,286,2,"{""c"": 1.0, ""backend"": ""aeon""}","{""init"":""random"",""max_iter"":300,""method"":""alternate""}"
Coffee,msm,elastic,0.8597002687559787,0.7775445474372344,1.078226500000028,0,7,none,0,56,56,286,2,"{""c"": 1.0, ""backend"": ""aeon""}","{""init"":""random"",""max_iter"":300,""method"":""alternate""}"
Coffee,msm,elastic,0.5545649878736976,0.498059541217228,1.1255045999999425,0,8,none,0,56,56,286,2,"{""c"": 1.0, ""backend"": ""aeon""}","{""init"":""random"",""max_iter"":300,""method"":""alternate""}"
Coffee,msm,elastic,0.7935155483146294,0.7484581820782018,1.1134495000000584,0,9,none,0,56,56,286,2,"{""c"": 1.0, ""backend"": ""aeon""}","{""init"":""random"",""max_iter"":300,""method"":""alternate""}"
Coffee,msm,elastic,0.5545649878736976,0.498059541217228,1.137746600000014,0,10,none,0,56,56,286,2,"{""c"": 1.0, ""backend"": ""aeon""}","{""init"":""random"",""max_iter"":300,""method"":""alternate""}"
Coffee,sbd,sliding,0.03304496149539238,0.06492347743064289,0.025906399998348206,0,1,none,0,56,56,286,2,"{""backend"": ""reference"", ""candidate_k"": 20, ""coarse_method"": ""paa"", ""n_jobs"": -1, ""paa_segments"": 32, ""standardize"": false}","{""init"": ""random"",""max_iter"": 300,""method"": ""alternate""}"
Coffee,sbd,sliding,0.007906820547093463,0.0632311711858987,0.02504199999384582,0,2,none,0,56,56,286,2,"{""backend"": ""reference"", ""candidate_k"": 20, ""coarse_method"": ""paa"", ""n_jobs"": -1, ""paa_segments"": 32, ""standardize"": false}","{""init"": ""random"",""max_iter"": 300,""method"": ""alternate""}"
Coffee,sbd,sliding,0.9285494957129697,0.8883460672052379,0.028058400013833307,0,3,none,0,56,56,286,2,"{""backend"": ""reference"", ""candidate_k"": 20, ""coarse_method"": ""paa"", ""n_jobs"": -1, ""paa_segments"": 32, ""standardize"": false}","{""init"": ""random"",""max_iter"": 300,""method"": ""alternate""}"
Coffee,sbd,sliding,0.9285494957129697,0.8883460672052379,0.025226999990991317,0,4,none,0,56,56,286,2,"{""backend"": ""reference"", ""candidate_k"": 20, ""coarse_method"": ""paa"", ""n_jobs"": -1, ""paa_segments"": 32, ""standardize"": false}","{""init"": ""random"",""max_iter"": 300,""method"": ""alternate""}"
Coffee,sbd,sliding,0.6104835568415781,0.6032384572008246,0.02540130000852514,0,5,none,0,56,56,286,2,"{""backend"": ""reference"", ""candidate_k"": 20, ""coarse_method"": ""paa"", ""n_jobs"": -1, ""paa_segments"": 32, ""standardize"": false}","{""init"": ""random"",""max_iter"": 300,""method"": ""alternate""}"
Coffee,sbd,sliding,0.9285494957129697,0.8883460672052379,0.0264374999969732,0,6,none,0,56,56,286,2,"{""backend"": ""reference"", ""candidate_k"": 20, ""coarse_method"": ""paa"", ""n_jobs"": -1, ""paa_segments"": 32, ""standardize"": false}","{""init"": ""random"",""max_iter"": 300,""method"": ""alternate""}"
Coffee,sbd,sliding,0.9285494957129697,0.8883460672052379,0.023295599996345118,0,7,none,0,56,56,286,2,"{""backend"": ""reference"", ""candidate_k"": 20, ""coarse_method"": ""paa"", ""n_jobs"": -1, ""paa_segments"": 32, ""standardize"": false}","{""init"": ""random"",""max_iter"": 300,""method"": ""alternate""}"
Coffee,sbd,sliding,0.7298405121155127,0.6951740782696901,0.02481549998628907,0,8,none,0,56,56,286,2,"{""backend"": ""reference"", ""candidate_k"": 20, ""coarse_method"": ""paa"", ""n_jobs"": -1, ""paa_segments"": 32, ""standardize"": false}","{""init"": ""random"",""max_iter"": 300,""method"": ""alternate""}"
Coffee,sbd,sliding,0.9285494957129697,0.8883460672052379,0.026855200005229563,0,9,none,0,56,56,286,2,"{""backend"": ""reference"", ""candidate_k"": 20, ""coarse_method"": ""paa"", ""n_jobs"": -1, ""paa_segments"": 32, ""standardize"": false}","{""init"": ""random"",""max_iter"": 300,""method"": ""alternate""}"
Coffee,sbd,sliding,0.6104835568415781,0.6032384572008246,0.025728199994773604,0,10,none,0,56,56,286,2,"{""backend"": ""reference"", ""candidate_k"": 20, ""coarse_method"": ""paa"", ""n_jobs"": -1, ""paa_segments"": 32, ""standardize"": false}","{""init"": ""random"",""max_iter"": 300,""method"": ""alternate""}"
Computers,dtw,elastic,-0.0027729309462671,0.0001525137306625,904.0440844,42,1,none,0,500,300,720,2,"{""window"": 72, ""backend"": ""aeon""}","{""init"": ""random"", ""max_iter"": 300, ""method"": ""alternate""}"
Computers,dtw,elastic,0.0514447397753579,0.0428919694910549,871.847839,42,2,none,0,500,300,720,2,"{""window"": 72, ""backend"": ""aeon""}","{""init"": ""random"", ""max_iter"": 300, ""method"": ""alternate""}"
Computers,dtw,elastic,0.0395882561282505,0.03227898589473,927.4171761000002,42,3,none,0,500,300,720,2,"{""window"": 72, ""backend"": ""aeon""}","{""init"": ""random"", ""max_iter"": 300, ""method"": ""alternate""}"
Computers,dtw,elastic,0.0514447397753579,0.0428919694910549,916.1351322999994,42,4,none,0,500,300,720,2,"{""window"": 72, ""backend"": ""aeon""}","{""init"": ""random"", ""max_iter"": 300, ""method"": ""alternate""}"
Computers,dtw,elastic,0.0514447397753579,0.0428919694910549,919.4025339999998,42,5,none,0,500,300,720,2,"{""window"": 72, ""backend"": ""aeon""}","{""init"": ""random"", ""max_iter"": 300, ""method"": ""alternate""}"
Computers,dtw,elastic,0.0350008173235032,0.0415571474568535,838.1844565000001,42,6,none,0,500,300,720,2,"{""window"": 72, ""backend"": ""aeon""}","{""init"": ""random"", ""max_iter"": 300, ""method"": ""alternate""}"
Computers,dtw,elastic,0.0406835346233831,0.0592534017198677,832.1727522000001,42,7,none,0,500,300,720,2,"{""window"": 72, ""backend"": ""aeon""}","{""init"": ""random"", ""max_iter"": 300, ""method"": ""alternate""}"
Computers,dtw,elastic,0.0514447397753579,0.0428919694910549,831.421381099999,42,8,none,0,500,300,720,2,"{""window"": 72, ""backend"": ""aeon""}","{""init"": ""random"", ""max_iter"": 300, ""method"": ""alternate""}"
Computers,dtw,elastic,0.0299668063704945,0.0350183599349815,837.4270706000007,42,9,none,0,500,300,720,2,"{""window"": 72, ""backend"": ""aeon""}","{""init"": ""random"", ""max_iter"": 300, ""method"": ""alternate""}"
Computers,dtw,elastic,-0.0020719874095628,0.0002186281205847,841.5006921999993,42,10,none,0,500,300,720,2,"{""window"": 72, ""backend"": ""aeon""}","{""init"": ""random"", ""max_iter"": 300, ""method"": ""alternate""}"
Computers,ed,lock-step,-0.0032774440827861,3.250139934283714e-05,0.0067249999999994,42,1,none,0,500,300,720,2,,"{""init"": ""random"", ""max_iter"": 300, ""method"": ""alternate""}"
Computers,ed,lock-step,0.004323317716879,0.0057579618372819,0.0045417000003453,42,2,none,0,500,300,720,2,,"{""init"": ""random"", ""max_iter"": 300, ""method"": ""alternate""}"
Computers,ed,lock-step,-0.003171944192395,0.0001285230955374,0.0861216000002969,42,3,none,0,500,300,720,2,,"{""init"": ""random"", ""max_iter"": 300, ""method"": ""alternate""}"
Computers,ed,lock-step,-0.0032774440827861,3.250139934283714e-05,0.0246917999998004,42,4,none,0,500,300,720,2,,"{""init"": ""random"", ""max_iter"": 300, ""method"": ""alternate""}"
Computers,ed,lock-step,-0.0017709131390046,0.0005154072917377,0.0051642999987961,42,5,none,0,500,300,720,2,,"{""init"": ""random"", ""max_iter"": 300, ""method"": ""alternate""}"
Computers,ed,lock-step,0.0004187239387965,0.002779933823368,0.0032337000002371,42,6,none,0,500,300,720,2,,"{""init"": ""random"", ""max_iter"": 300, ""method"": ""alternate""}"
Computers,ed,lock-step,-0.0033037789880431,3.21553682671488e-05,0.0030236000002332,42,7,none,0,500,300,720,2,,"{""init"": ""random"", ""max_iter"": 300, ""method"": ""alternate""}"
Computers,ed,lock-step,0.0004187239387965,0.002779933823368,0.0024766000005911,42,8,none,0,500,300,720,2,,"{""init"": ""random"", ""max_iter"": 300, ""method"": ""alternate""}"
Computers,ed,lock-step,-0.0033037789880431,3.21553682671488e-05,0.0039543999992019,42,9,none,0,500,300,720,2,,"{""init"": ""random"", ""max_iter"": 300, ""method"": ""alternate""}"
Computers,ed,lock-step,-0.003171944192395,0.0001285230955374,0.0027608000000327,42,10,none,0,500,300,720,2,,"{""init"": ""random"", ""max_iter"": 300, ""method"": ""alternate""}"
Computers,idk,distributional,0.0039238383161649265,0.006902202077499439,18.141271000000415,42,1,none,0,500,300,720,2,"{""no_window_threshold"": 0, ""psi"": 300, ""t"": 220, ""window_size"": 72, ""window_step"": 18}","{""init"": ""random"",""max_iter"": 300,""method"": ""alternate""}"
Computers,idk,distributional,0.018050044358385982,0.03964738578207306,21.923746900007245,42,2,none,0,500,300,720,2,"{""no_window_threshold"": 0, ""psi"": 300, ""t"": 220, ""window_size"": 72, ""window_step"": 18}","{""init"": ""random"",""max_iter"": 300,""method"": ""alternate""}"
Computers,idk,distributional,0.0011519204739398126,0.003272459728810782,33.328570899990154,42,3,none,0,500,300,720,2,"{""no_window_threshold"": 0, ""psi"": 300, ""t"": 220, ""window_size"": 72, ""window_step"": 18}","{""init"": ""random"",""max_iter"": 300,""method"": ""alternate""}"
Computers,idk,distributional,0.018050044358385982,0.03964738578207306,34.21792949999508,42,4,none,0,500,300,720,2,"{""no_window_threshold"": 0, ""psi"": 300, ""t"": 220, ""window_size"": 72, ""window_step"": 18}","{""init"": ""random"",""max_iter"": 300,""method"": ""alternate""}"
Computers,idk,distributional,-0.000463516978322677,0.0020850619815914215,34.011928199994145,42,5,none,0,500,300,720,2,"{""no_window_threshold"": 0, ""psi"": 300, ""t"": 220, ""window_size"": 72, ""window_step"": 18}","{""init"": ""random"",""max_iter"": 300,""method"": ""alternate""}"
Computers,idk,distributional,0.0011632415664986429,0.0032878054014800393,25.785027700010687,42,6,none,0,500,300,720,2,"{""no_window_threshold"": 0, ""psi"": 300, ""t"": 220, ""window_size"": 72, ""window_step"": 18}","{""init"": ""random"",""max_iter"": 300,""method"": ""alternate""}"
Computers,idk,distributional,0.019932514117127192,0.04248862572887831,16.971389899990754,42,7,none,0,500,300,720,2,"{""no_window_threshold"": 0, ""psi"": 300, ""t"": 220, ""window_size"": 72, ""window_step"": 18}","{""init"": ""random"",""max_iter"": 300,""method"": ""alternate""}"
Computers,idk,distributional,-0.0021976681392852715,0.0008158740986182512,17.01455390000774,42,8,none,0,500,300,720,2,"{""no_window_threshold"": 0, ""psi"": 300, ""t"": 220, ""window_size"": 72, ""window_step"": 18}","{""init"": ""random"",""max_iter"": 300,""method"": ""alternate""}"
Computers,idk,distributional,0.016193157793809546,0.03482636856887437,17.155322999999044,42,9,none,0,500,300,720,2,"{""no_window_threshold"": 0, ""psi"": 300, ""t"": 220, ""window_size"": 72, ""window_step"": 18}","{""init"": ""random"",""max_iter"": 300,""method"": ""alternate""}"
Computers,idk,distributional,0.018050044358385982,0.03964738578207306,16.80104140000185,42,10,none,0,500,300,720,2,"{""no_window_threshold"": 0, ""psi"": 300, ""t"": 220, ""window_size"": 72, ""window_step"": 18}","{""init"": ""random"",""max_iter"": 300,""method"": ""alternate""}"
Computers,msm,elastic,0.016607064980375,0.0161480383642106,274.6939179000001,42,1,none,0,500,300,720,2,"{""c"": 1.0, ""backend"": ""aeon""}","{""init"": ""random"", ""max_iter"": 300, ""method"": ""alternate""}"
Computers,msm,elastic,0.0430896407348748,0.0489501416296699,277.0478064999997,42,2,none,0,500,300,720,2,"{""c"": 1.0, ""backend"": ""aeon""}","{""init"": ""random"", ""max_iter"": 300, ""method"": ""alternate""}"
Computers,msm,elastic,0.0401035887155371,0.0415141380696079,345.5470911000002,42,3,none,0,500,300,720,2,"{""c"": 1.0, ""backend"": ""aeon""}","{""init"": ""random"", ""max_iter"": 300, ""method"": ""alternate""}"
Computers,msm,elastic,0.0433633534135947,0.0580452499079749,300.3368417000001,42,4,none,0,500,300,720,2,"{""c"": 1.0, ""backend"": ""aeon""}","{""init"": ""random"", ""max_iter"": 300, ""method"": ""alternate""}"
Computers,msm,elastic,0.0282973295426455,0.051658159056473,292.6060760999999,42,5,none,0,500,300,720,2,"{""c"": 1.0, ""backend"": ""aeon""}","{""init"": ""random"", ""max_iter"": 300, ""method"": ""alternate""}"
Computers,msm,elastic,0.0433633534135947,0.0580452499079749,272.24621900000056,42,6,none,0,500,300,720,2,"{""c"": 1.0, ""backend"": ""aeon""}","{""init"": ""random"", ""max_iter"": 300, ""method"": ""alternate""}"
Computers,msm,elastic,0.0282973295426455,0.051658159056473,277.37161390000165,42,7,none,0,500,300,720,2,"{""c"": 1.0, ""backend"": ""aeon""}","{""init"": ""random"", ""max_iter"": 300, ""method"": ""alternate""}"
Computers,msm,elastic,0.0401035887155371,0.0415141380696079,276.7254342999986,42,8,none,0,500,300,720,2,"{""c"": 1.0, ""backend"": ""aeon""}","{""init"": ""random"", ""max_iter"": 300, ""method"": ""alternate""}"
Computers,msm,elastic,0.0011694375873657,0.0158031701226479,276.9044207000006,42,9,none,0,500,300,720,2,"{""c"": 1.0, ""backend"": ""aeon""}","{""init"": ""random"", ""max_iter"": 300, ""method"": ""alternate""}"
Computers,msm,elastic,0.0282973295426455,0.051658159056473,277.95391779999954,42,10,none,0,500,300,720,2,"{""c"": 1.0, ""backend"": ""aeon""}","{""init"": ""random"", ""max_iter"": 300, ""method"": ""alternate""}"
Computers,sbd,sliding,0.02037470841241099,0.01808355791770558,3.1488414999912493,42,1,none,0,500,300,720,2,"{""backend"": ""reference"", ""candidate_k"": 20, ""coarse_method"": ""paa"", ""n_jobs"": -1, ""paa_segments"": 32, ""standardize"": false}","{""init"": ""random"",""max_iter"": 300,""method"": ""alternate""}"
Computers,sbd,sliding,0.02037470841241099,0.01808355791770558,3.2280367000057595,42,2,none,0,500,300,720,2,"{""backend"": ""reference"", ""candidate_k"": 20, ""coarse_method"": ""paa"", ""n_jobs"": -1, ""paa_segments"": 32, ""standardize"": false}","{""init"": ""random"",""max_iter"": 300,""method"": ""alternate""}"
Computers,sbd,sliding,0.04552116983383103,0.04069641166703784,3.256252699997276,42,3,none,0,500,300,720,2,"{""backend"": ""reference"", ""candidate_k"": 20, ""coarse_method"": ""paa"", ""n_jobs"": -1, ""paa_segments"": 32, ""standardize"": false}","{""init"": ""random"",""max_iter"": 300,""method"": ""alternate""}"
Computers,sbd,sliding,0.05176373012012705,0.05025914348662114,3.1720312999968883,42,4,none,0,500,300,720,2,"{""backend"": ""reference"", ""candidate_k"": 20, ""coarse_method"": ""paa"", ""n_jobs"": -1, ""paa_segments"": 32, ""standardize"": false}","{""init"": ""random"",""max_iter"": 300,""method"": ""alternate""}"
Computers,sbd,sliding,0.04552116983383103,0.04069641166703784,3.3700574999966193,42,5,none,0,500,300,720,2,"{""backend"": ""reference"", ""candidate_k"": 20, ""coarse_method"": ""paa"", ""n_jobs"": -1, ""paa_segments"": 32, ""standardize"": false}","{""init"": ""random"",""max_iter"": 300,""method"": ""alternate""}"
Computers,sbd,sliding,0.04552116983383103,0.04069641166703784,3.2714944999897853,42,6,none,0,500,300,720,2,"{""backend"": ""reference"", ""candidate_k"": 20, ""coarse_method"": ""paa"", ""n_jobs"": -1, ""paa_segments"": 32, ""standardize"": false}","{""init"": ""random"",""max_iter"": 300,""method"": ""alternate""}"
Computers,sbd,sliding,0.05176373012012705,0.05025914348662114,3.127593800003524,42,7,none,0,500,300,720,2,"{""backend"": ""reference"", ""candidate_k"": 20, ""coarse_method"": ""paa"", ""n_jobs"": -1, ""paa_segments"": 32, ""standardize"": false}","{""init"": ""random"",""max_iter"": 300,""method"": ""alternate""}"
Computers,sbd,sliding,0.02037470841241099,0.01808355791770558,3.1787445999943884,42,8,none,0,500,300,720,2,"{""backend"": ""reference"", ""candidate_k"": 20, ""coarse_method"": ""paa"", ""n_jobs"": -1, ""paa_segments"": 32, ""standardize"": false}","{""init"": ""random"",""max_iter"": 300,""method"": ""alternate""}"
Computers,sbd,sliding,0.003932752373422899,0.03909287526407262,3.168765100010205,42,9,none,0,500,300,720,2,"{""backend"": ""reference"", ""candidate_k"": 20, ""coarse_method"": ""paa"", ""n_jobs"": -1, ""paa_segments"": 32, ""standardize"": false}","{""init"": ""random"",""max_iter"": 300,""method"": ""alternate""}"
Computers,sbd,sliding,0.004662915762369584,0.006706384715648841,3.1477902000042377,42,10,none,0,500,300,720,2,"{""backend"": ""reference"", ""candidate_k"": 20, ""coarse_method"": ""paa"", ""n_jobs"": -1, ""paa_segments"": 32, ""standardize"": false}","{""init"": ""random"",""max_iter"": 300,""method"": ""alternate""}"
DiatomSizeReduction,dtw,elastic,0.9544003857398612,0.9344315328678758,155.42698780000046,0,1,none,0,322,322,345,4,"{""window"": 34, ""backend"": ""aeon""}","{""init"":""random"",""max_iter"":300,""method"":""alternate""}"
DiatomSizeReduction,dtw,elastic,0.713167581336694,0.7373659123103451,154.98666609999964,0,2,none,0,322,322,345,4,"{""window"": 34, ""backend"": ""aeon""}","{""init"":""random"",""max_iter"":300,""method"":""alternate""}"
DiatomSizeReduction,dtw,elastic,0.6506679385599922,0.7389301031342927,155.0648699000003,0,3,none,0,322,322,345,4,"{""window"": 34, ""backend"": ""aeon""}","{""init"":""random"",""max_iter"":300,""method"":""alternate""}"
DiatomSizeReduction,dtw,elastic,0.8590777320733651,0.8665241321807174,155.39111140000114,0,4,none,0,322,322,345,4,"{""window"": 34, ""backend"": ""aeon""}","{""init"":""random"",""max_iter"":300,""method"":""alternate""}"
DiatomSizeReduction,dtw,elastic,0.7813344787893832,0.8100451202269018,159.9994314000005,0,5,none,0,322,322,345,4,"{""window"": 34, ""backend"": ""aeon""}","{""init"":""random"",""max_iter"":300,""method"":""alternate""}"
DiatomSizeReduction,dtw,elastic,0.6003423921314125,0.7310519127507158,154.49854770000093,0,6,none,0,322,322,345,4,"{""window"": 34, ""backend"": ""aeon""}","{""init"":""random"",""max_iter"":300,""method"":""alternate""}"
DiatomSizeReduction,dtw,elastic,0.7139940395838307,0.7661816352245019,153.64199009999993,0,7,none,0,322,322,345,4,"{""window"": 34, ""backend"": ""aeon""}","{""init"":""random"",""max_iter"":300,""method"":""alternate""}"
DiatomSizeReduction,dtw,elastic,0.7134106655607548,0.7801353882717252,153.6040914999994,0,8,none,0,322,322,345,4,"{""window"": 34, ""backend"": ""aeon""}","{""init"":""random"",""max_iter"":300,""method"":""alternate""}"
DiatomSizeReduction,dtw,elastic,0.9544003857398612,0.9344315328678758,153.9558122999997,0,9,none,0,322,322,345,4,"{""window"": 34, ""backend"": ""aeon""}","{""init"":""random"",""max_iter"":300,""method"":""alternate""}"
DiatomSizeReduction,dtw,elastic,0.6330316407290054,0.6666343916094367,153.8565148000007,0,10,none,0,322,322,345,4,"{""window"": 34, ""backend"": ""aeon""}","{""init"":""random"",""max_iter"":300,""method"":""alternate""}"
DiatomSizeReduction,ed,lock-step,0.6996806772857341,0.738768907938252,0.0031963999999788,0,1,none,0,322,322,345,4,,"{""init"":""random"",""max_iter"":300,""method"":""alternate""}"
DiatomSizeReduction,ed,lock-step,0.742006042726187,0.7469878478870355,0.0026841000008062,0,2,none,0,322,322,345,4,,"{""init"":""random"",""max_iter"":300,""method"":""alternate""}"
DiatomSizeReduction,ed,lock-step,0.9464939229868076,0.9215809301221743,0.002092800000355,0,3,none,0,322,322,345,4,,"{""init"":""random"",""max_iter"":300,""method"":""alternate""}"
DiatomSizeReduction,ed,lock-step,0.7150487688350322,0.7615143351981742,0.0019345000000612,0,4,none,0,322,322,345,4,,"{""init"":""random"",""max_iter"":300,""method"":""alternate""}"
DiatomSizeReduction,ed,lock-step,0.7443958569425789,0.7465280334974325,0.0025653000002421,0,5,none,0,322,322,345,4,,"{""init"":""random"",""max_iter"":300,""method"":""alternate""}"
DiatomSizeReduction,ed,lock-step,0.9464939229868076,0.9215809301221742,0.0019369000001461,0,6,none,0,322,322,345,4,,"{""init"":""random"",""max_iter"":300,""method"":""alternate""}"
DiatomSizeReduction,ed,lock-step,0.7408607039387068,0.7359304686997757,0.002221499999905,0,7,none,0,322,322,345,4,,"{""init"":""random"",""max_iter"":300,""method"":""alternate""}"
DiatomSizeReduction,ed,lock-step,0.721914643550369,0.7776683126015376,0.0020567000001392,0,8,none,0,322,322,345,4,,"{""init"":""random"",""max_iter"":300,""method"":""alternate""}"
DiatomSizeReduction,ed,lock-step,0.7464817410385903,0.7475403133749321,0.0024237999987235,0,9,none,0,322,322,345,4,,"{""init"":""random"",""max_iter"":300,""method"":""alternate""}"
DiatomSizeReduction,ed,lock-step,0.7150219342285533,0.7747351858369078,0.0027955000005022,0,10,none,0,322,322,345,4,,"{""init"":""random"",""max_iter"":300,""method"":""alternate""}"
DiatomSizeReduction,idk,distributional,0.4764602121558541,0.5514173358941133,20.14829740001005,0,1,none,0,322,322,345,4,"{""no_window_threshold"": 0, ""psi"": 322, ""t"": 220, ""window_size"": 34, ""window_step"": 8}","{""init"": ""random"",""max_iter"": 300,""method"": ""alternate""}"
DiatomSizeReduction,idk,distributional,0.46685628724510964,0.5336039975307608,20.961341900008847,0,2,none,0,322,322,345,4,"{""no_window_threshold"": 0, ""psi"": 322, ""t"": 220, ""window_size"": 34, ""window_step"": 8}","{""init"": ""random"",""max_iter"": 300,""method"": ""alternate""}"
DiatomSizeReduction,idk,distributional,0.6580258822915958,0.6908796959320999,20.665822599999956,0,3,none,0,322,322,345,4,"{""no_window_threshold"": 0, ""psi"": 322, ""t"": 220, ""window_size"": 34, ""window_step"": 8}","{""init"": ""random"",""max_iter"": 300,""method"": ""alternate""}"
DiatomSizeReduction,idk,distributional,0.4743375246638264,0.5516535078988238,19.964192600004026,0,4,none,0,322,322,345,4,"{""no_window_threshold"": 0, ""psi"": 322, ""t"": 220, ""window_size"": 34, ""window_step"": 8}","{""init"": ""random"",""max_iter"": 300,""method"": ""alternate""}"
DiatomSizeReduction,idk,distributional,0.6620768969186117,0.6795662112568911,20.773469600011595,0,5,none,0,322,322,345,4,"{""no_window_threshold"": 0, ""psi"": 322, ""t"": 220, ""window_size"": 34, ""window_step"": 8}","{""init"": ""random"",""max_iter"": 300,""method"": ""alternate""}"
DiatomSizeReduction,idk,distributional,0.6180564963235836,0.6192817926071255,29.863702100003138,0,6,none,0,322,322,345,4,"{""no_window_threshold"": 0, ""psi"": 322, ""t"": 220, ""window_size"": 34, ""window_step"": 8}","{""init"": ""random"",""max_iter"": 300,""method"": ""alternate""}"
DiatomSizeReduction,idk,distributional,0.6623107047509115,0.6788977007640145,30.563487100007478,0,7,none,0,322,322,345,4,"{""no_window_threshold"": 0, ""psi"": 322, ""t"": 220, ""window_size"": 34, ""window_step"": 8}","{""init"": ""random"",""max_iter"": 300,""method"": ""alternate""}"
DiatomSizeReduction,idk,distributional,0.49235319340430406,0.5722178801298391,20.095990800007712,0,8,none,0,322,322,345,4,"{""no_window_threshold"": 0, ""psi"": 322, ""t"": 220, ""window_size"": 34, ""window_step"": 8}","{""init"": ""random"",""max_iter"": 300,""method"": ""alternate""}"
DiatomSizeReduction,idk,distributional,0.5902190589694076,0.5906574984060902,20.852229299998726,0,9,none,0,322,322,345,4,"{""no_window_threshold"": 0, ""psi"": 322, ""t"": 220, ""window_size"": 34, ""window_step"": 8}","{""init"": ""random"",""max_iter"": 300,""method"": ""alternate""}"
DiatomSizeReduction,idk,distributional,0.4795451638407526,0.5572724621804412,20.643392300000414,0,10,none,0,322,322,345,4,"{""no_window_threshold"": 0, ""psi"": 322, ""t"": 220, ""window_size"": 34, ""window_step"": 8}","{""init"": ""random"",""max_iter"": 300,""method"": ""alternate""}"
DiatomSizeReduction,msm,elastic,0.5512226903370402,0.6407921759437835,46.85737370000061,0,1,none,0,322,322,345,4,"{""c"": 1.0, ""backend"": ""aeon""}","{""init"":""random"",""max_iter"":300,""method"":""alternate""}"
DiatomSizeReduction,msm,elastic,0.5273735531985115,0.6331234374366644,22.24685109999973,0,2,none,0,322,322,345,4,"{""c"": 1.0, ""backend"": ""aeon""}","{""init"":""random"",""max_iter"":300,""method"":""alternate""}"
DiatomSizeReduction,msm,elastic,0.8695701665358564,0.8407345607732715,46.74015670000063,0,3,none,0,322,322,345,4,"{""c"": 1.0, ""backend"": ""aeon""}","{""init"":""random"",""max_iter"":300,""method"":""alternate""}"
DiatomSizeReduction,msm,elastic,0.6788254306593899,0.7201408097777343,49.5691896999997,0,4,none,0,322,322,345,4,"{""c"": 1.0, ""backend"": ""aeon""}","{""init"":""random"",""max_iter"":300,""method"":""alternate""}"
DiatomSizeReduction,msm,elastic,0.7487801551032902,0.7563600299980041,54.63458480000008,0,5,none,0,322,322,345,4,"{""c"": 1.0, ""backend"": ""aeon""}","{""init"":""random"",""max_iter"":300,""method"":""alternate""}"
DiatomSizeReduction,msm,elastic,0.7361932715231788,0.7578494429610242,61.04507240000021,0,6,none,0,322,322,345,4,"{""c"": 1.0, ""backend"": ""aeon""}","{""init"":""random"",""max_iter"":300,""method"":""alternate""}"
DiatomSizeReduction,msm,elastic,0.7487801551032902,0.7563600299980041,61.98529020000024,0,7,none,0,322,322,345,4,"{""c"": 1.0, ""backend"": ""aeon""}","{""init"":""random"",""max_iter"":300,""method"":""alternate""}"
DiatomSizeReduction,msm,elastic,0.6345424556498498,0.6988456363258987,55.22491179999906,0,8,none,0,322,322,345,4,"{""c"": 1.0, ""backend"": ""aeon""}","{""init"":""random"",""max_iter"":300,""method"":""alternate""}"
DiatomSizeReduction,msm,elastic,0.7361932715231788,0.7578494429610242,50.6543544999995,0,9,none,0,322,322,345,4,"{""c"": 1.0, ""backend"": ""aeon""}","{""init"":""random"",""max_iter"":300,""method"":""alternate""}"
DiatomSizeReduction,msm,elastic,0.5532991192164618,0.6471150524668305,52.28590679999888,0,10,none,0,322,322,345,4,"{""c"": 1.0, ""backend"": ""aeon""}","{""init"":""random"",""max_iter"":300,""method"":""alternate""}"
DiatomSizeReduction,sbd,sliding,0.7147742422982811,0.7898504216234715,1.9719337999995332,0,1,none,0,322,322,345,4,"{""backend"": ""reference"", ""candidate_k"": 20, ""coarse_method"": ""paa"", ""n_jobs"": -1, ""paa_segments"": 32, ""standardize"": false}","{""init"": ""random"",""max_iter"": 300,""method"": ""alternate""}"
DiatomSizeReduction,sbd,sliding,0.7685395804516075,0.7804467407005997,1.047575799995684,0,2,none,0,322,322,345,4,"{""backend"": ""reference"", ""candidate_k"": 20, ""coarse_method"": ""paa"", ""n_jobs"": -1, ""paa_segments"": 32, ""standardize"": false}","{""init"": ""random"",""max_iter"": 300,""method"": ""alternate""}"
DiatomSizeReduction,sbd,sliding,0.9575163105869651,0.9340338602587451,1.0387316000123974,0,3,none,0,322,322,345,4,"{""backend"": ""reference"", ""candidate_k"": 20, ""coarse_method"": ""paa"", ""n_jobs"": -1, ""paa_segments"": 32, ""standardize"": false}","{""init"": ""random"",""max_iter"": 300,""method"": ""alternate""}"
DiatomSizeReduction,sbd,sliding,0.7054914728789894,0.7694224166173252,1.969867300009355,0,4,none,0,322,322,345,4,"{""backend"": ""reference"", ""candidate_k"": 20, ""coarse_method"": ""paa"", ""n_jobs"": -1, ""paa_segments"": 32, ""standardize"": false}","{""init"": ""random"",""max_iter"": 300,""method"": ""alternate""}"
DiatomSizeReduction,sbd,sliding,0.7502865848379111,0.7654946652288253,1.316914100010763,0,5,none,0,322,322,345,4,"{""backend"": ""reference"", ""candidate_k"": 20, ""coarse_method"": ""paa"", ""n_jobs"": -1, ""paa_segments"": 32, ""standardize"": false}","{""init"": ""random"",""max_iter"": 300,""method"": ""alternate""}"
DiatomSizeReduction,sbd,sliding,0.9575163105869651,0.9340338602587454,1.9765317999990657,0,6,none,0,322,322,345,4,"{""backend"": ""reference"", ""candidate_k"": 20, ""coarse_method"": ""paa"", ""n_jobs"": -1, ""paa_segments"": 32, ""standardize"": false}","{""init"": ""random"",""max_iter"": 300,""method"": ""alternate""}"
DiatomSizeReduction,sbd,sliding,0.7502865848379111,0.7654946652288253,1.0519590999901993,0,7,none,0,322,322,345,4,"{""backend"": ""reference"", ""candidate_k"": 20, ""coarse_method"": ""paa"", ""n_jobs"": -1, ""paa_segments"": 32, ""standardize"": false}","{""init"": ""random"",""max_iter"": 300,""method"": ""alternate""}"
DiatomSizeReduction,sbd,sliding,0.7147742422982811,0.7898504216234715,1.9609322999895085,0,8,none,0,322,322,345,4,"{""backend"": ""reference"", ""candidate_k"": 20, ""coarse_method"": ""paa"", ""n_jobs"": -1, ""paa_segments"": 32, ""standardize"": false}","{""init"": ""random"",""max_iter"": 300,""method"": ""alternate""}"
DiatomSizeReduction,sbd,sliding,0.7502865848379111,0.7654946652288253,1.0471619000018109,0,9,none,0,322,322,345,4,"{""backend"": ""reference"", ""candidate_k"": 20, ""coarse_method"": ""paa"", ""n_jobs"": -1, ""paa_segments"": 32, ""standardize"": false}","{""init"": ""random"",""max_iter"": 300,""method"": ""alternate""}"
DiatomSizeReduction,sbd,sliding,0.739483062442805,0.7756962725085064,1.0544890000019222,0,10,none,0,322,322,345,4,"{""backend"": ""reference"", ""candidate_k"": 20, ""coarse_method"": ""paa"", ""n_jobs"": -1, ""paa_segments"": 32, ""standardize"": false}","{""init"": ""random"",""max_iter"": 300,""method"": ""alternate""}"
ECG200,dtw,elastic,0.1210695887802569,0.0627667993630467,6.471205799999996,0,1,none,0,200,200,96,2,"{""window"": 10, ""backend"": ""aeon""}","{""init"":""random"",""max_iter"":300,""method"":""alternate""}"
ECG200,dtw,elastic,-0.0024179738548349,0.0001065599695365,4.9526834000000015,0,2,none,0,200,200,96,2,"{""window"": 10, ""backend"": ""aeon""}","{""init"":""random"",""max_iter"":300,""method"":""alternate""}"
ECG200,dtw,elastic,0.0174967775179677,0.0458064159091112,5.185256899999999,0,3,none,0,200,200,96,2,"{""window"": 10, ""backend"": ""aeon""}","{""init"":""random"",""max_iter"":300,""method"":""alternate""}"
ECG200,dtw,elastic,0.1809243632656946,0.1481866693387735,6.9047457999999935,0,4,none,0,200,200,96,2,"{""window"": 10, ""backend"": ""aeon""}","{""init"":""random"",""max_iter"":300,""method"":""alternate""}"
ECG200,dtw,elastic,0.0134412857656458,0.0295462273049607,6.8565400000000025,0,5,none,0,200,200,96,2,"{""window"": 10, ""backend"": ""aeon""}","{""init"":""random"",""max_iter"":300,""method"":""alternate""}"
ECG200,dtw,elastic,0.0396391576689092,0.0429194655660012,6.636257100000002,0,6,none,0,200,200,96,2,"{""window"": 10, ""backend"": ""aeon""}","{""init"":""random"",""max_iter"":300,""method"":""alternate""}"
ECG200,dtw,elastic,0.0398237721344155,0.0112492455542241,7.029235200000002,0,7,none,0,200,200,96,2,"{""window"": 10, ""backend"": ""aeon""}","{""init"":""random"",""max_iter"":300,""method"":""alternate""}"
ECG200,dtw,elastic,0.0398237721344155,0.0112492455542241,6.780014800000004,0,8,none,0,200,200,96,2,"{""window"": 10, ""backend"": ""aeon""}","{""init"":""random"",""max_iter"":300,""method"":""alternate""}"
ECG200,dtw,elastic,-0.0024179738548349,0.0001065599695365,5.01102800000001,0,9,none,0,200,200,96,2,"{""window"": 10, ""backend"": ""aeon""}","{""init"":""random"",""max_iter"":300,""method"":""alternate""}"
ECG200,dtw,elastic,0.0398237721344155,0.0112492455542241,5.292132899999999,0,10,none,0,200,200,96,2,"{""window"": 10, ""backend"": ""aeon""}","{""init"":""random"",""max_iter"":300,""method"":""alternate""}"
ECG200,ed,lock-step,0.2413662915798125,0.1460298320126183,0.0022145000000008,0,1,none,0,200,200,96,2,,"{""init"":""random"",""max_iter"":300,""method"":""alternate""}"
ECG200,ed,lock-step,0.2640482129629269,0.1641462122214246,0.001191900000002,0,2,none,0,200,200,96,2,,"{""init"":""random"",""max_iter"":300,""method"":""alternate""}"
ECG200,ed,lock-step,-0.0031538908379635,0.0004670929061854,0.0014467000000024,0,3,none,0,200,200,96,2,,"{""init"":""random"",""max_iter"":300,""method"":""alternate""}"
ECG200,ed,lock-step,0.2640482129629269,0.1641462122214246,0.0022106999999991,0,4,none,0,200,200,96,2,,"{""init"":""random"",""max_iter"":300,""method"":""alternate""}"
ECG200,ed,lock-step,0.1268440942643246,0.0641365081024622,0.0025199999999969,0,5,none,0,200,200,96,2,,"{""init"":""random"",""max_iter"":300,""method"":""alternate""}"
ECG200,ed,lock-step,0.2413662915798125,0.1460298320126183,0.0022474999999957,0,6,none,0,200,200,96,2,,"{""init"":""random"",""max_iter"":300,""method"":""alternate""}"
ECG200,ed,lock-step,0.119567894287977,0.0583193574097643,0.0022151999999948,0,7,none,0,200,200,96,2,,"{""init"":""random"",""max_iter"":300,""method"":""alternate""}"
ECG200,ed,lock-step,0.117094100835396,0.0574676035376102,0.0022268999999965,0,8,none,0,200,200,96,2,,"{""init"":""random"",""max_iter"":300,""method"":""alternate""}"
ECG200,ed,lock-step,0.2640482129629269,0.1641462122214246,0.0011930999999947,0,9,none,0,200,200,96,2,,"{""init"":""random"",""max_iter"":300,""method"":""alternate""}"
ECG200,ed,lock-step,0.2413662915798125,0.1460298320126183,0.0025503000000099,0,10,none,0,200,200,96,2,,"{""init"":""random"",""max_iter"":300,""method"":""alternate""}"
ECG200,idk,distributional,-0.004950860858641839,0.00611578370187565,0.4370595999935176,0,1,none,0,200,200,96,2,"{""no_window_threshold"": 96, ""psi"": 200, ""t"": 220, ""window_size"": 96, ""window_step"": 96}","{""init"": ""random"",""max_iter"": 300,""method"": ""alternate""}"
ECG200,idk,distributional,-0.004950860858641839,0.00611578370187565,0.24510430000373162,0,2,none,0,200,200,96,2,"{""no_window_threshold"": 96, ""psi"": 200, ""t"": 220, ""window_size"": 96, ""window_step"": 96}","{""init"": ""random"",""max_iter"": 300,""method"": ""alternate""}"
ECG200,idk,distributional,-0.004950860858641839,0.00611578370187565,0.24330149999877904,0,3,none,0,200,200,96,2,"{""no_window_threshold"": 96, ""psi"": 200, ""t"": 220, ""window_size"": 96, ""window_step"": 96}","{""init"": ""random"",""max_iter"": 300,""method"": ""alternate""}"
ECG200,idk,distributional,-0.004950860858641839,0.00611578370187565,0.24064699999871664,0,4,none,0,200,200,96,2,"{""no_window_threshold"": 96, ""psi"": 200, ""t"": 220, ""window_size"": 96, ""window_step"": 96}","{""init"": ""random"",""max_iter"": 300,""method"": ""alternate""}"
ECG200,idk,distributional,0.009827828271632305,0.01641834287179623,0.2429818999953568,0,5,none,0,200,200,96,2,"{""no_window_threshold"": 96, ""psi"": 200, ""t"": 220, ""window_size"": 96, ""window_step"": 96}","{""init"": ""random"",""max_iter"": 300,""method"": ""alternate""}"
ECG200,idk,distributional,-0.004950860858641839,0.00611578370187565,0.23916680000547785,0,6,none,0,200,200,96,2,"{""no_window_threshold"": 96, ""psi"": 200, ""t"": 220, ""window_size"": 96, ""window_step"": 96}","{""init"": ""random"",""max_iter"": 300,""method"": ""alternate""}"
ECG200,idk,distributional,-0.004950860858641839,0.00611578370187565,0.25467970001045614,0,7,none,0,200,200,96,2,"{""no_window_threshold"": 96, ""psi"": 200, ""t"": 220, ""window_size"": 96, ""window_step"": 96}","{""init"": ""random"",""max_iter"": 300,""method"": ""alternate""}"
ECG200,idk,distributional,-0.004950860858641839,0.00611578370187565,0.23844419998931699,0,8,none,0,200,200,96,2,"{""no_window_threshold"": 96, ""psi"": 200, ""t"": 220, ""window_size"": 96, ""window_step"": 96}","{""init"": ""random"",""max_iter"": 300,""method"": ""alternate""}"
ECG200,idk,distributional,-0.004950860858641839,0.00611578370187565,0.24863769998773932,0,9,none,0,200,200,96,2,"{""no_window_threshold"": 96, ""psi"": 200, ""t"": 220, ""window_size"": 96, ""window_step"": 96}","{""init"": ""random"",""max_iter"": 300,""method"": ""alternate""}"
ECG200,idk,distributional,0.009827828271632305,0.01641834287179623,0.23708069999702275,0,10,none,0,200,200,96,2,"{""no_window_threshold"": 96, ""psi"": 200, ""t"": 220, ""window_size"": 96, ""window_step"": 96}","{""init"": ""random"",""max_iter"": 300,""method"": ""alternate""}"
ECG200,msm,elastic,0.2302771079770367,0.1373284879364577,0.8386637999999991,0,1,none,0,200,200,96,2,"{""c"": 1.0, ""backend"": ""aeon""}","{""init"":""random"",""max_iter"":300,""method"":""alternate""}"
ECG200,msm,elastic,0.0021311799583021,0.0021801543991222,0.906417899999994,0,2,none,0,200,200,96,2,"{""c"": 1.0, ""backend"": ""aeon""}","{""init"":""random"",""max_iter"":300,""method"":""alternate""}"
ECG200,msm,elastic,0.2302771079770367,0.1373284879364577,1.1926989000000034,0,3,none,0,200,200,96,2,"{""c"": 1.0, ""backend"": ""aeon""}","{""init"":""random"",""max_iter"":300,""method"":""alternate""}"
ECG200,msm,elastic,0.2302771079770367,0.1373284879364577,1.1686375000000029,0,4,none,0,200,200,96,2,"{""c"": 1.0, ""backend"": ""aeon""}","{""init"":""random"",""max_iter"":300,""method"":""alternate""}"
ECG200,msm,elastic,0.045666427417154,0.0146151644237545,1.1661658000000017,0,5,none,0,200,200,96,2,"{""c"": 1.0, ""backend"": ""aeon""}","{""init"":""random"",""max_iter"":300,""method"":""alternate""}"
ECG200,msm,elastic,0.1431153221531841,0.1443306796296663,1.1598103999999978,0,6,none,0,200,200,96,2,"{""c"": 1.0, ""backend"": ""aeon""}","{""init"":""random"",""max_iter"":300,""method"":""alternate""}"
ECG200,msm,elastic,0.0736218101550519,0.0290574224627782,1.2069999000000138,0,7,none,0,200,200,96,2,"{""c"": 1.0, ""backend"": ""aeon""}","{""init"":""random"",""max_iter"":300,""method"":""alternate""}"
ECG200,msm,elastic,0.0559196524624618,0.0205258306590497,1.1458681000000013,0,8,none,0,200,200,96,2,"{""c"": 1.0, ""backend"": ""aeon""}","{""init"":""random"",""max_iter"":300,""method"":""alternate""}"
ECG200,msm,elastic,0.2302771079770367,0.1373284879364577,0.8308703000000008,0,9,none,0,200,200,96,2,"{""c"": 1.0, ""backend"": ""aeon""}","{""init"":""random"",""max_iter"":300,""method"":""alternate""}"
ECG200,msm,elastic,0.0720358949572611,0.1002123015126791,0.858613599999984,0,10,none,0,200,200,96,2,"{""c"": 1.0, ""backend"": ""aeon""}","{""init"":""random"",""max_iter"":300,""method"":""alternate""}"
ECG200,sbd,sliding,0.20264213978503184,0.11711884554963234,0.20442480000201613,0,1,none,0,200,200,96,2,"{""backend"": ""reference"", ""candidate_k"": 20, ""coarse_method"": ""paa"", ""n_jobs"": -1, ""paa_segments"": 32, ""standardize"": false}","{""init"": ""random"",""max_iter"": 300,""method"": ""alternate""}"
ECG200,sbd,sliding,0.19651597227914655,0.11501237068094518,0.1719158000050811,0,2,none,0,200,200,96,2,"{""backend"": ""reference"", ""candidate_k"": 20, ""coarse_method"": ""paa"", ""n_jobs"": -1, ""paa_segments"": 32, ""standardize"": false}","{""init"": ""random"",""max_iter"": 300,""method"": ""alternate""}"
ECG200,sbd,sliding,0.19651597227914655,0.11501237068094518,0.18274459999520332,0,3,none,0,200,200,96,2,"{""backend"": ""reference"", ""candidate_k"": 20, ""coarse_method"": ""paa"", ""n_jobs"": -1, ""paa_segments"": 32, ""standardize"": false}","{""init"": ""random"",""max_iter"": 300,""method"": ""alternate""}"
ECG200,sbd,sliding,0.19651597227914655,0.11501237068094518,0.18420340000011493,0,4,none,0,200,200,96,2,"{""backend"": ""reference"", ""candidate_k"": 20, ""coarse_method"": ""paa"", ""n_jobs"": -1, ""paa_segments"": 32, ""standardize"": false}","{""init"": ""random"",""max_iter"": 300,""method"": ""alternate""}"
ECG200,sbd,sliding,0.15284816713928134,0.09503104175598812,0.18526800000108778,0,5,none,0,200,200,96,2,"{""backend"": ""reference"", ""candidate_k"": 20, ""coarse_method"": ""paa"", ""n_jobs"": -1, ""paa_segments"": 32, ""standardize"": false}","{""init"": ""random"",""max_iter"": 300,""method"": ""alternate""}"
ECG200,sbd,sliding,0.15284816713928134,0.09503104175598812,0.17349580000154674,0,6,none,0,200,200,96,2,"{""backend"": ""reference"", ""candidate_k"": 20, ""coarse_method"": ""paa"", ""n_jobs"": -1, ""paa_segments"": 32, ""standardize"": false}","{""init"": ""random"",""max_iter"": 300,""method"": ""alternate""}"
ECG200,sbd,sliding,0.23172619444287815,0.13876468501408243,0.17505599999276455,0,7,none,0,200,200,96,2,"{""backend"": ""reference"", ""candidate_k"": 20, ""coarse_method"": ""paa"", ""n_jobs"": -1, ""paa_segments"": 32, ""standardize"": false}","{""init"": ""random"",""max_iter"": 300,""method"": ""alternate""}"
ECG200,sbd,sliding,0.20264213978503184,0.11711884554963234,1.1017846999893663,0,8,none,0,200,200,96,2,"{""backend"": ""reference"", ""candidate_k"": 20, ""coarse_method"": ""paa"", ""n_jobs"": -1, ""paa_segments"": 32, ""standardize"": false}","{""init"": ""random"",""max_iter"": 300,""method"": ""alternate""}"
ECG200,sbd,sliding,0.20264213978503184,0.11711884554963234,0.17379509999591392,0,9,none,0,200,200,96,2,"{""backend"": ""reference"", ""candidate_k"": 20, ""coarse_method"": ""paa"", ""n_jobs"": -1, ""paa_segments"": 32, ""standardize"": false}","{""init"": ""random"",""max_iter"": 300,""method"": ""alternate""}"
ECG200,sbd,sliding,0.065303355668204,0.06541510291928786,0.1858603000000585,0,10,none,0,200,200,96,2,"{""backend"": ""reference"", ""candidate_k"": 20, ""coarse_method"": ""paa"", ""n_jobs"": -1, ""paa_segments"": 32, ""standardize"": false}","{""init"": ""random"",""max_iter"": 300,""method"": ""alternate""}"
ECGFiveDays,dtw,elastic,-0.0010845934048877,3.3354005542539293e-05,180.9186080999998,0,1,none,0,884,884,136,2,"{""window"": 14, ""backend"": ""aeon""}","{""init"":""random"",""max_iter"":300,""method"":""alternate""}"
ECGFiveDays,dtw,elastic,-0.0007228268740756,9.352249532046722e-05,181.24837789999992,0,2,none,0,884,884,136,2,"{""window"": 14, ""backend"": ""aeon""}","{""init"":""random"",""max_iter"":300,""method"":""alternate""}"
ECGFiveDays,dtw,elastic,0.0385526837518918,0.0288851092915241,180.4422396999989,0,3,none,0,884,884,136,2,"{""window"": 14, ""backend"": ""aeon""}","{""init"":""random"",""max_iter"":300,""method"":""alternate""}"
ECGFiveDays,dtw,elastic,0.0048164277039223,0.0068680228427302,179.93843300000026,0,4,none,0,884,884,136,2,"{""window"": 14, ""backend"": ""aeon""}","{""init"":""random"",""max_iter"":300,""method"":""alternate""}"
ECGFiveDays,dtw,elastic,0.031662717297152,0.0237616276375286,179.9248533,0,5,none,0,884,884,136,2,"{""window"": 14, ""backend"": ""aeon""}","{""init"":""random"",""max_iter"":300,""method"":""alternate""}"
ECGFiveDays,dtw,elastic,0.0491346950897785,0.0386825542717024,184.4315314000005,0,6,none,0,884,884,136,2,"{""window"": 14, ""backend"": ""aeon""}","{""init"":""random"",""max_iter"":300,""method"":""alternate""}"
ECGFiveDays,dtw,elastic,0.0575854445001308,0.0456481767144232,181.70479030000024,0,7,none,0,884,884,136,2,"{""window"": 14, ""backend"": ""aeon""}","{""init"":""random"",""max_iter"":300,""method"":""alternate""}"
ECGFiveDays,dtw,elastic,0.0491346950897785,0.0386825542717024,181.69700310000007,0,8,none,0,884,884,136,2,"{""window"": 14, ""backend"": ""aeon""}","{""init"":""random"",""max_iter"":300,""method"":""alternate""}"
ECGFiveDays,dtw,elastic,0.0130980899354636,0.0174329983011649,181.2701174000004,0,9,none,0,884,884,136,2,"{""window"": 14, ""backend"": ""aeon""}","{""init"":""random"",""max_iter"":300,""method"":""alternate""}"
ECGFiveDays,dtw,elastic,-0.0007228268740756,9.352249532046722e-05,181.52732060000017,0,10,none,0,884,884,136,2,"{""window"": 14, ""backend"": ""aeon""}","{""init"":""random"",""max_iter"":300,""method"":""alternate""}"
ECGFiveDays,ed,lock-step,0.0051624271200201,0.0046326916826933,0.0172252999996089,0,1,none,0,884,884,136,2,,"{""init"":""random"",""max_iter"":300,""method"":""alternate""}"
ECGFiveDays,ed,lock-step,0.0031800960418393,0.0031233650603856,0.0148518999999396,0,2,none,0,884,884,136,2,,"{""init"":""random"",""max_iter"":300,""method"":""alternate""}"
ECGFiveDays,ed,lock-step,0.0051624271200201,0.0046326916826933,0.0168788999990283,0,3,none,0,884,884,136,2,,"{""init"":""random"",""max_iter"":300,""method"":""alternate""}"
ECGFiveDays,ed,lock-step,0.0051624271200201,0.0046326916826933,0.0151000000005296,0,4,none,0,884,884,136,2,,"{""init"":""random"",""max_iter"":300,""method"":""alternate""}"
ECGFiveDays,ed,lock-step,1.9221054129848632e-05,0.0008309386165949,0.0105911999989984,0,5,none,0,884,884,136,2,,"{""init"":""random"",""max_iter"":300,""method"":""alternate""}"
ECGFiveDays,ed,lock-step,0.0051624271200201,0.0046326916826933,0.0121158000001742,0,6,none,0,884,884,136,2,,"{""init"":""random"",""max_iter"":300,""method"":""alternate""}"
ECGFiveDays,ed,lock-step,0.0031800960418393,0.0031233650603856,0.0171396000005188,0,7,none,0,884,884,136,2,,"{""init"":""random"",""max_iter"":300,""method"":""alternate""}"
ECGFiveDays,ed,lock-step,0.0051624271200201,0.0046326916826933,0.0142969000007724,0,8,none,0,884,884,136,2,,"{""init"":""random"",""max_iter"":300,""method"":""alternate""}"
ECGFiveDays,ed,lock-step,0.0051624271200201,0.0046326916826933,0.0167384000005768,0,9,none,0,884,884,136,2,,"{""init"":""random"",""max_iter"":300,""method"":""alternate""}"
ECGFiveDays,ed,lock-step,0.0055219337715685,0.0048755611460593,0.0106533999987732,0,10,none,0,884,884,136,2,,"{""init"":""random"",""max_iter"":300,""method"":""alternate""}"
ECGFiveDays,idk,distributional,0.05115398740582344,0.03866700139095201,170.2384643999976,0,1,none,0,884,884,136,2,"{""no_window_threshold"": 0, ""psi"": 884, ""t"": 220, ""window_size"": 14, ""window_step"": 3}","{""init"": ""random"",""max_iter"": 300,""method"": ""alternate""}"
ECGFiveDays,idk,distributional,0.11416989827111242,0.08518295467865991,170.76010210000095,0,2,none,0,884,884,136,2,"{""no_window_threshold"": 0, ""psi"": 884, ""t"": 220, ""window_size"": 14, ""window_step"": 3}","{""init"": ""random"",""max_iter"": 300,""method"": ""alternate""}"
ECGFiveDays,idk,distributional,0.039460495517329226,0.029579825402883744,171.0008230000094,0,3,none,0,884,884,136,2,"{""no_window_threshold"": 0, ""psi"": 884, ""t"": 220, ""window_size"": 14, ""window_step"": 3}","{""init"": ""random"",""max_iter"": 300,""method"": ""alternate""}"
ECGFiveDays,idk,distributional,0.15581006165603625,0.1176197218483242,170.47870079999848,0,4,none,0,884,884,136,2,"{""no_window_threshold"": 0, ""psi"": 884, ""t"": 220, ""window_size"": 14, ""window_step"": 3}","{""init"": ""random"",""max_iter"": 300,""method"": ""alternate""}"
ECGFiveDays,idk,distributional,-0.0005678264281210712,0.0003943172592777077,168.0700070999883,0,5,none,0,884,884,136,2,"{""no_window_threshold"": 0, ""psi"": 884, ""t"": 220, ""window_size"": 14, ""window_step"": 3}","{""init"": ""random"",""max_iter"": 300,""method"": ""alternate""}"
ECGFiveDays,idk,distributional,0.026939671306830625,0.0206233053167747,174.85770010000851,0,6,none,0,884,884,136,2,"{""no_window_threshold"": 0, ""psi"": 884, ""t"": 220, ""window_size"": 14, ""window_step"": 3}","{""init"": ""random"",""max_iter"": 300,""method"": ""alternate""}"
ECGFiveDays,idk,distributional,0.05645616257153748,0.042543070612256,246.27476220000244,0,7,none,0,884,884,136,2,"{""no_window_threshold"": 0, ""psi"": 884, ""t"": 220, ""window_size"": 14, ""window_step"": 3}","{""init"": ""random"",""max_iter"": 300,""method"": ""alternate""}"
ECGFiveDays,idk,distributional,0.1007636448346152,0.07668753510963243,175.74249000000418,0,8,none,0,884,884,136,2,"{""no_window_threshold"": 0, ""psi"": 884, ""t"": 220, ""window_size"": 14, ""window_step"": 3}","{""init"": ""random"",""max_iter"": 300,""method"": ""alternate""}"
ECGFiveDays,idk,distributional,0.09226659504172587,0.06907913700303779,181.5473689000064,0,9,none,0,884,884,136,2,"{""no_window_threshold"": 0, ""psi"": 884, ""t"": 220, ""window_size"": 14, ""window_step"": 3}","{""init"": ""random"",""max_iter"": 300,""method"": ""alternate""}"
ECGFiveDays,idk,distributional,0.048086439136536256,0.03599001766298853,180.69838660000823,0,10,none,0,884,884,136,2,"{""no_window_threshold"": 0, ""psi"": 884, ""t"": 220, ""window_size"": 14, ""window_step"": 3}","{""init"": ""random"",""max_iter"": 300,""method"": ""alternate""}"
ECGFiveDays,msm,elastic,0.1743075757492492,0.1436915085501349,27.006967199999963,0,1,none,0,884,884,136,2,"{""c"": 1.0, ""backend"": ""aeon""}","{""init"":""random"",""max_iter"":300,""method"":""alternate""}"
ECGFiveDays,msm,elastic,0.5401472351071991,0.4582393413833657,26.943289699999696,0,2,none,0,884,884,136,2,"{""c"": 1.0, ""backend"": ""aeon""}","{""init"":""random"",""max_iter"":300,""method"":""alternate""}"
ECGFiveDays,msm,elastic,0.2163389033113055,0.1662991856850657,26.57900149999932,0,3,none,0,884,884,136,2,"{""c"": 1.0, ""backend"": ""aeon""}","{""init"":""random"",""max_iter"":300,""method"":""alternate""}"
ECGFiveDays,msm,elastic,0.5401472351071991,0.4582393413833657,26.6907239000002,0,4,none,0,884,884,136,2,"{""c"": 1.0, ""backend"": ""aeon""}","{""init"":""random"",""max_iter"":300,""method"":""alternate""}"
ECGFiveDays,msm,elastic,0.0193215521130185,0.0171185041925749,26.61384950000047,0,5,none,0,884,884,136,2,"{""c"": 1.0, ""backend"": ""aeon""}","{""init"":""random"",""max_iter"":300,""method"":""alternate""}"
ECGFiveDays,msm,elastic,0.5401472351071991,0.4582393413833657,26.97109099999944,0,6,none,0,884,884,136,2,"{""c"": 1.0, ""backend"": ""aeon""}","{""init"":""random"",""max_iter"":300,""method"":""alternate""}"
ECGFiveDays,msm,elastic,0.1819614951462205,0.1471447828637871,27.071410200000173,0,7,none,0,884,884,136,2,"{""c"": 1.0, ""backend"": ""aeon""}","{""init"":""random"",""max_iter"":300,""method"":""alternate""}"
ECGFiveDays,msm,elastic,0.4151233542216792,0.3495241912860612,26.92843040000025,0,8,none,0,884,884,136,2,"{""c"": 1.0, ""backend"": ""aeon""}","{""init"":""random"",""max_iter"":300,""method"":""alternate""}"
ECGFiveDays,msm,elastic,0.1418180879749183,0.111739026435224,26.84402620000037,0,9,none,0,884,884,136,2,"{""c"": 1.0, ""backend"": ""aeon""}","{""init"":""random"",""max_iter"":300,""method"":""alternate""}"
ECGFiveDays,msm,elastic,0.5401472351071991,0.4582393413833657,27.156156099999865,0,10,none,0,884,884,136,2,"{""c"": 1.0, ""backend"": ""aeon""}","{""init"":""random"",""max_iter"":300,""method"":""alternate""}"
ECGFiveDays,sbd,sliding,0.7943686685405551,0.7468238165746788,5.655053399997996,0,1,none,0,884,884,136,2,"{""backend"": ""reference"", ""candidate_k"": 20, ""coarse_method"": ""paa"", ""n_jobs"": -1, ""paa_segments"": 32, ""standardize"": false}","{""init"": ""random"",""max_iter"": 300,""method"": ""alternate""}"
ECGFiveDays,sbd,sliding,0.7943686685405551,0.7468238165746788,4.810550500013051,0,2,none,0,884,884,136,2,"{""backend"": ""reference"", ""candidate_k"": 20, ""coarse_method"": ""paa"", ""n_jobs"": -1, ""paa_segments"": 32, ""standardize"": false}","{""init"": ""random"",""max_iter"": 300,""method"": ""alternate""}"
ECGFiveDays,sbd,sliding,0.7943686685405551,0.7468238165746788,5.686443300000974,0,3,none,0,884,884,136,2,"{""backend"": ""reference"", ""candidate_k"": 20, ""coarse_method"": ""paa"", ""n_jobs"": -1, ""paa_segments"": 32, ""standardize"": false}","{""init"": ""random"",""max_iter"": 300,""method"": ""alternate""}"
ECGFiveDays,sbd,sliding,0.7943686685405551,0.7468238165746788,5.7559921000065515,0,4,none,0,884,884,136,2,"{""backend"": ""reference"", ""candidate_k"": 20, ""coarse_method"": ""paa"", ""n_jobs"": -1, ""paa_segments"": 32, ""standardize"": false}","{""init"": ""random"",""max_iter"": 300,""method"": ""alternate""}"
ECGFiveDays,sbd,sliding,0.7943686685405551,0.7468238165746788,5.684371399998781,0,5,none,0,884,884,136,2,"{""backend"": ""reference"", ""candidate_k"": 20, ""coarse_method"": ""paa"", ""n_jobs"": -1, ""paa_segments"": 32, ""standardize"": false}","{""init"": ""random"",""max_iter"": 300,""method"": ""alternate""}"
ECGFiveDays,sbd,sliding,0.7943686685405551,0.7468238165746788,5.709475399999064,0,6,none,0,884,884,136,2,"{""backend"": ""reference"", ""candidate_k"": 20, ""coarse_method"": ""paa"", ""n_jobs"": -1, ""paa_segments"": 32, ""standardize"": false}","{""init"": ""random"",""max_iter"": 300,""method"": ""alternate""}"
ECGFiveDays,sbd,sliding,0.7943686685405551,0.7468238165746788,4.7830822999967495,0,7,none,0,884,884,136,2,"{""backend"": ""reference"", ""candidate_k"": 20, ""coarse_method"": ""paa"", ""n_jobs"": -1, ""paa_segments"": 32, ""standardize"": false}","{""init"": ""random"",""max_iter"": 300,""method"": ""alternate""}"
ECGFiveDays,sbd,sliding,0.7943686685405551,0.7468238165746788,5.6545280999998795,0,8,none,0,884,884,136,2,"{""backend"": ""reference"", ""candidate_k"": 20, ""coarse_method"": ""paa"", ""n_jobs"": -1, ""paa_segments"": 32, ""standardize"": false}","{""init"": ""random"",""max_iter"": 300,""method"": ""alternate""}"
ECGFiveDays,sbd,sliding,0.7943686685405551,0.7468238165746788,5.811344999994617,0,9,none,0,884,884,136,2,"{""backend"": ""reference"", ""candidate_k"": 20, ""coarse_method"": ""paa"", ""n_jobs"": -1, ""paa_segments"": 32, ""standardize"": false}","{""init"": ""random"",""max_iter"": 300,""method"": ""alternate""}"
ECGFiveDays,sbd,sliding,0.7943686685405551,0.7468238165746788,4.795687199992244,0,10,none,0,884,884,136,2,"{""backend"": ""reference"", ""candidate_k"": 20, ""coarse_method"": ""paa"", ""n_jobs"": -1, ""paa_segments"": 32, ""standardize"": false}","{""init"": ""random"",""max_iter"": 300,""method"": ""alternate""}"
GunPoint,dtw,elastic,-0.0049494924497512,7.214577140847848e-05,12.745846400000003,0,1,none,0,200,200,150,2,"{""window"": 15, ""backend"": ""aeon""}","{""init"":""random"",""max_iter"":300,""method"":""alternate""}"
GunPoint,dtw,elastic,-0.0049494924497512,7.214577140847848e-05,12.84191679999998,0,2,none,0,200,200,150,2,"{""window"": 15, ""backend"": ""aeon""}","{""init"":""random"",""max_iter"":300,""method"":""alternate""}"
GunPoint,dtw,elastic,-0.0049494924497512,7.214577140847848e-05,14.966655000000005,0,3,none,0,200,200,150,2,"{""window"": 15, ""backend"": ""aeon""}","{""init"":""random"",""max_iter"":300,""method"":""alternate""}"
GunPoint,dtw,elastic,-0.0049494924497512,7.214577140847848e-05,15.377488500000029,0,4,none,0,200,200,150,2,"{""window"": 15, ""backend"": ""aeon""}","{""init"":""random"",""max_iter"":300,""method"":""alternate""}"
GunPoint,dtw,elastic,-0.0049494924497512,7.214577140847848e-05,13.299983399999974,0,5,none,0,200,200,150,2,"{""window"": 15, ""backend"": ""aeon""}","{""init"":""random"",""max_iter"":300,""method"":""alternate""}"
GunPoint,dtw,elastic,-0.0049494924497512,7.214577140847848e-05,11.167610600000046,0,6,none,0,200,200,150,2,"{""window"": 15, ""backend"": ""aeon""}","{""init"":""random"",""max_iter"":300,""method"":""alternate""}"
GunPoint,dtw,elastic,-0.0049494924497512,7.214577140847848e-05,11.397411499999976,0,7,none,0,200,200,150,2,"{""window"": 15, ""backend"": ""aeon""}","{""init"":""random"",""max_iter"":300,""method"":""alternate""}"
GunPoint,dtw,elastic,-0.0049494924497512,7.214577140847848e-05,11.121310900000026,0,8,none,0,200,200,150,2,"{""window"": 15, ""backend"": ""aeon""}","{""init"":""random"",""max_iter"":300,""method"":""alternate""}"
GunPoint,dtw,elastic,-0.0049494924497512,7.214577140847848e-05,11.282216399999982,0,9,none,0,200,200,150,2,"{""window"": 15, ""backend"": ""aeon""}","{""init"":""random"",""max_iter"":300,""method"":""alternate""}"
GunPoint,dtw,elastic,-0.0049494924497512,7.214577140847848e-05,12.94355550000006,0,10,none,0,200,200,150,2,"{""window"": 15, ""backend"": ""aeon""}","{""init"":""random"",""max_iter"":300,""method"":""alternate""}"
GunPoint,ed,lock-step,-0.005050505050505,0.0,0.0021912999999926,0,1,none,0,200,200,150,2,,"{""init"":""random"",""max_iter"":300,""method"":""alternate""}"
GunPoint,ed,lock-step,-0.005050505050505,0.0,0.0015663000000074,0,2,none,0,200,200,150,2,,"{""init"":""random"",""max_iter"":300,""method"":""alternate""}"
GunPoint,ed,lock-step,-0.005050505050505,0.0,0.0012735999999904,0,3,none,0,200,200,150,2,,"{""init"":""random"",""max_iter"":300,""method"":""alternate""}"
GunPoint,ed,lock-step,-0.005050505050505,0.0,0.0025760000000332,0,4,none,0,200,200,150,2,,"{""init"":""random"",""max_iter"":300,""method"":""alternate""}"
GunPoint,ed,lock-step,-0.005050505050505,0.0,0.0027081999999722,0,5,none,0,200,200,150,2,,"{""init"":""random"",""max_iter"":300,""method"":""alternate""}"
GunPoint,ed,lock-step,-0.005050505050505,0.0,0.0012532999999734,0,6,none,0,200,200,150,2,,"{""init"":""random"",""max_iter"":300,""method"":""alternate""}"
GunPoint,ed,lock-step,-0.005050505050505,0.0,0.0009869000000435,0,7,none,0,200,200,150,2,,"{""init"":""random"",""max_iter"":300,""method"":""alternate""}"
GunPoint,ed,lock-step,-0.005050505050505,0.0,0.0014427000000409,0,8,none,0,200,200,150,2,,"{""init"":""random"",""max_iter"":300,""method"":""alternate""}"
GunPoint,ed,lock-step,-0.005050505050505,0.0,0.0011944000000312,0,9,none,0,200,200,150,2,,"{""init"":""random"",""max_iter"":300,""method"":""alternate""}"
GunPoint,ed,lock-step,-0.005050505050505,0.0,0.0014246000000071,0,10,none,0,200,200,150,2,,"{""init"":""random"",""max_iter"":300,""method"":""alternate""}"
GunPoint,idk,distributional,0.043872085696282294,0.0382565673470285,10.252593999990495,0,1,none,0,200,200,150,2,"{""no_window_threshold"": 0, ""psi"": 200, ""t"": 220, ""window_size"": 15, ""window_step"": 3}","{""init"": ""random"",""max_iter"": 300,""method"": ""alternate""}"
GunPoint,idk,distributional,0.0531636673539741,0.046319737438660975,9.40899399999762,0,2,none,0,200,200,150,2,"{""no_window_threshold"": 0, ""psi"": 200, ""t"": 220, ""window_size"": 15, ""window_step"": 3}","{""init"": ""random"",""max_iter"": 300,""method"": ""alternate""}"
GunPoint,idk,distributional,-0.004949492449751288,7.214577140847848e-05,18.94475070000044,0,3,none,0,200,200,150,2,"{""no_window_threshold"": 0, ""psi"": 200, ""t"": 220, ""window_size"": 15, ""window_step"": 3}","{""init"": ""random"",""max_iter"": 300,""method"": ""alternate""}"
GunPoint,idk,distributional,-0.004949492449751288,7.214577140847848e-05,19.10113939999428,0,4,none,0,200,200,150,2,"{""no_window_threshold"": 0, ""psi"": 200, ""t"": 220, ""window_size"": 15, ""window_step"": 3}","{""init"": ""random"",""max_iter"": 300,""method"": ""alternate""}"
GunPoint,idk,distributional,0.4461639385325192,0.36651157189660155,18.83683879999444,0,5,none,0,200,200,150,2,"{""no_window_threshold"": 0, ""psi"": 200, ""t"": 220, ""window_size"": 15, ""window_step"": 3}","{""init"": ""random"",""max_iter"": 300,""method"": ""alternate""}"
GunPoint,idk,distributional,-0.004949492449751288,7.214577140847848e-05,19.548509000000195,0,6,none,0,200,200,150,2,"{""no_window_threshold"": 0, ""psi"": 200, ""t"": 220, ""window_size"": 15, ""window_step"": 3}","{""init"": ""random"",""max_iter"": 300,""method"": ""alternate""}"
GunPoint,idk,distributional,-0.005048474649546162,0.0,18.874070799996844,0,7,none,0,200,200,150,2,"{""no_window_threshold"": 0, ""psi"": 200, ""t"": 220, ""window_size"": 15, ""window_step"": 3}","{""init"": ""random"",""max_iter"": 300,""method"": ""alternate""}"
GunPoint,idk,distributional,-0.004949492449751288,7.214577140847848e-05,19.384685299999546,0,8,none,0,200,200,150,2,"{""no_window_threshold"": 0, ""psi"": 200, ""t"": 220, ""window_size"": 15, ""window_step"": 3}","{""init"": ""random"",""max_iter"": 300,""method"": ""alternate""}"
GunPoint,idk,distributional,-0.004949492449751288,7.214577140847848e-05,19.573741200001677,0,9,none,0,200,200,150,2,"{""no_window_threshold"": 0, ""psi"": 200, ""t"": 220, ""window_size"": 15, ""window_step"": 3}","{""init"": ""random"",""max_iter"": 300,""method"": ""alternate""}"
GunPoint,idk,distributional,-0.004949492449751288,7.214577140847848e-05,19.897040700001526,0,10,none,0,200,200,150,2,"{""no_window_threshold"": 0, ""psi"": 200, ""t"": 220, ""window_size"": 15, ""window_step"": 3}","{""init"": ""random"",""max_iter"": 300,""method"": ""alternate""}"
GunPoint,msm,elastic,-0.005050505050505,0.0,1.7833609000000197,0,1,none,0,200,200,150,2,"{""c"": 1.0, ""backend"": ""aeon""}","{""init"":""random"",""max_iter"":300,""method"":""alternate""}"
GunPoint,msm,elastic,-0.005050505050505,0.0,1.7358624999999392,0,2,none,0,200,200,150,2,"{""c"": 1.0, ""backend"": ""aeon""}","{""init"":""random"",""max_iter"":300,""method"":""alternate""}"
GunPoint,msm,elastic,-0.005050505050505,0.0,2.5161771999999587,0,3,none,0,200,200,150,2,"{""c"": 1.0, ""backend"": ""aeon""}","{""init"":""random"",""max_iter"":300,""method"":""alternate""}"
GunPoint,msm,elastic,-0.005050505050505,0.0,2.4401335000000017,0,4,none,0,200,200,150,2,"{""c"": 1.0, ""backend"": ""aeon""}","{""init"":""random"",""max_iter"":300,""method"":""alternate""}"
GunPoint,msm,elastic,-0.005050505050505,0.0,1.5982804999999871,0,5,none,0,200,200,150,2,"{""c"": 1.0, ""backend"": ""aeon""}","{""init"":""random"",""max_iter"":300,""method"":""alternate""}"
GunPoint,msm,elastic,-0.005050505050505,0.0,1.5684488999999644,0,6,none,0,200,200,150,2,"{""c"": 1.0, ""backend"": ""aeon""}","{""init"":""random"",""max_iter"":300,""method"":""alternate""}"
GunPoint,msm,elastic,-0.005050505050505,0.0,1.6646824000000606,0,7,none,0,200,200,150,2,"{""c"": 1.0, ""backend"": ""aeon""}","{""init"":""random"",""max_iter"":300,""method"":""alternate""}"
GunPoint,msm,elastic,-0.005050505050505,0.0,1.576946200000009,0,8,none,0,200,200,150,2,"{""c"": 1.0, ""backend"": ""aeon""}","{""init"":""random"",""max_iter"":300,""method"":""alternate""}"
GunPoint,msm,elastic,-0.005050505050505,0.0,1.5468606000000025,0,9,none,0,200,200,150,2,"{""c"": 1.0, ""backend"": ""aeon""}","{""init"":""random"",""max_iter"":300,""method"":""alternate""}"
GunPoint,msm,elastic,-0.005050505050505,0.0,1.7445260000000076,0,10,none,0,200,200,150,2,"{""c"": 1.0, ""backend"": ""aeon""}","{""init"":""random"",""max_iter"":300,""method"":""alternate""}"
GunPoint,sbd,sliding,-0.005050505050505051,0.0,0.2106348999950569,0,1,none,0,200,200,150,2,"{""backend"": ""reference"", ""candidate_k"": 20, ""coarse_method"": ""paa"", ""n_jobs"": -1, ""paa_segments"": 32, ""standardize"": false}","{""init"": ""random"",""max_iter"": 300,""method"": ""alternate""}"
GunPoint,sbd,sliding,-0.005050505050505051,0.0,0.2283014999993611,0,2,none,0,200,200,150,2,"{""backend"": ""reference"", ""candidate_k"": 20, ""coarse_method"": ""paa"", ""n_jobs"": -1, ""paa_segments"": 32, ""standardize"": false}","{""init"": ""random"",""max_iter"": 300,""method"": ""alternate""}"
GunPoint,sbd,sliding,-0.005050505050505051,0.0,0.25722690000839066,0,3,none,0,200,200,150,2,"{""backend"": ""reference"", ""candidate_k"": 20, ""coarse_method"": ""paa"", ""n_jobs"": -1, ""paa_segments"": 32, ""standardize"": false}","{""init"": ""random"",""max_iter"": 300,""method"": ""alternate""}"
GunPoint,sbd,sliding,-0.005050505050505051,0.0,0.2991083999950206,0,4,none,0,200,200,150,2,"{""backend"": ""reference"", ""candidate_k"": 20, ""coarse_method"": ""paa"", ""n_jobs"": -1, ""paa_segments"": 32, ""standardize"": false}","{""init"": ""random"",""max_iter"": 300,""method"": ""alternate""}"
GunPoint,sbd,sliding,-0.005050505050505051,0.0,0.2834094999998342,0,5,none,0,200,200,150,2,"{""backend"": ""reference"", ""candidate_k"": 20, ""coarse_method"": ""paa"", ""n_jobs"": -1, ""paa_segments"": 32, ""standardize"": false}","{""init"": ""random"",""max_iter"": 300,""method"": ""alternate""}"
GunPoint,sbd,sliding,-0.005050505050505051,0.0,0.2665623999928357,0,6,none,0,200,200,150,2,"{""backend"": ""reference"", ""candidate_k"": 20, ""coarse_method"": ""paa"", ""n_jobs"": -1, ""paa_segments"": 32, ""standardize"": false}","{""init"": ""random"",""max_iter"": 300,""method"": ""alternate""}"
GunPoint,sbd,sliding,-0.005050505050505051,0.0,0.379704999999376,0,7,none,0,200,200,150,2,"{""backend"": ""reference"", ""candidate_k"": 20, ""coarse_method"": ""paa"", ""n_jobs"": -1, ""paa_segments"": 32, ""standardize"": false}","{""init"": ""random"",""max_iter"": 300,""method"": ""alternate""}"
GunPoint,sbd,sliding,-0.005050505050505051,0.0,0.3675951999903191,0,8,none,0,200,200,150,2,"{""backend"": ""reference"", ""candidate_k"": 20, ""coarse_method"": ""paa"", ""n_jobs"": -1, ""paa_segments"": 32, ""standardize"": false}","{""init"": ""random"",""max_iter"": 300,""method"": ""alternate""}"
GunPoint,sbd,sliding,-0.005050505050505051,0.0,0.3323932000057539,0,9,none,0,200,200,150,2,"{""backend"": ""reference"", ""candidate_k"": 20, ""coarse_method"": ""paa"", ""n_jobs"": -1, ""paa_segments"": 32, ""standardize"": false}","{""init"": ""random"",""max_iter"": 300,""method"": ""alternate""}"
GunPoint,sbd,sliding,-0.005050505050505051,0.0,0.36760599999979604,0,10,none,0,200,200,150,2,"{""backend"": ""reference"", ""candidate_k"": 20, ""coarse_method"": ""paa"", ""n_jobs"": -1, ""paa_segments"": 32, ""standardize"": false}","{""init"": ""random"",""max_iter"": 300,""method"": ""alternate""}"
MoteStrain,dtw,elastic,0.4629769730246331,0.3744434372172956,145.9962066,0,1,none,0,1272,1272,84,2,"{""window"": 8, ""backend"": ""aeon""}","{""init"":""random"",""max_iter"":300,""method"":""alternate""}"
MoteStrain,dtw,elastic,0.4629769730246331,0.3744434372172956,145.18822909999997,0,2,none,0,1272,1272,84,2,"{""window"": 8, ""backend"": ""aeon""}","{""init"":""random"",""max_iter"":300,""method"":""alternate""}"
MoteStrain,dtw,elastic,0.0061135566285311,0.0029067043332139,143.32038519999998,0,3,none,0,1272,1272,84,2,"{""window"": 8, ""backend"": ""aeon""}","{""init"":""random"",""max_iter"":300,""method"":""alternate""}"
MoteStrain,dtw,elastic,0.0244451272458564,0.017326855769309,144.908145,0,4,none,0,1272,1272,84,2,"{""window"": 8, ""backend"": ""aeon""}","{""init"":""random"",""max_iter"":300,""method"":""alternate""}"
MoteStrain,dtw,elastic,0.4629769730246331,0.3744434372172956,144.04910719999998,0,5,none,0,1272,1272,84,2,"{""window"": 8, ""backend"": ""aeon""}","{""init"":""random"",""max_iter"":300,""method"":""alternate""}"
MoteStrain,dtw,elastic,0.4629769730246331,0.3744434372172956,144.06845580000004,0,6,none,0,1272,1272,84,2,"{""window"": 8, ""backend"": ""aeon""}","{""init"":""random"",""max_iter"":300,""method"":""alternate""}"
MoteStrain,dtw,elastic,0.0059251693284692,0.0184356164507316,141.72261790000016,0,7,none,0,1272,1272,84,2,"{""window"": 8, ""backend"": ""aeon""}","{""init"":""random"",""max_iter"":300,""method"":""alternate""}"
MoteStrain,dtw,elastic,0.0115369958314033,0.0067172758444304,143.58835969999996,0,8,none,0,1272,1272,84,2,"{""window"": 8, ""backend"": ""aeon""}","{""init"":""random"",""max_iter"":300,""method"":""alternate""}"
MoteStrain,dtw,elastic,0.4629769730246331,0.3744434372172956,143.46487260000004,0,9,none,0,1272,1272,84,2,"{""window"": 8, ""backend"": ""aeon""}","{""init"":""random"",""max_iter"":300,""method"":""alternate""}"
MoteStrain,dtw,elastic,0.0115369958314033,0.0067172758444304,143.24397850000014,0,10,none,0,1272,1272,84,2,"{""window"": 8, ""backend"": ""aeon""}","{""init"":""random"",""max_iter"":300,""method"":""alternate""}"
MoteStrain,ed,lock-step,0.4716380262958305,0.3751776076333536,0.0364831999999999,0,1,none,0,1272,1272,84,2,,"{""init"":""random"",""max_iter"":300,""method"":""alternate""}"
MoteStrain,ed,lock-step,0.4716380262958305,0.3751776076333536,0.0234336000000041,0,2,none,0,1272,1272,84,2,,"{""init"":""random"",""max_iter"":300,""method"":""alternate""}"
MoteStrain,ed,lock-step,0.4716380262958305,0.3751776076333535,0.0311288000000331,0,3,none,0,1272,1272,84,2,,"{""init"":""random"",""max_iter"":300,""method"":""alternate""}"
MoteStrain,ed,lock-step,0.3714877810637636,0.2980552389089251,0.032007999999962,0,4,none,0,1272,1272,84,2,,"{""init"":""random"",""max_iter"":300,""method"":""alternate""}"
MoteStrain,ed,lock-step,0.3714877810637636,0.2980552389089251,0.0259549999999535,0,5,none,0,1272,1272,84,2,,"{""init"":""random"",""max_iter"":300,""method"":""alternate""}"
MoteStrain,ed,lock-step,0.3714877810637636,0.2980552389089251,0.0456341000000293,0,6,none,0,1272,1272,84,2,,"{""init"":""random"",""max_iter"":300,""method"":""alternate""}"
MoteStrain,ed,lock-step,0.4716380262958305,0.3751776076333536,0.0360908000000108,0,7,none,0,1272,1272,84,2,,"{""init"":""random"",""max_iter"":300,""method"":""alternate""}"
MoteStrain,ed,lock-step,0.3714877810637636,0.2980552389089251,0.0337321000001793,0,8,none,0,1272,1272,84,2,,"{""init"":""random"",""max_iter"":300,""method"":""alternate""}"
MoteStrain,ed,lock-step,0.4716380262958305,0.3751776076333535,0.0280687000001762,0,9,none,0,1272,1272,84,2,,"{""init"":""random"",""max_iter"":300,""method"":""alternate""}"
MoteStrain,ed,lock-step,0.4716380262958305,0.3751776076333535,0.0293145000000549,0,10,none,0,1272,1272,84,2,,"{""init"":""random"",""max_iter"":300,""method"":""alternate""}"
MoteStrain,idk,distributional,0.00026249666131071287,0.0017465787118536116,20.386958000002778,0,1,none,0,1272,1272,84,2,"{""no_window_threshold"": 96, ""psi"": 1272, ""t"": 220, ""window_size"": 84, ""window_step"": 84}","{""init"": ""random"",""max_iter"": 300,""method"": ""alternate""}"
MoteStrain,idk,distributional,0.00026249666131071287,0.0017465787118536116,19.235493100000895,0,2,none,0,1272,1272,84,2,"{""no_window_threshold"": 96, ""psi"": 1272, ""t"": 220, ""window_size"": 84, ""window_step"": 84}","{""init"": ""random"",""max_iter"": 300,""method"": ""alternate""}"
MoteStrain,idk,distributional,-0.00022494239443706344,0.0013978046837770108,19.372867300000507,0,3,none,0,1272,1272,84,2,"{""no_window_threshold"": 96, ""psi"": 1272, ""t"": 220, ""window_size"": 84, ""window_step"": 84}","{""init"": ""random"",""max_iter"": 300,""method"": ""alternate""}"
MoteStrain,idk,distributional,0.00026249666131071287,0.0017465787118536116,19.241651999996975,0,4,none,0,1272,1272,84,2,"{""no_window_threshold"": 96, ""psi"": 1272, ""t"": 220, ""window_size"": 84, ""window_step"": 84}","{""init"": ""random"",""max_iter"": 300,""method"": ""alternate""}"
MoteStrain,idk,distributional,-0.00022494239443706344,0.0013978046837770108,18.085734299995238,0,5,none,0,1272,1272,84,2,"{""no_window_threshold"": 96, ""psi"": 1272, ""t"": 220, ""window_size"": 84, ""window_step"": 84}","{""init"": ""random"",""max_iter"": 300,""method"": ""alternate""}"
MoteStrain,idk,distributional,-0.00022494239443706344,0.0013978046837770108,19.083767300006002,0,6,none,0,1272,1272,84,2,"{""no_window_threshold"": 96, ""psi"": 1272, ""t"": 220, ""window_size"": 84, ""window_step"": 84}","{""init"": ""random"",""max_iter"": 300,""method"": ""alternate""}"
MoteStrain,idk,distributional,0.00026249666131071287,0.0017465787118536116,18.3065523999976,0,7,none,0,1272,1272,84,2,"{""no_window_threshold"": 96, ""psi"": 1272, ""t"": 220, ""window_size"": 84, ""window_step"": 84}","{""init"": ""random"",""max_iter"": 300,""method"": ""alternate""}"
MoteStrain,idk,distributional,-0.00022494239443706344,0.0013978046837770108,19.861309700005222,0,8,none,0,1272,1272,84,2,"{""no_window_threshold"": 96, ""psi"": 1272, ""t"": 220, ""window_size"": 84, ""window_step"": 84}","{""init"": ""random"",""max_iter"": 300,""method"": ""alternate""}"
MoteStrain,idk,distributional,-0.00022494239443706344,0.0013978046837770108,19.013965999998618,0,9,none,0,1272,1272,84,2,"{""no_window_threshold"": 96, ""psi"": 1272, ""t"": 220, ""window_size"": 84, ""window_step"": 84}","{""init"": ""random"",""max_iter"": 300,""method"": ""alternate""}"
MoteStrain,idk,distributional,0.00026249666131071287,0.0017465787118536116,18.101782800004003,0,10,none,0,1272,1272,84,2,"{""no_window_threshold"": 96, ""psi"": 1272, ""t"": 220, ""window_size"": 84, ""window_step"": 84}","{""init"": ""random"",""max_iter"": 300,""method"": ""alternate""}"
MoteStrain,msm,elastic,0.6078557143601959,0.5026925373258191,21.24938750000001,0,1,none,0,1272,1272,84,2,"{""c"": 1.0, ""backend"": ""aeon""}","{""init"":""random"",""max_iter"":300,""method"":""alternate""}"
MoteStrain,msm,elastic,0.534166963458013,0.4286822179980248,20.854564100000005,0,2,none,0,1272,1272,84,2,"{""c"": 1.0, ""backend"": ""aeon""}","{""init"":""random"",""max_iter"":300,""method"":""alternate""}"
MoteStrain,msm,elastic,0.6078557143601959,0.5026925373258191,20.670054900000025,0,3,none,0,1272,1272,84,2,"{""c"": 1.0, ""backend"": ""aeon""}","{""init"":""random"",""max_iter"":300,""method"":""alternate""}"
MoteStrain,msm,elastic,0.6078557143601959,0.5026925373258191,20.217248999999924,0,4,none,0,1272,1272,84,2,"{""c"": 1.0, ""backend"": ""aeon""}","{""init"":""random"",""max_iter"":300,""method"":""alternate""}"
MoteStrain,msm,elastic,0.6078557143601959,0.5026925373258191,20.66042090000008,0,5,none,0,1272,1272,84,2,"{""c"": 1.0, ""backend"": ""aeon""}","{""init"":""random"",""max_iter"":300,""method"":""alternate""}"
MoteStrain,msm,elastic,0.534166963458013,0.4286822179980248,20.46872660000008,0,6,none,0,1272,1272,84,2,"{""c"": 1.0, ""backend"": ""aeon""}","{""init"":""random"",""max_iter"":300,""method"":""alternate""}"
MoteStrain,msm,elastic,0.6078557143601959,0.5026925373258191,20.64349709999988,0,7,none,0,1272,1272,84,2,"{""c"": 1.0, ""backend"": ""aeon""}","{""init"":""random"",""max_iter"":300,""method"":""alternate""}"
MoteStrain,msm,elastic,0.534166963458013,0.4286822179980248,20.477596900000208,0,8,none,0,1272,1272,84,2,"{""c"": 1.0, ""backend"": ""aeon""}","{""init"":""random"",""max_iter"":300,""method"":""alternate""}"
MoteStrain,msm,elastic,0.6078557143601959,0.5026925373258191,20.45356360000005,0,9,none,0,1272,1272,84,2,"{""c"": 1.0, ""backend"": ""aeon""}","{""init"":""random"",""max_iter"":300,""method"":""alternate""}"
MoteStrain,msm,elastic,0.6078557143601959,0.5026925373258191,20.45393560000025,0,10,none,0,1272,1272,84,2,"{""c"": 1.0, ""backend"": ""aeon""}","{""init"":""random"",""max_iter"":300,""method"":""alternate""}"
MoteStrain,sbd,sliding,0.6029782165746794,0.4936933936615994,9.442746600005194,0,1,none,0,1272,1272,84,2,"{""backend"": ""reference"", ""candidate_k"": 20, ""coarse_method"": ""paa"", ""n_jobs"": -1, ""paa_segments"": 32, ""standardize"": false}","{""init"": ""random"",""max_iter"": 300,""method"": ""alternate""}"
MoteStrain,sbd,sliding,0.5001260556665431,0.4092916734859559,9.550864600008936,0,2,none,0,1272,1272,84,2,"{""backend"": ""reference"", ""candidate_k"": 20, ""coarse_method"": ""paa"", ""n_jobs"": -1, ""paa_segments"": 32, ""standardize"": false}","{""init"": ""random"",""max_iter"": 300,""method"": ""alternate""}"
MoteStrain,sbd,sliding,0.6029782165746794,0.4936933936615994,9.660136500009685,0,3,none,0,1272,1272,84,2,"{""backend"": ""reference"", ""candidate_k"": 20, ""coarse_method"": ""paa"", ""n_jobs"": -1, ""paa_segments"": 32, ""standardize"": false}","{""init"": ""random"",""max_iter"": 300,""method"": ""alternate""}"
MoteStrain,sbd,sliding,0.03058077739175986,0.02530219993496121,9.546283199990285,0,4,none,0,1272,1272,84,2,"{""backend"": ""reference"", ""candidate_k"": 20, ""coarse_method"": ""paa"", ""n_jobs"": -1, ""paa_segments"": 32, ""standardize"": false}","{""init"": ""random"",""max_iter"": 300,""method"": ""alternate""}"
MoteStrain,sbd,sliding,0.6029782165746794,0.4936933936615994,9.539068700003554,0,5,none,0,1272,1272,84,2,"{""backend"": ""reference"", ""candidate_k"": 20, ""coarse_method"": ""paa"", ""n_jobs"": -1, ""paa_segments"": 32, ""standardize"": false}","{""init"": ""random"",""max_iter"": 300,""method"": ""alternate""}"
MoteStrain,sbd,sliding,0.6029782165746794,0.4936933936615994,10.44399759999942,0,6,none,0,1272,1272,84,2,"{""backend"": ""reference"", ""candidate_k"": 20, ""coarse_method"": ""paa"", ""n_jobs"": -1, ""paa_segments"": 32, ""standardize"": false}","{""init"": ""random"",""max_iter"": 300,""method"": ""alternate""}"
MoteStrain,sbd,sliding,0.015002261922424922,0.010431183001420733,9.601255000001402,0,7,none,0,1272,1272,84,2,"{""backend"": ""reference"", ""candidate_k"": 20, ""coarse_method"": ""paa"", ""n_jobs"": -1, ""paa_segments"": 32, ""standardize"": false}","{""init"": ""random"",""max_iter"": 300,""method"": ""alternate""}"
MoteStrain,sbd,sliding,0.015002261922424922,0.010431183001420733,9.532932700007223,0,8,none,0,1272,1272,84,2,"{""backend"": ""reference"", ""candidate_k"": 20, ""coarse_method"": ""paa"", ""n_jobs"": -1, ""paa_segments"": 32, ""standardize"": false}","{""init"": ""random"",""max_iter"": 300,""method"": ""alternate""}"
MoteStrain,sbd,sliding,0.6029782165746794,0.4936933936615994,9.512908000004245,0,9,none,0,1272,1272,84,2,"{""backend"": ""reference"", ""candidate_k"": 20, ""coarse_method"": ""paa"", ""n_jobs"": -1, ""paa_segments"": 32, ""standardize"": false}","{""init"": ""random"",""max_iter"": 300,""method"": ""alternate""}"
MoteStrain,sbd,sliding,0.5001260556665431,0.40929167348595596,9.504913199998555,0,10,none,0,1272,1272,84,2,"{""backend"": ""reference"", ""candidate_k"": 20, ""coarse_method"": ""paa"", ""n_jobs"": -1, ""paa_segments"": 32, ""standardize"": false}","{""init"": ""random"",""max_iter"": 300,""method"": ""alternate""}"
OSULeaf,dtw,elastic,0.1097244333944496,0.1765157513437873,489.9207358,0,1,none,0,442,442,427,6,"{""window"": 43, ""backend"": ""aeon""}","{""init"":""random"",""max_iter"":300,""method"":""alternate""}"
OSULeaf,dtw,elastic,0.1662992394516707,0.2356721283058021,484.4509226,0,2,none,0,442,442,427,6,"{""window"": 43, ""backend"": ""aeon""}","{""init"":""random"",""max_iter"":300,""method"":""alternate""}"
OSULeaf,dtw,elastic,0.1443271150505495,0.2077500544033173,486.5389587,0,3,none,0,442,442,427,6,"{""window"": 43, ""backend"": ""aeon""}","{""init"":""random"",""max_iter"":300,""method"":""alternate""}"
OSULeaf,dtw,elastic,0.1274390712663501,0.1978484523030839,484.55170359999966,0,4,none,0,442,442,427,6,"{""window"": 43, ""backend"": ""aeon""}","{""init"":""random"",""max_iter"":300,""method"":""alternate""}"
OSULeaf,dtw,elastic,0.1129116919179026,0.1753054067196969,482.5544620000005,0,5,none,0,442,442,427,6,"{""window"": 43, ""backend"": ""aeon""}","{""init"":""random"",""max_iter"":300,""method"":""alternate""}"
OSULeaf,dtw,elastic,0.1529351779373106,0.2033824055776785,488.656274,0,6,none,0,442,442,427,6,"{""window"": 43, ""backend"": ""aeon""}","{""init"":""random"",""max_iter"":300,""method"":""alternate""}"
OSULeaf,dtw,elastic,0.1465200501960811,0.1965629184919806,484.21885180000027,0,7,none,0,442,442,427,6,"{""window"": 43, ""backend"": ""aeon""}","{""init"":""random"",""max_iter"":300,""method"":""alternate""}"
OSULeaf,dtw,elastic,0.1124213327286316,0.1801540010734943,482.8467105999998,0,8,none,0,442,442,427,6,"{""window"": 43, ""backend"": ""aeon""}","{""init"":""random"",""max_iter"":300,""method"":""alternate""}"
OSULeaf,dtw,elastic,0.1278519970915017,0.2111090081677439,483.7318623000001,0,9,none,0,442,442,427,6,"{""window"": 43, ""backend"": ""aeon""}","{""init"":""random"",""max_iter"":300,""method"":""alternate""}"
OSULeaf,dtw,elastic,0.126646734234166,0.1888883285081818,482.2342795000004,0,10,none,0,442,442,427,6,"{""window"": 43, ""backend"": ""aeon""}","{""init"":""random"",""max_iter"":300,""method"":""alternate""}"
OSULeaf,ed,lock-step,0.0912290856141589,0.1294496100335992,0.0045034999999997,0,1,none,0,442,442,427,6,,"{""init"":""random"",""max_iter"":300,""method"":""alternate""}"
OSULeaf,ed,lock-step,0.1524371883548282,0.1891529343308422,0.0037386000000196,0,2,none,0,442,442,427,6,,"{""init"":""random"",""max_iter"":300,""method"":""alternate""}"
OSULeaf,ed,lock-step,0.1017138658968607,0.1486476190724732,0.0070831000000453,0,3,none,0,442,442,427,6,,"{""init"":""random"",""max_iter"":300,""method"":""alternate""}"
OSULeaf,ed,lock-step,0.1122450221895453,0.1563315943871807,0.0032542999999805,0,4,none,0,442,442,427,6,,"{""init"":""random"",""max_iter"":300,""method"":""alternate""}"
OSULeaf,ed,lock-step,0.1134740346938392,0.1588432836515752,0.006056300000182,0,5,none,0,442,442,427,6,,"{""init"":""random"",""max_iter"":300,""method"":""alternate""}"
OSULeaf,ed,lock-step,0.1446263219972429,0.2000815768079357,0.002998099999786,0,6,none,0,442,442,427,6,,"{""init"":""random"",""max_iter"":300,""method"":""alternate""}"
OSULeaf,ed,lock-step,0.1232716858954985,0.1601767303066071,0.0033751999999367,0,7,none,0,442,442,427,6,,"{""init"":""random"",""max_iter"":300,""method"":""alternate""}"
OSULeaf,ed,lock-step,0.0933345397633918,0.1436184180863561,0.006129399999736,0,8,none,0,442,442,427,6,,"{""init"":""random"",""max_iter"":300,""method"":""alternate""}"
OSULeaf,ed,lock-step,0.1097266414711215,0.1521923390141039,0.0078292999996847,0,9,none,0,442,442,427,6,,"{""init"":""random"",""max_iter"":300,""method"":""alternate""}"
OSULeaf,ed,lock-step,0.1203588393912148,0.1729670130357866,0.0036616999996113,0,10,none,0,442,442,427,6,,"{""init"":""random"",""max_iter"":300,""method"":""alternate""}"
OSULeaf,idk,distributional,0.222634217743456,0.3254972257642098,41.592839799996,0,1,none,0,442,442,427,6,"{""no_window_threshold"": 0, ""psi"": 442, ""t"": 220, ""window_size"": 43, ""window_step"": 10}","{""init"": ""random"",""max_iter"": 300,""method"": ""alternate""}"
OSULeaf,idk,distributional,0.2318289473265152,0.2882617104763327,41.60605289999512,0,2,none,0,442,442,427,6,"{""no_window_threshold"": 0, ""psi"": 442, ""t"": 220, ""window_size"": 43, ""window_step"": 10}","{""init"": ""random"",""max_iter"": 300,""method"": ""alternate""}"
OSULeaf,idk,distributional,0.16558257784790203,0.22936287099218275,41.28343969999696,0,3,none,0,442,442,427,6,"{""no_window_threshold"": 0, ""psi"": 442, ""t"": 220, ""window_size"": 43, ""window_step"": 10}","{""init"": ""random"",""max_iter"": 300,""method"": ""alternate""}"
OSULeaf,idk,distributional,0.18027752260765176,0.2452843529151253,40.73981410000124,0,4,none,0,442,442,427,6,"{""no_window_threshold"": 0, ""psi"": 442, ""t"": 220, ""window_size"": 43, ""window_step"": 10}","{""init"": ""random"",""max_iter"": 300,""method"": ""alternate""}"
OSULeaf,idk,distributional,0.18314075370507163,0.22960074880291975,41.61628370000108,0,5,none,0,442,442,427,6,"{""no_window_threshold"": 0, ""psi"": 442, ""t"": 220, ""window_size"": 43, ""window_step"": 10}","{""init"": ""random"",""max_iter"": 300,""method"": ""alternate""}"
OSULeaf,idk,distributional,0.2692621101064052,0.303640177170187,42.726599999994505,0,6,none,0,442,442,427,6,"{""no_window_threshold"": 0, ""psi"": 442, ""t"": 220, ""window_size"": 43, ""window_step"": 10}","{""init"": ""random"",""max_iter"": 300,""method"": ""alternate""}"
OSULeaf,idk,distributional,0.2263939491092051,0.2963996576034933,41.55234160000691,0,7,none,0,442,442,427,6,"{""no_window_threshold"": 0, ""psi"": 442, ""t"": 220, ""window_size"": 43, ""window_step"": 10}","{""init"": ""random"",""max_iter"": 300,""method"": ""alternate""}"
OSULeaf,idk,distributional,0.21036832970776354,0.2750048983182879,42.58861310000066,0,8,none,0,442,442,427,6,"{""no_window_threshold"": 0, ""psi"": 442, ""t"": 220, ""window_size"": 43, ""window_step"": 10}","{""init"": ""random"",""max_iter"": 300,""method"": ""alternate""}"
OSULeaf,idk,distributional,0.30383426639978345,0.3922977705866269,42.57061219999741,0,9,none,0,442,442,427,6,"{""no_window_threshold"": 0, ""psi"": 442, ""t"": 220, ""window_size"": 43, ""window_step"": 10}","{""init"": ""random"",""max_iter"": 300,""method"": ""alternate""}"
OSULeaf,idk,distributional,0.23729311121729466,0.30789813342534567,42.56945179999457,0,10,none,0,442,442,427,6,"{""no_window_threshold"": 0, ""psi"": 442, ""t"": 220, ""window_size"": 43, ""window_step"": 10}","{""init"": ""random"",""max_iter"": 300,""method"": ""alternate""}"
OSULeaf,msm,elastic,0.2141771432846336,0.3215245364514761,188.6526512,0,1,none,0,442,442,427,6,"{""c"": 1.0, ""backend"": ""aeon""}","{""init"":""random"",""max_iter"":300,""method"":""alternate""}"
OSULeaf,msm,elastic,0.2098119412960765,0.3038139651257754,176.75019899999984,0,2,none,0,442,442,427,6,"{""c"": 1.0, ""backend"": ""aeon""}","{""init"":""random"",""max_iter"":300,""method"":""alternate""}"
OSULeaf,msm,elastic,0.1795444782287896,0.2813468553470504,188.3428062999999,0,3,none,0,442,442,427,6,"{""c"": 1.0, ""backend"": ""aeon""}","{""init"":""random"",""max_iter"":300,""method"":""alternate""}"
OSULeaf,msm,elastic,0.2735049797712284,0.3877107816919028,257.6147512999996,0,4,none,0,442,442,427,6,"{""c"": 1.0, ""backend"": ""aeon""}","{""init"":""random"",""max_iter"":300,""method"":""alternate""}"
OSULeaf,msm,elastic,0.2281026648255294,0.3326743023163959,214.1288891000004,0,5,none,0,442,442,427,6,"{""c"": 1.0, ""backend"": ""aeon""}","{""init"":""random"",""max_iter"":300,""method"":""alternate""}"
OSULeaf,msm,elastic,0.254053389181954,0.3641308511166188,197.9130624,0,6,none,0,442,442,427,6,"{""c"": 1.0, ""backend"": ""aeon""}","{""init"":""random"",""max_iter"":300,""method"":""alternate""}"
OSULeaf,msm,elastic,0.2109471422896624,0.2973865484574834,248.2594053999992,0,7,none,0,442,442,427,6,"{""c"": 1.0, ""backend"": ""aeon""}","{""init"":""random"",""max_iter"":300,""method"":""alternate""}"
OSULeaf,msm,elastic,0.1584886482807116,0.2470485317189137,255.1883265999996,0,8,none,0,442,442,427,6,"{""c"": 1.0, ""backend"": ""aeon""}","{""init"":""random"",""max_iter"":300,""method"":""alternate""}"
OSULeaf,msm,elastic,0.2408550842420491,0.3436514410673073,258.05370029999995,0,9,none,0,442,442,427,6,"{""c"": 1.0, ""backend"": ""aeon""}","{""init"":""random"",""max_iter"":300,""method"":""alternate""}"
OSULeaf,msm,elastic,0.2076941030373857,0.2829438842854039,237.5066694999996,0,10,none,0,442,442,427,6,"{""c"": 1.0, ""backend"": ""aeon""}","{""init"":""random"",""max_iter"":300,""method"":""alternate""}"
OSULeaf,sbd,sliding,0.2462411753648453,0.349269374318043,3.4743992000003345,0,1,none,0,442,442,427,6,"{""backend"": ""reference"", ""candidate_k"": 20, ""coarse_method"": ""paa"", ""n_jobs"": -1, ""paa_segments"": 32, ""standardize"": false}","{""init"": ""random"",""max_iter"": 300,""method"": ""alternate""}"
OSULeaf,sbd,sliding,0.21559707190988442,0.282344490678033,3.526013499998953,0,2,none,0,442,442,427,6,"{""backend"": ""reference"", ""candidate_k"": 20, ""coarse_method"": ""paa"", ""n_jobs"": -1, ""paa_segments"": 32, ""standardize"": false}","{""init"": ""random"",""max_iter"": 300,""method"": ""alternate""}"
OSULeaf,sbd,sliding,0.25305439686064596,0.3258157857029535,3.563097699996433,0,3,none,0,442,442,427,6,"{""backend"": ""reference"", ""candidate_k"": 20, ""coarse_method"": ""paa"", ""n_jobs"": -1, ""paa_segments"": 32, ""standardize"": false}","{""init"": ""random"",""max_iter"": 300,""method"": ""alternate""}"
OSULeaf,sbd,sliding,0.27055349966573505,0.3396654360714217,3.588160600003903,0,4,none,0,442,442,427,6,"{""backend"": ""reference"", ""candidate_k"": 20, ""coarse_method"": ""paa"", ""n_jobs"": -1, ""paa_segments"": 32, ""standardize"": false}","{""init"": ""random"",""max_iter"": 300,""method"": ""alternate""}"
OSULeaf,sbd,sliding,0.23647447829003437,0.32355916651274585,3.5188990000024205,0,5,none,0,442,442,427,6,"{""backend"": ""reference"", ""candidate_k"": 20, ""coarse_method"": ""paa"", ""n_jobs"": -1, ""paa_segments"": 32, ""standardize"": false}","{""init"": ""random"",""max_iter"": 300,""method"": ""alternate""}"
OSULeaf,sbd,sliding,0.38637081923550837,0.4470439061506106,3.5332421000057366,0,6,none,0,442,442,427,6,"{""backend"": ""reference"", ""candidate_k"": 20, ""coarse_method"": ""paa"", ""n_jobs"": -1, ""paa_segments"": 32, ""standardize"": false}","{""init"": ""random"",""max_iter"": 300,""method"": ""alternate""}"
OSULeaf,sbd,sliding,0.26533535931826613,0.3368503528956384,3.5320595999946818,0,7,none,0,442,442,427,6,"{""backend"": ""reference"", ""candidate_k"": 20, ""coarse_method"": ""paa"", ""n_jobs"": -1, ""paa_segments"": 32, ""standardize"": false}","{""init"": ""random"",""max_iter"": 300,""method"": ""alternate""}"
OSULeaf,sbd,sliding,0.3091183659697935,0.38410959427137803,3.555747299993527,0,8,none,0,442,442,427,6,"{""backend"": ""reference"", ""candidate_k"": 20, ""coarse_method"": ""paa"", ""n_jobs"": -1, ""paa_segments"": 32, ""standardize"": false}","{""init"": ""random"",""max_iter"": 300,""method"": ""alternate""}"
OSULeaf,sbd,sliding,0.3128395858504997,0.3766211863268428,3.5987468999956036,0,9,none,0,442,442,427,6,"{""backend"": ""reference"", ""candidate_k"": 20, ""coarse_method"": ""paa"", ""n_jobs"": -1, ""paa_segments"": 32, ""standardize"": false}","{""init"": ""random"",""max_iter"": 300,""method"": ""alternate""}"
OSULeaf,sbd,sliding,0.2088435412682804,0.2796350117816534,3.540831899998011,0,10,none,0,442,442,427,6,"{""backend"": ""reference"", ""candidate_k"": 20, ""coarse_method"": ""paa"", ""n_jobs"": -1, ""paa_segments"": 32, ""standardize"": false}","{""init"": ""random"",""max_iter"": 300,""method"": ""alternate""}"
Plane,dtw,elastic,1.0,1.0,12.806008900000007,0,1,none,0,210,210,144,7,"{""window"": 14, ""backend"": ""aeon""}","{""init"":""random"",""max_iter"":300,""method"":""alternate""}"
Plane,dtw,elastic,0.5196785620639482,0.7581812158533313,12.118021900000002,0,2,none,0,210,210,144,7,"{""window"": 14, ""backend"": ""aeon""}","{""init"":""random"",""max_iter"":300,""method"":""alternate""}"
Plane,dtw,elastic,0.8087195274149264,0.9236473242398506,12.793115099999994,0,3,none,0,210,210,144,7,"{""window"": 14, ""backend"": ""aeon""}","{""init"":""random"",""max_iter"":300,""method"":""alternate""}"
Plane,dtw,elastic,0.8055463849455266,0.9223766305355392,11.329048,0,4,none,0,210,210,144,7,"{""window"": 14, ""backend"": ""aeon""}","{""init"":""random"",""max_iter"":300,""method"":""alternate""}"
Plane,dtw,elastic,1.0,1.0,12.095869800000004,0,5,none,0,210,210,144,7,"{""window"": 14, ""backend"": ""aeon""}","{""init"":""random"",""max_iter"":300,""method"":""alternate""}"
Plane,dtw,elastic,1.0,1.0,13.054277299999995,0,6,none,0,210,210,144,7,"{""window"": 14, ""backend"": ""aeon""}","{""init"":""random"",""max_iter"":300,""method"":""alternate""}"
Plane,dtw,elastic,0.8055463849455266,0.9223766305355392,13.925079899999986,0,7,none,0,210,210,144,7,"{""window"": 14, ""backend"": ""aeon""}","{""init"":""random"",""max_iter"":300,""method"":""alternate""}"
Plane,dtw,elastic,0.6523806217719808,0.8307559137924829,12.926659300000011,0,8,none,0,210,210,144,7,"{""window"": 14, ""backend"": ""aeon""}","{""init"":""random"",""max_iter"":300,""method"":""alternate""}"
Plane,dtw,elastic,0.8087195274149264,0.9236473242398509,13.0462292,0,9,none,0,210,210,144,7,"{""window"": 14, ""backend"": ""aeon""}","{""init"":""random"",""max_iter"":300,""method"":""alternate""}"
Plane,dtw,elastic,0.6829383829419806,0.8565615478742495,12.750037200000008,0,10,none,0,210,210,144,7,"{""window"": 14, ""backend"": ""aeon""}","{""init"":""random"",""max_iter"":300,""method"":""alternate""}"
Plane,ed,lock-step,0.6140092782923365,0.7786774163055793,0.0016583999999824,0,1,none,0,210,210,144,7,,"{""init"":""random"",""max_iter"":300,""method"":""alternate""}"
Plane,ed,lock-step,0.4876316452699348,0.720178102187665,0.001915700000012,0,2,none,0,210,210,144,7,,"{""init"":""random"",""max_iter"":300,""method"":""alternate""}"
Plane,ed,lock-step,0.5343467464021622,0.7265896258845328,0.00178369999999,0,3,none,0,210,210,144,7,,"{""init"":""random"",""max_iter"":300,""method"":""alternate""}"
Plane,ed,lock-step,0.6422606679442018,0.8100362151179714,0.0015353000000004,0,4,none,0,210,210,144,7,,"{""init"":""random"",""max_iter"":300,""method"":""alternate""}"
Plane,ed,lock-step,0.7745226618948898,0.8659303084273631,0.0011514000000261,0,5,none,0,210,210,144,7,,"{""init"":""random"",""max_iter"":300,""method"":""alternate""}"
Plane,ed,lock-step,0.7265934216770463,0.8302274020566204,0.0022316000000159,0,6,none,0,210,210,144,7,,"{""init"":""random"",""max_iter"":300,""method"":""alternate""}"
Plane,ed,lock-step,0.5079889368922826,0.7346161983134202,0.0018959999999879,0,7,none,0,210,210,144,7,,"{""init"":""random"",""max_iter"":300,""method"":""alternate""}"
Plane,ed,lock-step,0.649259702823292,0.818716748621769,0.0022571000000084,0,8,none,0,210,210,144,7,,"{""init"":""random"",""max_iter"":300,""method"":""alternate""}"
Plane,ed,lock-step,0.6920431376448516,0.8167101378871485,0.0011810000000025,0,9,none,0,210,210,144,7,,"{""init"":""random"",""max_iter"":300,""method"":""alternate""}"
Plane,ed,lock-step,0.5109309714753959,0.7429090051307696,0.0018487000000106,0,10,none,0,210,210,144,7,,"{""init"":""random"",""max_iter"":300,""method"":""alternate""}"
Plane,idk,distributional,1.0,1.0,11.383518700007698,0,1,none,0,210,210,144,7,"{""no_window_threshold"": 0, ""psi"": 210, ""t"": 220, ""window_size"": 14, ""window_step"": 3}","{""init"": ""random"",""max_iter"": 300,""method"": ""alternate""}"
Plane,idk,distributional,0.7670158053790305,0.8632852406097644,11.177651299993158,0,2,none,0,210,210,144,7,"{""no_window_threshold"": 0, ""psi"": 210, ""t"": 220, ""window_size"": 14, ""window_step"": 3}","{""init"": ""random"",""max_iter"": 300,""method"": ""alternate""}"
Plane,idk,distributional,0.6014150297412926,0.7854971533226389,10.555840299988631,0,3,none,0,210,210,144,7,"{""no_window_threshold"": 0, ""psi"": 210, ""t"": 220, ""window_size"": 14, ""window_step"": 3}","{""init"": ""random"",""max_iter"": 300,""method"": ""alternate""}"
Plane,idk,distributional,0.5681488744712854,0.7378325088578506,11.750165899997228,0,4,none,0,210,210,144,7,"{""no_window_threshold"": 0, ""psi"": 210, ""t"": 220, ""window_size"": 14, ""window_step"": 3}","{""init"": ""random"",""max_iter"": 300,""method"": ""alternate""}"
Plane,idk,distributional,1.0,1.0,11.473065899990615,0,5,none,0,210,210,144,7,"{""no_window_threshold"": 0, ""psi"": 210, ""t"": 220, ""window_size"": 14, ""window_step"": 3}","{""init"": ""random"",""max_iter"": 300,""method"": ""alternate""}"
Plane,idk,distributional,0.8045521548239845,0.9219866949160401,10.556798699995852,0,6,none,0,210,210,144,7,"{""no_window_threshold"": 0, ""psi"": 210, ""t"": 220, ""window_size"": 14, ""window_step"": 3}","{""init"": ""random"",""max_iter"": 300,""method"": ""alternate""}"
Plane,idk,distributional,0.7805615196074149,0.8666799288306306,11.403854699994554,0,7,none,0,210,210,144,7,"{""no_window_threshold"": 0, ""psi"": 210, ""t"": 220, ""window_size"": 14, ""window_step"": 3}","{""init"": ""random"",""max_iter"": 300,""method"": ""alternate""}"
Plane,idk,distributional,0.7739249341796437,0.879072749236169,11.30398489999061,0,8,none,0,210,210,144,7,"{""no_window_threshold"": 0, ""psi"": 210, ""t"": 220, ""window_size"": 14, ""window_step"": 3}","{""init"": ""random"",""max_iter"": 300,""method"": ""alternate""}"
Plane,idk,distributional,0.7706099298515908,0.8714360085519913,10.4485480000003,0,9,none,0,210,210,144,7,"{""no_window_threshold"": 0, ""psi"": 210, ""t"": 220, ""window_size"": 14, ""window_step"": 3}","{""init"": ""random"",""max_iter"": 300,""method"": ""alternate""}"
Plane,idk,distributional,0.5923061037895252,0.7567716991783451,11.27836519999255,0,10,none,0,210,210,144,7,"{""no_window_threshold"": 0, ""psi"": 210, ""t"": 220, ""window_size"": 14, ""window_step"": 3}","{""init"": ""random"",""max_iter"": 300,""method"": ""alternate""}"
Plane,msm,elastic,0.7936903958271968,0.9106985878765078,1.761490600000016,0,1,none,0,210,210,144,7,"{""c"": 1.0, ""backend"": ""aeon""}","{""init"":""random"",""max_iter"":300,""method"":""alternate""}"
Plane,msm,elastic,0.5501613562768697,0.8103181462386229,1.6604887999999818,0,2,none,0,210,210,144,7,"{""c"": 1.0, ""backend"": ""aeon""}","{""init"":""random"",""max_iter"":300,""method"":""alternate""}"
Plane,msm,elastic,0.73482308391889,0.8409267937913922,1.5820812000000046,0,3,none,0,210,210,144,7,"{""c"": 1.0, ""backend"": ""aeon""}","{""init"":""random"",""max_iter"":300,""method"":""alternate""}"
Plane,msm,elastic,0.6626761888003689,0.8490950906779949,1.6294199000000449,0,4,none,0,210,210,144,7,"{""c"": 1.0, ""backend"": ""aeon""}","{""init"":""random"",""max_iter"":300,""method"":""alternate""}"
Plane,msm,elastic,0.988752689603968,0.9892296899748672,1.8963714999999863,0,5,none,0,210,210,144,7,"{""c"": 1.0, ""backend"": ""aeon""}","{""init"":""random"",""max_iter"":300,""method"":""alternate""}"
Plane,msm,elastic,0.988752689603968,0.9892296899748672,2.2927396999999985,0,6,none,0,210,210,144,7,"{""c"": 1.0, ""backend"": ""aeon""}","{""init"":""random"",""max_iter"":300,""method"":""alternate""}"
Plane,msm,elastic,0.5465470637749362,0.8170763766723185,1.929660900000016,0,7,none,0,210,210,144,7,"{""c"": 1.0, ""backend"": ""aeon""}","{""init"":""random"",""max_iter"":300,""method"":""alternate""}"
Plane,msm,elastic,0.672282597628276,0.8511411401524686,1.951963500000005,0,8,none,0,210,210,144,7,"{""c"": 1.0, ""backend"": ""aeon""}","{""init"":""random"",""max_iter"":300,""method"":""alternate""}"
Plane,msm,elastic,0.826658059560629,0.9262603237536716,1.8911801999999795,0,9,none,0,210,210,144,7,"{""c"": 1.0, ""backend"": ""aeon""}","{""init"":""random"",""max_iter"":300,""method"":""alternate""}"
Plane,msm,elastic,0.4574225005865371,0.7394171640014912,1.9111298999999635,0,10,none,0,210,210,144,7,"{""c"": 1.0, ""backend"": ""aeon""}","{""init"":""random"",""max_iter"":300,""method"":""alternate""}"
Plane,sbd,sliding,0.7126593086872648,0.8421391657088585,0.21374539998942055,0,1,none,0,210,210,144,7,"{""backend"": ""reference"", ""candidate_k"": 20, ""coarse_method"": ""paa"", ""n_jobs"": -1, ""paa_segments"": 32, ""standardize"": false}","{""init"": ""random"",""max_iter"": 300,""method"": ""alternate""}"
Plane,sbd,sliding,0.5207937899068611,0.7594043298574649,0.23272159999760333,0,2,none,0,210,210,144,7,"{""backend"": ""reference"", ""candidate_k"": 20, ""coarse_method"": ""paa"", ""n_jobs"": -1, ""paa_segments"": 32, ""standardize"": false}","{""init"": ""random"",""max_iter"": 300,""method"": ""alternate""}"
Plane,sbd,sliding,0.796810246868403,0.891299345037598,0.22732819999509957,0,3,none,0,210,210,144,7,"{""backend"": ""reference"", ""candidate_k"": 20, ""coarse_method"": ""paa"", ""n_jobs"": -1, ""paa_segments"": 32, ""standardize"": false}","{""init"": ""random"",""max_iter"": 300,""method"": ""alternate""}"
Plane,sbd,sliding,0.6356259913222436,0.801638311886657,0.22044360000290908,0,4,none,0,210,210,144,7,"{""backend"": ""reference"", ""candidate_k"": 20, ""coarse_method"": ""paa"", ""n_jobs"": -1, ""paa_segments"": 32, ""standardize"": false}","{""init"": ""random"",""max_iter"": 300,""method"": ""alternate""}"
Plane,sbd,sliding,0.9178600705966244,0.9312060835191215,0.22079459999804385,0,5,none,0,210,210,144,7,"{""backend"": ""reference"", ""candidate_k"": 20, ""coarse_method"": ""paa"", ""n_jobs"": -1, ""paa_segments"": 32, ""standardize"": false}","{""init"": ""random"",""max_iter"": 300,""method"": ""alternate""}"
Plane,sbd,sliding,0.7511752420216203,0.8470823017739552,0.22002760000759736,0,6,none,0,210,210,144,7,"{""backend"": ""reference"", ""candidate_k"": 20, ""coarse_method"": ""paa"", ""n_jobs"": -1, ""paa_segments"": 32, ""standardize"": false}","{""init"": ""random"",""max_iter"": 300,""method"": ""alternate""}"
Plane,sbd,sliding,0.5137274512605442,0.7520872519097707,0.23987480001233052,0,7,none,0,210,210,144,7,"{""backend"": ""reference"", ""candidate_k"": 20, ""coarse_method"": ""paa"", ""n_jobs"": -1, ""paa_segments"": 32, ""standardize"": false}","{""init"": ""random"",""max_iter"": 300,""method"": ""alternate""}"
Plane,sbd,sliding,0.649259702823292,0.8181138089032226,0.22375829999509733,0,8,none,0,210,210,144,7,"{""backend"": ""reference"", ""candidate_k"": 20, ""coarse_method"": ""paa"", ""n_jobs"": -1, ""paa_segments"": 32, ""standardize"": false}","{""init"": ""random"",""max_iter"": 300,""method"": ""alternate""}"
Plane,sbd,sliding,0.7304584140236059,0.8527640531817313,0.2276315000053728,0,9,none,0,210,210,144,7,"{""backend"": ""reference"", ""candidate_k"": 20, ""coarse_method"": ""paa"", ""n_jobs"": -1, ""paa_segments"": 32, ""standardize"": false}","{""init"": ""random"",""max_iter"": 300,""method"": ""alternate""}"
Plane,sbd,sliding,0.474933109897402,0.7210752239402256,0.233686099993065,0,10,none,0,210,210,144,7,"{""backend"": ""reference"", ""candidate_k"": 20, ""coarse_method"": ""paa"", ""n_jobs"": -1, ""paa_segments"": 32, ""standardize"": false}","{""init"": ""random"",""max_iter"": 300,""method"": ""alternate""}"
Symbols,dtw,elastic,0.6853180743875856,0.808457340650463,1504.7246173,42,1,none,0,1020,720,398,6,"{""window"": 40, ""backend"": ""aeon""}","{""init"": ""random"", ""max_iter"": 300, ""method"": ""alternate""}"
Symbols,dtw,elastic,0.8645065090944435,0.9066895591461724,1499.5129495999995,42,2,none,0,1020,720,398,6,"{""window"": 40, ""backend"": ""aeon""}","{""init"": ""random"", ""max_iter"": 300, ""method"": ""alternate""}"
Symbols,dtw,elastic,0.5903131595490196,0.7646532576957781,1499.3156968000003,42,3,none,0,1020,720,398,6,"{""window"": 40, ""backend"": ""aeon""}","{""init"": ""random"", ""max_iter"": 300, ""method"": ""alternate""}"
Symbols,dtw,elastic,0.7494776485651818,0.8673332357974072,1473.6032927999995,42,4,none,0,1020,720,398,6,"{""window"": 40, ""backend"": ""aeon""}","{""init"": ""random"", ""max_iter"": 300, ""method"": ""alternate""}"
Symbols,dtw,elastic,0.7725519859868459,0.8422729435360558,1472.0621791999993,42,5,none,0,1020,720,398,6,"{""window"": 40, ""backend"": ""aeon""}","{""init"": ""random"", ""max_iter"": 300, ""method"": ""alternate""}"
Symbols,dtw,elastic,0.7476909154199133,0.8707063988259784,1450.5181485000012,42,6,none,0,1020,720,398,6,"{""window"": 40, ""backend"": ""aeon""}","{""init"": ""random"", ""max_iter"": 300, ""method"": ""alternate""}"
Symbols,dtw,elastic,0.6187001603360436,0.8038111418145922,1462.1649869000012,42,7,none,0,1020,720,398,6,"{""window"": 40, ""backend"": ""aeon""}","{""init"": ""random"", ""max_iter"": 300, ""method"": ""alternate""}"
Symbols,dtw,elastic,0.7181308090230981,0.8472896991771622,1481.1105422,42,8,none,0,1020,720,398,6,"{""window"": 40, ""backend"": ""aeon""}","{""init"": ""random"", ""max_iter"": 300, ""method"": ""alternate""}"
Symbols,dtw,elastic,0.7542280054636957,0.8691718719118832,1519.6388460999988,42,9,none,0,1020,720,398,6,"{""window"": 40, ""backend"": ""aeon""}","{""init"": ""random"", ""max_iter"": 300, ""method"": ""alternate""}"
Symbols,dtw,elastic,0.641225766174009,0.8134853554232776,1501.9399199,42,10,none,0,1020,720,398,6,"{""window"": 40, ""backend"": ""aeon""}","{""init"": ""random"", ""max_iter"": 300, ""method"": ""alternate""}"
Symbols,ed,lock-step,0.7289716702676612,0.8030410422425083,0.0119968999999997,42,1,none,0,1020,720,398,6,,"{""init"": ""random"", ""max_iter"": 300, ""method"": ""alternate""}"
Symbols,ed,lock-step,0.7289716702676612,0.8030410422425083,0.0430129000001215,42,2,none,0,1020,720,398,6,,"{""init"": ""random"", ""max_iter"": 300, ""method"": ""alternate""}"
Symbols,ed,lock-step,0.4887874783137395,0.6302434245633888,0.0138405999996393,42,3,none,0,1020,720,398,6,,"{""init"": ""random"", ""max_iter"": 300, ""method"": ""alternate""}"
Symbols,ed,lock-step,0.6691891226491705,0.7874343504371732,0.0148054999999658,42,4,none,0,1020,720,398,6,,"{""init"": ""random"", ""max_iter"": 300, ""method"": ""alternate""}"
Symbols,ed,lock-step,0.6574744918339556,0.7307396821931209,0.0111274000009871,42,5,none,0,1020,720,398,6,,"{""init"": ""random"", ""max_iter"": 300, ""method"": ""alternate""}"
Symbols,ed,lock-step,0.6395972505251627,0.7683276132600784,0.0147109999998065,42,6,none,0,1020,720,398,6,,"{""init"": ""random"", ""max_iter"": 300, ""method"": ""alternate""}"
Symbols,ed,lock-step,0.65189613306334,0.772580045452714,0.0106474999993224,42,7,none,0,1020,720,398,6,,"{""init"": ""random"", ""max_iter"": 300, ""method"": ""alternate""}"
Symbols,ed,lock-step,0.5515151644720606,0.6409514148571069,0.0117011999973328,42,8,none,0,1020,720,398,6,,"{""init"": ""random"", ""max_iter"": 300, ""method"": ""alternate""}"
Symbols,ed,lock-step,0.7020984050272652,0.8097652220687086,0.0100095000016153,42,9,none,0,1020,720,398,6,,"{""init"": ""random"", ""max_iter"": 300, ""method"": ""alternate""}"
Symbols,ed,lock-step,0.6436537798853584,0.7730641758395856,0.0581725999982154,42,10,none,0,1020,720,398,6,,"{""init"": ""random"", ""max_iter"": 300, ""method"": ""alternate""}"
Symbols,idk,distributional,0.7223423818155085,0.7823661024537023,96.16942010000639,42,1,none,0,1020,720,398,6,"{""no_window_threshold"": 0, ""psi"": 720, ""t"": 220, ""window_size"": 40, ""window_step"": 10}","{""init"": ""random"",""max_iter"": 300,""method"": ""alternate""}"
Symbols,idk,distributional,0.5363938526621301,0.6533048008413316,140.98886779999884,42,2,none,0,1020,720,398,6,"{""no_window_threshold"": 0, ""psi"": 720, ""t"": 220, ""window_size"": 40, ""window_step"": 10}","{""init"": ""random"",""max_iter"": 300,""method"": ""alternate""}"
Symbols,idk,distributional,0.6816309966027165,0.7885562291845312,96.6525907000032,42,3,none,0,1020,720,398,6,"{""no_window_threshold"": 0, ""psi"": 720, ""t"": 220, ""window_size"": 40, ""window_step"": 10}","{""init"": ""random"",""max_iter"": 300,""method"": ""alternate""}"
Symbols,idk,distributional,0.5965009037482437,0.7056288047914268,97.74455339999986,42,4,none,0,1020,720,398,6,"{""no_window_threshold"": 0, ""psi"": 720, ""t"": 220, ""window_size"": 40, ""window_step"": 10}","{""init"": ""random"",""max_iter"": 300,""method"": ""alternate""}"
Symbols,idk,distributional,0.5386445835377117,0.6341423087706137,97.82607660000212,42,5,none,0,1020,720,398,6,"{""no_window_threshold"": 0, ""psi"": 720, ""t"": 220, ""window_size"": 40, ""window_step"": 10}","{""init"": ""random"",""max_iter"": 300,""method"": ""alternate""}"
Symbols,idk,distributional,0.5503487955827066,0.6774890408809608,95.45213389999117,42,6,none,0,1020,720,398,6,"{""no_window_threshold"": 0, ""psi"": 720, ""t"": 220, ""window_size"": 40, ""window_step"": 10}","{""init"": ""random"",""max_iter"": 300,""method"": ""alternate""}"
Symbols,idk,distributional,0.5682288623020454,0.6844117487655148,95.79301599999599,42,7,none,0,1020,720,398,6,"{""no_window_threshold"": 0, ""psi"": 720, ""t"": 220, ""window_size"": 40, ""window_step"": 10}","{""init"": ""random"",""max_iter"": 300,""method"": ""alternate""}"
Symbols,idk,distributional,0.6726467110140307,0.7725892727579317,95.89802589999454,42,8,none,0,1020,720,398,6,"{""no_window_threshold"": 0, ""psi"": 720, ""t"": 220, ""window_size"": 40, ""window_step"": 10}","{""init"": ""random"",""max_iter"": 300,""method"": ""alternate""}"
Symbols,idk,distributional,0.6115081464364933,0.7097616112855922,96.57807239999238,42,9,none,0,1020,720,398,6,"{""no_window_threshold"": 0, ""psi"": 720, ""t"": 220, ""window_size"": 40, ""window_step"": 10}","{""init"": ""random"",""max_iter"": 300,""method"": ""alternate""}"
Symbols,idk,distributional,0.5453042896745877,0.6507047244813942,96.54286430000502,42,10,none,0,1020,720,398,6,"{""no_window_threshold"": 0, ""psi"": 720, ""t"": 220, ""window_size"": 40, ""window_step"": 10}","{""init"": ""random"",""max_iter"": 300,""method"": ""alternate""}"
Symbols,msm,elastic,0.6714701899613421,0.8056168496071054,471.4854430999999,42,1,none,0,1020,720,398,6,"{""c"": 1.0, ""backend"": ""aeon""}","{""init"": ""random"", ""max_iter"": 300, ""method"": ""alternate""}"
Symbols,msm,elastic,0.8417031429790856,0.8897789001007972,473.2102241000002,42,2,none,0,1020,720,398,6,"{""c"": 1.0, ""backend"": ""aeon""}","{""init"": ""random"", ""max_iter"": 300, ""method"": ""alternate""}"
Symbols,msm,elastic,0.5904264885815323,0.7654836317954224,474.6548029000005,42,3,none,0,1020,720,398,6,"{""c"": 1.0, ""backend"": ""aeon""}","{""init"": ""random"", ""max_iter"": 300, ""method"": ""alternate""}"
Symbols,msm,elastic,0.7452090244256463,0.853240207045322,471.1894771999996,42,4,none,0,1020,720,398,6,"{""c"": 1.0, ""backend"": ""aeon""}","{""init"": ""random"", ""max_iter"": 300, ""method"": ""alternate""}"
Symbols,msm,elastic,0.7507617203977501,0.8721226303730308,475.3553926000004,42,5,none,0,1020,720,398,6,"{""c"": 1.0, ""backend"": ""aeon""}","{""init"": ""random"", ""max_iter"": 300, ""method"": ""alternate""}"
Symbols,msm,elastic,0.7466199362010386,0.8666872471447508,477.1763205999996,42,6,none,0,1020,720,398,6,"{""c"": 1.0, ""backend"": ""aeon""}","{""init"": ""random"", ""max_iter"": 300, ""method"": ""alternate""}"
Symbols,msm,elastic,0.6158982011937799,0.8014866096748995,474.0891499999998,42,7,none,0,1020,720,398,6,"{""c"": 1.0, ""backend"": ""aeon""}","{""init"": ""random"", ""max_iter"": 300, ""method"": ""alternate""}"
Symbols,msm,elastic,0.6791482551630563,0.8119231950824706,483.40823929999897,42,8,none,0,1020,720,398,6,"{""c"": 1.0, ""backend"": ""aeon""}","{""init"": ""random"", ""max_iter"": 300, ""method"": ""alternate""}"
Symbols,msm,elastic,0.7446349539845754,0.8516310452198124,469.7811569999976,42,9,none,0,1020,720,398,6,"{""c"": 1.0, ""backend"": ""aeon""}","{""init"": ""random"", ""max_iter"": 300, ""method"": ""alternate""}"
Symbols,msm,elastic,0.4818854172530391,0.6874925936456352,470.00238470000113,42,10,none,0,1020,720,398,6,"{""c"": 1.0, ""backend"": ""aeon""}","{""init"": ""random"", ""max_iter"": 300, ""method"": ""alternate""}"
Symbols,sbd,sliding,0.6370533674331466,0.7692961420433925,8.85206059999473,42,1,none,0,1020,720,398,6,"{""backend"": ""reference"", ""candidate_k"": 20, ""coarse_method"": ""paa"", ""n_jobs"": -1, ""paa_segments"": 32, ""standardize"": false}","{""init"": ""random"",""max_iter"": 300,""method"": ""alternate""}"
Symbols,sbd,sliding,0.7907493189267901,0.857053472841691,8.188739300007,42,2,none,0,1020,720,398,6,"{""backend"": ""reference"", ""candidate_k"": 20, ""coarse_method"": ""paa"", ""n_jobs"": -1, ""paa_segments"": 32, ""standardize"": false}","{""init"": ""random"",""max_iter"": 300,""method"": ""alternate""}"
Symbols,sbd,sliding,0.6679938559034982,0.7983495045395888,8.82951170000888,42,3,none,0,1020,720,398,6,"{""backend"": ""reference"", ""candidate_k"": 20, ""coarse_method"": ""paa"", ""n_jobs"": -1, ""paa_segments"": 32, ""standardize"": false}","{""init"": ""random"",""max_iter"": 300,""method"": ""alternate""}"
Symbols,sbd,sliding,0.7219921551652975,0.8329907464380999,8.850976700006868,42,4,none,0,1020,720,398,6,"{""backend"": ""reference"", ""candidate_k"": 20, ""coarse_method"": ""paa"", ""n_jobs"": -1, ""paa_segments"": 32, ""standardize"": false}","{""init"": ""random"",""max_iter"": 300,""method"": ""alternate""}"
Symbols,sbd,sliding,0.5366898579385517,0.7108546059530849,7.944104800000787,42,5,none,0,1020,720,398,6,"{""backend"": ""reference"", ""candidate_k"": 20, ""coarse_method"": ""paa"", ""n_jobs"": -1, ""paa_segments"": 32, ""standardize"": false}","{""init"": ""random"",""max_iter"": 300,""method"": ""alternate""}"
Symbols,sbd,sliding,0.7580140689430328,0.8453557272296371,8.986691700003576,42,6,none,0,1020,720,398,6,"{""backend"": ""reference"", ""candidate_k"": 20, ""coarse_method"": ""paa"", ""n_jobs"": -1, ""paa_segments"": 32, ""standardize"": false}","{""init"": ""random"",""max_iter"": 300,""method"": ""alternate""}"
Symbols,sbd,sliding,0.6120255866408941,0.7928981595547769,8.93978880000941,42,7,none,0,1020,720,398,6,"{""backend"": ""reference"", ""candidate_k"": 20, ""coarse_method"": ""paa"", ""n_jobs"": -1, ""paa_segments"": 32, ""standardize"": false}","{""init"": ""random"",""max_iter"": 300,""method"": ""alternate""}"
Symbols,sbd,sliding,0.6705983910918782,0.8016763022294418,7.969020799995633,42,8,none,0,1020,720,398,6,"{""backend"": ""reference"", ""candidate_k"": 20, ""coarse_method"": ""paa"", ""n_jobs"": -1, ""paa_segments"": 32, ""standardize"": false}","{""init"": ""random"",""max_iter"": 300,""method"": ""alternate""}"
Symbols,sbd,sliding,0.7113730115027395,0.8284079171552953,7.9675569999963045,42,9,none,0,1020,720,398,6,"{""backend"": ""reference"", ""candidate_k"": 20, ""coarse_method"": ""paa"", ""n_jobs"": -1, ""paa_segments"": 32, ""standardize"": false}","{""init"": ""random"",""max_iter"": 300,""method"": ""alternate""}"
Symbols,sbd,sliding,0.6535403133884095,0.8124449721710023,7.907673899986548,42,10,none,0,1020,720,398,6,"{""backend"": ""reference"", ""candidate_k"": 20, ""coarse_method"": ""paa"", ""n_jobs"": -1, ""paa_segments"": 32, ""standardize"": false}","{""init"": ""random"",""max_iter"": 300,""method"": ""alternate""}"
SyntheticControl,dtw,elastic,0.7545038163747939,0.8610121779871008,18.22003619999998,0,1,none,0,600,600,60,6,"{""window"": 6, ""backend"": ""aeon""}","{""init"":""random"",""max_iter"":300,""method"":""alternate""}"
SyntheticControl,dtw,elastic,0.7816584755817116,0.881426211789956,19.689736100000005,0,2,none,0,600,600,60,6,"{""window"": 6, ""backend"": ""aeon""}","{""init"":""random"",""max_iter"":300,""method"":""alternate""}"
SyntheticControl,dtw,elastic,0.783613029367155,0.8539361272299237,19.248849399999983,0,3,none,0,600,600,60,6,"{""window"": 6, ""backend"": ""aeon""}","{""init"":""random"",""max_iter"":300,""method"":""alternate""}"
SyntheticControl,dtw,elastic,0.7537601641046158,0.8714312566016393,18.543595200000027,0,4,none,0,600,600,60,6,"{""window"": 6, ""backend"": ""aeon""}","{""init"":""random"",""max_iter"":300,""method"":""alternate""}"
SyntheticControl,dtw,elastic,0.7645261708178885,0.8644052097039847,18.467893999999887,0,5,none,0,600,600,60,6,"{""window"": 6, ""backend"": ""aeon""}","{""init"":""random"",""max_iter"":300,""method"":""alternate""}"
SyntheticControl,dtw,elastic,0.941336297244566,0.9432660681457096,18.88566440000011,0,6,none,0,600,600,60,6,"{""window"": 6, ""backend"": ""aeon""}","{""init"":""random"",""max_iter"":300,""method"":""alternate""}"
SyntheticControl,dtw,elastic,0.941336297244566,0.9432660681457096,19.87663669999995,0,7,none,0,600,600,60,6,"{""window"": 6, ""backend"": ""aeon""}","{""init"":""random"",""max_iter"":300,""method"":""alternate""}"
SyntheticControl,dtw,elastic,0.794614837134569,0.8621874233245662,18.50065989999996,0,8,none,0,600,600,60,6,"{""window"": 6, ""backend"": ""aeon""}","{""init"":""random"",""max_iter"":300,""method"":""alternate""}"
SyntheticControl,dtw,elastic,0.7443628512730549,0.858425807207986,19.5141238,0,9,none,0,600,600,60,6,"{""window"": 6, ""backend"": ""aeon""}","{""init"":""random"",""max_iter"":300,""method"":""alternate""}"
SyntheticControl,dtw,elastic,0.5684357273724681,0.7400141497689292,18.63564239999993,0,10,none,0,600,600,60,6,"{""window"": 6, ""backend"": ""aeon""}","{""init"":""random"",""max_iter"":300,""method"":""alternate""}"
SyntheticControl,ed,lock-step,0.3593401929862462,0.51451975494032,0.004733299999998,0,1,none,0,600,600,60,6,,"{""init"":""random"",""max_iter"":300,""method"":""alternate""}"
SyntheticControl,ed,lock-step,0.3388926886970715,0.4990561543023387,0.0037482999999838,0,2,none,0,600,600,60,6,,"{""init"":""random"",""max_iter"":300,""method"":""alternate""}"
SyntheticControl,ed,lock-step,0.2760964450612114,0.4373950175977223,0.0057036000000039,0,3,none,0,600,600,60,6,,"{""init"":""random"",""max_iter"":300,""method"":""alternate""}"
SyntheticControl,ed,lock-step,0.391154360141599,0.5172940036526601,0.0042863000001034,0,4,none,0,600,600,60,6,,"{""init"":""random"",""max_iter"":300,""method"":""alternate""}"
SyntheticControl,ed,lock-step,0.3052859532490611,0.4704065029223353,0.0046045999999932,0,5,none,0,600,600,60,6,,"{""init"":""random"",""max_iter"":300,""method"":""alternate""}"
SyntheticControl,ed,lock-step,0.360218507108578,0.5133700443860008,0.0046099000001049,0,6,none,0,600,600,60,6,,"{""init"":""random"",""max_iter"":300,""method"":""alternate""}"
SyntheticControl,ed,lock-step,0.3380443959942482,0.5007413480270713,0.0044863999999051,0,7,none,0,600,600,60,6,,"{""init"":""random"",""max_iter"":300,""method"":""alternate""}"
SyntheticControl,ed,lock-step,0.3630313398604562,0.5175312959077122,0.0054816000000528,0,8,none,0,600,600,60,6,,"{""init"":""random"",""max_iter"":300,""method"":""alternate""}"
SyntheticControl,ed,lock-step,0.3829188527366239,0.5230095413821934,0.0043920000000525,0,9,none,0,600,600,60,6,,"{""init"":""random"",""max_iter"":300,""method"":""alternate""}"
SyntheticControl,ed,lock-step,0.3671011614571058,0.497671010720786,0.0037029999999731,0,10,none,0,600,600,60,6,,"{""init"":""random"",""max_iter"":300,""method"":""alternate""}"
SyntheticControl,idk,distributional,4.692451802118631e-06,0.016156537748224474,3.612638699996751,0,1,none,0,600,600,60,6,"{""no_window_threshold"": 96, ""psi"": 600, ""t"": 220, ""window_size"": 60, ""window_step"": 60}","{""init"": ""random"",""max_iter"": 300,""method"": ""alternate""}"
SyntheticControl,idk,distributional,5.8745886984215935e-05,0.016229952220815427,2.6530472000013106,0,2,none,0,600,600,60,6,"{""no_window_threshold"": 96, ""psi"": 600, ""t"": 220, ""window_size"": 60, ""window_step"": 60}","{""init"": ""random"",""max_iter"": 300,""method"": ""alternate""}"
SyntheticControl,idk,distributional,3.1719169393167285e-05,0.016193057686449058,2.229534500002046,0,3,none,0,600,600,60,6,"{""no_window_threshold"": 96, ""psi"": 600, ""t"": 220, ""window_size"": 60, ""window_step"": 60}","{""init"": ""random"",""max_iter"": 300,""method"": ""alternate""}"
SyntheticControl,idk,distributional,1.8205810597642956e-05,0.016174890410719938,3.144220199988922,0,4,none,0,600,600,60,6,"{""no_window_threshold"": 96, ""psi"": 600, ""t"": 220, ""window_size"": 60, ""window_step"": 60}","{""init"": ""random"",""max_iter"": 300,""method"": ""alternate""}"
SyntheticControl,idk,distributional,4.692451802118631e-06,0.016156537748224474,2.2128992000070866,0,5,none,0,600,600,60,6,"{""no_window_threshold"": 96, ""psi"": 600, ""t"": 220, ""window_size"": 60, ""window_step"": 60}","{""init"": ""random"",""max_iter"": 300,""method"": ""alternate""}"
SyntheticControl,idk,distributional,4.692451802118631e-06,0.016156537748224474,3.151242399995681,0,6,none,0,600,600,60,6,"{""no_window_threshold"": 96, ""psi"": 600, ""t"": 220, ""window_size"": 60, ""window_step"": 60}","{""init"": ""random"",""max_iter"": 300,""method"": ""alternate""}"
SyntheticControl,idk,distributional,-2.2334265788930022e-05,0.016120203196766235,2.215709900003276,0,7,none,0,600,600,60,6,"{""no_window_threshold"": 96, ""psi"": 600, ""t"": 220, ""window_size"": 60, ""window_step"": 60}","{""init"": ""random"",""max_iter"": 300,""method"": ""alternate""}"
SyntheticControl,idk,distributional,1.8205810597642956e-05,0.016174890410719938,3.154029500001343,0,8,none,0,600,600,60,6,"{""no_window_threshold"": 96, ""psi"": 600, ""t"": 220, ""window_size"": 60, ""window_step"": 60}","{""init"": ""random"",""max_iter"": 300,""method"": ""alternate""}"
SyntheticControl,idk,distributional,-8.820906993405696e-06,0.016138370472495354,2.646083900006488,0,9,none,0,600,600,60,6,"{""no_window_threshold"": 96, ""psi"": 600, ""t"": 220, ""window_size"": 60, ""window_step"": 60}","{""init"": ""random"",""max_iter"": 300,""method"": ""alternate""}"
SyntheticControl,idk,distributional,1.8205810597642956e-05,0.016174890410719938,2.2287873000022955,0,10,none,0,600,600,60,6,"{""no_window_threshold"": 96, ""psi"": 600, ""t"": 220, ""window_size"": 60, ""window_step"": 60}","{""init"": ""random"",""max_iter"": 300,""method"": ""alternate""}"
SyntheticControl,msm,elastic,0.4994927112674282,0.6342123288339018,3.1454561999999555,0,1,none,0,600,600,60,6,"{""c"": 1.0, ""backend"": ""aeon""}","{""init"":""random"",""max_iter"":300,""method"":""alternate""}"
SyntheticControl,msm,elastic,0.597655830532354,0.7309787352552424,4.665848500000038,0,2,none,0,600,600,60,6,"{""c"": 1.0, ""backend"": ""aeon""}","{""init"":""random"",""max_iter"":300,""method"":""alternate""}"
SyntheticControl,msm,elastic,0.5062258097031755,0.6323513289489942,3.304590699999949,0,3,none,0,600,600,60,6,"{""c"": 1.0, ""backend"": ""aeon""}","{""init"":""random"",""max_iter"":300,""method"":""alternate""}"
SyntheticControl,msm,elastic,0.7264713664438235,0.8055719982959024,3.261998100000028,0,4,none,0,600,600,60,6,"{""c"": 1.0, ""backend"": ""aeon""}","{""init"":""random"",""max_iter"":300,""method"":""alternate""}"
SyntheticControl,msm,elastic,0.5050859293532941,0.6387492182079947,3.243699900000138,0,5,none,0,600,600,60,6,"{""c"": 1.0, ""backend"": ""aeon""}","{""init"":""random"",""max_iter"":300,""method"":""alternate""}"
SyntheticControl,msm,elastic,0.5574487533425181,0.6569692544442954,3.3345279000001256,0,6,none,0,600,600,60,6,"{""c"": 1.0, ""backend"": ""aeon""}","{""init"":""random"",""max_iter"":300,""method"":""alternate""}"
SyntheticControl,msm,elastic,0.6944210083378188,0.7955829460850042,3.2734894999998687,0,7,none,0,600,600,60,6,"{""c"": 1.0, ""backend"": ""aeon""}","{""init"":""random"",""max_iter"":300,""method"":""alternate""}"
SyntheticControl,msm,elastic,0.4918266054887484,0.6345990461787203,3.306621199999995,0,8,none,0,600,600,60,6,"{""c"": 1.0, ""backend"": ""aeon""}","{""init"":""random"",""max_iter"":300,""method"":""alternate""}"
SyntheticControl,msm,elastic,0.5077056038200525,0.651979651666384,4.411190200000078,0,9,none,0,600,600,60,6,"{""c"": 1.0, ""backend"": ""aeon""}","{""init"":""random"",""max_iter"":300,""method"":""alternate""}"
SyntheticControl,msm,elastic,0.4667300972854121,0.61765107238674,3.592071199999964,0,10,none,0,600,600,60,6,"{""c"": 1.0, ""backend"": ""aeon""}","{""init"":""random"",""max_iter"":300,""method"":""alternate""}"
SyntheticControl,sbd,sliding,0.6275169381716597,0.7407551983695774,1.4261553999967873,0,1,none,0,600,600,60,6,"{""backend"": ""reference"", ""candidate_k"": 20, ""coarse_method"": ""paa"", ""n_jobs"": -1, ""paa_segments"": 32, ""standardize"": false}","{""init"": ""random"",""max_iter"": 300,""method"": ""alternate""}"
SyntheticControl,sbd,sliding,0.5276910949801514,0.6754369816959158,1.6725521000043955,0,2,none,0,600,600,60,6,"{""backend"": ""reference"", ""candidate_k"": 20, ""coarse_method"": ""paa"", ""n_jobs"": -1, ""paa_segments"": 32, ""standardize"": false}","{""init"": ""random"",""max_iter"": 300,""method"": ""alternate""}"
SyntheticControl,sbd,sliding,0.5187512223289709,0.6298022183480261,2.2725149000034435,0,3,none,0,600,600,60,6,"{""backend"": ""reference"", ""candidate_k"": 20, ""coarse_method"": ""paa"", ""n_jobs"": -1, ""paa_segments"": 32, ""standardize"": false}","{""init"": ""random"",""max_iter"": 300,""method"": ""alternate""}"
SyntheticControl,sbd,sliding,0.5688308634835237,0.6592727775905584,1.3531463999970583,0,4,none,0,600,600,60,6,"{""backend"": ""reference"", ""candidate_k"": 20, ""coarse_method"": ""paa"", ""n_jobs"": -1, ""paa_segments"": 32, ""standardize"": false}","{""init"": ""random"",""max_iter"": 300,""method"": ""alternate""}"
SyntheticControl,sbd,sliding,0.6215021924704632,0.7412099043491251,2.278527499991469,0,5,none,0,600,600,60,6,"{""backend"": ""reference"", ""candidate_k"": 20, ""coarse_method"": ""paa"", ""n_jobs"": -1, ""paa_segments"": 32, ""standardize"": false}","{""init"": ""random"",""max_iter"": 300,""method"": ""alternate""}"
SyntheticControl,sbd,sliding,0.44395269846582747,0.5869183743511935,1.3727745000069262,0,6,none,0,600,600,60,6,"{""backend"": ""reference"", ""candidate_k"": 20, ""coarse_method"": ""paa"", ""n_jobs"": -1, ""paa_segments"": 32, ""standardize"": false}","{""init"": ""random"",""max_iter"": 300,""method"": ""alternate""}"
SyntheticControl,sbd,sliding,0.6290356329301443,0.7203735119589003,2.291322399993078,0,7,none,0,600,600,60,6,"{""backend"": ""reference"", ""candidate_k"": 20, ""coarse_method"": ""paa"", ""n_jobs"": -1, ""paa_segments"": 32, ""standardize"": false}","{""init"": ""random"",""max_iter"": 300,""method"": ""alternate""}"
SyntheticControl,sbd,sliding,0.5001388726793097,0.6306612093765052,1.3549531000026036,0,8,none,0,600,600,60,6,"{""backend"": ""reference"", ""candidate_k"": 20, ""coarse_method"": ""paa"", ""n_jobs"": -1, ""paa_segments"": 32, ""standardize"": false}","{""init"": ""random"",""max_iter"": 300,""method"": ""alternate""}"
SyntheticControl,sbd,sliding,0.5528051856338148,0.6800143785510165,2.2902784000034444,0,9,none,0,600,600,60,6,"{""backend"": ""reference"", ""candidate_k"": 20, ""coarse_method"": ""paa"", ""n_jobs"": -1, ""paa_segments"": 32, ""standardize"": false}","{""init"": ""random"",""max_iter"": 300,""method"": ""alternate""}"
SyntheticControl,sbd,sliding,0.5257064256005541,0.6532685507173853,2.353255199996056,0,10,none,0,600,600,60,6,"{""backend"": ""reference"", ""candidate_k"": 20, ""coarse_method"": ""paa"", ""n_jobs"": -1, ""paa_segments"": 32, ""standardize"": false}","{""init"": ""random"",""max_iter"": 300,""method"": ""alternate""}"
Trace,dtw,elastic,0.6258062067299321,0.800246559228825,50.14981719999992,0,1,none,0,200,200,275,4,"{""window"": 28, ""backend"": ""aeon""}","{""init"":""random"",""max_iter"":300,""method"":""alternate""}"
Trace,dtw,elastic,0.6655235055431996,0.7525044461276025,50.92236660000003,0,2,none,0,200,200,275,4,"{""window"": 28, ""backend"": ""aeon""}","{""init"":""random"",""max_iter"":300,""method"":""alternate""}"
Trace,dtw,elastic,0.4282450046462022,0.5618795012778841,46.23524150000026,0,3,none,0,200,200,275,4,"{""window"": 28, ""backend"": ""aeon""}","{""init"":""random"",""max_iter"":300,""method"":""alternate""}"
Trace,dtw,elastic,1.0,1.0,39.85728530000006,0,4,none,0,200,200,275,4,"{""window"": 28, ""backend"": ""aeon""}","{""init"":""random"",""max_iter"":300,""method"":""alternate""}"
Trace,dtw,elastic,0.7046661205402344,0.8485698443450854,40.05354369999986,0,5,none,0,200,200,275,4,"{""window"": 28, ""backend"": ""aeon""}","{""init"":""random"",""max_iter"":300,""method"":""alternate""}"
Trace,dtw,elastic,0.6265193183816744,0.8005557179615888,41.13477129999978,0,6,none,0,200,200,275,4,"{""window"": 28, ""backend"": ""aeon""}","{""init"":""random"",""max_iter"":300,""method"":""alternate""}"
Trace,dtw,elastic,0.6695430576205196,0.7584153924830414,40.22134030000007,0,7,none,0,200,200,275,4,"{""window"": 28, ""backend"": ""aeon""}","{""init"":""random"",""max_iter"":300,""method"":""alternate""}"
Trace,dtw,elastic,0.434665931039823,0.5735724501198789,40.49355869999977,0,8,none,0,200,200,275,4,"{""window"": 28, ""backend"": ""aeon""}","{""init"":""random"",""max_iter"":300,""method"":""alternate""}"
Trace,dtw,elastic,0.6655235055431996,0.7525044461276026,59.63744759999986,0,9,none,0,200,200,275,4,"{""window"": 28, ""backend"": ""aeon""}","{""init"":""random"",""max_iter"":300,""method"":""alternate""}"
Trace,dtw,elastic,0.6275169462086189,0.8009903500739665,56.6037553000001,0,10,none,0,200,200,275,4,"{""window"": 28, ""backend"": ""aeon""}","{""init"":""random"",""max_iter"":300,""method"":""alternate""}"
Trace,ed,lock-step,0.4010723406827558,0.5350890051293287,0.0032271000000037,0,1,none,0,200,200,275,4,,"{""init"":""random"",""max_iter"":300,""method"":""alternate""}"
Trace,ed,lock-step,0.3293473151695709,0.5027812536798705,0.0030572999999094,0,2,none,0,200,200,275,4,,"{""init"":""random"",""max_iter"":300,""method"":""alternate""}"
Trace,ed,lock-step,0.393930573582276,0.528533951323854,0.0018317000001388,0,3,none,0,200,200,275,4,,"{""init"":""random"",""max_iter"":300,""method"":""alternate""}"
Trace,ed,lock-step,0.3293473151695709,0.5027812536798705,0.0032598000002508,0,4,none,0,200,200,275,4,,"{""init"":""random"",""max_iter"":300,""method"":""alternate""}"
Trace,ed,lock-step,0.4060290234836036,0.5408223494611252,0.0034190999999736,0,5,none,0,200,200,275,4,,"{""init"":""random"",""max_iter"":300,""method"":""alternate""}"
Trace,ed,lock-step,0.4130347805191323,0.5478673001073474,0.0037155999998503,0,6,none,0,200,200,275,4,,"{""init"":""random"",""max_iter"":300,""method"":""alternate""}"
Trace,ed,lock-step,0.3293473151695709,0.5027812536798704,0.0020741000000725,0,7,none,0,200,200,275,4,,"{""init"":""random"",""max_iter"":300,""method"":""alternate""}"
Trace,ed,lock-step,0.3293473151695709,0.5027812536798705,0.0015941999997721,0,8,none,0,200,200,275,4,,"{""init"":""random"",""max_iter"":300,""method"":""alternate""}"
Trace,ed,lock-step,0.3293473151695709,0.5027812536798704,0.0070029999999405,0,9,none,0,200,200,275,4,,"{""init"":""random"",""max_iter"":300,""method"":""alternate""}"
Trace,ed,lock-step,0.4081195428985505,0.5429497448476704,0.003984199999877,0,10,none,0,200,200,275,4,,"{""init"":""random"",""max_iter"":300,""method"":""alternate""}"
Trace,idk,distributional,0.23703040862278052,0.2751876161742882,8.640462199997273,0,1,none,0,200,200,275,4,"{""no_window_threshold"": 0, ""psi"": 200, ""t"": 220, ""window_size"": 28, ""window_step"": 7}","{""init"": ""random"",""max_iter"": 300,""method"": ""alternate""}"
Trace,idk,distributional,0.2356375262143804,0.27463774131994206,8.173979200000758,0,2,none,0,200,200,275,4,"{""no_window_threshold"": 0, ""psi"": 200, ""t"": 220, ""window_size"": 28, ""window_step"": 7}","{""init"": ""random"",""max_iter"": 300,""method"": ""alternate""}"
Trace,idk,distributional,0.11394311623507905,0.15407328031959835,7.2140481999958865,0,3,none,0,200,200,275,4,"{""no_window_threshold"": 0, ""psi"": 200, ""t"": 220, ""window_size"": 28, ""window_step"": 7}","{""init"": ""random"",""max_iter"": 300,""method"": ""alternate""}"
Trace,idk,distributional,0.23806829654736844,0.26443963858219993,7.285786499996902,0,4,none,0,200,200,275,4,"{""no_window_threshold"": 0, ""psi"": 200, ""t"": 220, ""window_size"": 28, ""window_step"": 7}","{""init"": ""random"",""max_iter"": 300,""method"": ""alternate""}"
Trace,idk,distributional,0.22402394862633382,0.24847958692377795,7.449987799991504,0,5,none,0,200,200,275,4,"{""no_window_threshold"": 0, ""psi"": 200, ""t"": 220, ""window_size"": 28, ""window_step"": 7}","{""init"": ""random"",""max_iter"": 300,""method"": ""alternate""}"
Trace,idk,distributional,0.26627577387051177,0.30006545246672733,7.2344194000033895,0,6,none,0,200,200,275,4,"{""no_window_threshold"": 0, ""psi"": 200, ""t"": 220, ""window_size"": 28, ""window_step"": 7}","{""init"": ""random"",""max_iter"": 300,""method"": ""alternate""}"
Trace,idk,distributional,0.2290929537022871,0.2537205343422294,7.4925346999953035,0,7,none,0,200,200,275,4,"{""no_window_threshold"": 0, ""psi"": 200, ""t"": 220, ""window_size"": 28, ""window_step"": 7}","{""init"": ""random"",""max_iter"": 300,""method"": ""alternate""}"
Trace,idk,distributional,0.07683667958565125,0.12362171701711534,7.449190400002408,0,8,none,0,200,200,275,4,"{""no_window_threshold"": 0, ""psi"": 200, ""t"": 220, ""window_size"": 28, ""window_step"": 7}","{""init"": ""random"",""max_iter"": 300,""method"": ""alternate""}"
Trace,idk,distributional,0.28600305733802134,0.3208506024052106,7.437958599999547,0,9,none,0,200,200,275,4,"{""no_window_threshold"": 0, ""psi"": 200, ""t"": 220, ""window_size"": 28, ""window_step"": 7}","{""init"": ""random"",""max_iter"": 300,""method"": ""alternate""}"
Trace,idk,distributional,0.21221565423313105,0.25515803894387934,7.441946299994015,0,10,none,0,200,200,275,4,"{""no_window_threshold"": 0, ""psi"": 200, ""t"": 220, ""window_size"": 28, ""window_step"": 7}","{""init"": ""random"",""max_iter"": 300,""method"": ""alternate""}"
Trace,msm,elastic,0.4848984915126794,0.6735370190814333,16.878461000000243,0,1,none,0,200,200,275,4,"{""c"": 1.0, ""backend"": ""aeon""}","{""init"":""random"",""max_iter"":300,""method"":""alternate""}"
Trace,msm,elastic,0.3286613664170407,0.5022033968316023,14.940458300000046,0,2,none,0,200,200,275,4,"{""c"": 1.0, ""backend"": ""aeon""}","{""init"":""random"",""max_iter"":300,""method"":""alternate""}"
Trace,msm,elastic,0.394640159036024,0.5292245760029334,12.799428700000137,0,3,none,0,200,200,275,4,"{""c"": 1.0, ""backend"": ""aeon""}","{""init"":""random"",""max_iter"":300,""method"":""alternate""}"
Trace,msm,elastic,0.3406527186465438,0.5089173059499711,12.755951500000036,0,4,none,0,200,200,275,4,"{""c"": 1.0, ""backend"": ""aeon""}","{""init"":""random"",""max_iter"":300,""method"":""alternate""}"
Trace,msm,elastic,0.4672539154643533,0.6100677595940187,12.439338299999918,0,5,none,0,200,200,275,4,"{""c"": 1.0, ""backend"": ""aeon""}","{""init"":""random"",""max_iter"":300,""method"":""alternate""}"
Trace,msm,elastic,0.4672539154643533,0.6100677595940187,12.992483799999718,0,6,none,0,200,200,275,4,"{""c"": 1.0, ""backend"": ""aeon""}","{""init"":""random"",""max_iter"":300,""method"":""alternate""}"
Trace,msm,elastic,0.3406527186465438,0.5089173059499711,12.691138900000167,0,7,none,0,200,200,275,4,"{""c"": 1.0, ""backend"": ""aeon""}","{""init"":""random"",""max_iter"":300,""method"":""alternate""}"
Trace,msm,elastic,0.4156869382871033,0.5500857573136158,15.615676799999846,0,8,none,0,200,200,275,4,"{""c"": 1.0, ""backend"": ""aeon""}","{""init"":""random"",""max_iter"":300,""method"":""alternate""}"
Trace,msm,elastic,0.3471097724890644,0.5124363745387334,19.25344020000012,0,9,none,0,200,200,275,4,"{""c"": 1.0, ""backend"": ""aeon""}","{""init"":""random"",""max_iter"":300,""method"":""alternate""}"
Trace,msm,elastic,0.5542071783974261,0.7209203637877046,19.96899590000021,0,10,none,0,200,200,275,4,"{""c"": 1.0, ""backend"": ""aeon""}","{""init"":""random"",""max_iter"":300,""method"":""alternate""}"
Trace,sbd,sliding,0.6258062067299321,0.800246559228825,0.3145285999926273,0,1,none,0,200,200,275,4,"{""backend"": ""reference"", ""candidate_k"": 20, ""coarse_method"": ""paa"", ""n_jobs"": -1, ""paa_segments"": 32, ""standardize"": false}","{""init"": ""random"",""max_iter"": 300,""method"": ""alternate""}"
Trace,sbd,sliding,0.663572323010511,0.7522843471933999,0.3282908999972278,0,2,none,0,200,200,275,4,"{""backend"": ""reference"", ""candidate_k"": 20, ""coarse_method"": ""paa"", ""n_jobs"": -1, ""paa_segments"": 32, ""standardize"": false}","{""init"": ""random"",""max_iter"": 300,""method"": ""alternate""}"
Trace,sbd,sliding,0.38172444999296534,0.5028837084715381,0.3301769000099739,0,3,none,0,200,200,275,4,"{""backend"": ""reference"", ""candidate_k"": 20, ""coarse_method"": ""paa"", ""n_jobs"": -1, ""paa_segments"": 32, ""standardize"": false}","{""init"": ""random"",""max_iter"": 300,""method"": ""alternate""}"
Trace,sbd,sliding,0.6619090643948742,0.7503161040328223,0.3192530000087572,0,4,none,0,200,200,275,4,"{""backend"": ""reference"", ""candidate_k"": 20, ""coarse_method"": ""paa"", ""n_jobs"": -1, ""paa_segments"": 32, ""standardize"": false}","{""init"": ""random"",""max_iter"": 300,""method"": ""alternate""}"
Trace,sbd,sliding,0.6258062067299321,0.800246559228825,0.32872190000489354,0,5,none,0,200,200,275,4,"{""backend"": ""reference"", ""candidate_k"": 20, ""coarse_method"": ""paa"", ""n_jobs"": -1, ""paa_segments"": 32, ""standardize"": false}","{""init"": ""random"",""max_iter"": 300,""method"": ""alternate""}"
Trace,sbd,sliding,0.6258062067299321,0.800246559228825,0.31118489999789745,0,6,none,0,200,200,275,4,"{""backend"": ""reference"", ""candidate_k"": 20, ""coarse_method"": ""paa"", ""n_jobs"": -1, ""paa_segments"": 32, ""standardize"": false}","{""init"": ""random"",""max_iter"": 300,""method"": ""alternate""}"
Trace,sbd,sliding,0.6619090643948742,0.7503161040328223,0.3211816999973962,0,7,none,0,200,200,275,4,"{""backend"": ""reference"", ""candidate_k"": 20, ""coarse_method"": ""paa"", ""n_jobs"": -1, ""paa_segments"": 32, ""standardize"": false}","{""init"": ""random"",""max_iter"": 300,""method"": ""alternate""}"
Trace,sbd,sliding,0.39565636657943626,0.5156003107159223,0.3304013000015402,0,8,none,0,200,200,275,4,"{""backend"": ""reference"", ""candidate_k"": 20, ""coarse_method"": ""paa"", ""n_jobs"": -1, ""paa_segments"": 32, ""standardize"": false}","{""init"": ""random"",""max_iter"": 300,""method"": ""alternate""}"
Trace,sbd,sliding,0.663572323010511,0.7522843471933999,0.3160801000049105,0,9,none,0,200,200,275,4,"{""backend"": ""reference"", ""candidate_k"": 20, ""coarse_method"": ""paa"", ""n_jobs"": -1, ""paa_segments"": 32, ""standardize"": false}","{""init"": ""random"",""max_iter"": 300,""method"": ""alternate""}"
Trace,sbd,sliding,0.6258062067299321,0.800246559228825,0.31463459999940824,0,10,none,0,200,200,275,4,"{""backend"": ""reference"", ""candidate_k"": 20, ""coarse_method"": ""paa"", ""n_jobs"": -1, ""paa_segments"": 32, ""standardize"": false}","{""init"": ""random"",""max_iter"": 300,""method"": ""alternate""}"
TwoPatterns,dtw,elastic,0.5629628654173604,0.6674191247432893,553.9049674,42,1,none,0,5000,1200,128,4,"{""window"": 13, ""backend"": ""aeon""}","{""init"": ""random"", ""max_iter"": 300, ""method"": ""alternate""}"
TwoPatterns,dtw,elastic,0.5094781319228319,0.6286981369428695,437.1857349,42,2,none,0,5000,1200,128,4,"{""window"": 13, ""backend"": ""aeon""}","{""init"": ""random"", ""max_iter"": 300, ""method"": ""alternate""}"
TwoPatterns,dtw,elastic,0.8809636870210789,0.8629192911144528,399.015641,42,3,none,0,5000,1200,128,4,"{""window"": 13, ""backend"": ""aeon""}","{""init"": ""random"", ""max_iter"": 300, ""method"": ""alternate""}"
TwoPatterns,dtw,elastic,0.5497541058619697,0.6332561267034392,433.3161132,42,4,none,0,5000,1200,128,4,"{""window"": 13, ""backend"": ""aeon""}","{""init"": ""random"", ""max_iter"": 300, ""method"": ""alternate""}"
TwoPatterns,dtw,elastic,0.8972885355893657,0.8776411622009336,418.15972950000014,42,5,none,0,5000,1200,128,4,"{""window"": 13, ""backend"": ""aeon""}","{""init"": ""random"", ""max_iter"": 300, ""method"": ""alternate""}"
TwoPatterns,dtw,elastic,0.5466612742391266,0.6034757674534902,385.1076581000002,42,6,none,0,5000,1200,128,4,"{""window"": 13, ""backend"": ""aeon""}","{""init"": ""random"", ""max_iter"": 300, ""method"": ""alternate""}"
TwoPatterns,dtw,elastic,0.5680618797085334,0.6771596138565169,419.0544245999995,42,7,none,0,5000,1200,128,4,"{""window"": 13, ""backend"": ""aeon""}","{""init"": ""random"", ""max_iter"": 300, ""method"": ""alternate""}"
TwoPatterns,dtw,elastic,0.9292494548683328,0.9091409752229068,427.22550820000015,42,8,none,0,5000,1200,128,4,"{""window"": 13, ""backend"": ""aeon""}","{""init"": ""random"", ""max_iter"": 300, ""method"": ""alternate""}"
TwoPatterns,dtw,elastic,0.568711851419758,0.6874683366575554,411.0477804000007,42,9,none,0,5000,1200,128,4,"{""window"": 13, ""backend"": ""aeon""}","{""init"": ""random"", ""max_iter"": 300, ""method"": ""alternate""}"
TwoPatterns,dtw,elastic,0.5710566253314591,0.6675261090838146,448.6575541000002,42,10,none,0,5000,1200,128,4,"{""window"": 13, ""backend"": ""aeon""}","{""init"": ""random"", ""max_iter"": 300, ""method"": ""alternate""}"
TwoPatterns,ed,lock-step,0.0092283072495878,0.0131881024288209,0.0252373000000001,42,1,none,0,5000,1200,128,4,,"{""init"": ""random"", ""max_iter"": 300, ""method"": ""alternate""}"
TwoPatterns,ed,lock-step,0.0266860862791586,0.0315387624136433,0.027024200000028,42,2,none,0,5000,1200,128,4,,"{""init"": ""random"", ""max_iter"": 300, ""method"": ""alternate""}"
TwoPatterns,ed,lock-step,0.0119848613109069,0.0150616329279889,0.0193546999998943,42,3,none,0,5000,1200,128,4,,"{""init"": ""random"", ""max_iter"": 300, ""method"": ""alternate""}"
TwoPatterns,ed,lock-step,0.0266764129364986,0.0300754057126031,0.026964899999939,42,4,none,0,5000,1200,128,4,,"{""init"": ""random"", ""max_iter"": 300, ""method"": ""alternate""}"
TwoPatterns,ed,lock-step,0.0322083399046159,0.0396557869333677,0.0269952000003286,42,5,none,0,5000,1200,128,4,,"{""init"": ""random"", ""max_iter"": 300, ""method"": ""alternate""}"
TwoPatterns,ed,lock-step,0.0176876579625431,0.0227680889339953,0.0319532000003164,42,6,none,0,5000,1200,128,4,,"{""init"": ""random"", ""max_iter"": 300, ""method"": ""alternate""}"
TwoPatterns,ed,lock-step,0.026965221975667,0.0317759323808966,0.0376916999994136,42,7,none,0,5000,1200,128,4,,"{""init"": ""random"", ""max_iter"": 300, ""method"": ""alternate""}"
TwoPatterns,ed,lock-step,0.0116527283943151,0.0160602127785996,0.0317067999994833,42,8,none,0,5000,1200,128,4,,"{""init"": ""random"", ""max_iter"": 300, ""method"": ""alternate""}"
TwoPatterns,ed,lock-step,0.0422737210665773,0.0483376888425515,0.0209772999996857,42,9,none,0,5000,1200,128,4,,"{""init"": ""random"", ""max_iter"": 300, ""method"": ""alternate""}"
TwoPatterns,ed,lock-step,0.0196913039317208,0.0237251794616687,0.035507100000359,42,10,none,0,5000,1200,128,4,,"{""init"": ""random"", ""max_iter"": 300, ""method"": ""alternate""}"
TwoPatterns,idk,distributional,0.10965904255182671,0.1363922457365257,308.4622980999993,42,1,none,0,5000,1200,128,4,"{""no_window_threshold"": 0, ""psi"": 1200, ""t"": 220, ""window_size"": 13, ""window_step"": 3}","{""init"": ""random"",""max_iter"": 300,""method"": ""alternate""}"
TwoPatterns,idk,distributional,0.16259355847240206,0.22977360050597775,307.69572390000394,42,2,none,0,5000,1200,128,4,"{""no_window_threshold"": 0, ""psi"": 1200, ""t"": 220, ""window_size"": 13, ""window_step"": 3}","{""init"": ""random"",""max_iter"": 300,""method"": ""alternate""}"
TwoPatterns,idk,distributional,0.18715821512938274,0.20683888971321385,309.04247560001386,42,3,none,0,5000,1200,128,4,"{""no_window_threshold"": 0, ""psi"": 1200, ""t"": 220, ""window_size"": 13, ""window_step"": 3}","{""init"": ""random"",""max_iter"": 300,""method"": ""alternate""}"
TwoPatterns,idk,distributional,0.0011864139710105381,0.004268503588050675,308.7180040999956,42,4,none,0,5000,1200,128,4,"{""no_window_threshold"": 0, ""psi"": 1200, ""t"": 220, ""window_size"": 13, ""window_step"": 3}","{""init"": ""random"",""max_iter"": 300,""method"": ""alternate""}"
TwoPatterns,idk,distributional,0.12407439856063561,0.14432004851545213,314.46620619999885,42,5,none,0,5000,1200,128,4,"{""no_window_threshold"": 0, ""psi"": 1200, ""t"": 220, ""window_size"": 13, ""window_step"": 3}","{""init"": ""random"",""max_iter"": 300,""method"": ""alternate""}"
TwoPatterns,idk,distributional,0.13676958703446565,0.1479828400061141,373.0834449999966,42,6,none,0,5000,1200,128,4,"{""no_window_threshold"": 0, ""psi"": 1200, ""t"": 220, ""window_size"": 13, ""window_step"": 3}","{""init"": ""random"",""max_iter"": 300,""method"": ""alternate""}"
TwoPatterns,idk,distributional,0.09737336448622197,0.11577333359120853,313.1160810000001,42,7,none,0,5000,1200,128,4,"{""no_window_threshold"": 0, ""psi"": 1200, ""t"": 220, ""window_size"": 13, ""window_step"": 3}","{""init"": ""random"",""max_iter"": 300,""method"": ""alternate""}"
TwoPatterns,idk,distributional,0.16113873071958665,0.1840639438420897,307.41988929999934,42,8,none,0,5000,1200,128,4,"{""no_window_threshold"": 0, ""psi"": 1200, ""t"": 220, ""window_size"": 13, ""window_step"": 3}","{""init"": ""random"",""max_iter"": 300,""method"": ""alternate""}"
TwoPatterns,idk,distributional,0.08784005795959039,0.10631178813007008,309.5049627000117,42,9,none,0,5000,1200,128,4,"{""no_window_threshold"": 0, ""psi"": 1200, ""t"": 220, ""window_size"": 13, ""window_step"": 3}","{""init"": ""random"",""max_iter"": 300,""method"": ""alternate""}"
TwoPatterns,idk,distributional,0.18181450709990876,0.20062584521074492,307.69210349999776,42,10,none,0,5000,1200,128,4,"{""no_window_threshold"": 0, ""psi"": 1200, ""t"": 220, ""window_size"": 13, ""window_step"": 3}","{""init"": ""random"",""max_iter"": 300,""method"": ""alternate""}"
TwoPatterns,msm,elastic,0.0687157076893615,0.0904350263739421,101.2648557,42,1,none,0,5000,1200,128,4,"{""c"": 1.0, ""backend"": ""aeon""}","{""init"": ""random"", ""max_iter"": 300, ""method"": ""alternate""}"
TwoPatterns,msm,elastic,0.0758618657440651,0.107698850425093,57.67482669999981,42,2,none,0,5000,1200,128,4,"{""c"": 1.0, ""backend"": ""aeon""}","{""init"": ""random"", ""max_iter"": 300, ""method"": ""alternate""}"
TwoPatterns,msm,elastic,0.0623491224701672,0.1003232535498892,64.67829529999995,42,3,none,0,5000,1200,128,4,"{""c"": 1.0, ""backend"": ""aeon""}","{""init"": ""random"", ""max_iter"": 300, ""method"": ""alternate""}"
TwoPatterns,msm,elastic,0.0815819759913809,0.0987464388917789,68.0366227999998,42,4,none,0,5000,1200,128,4,"{""c"": 1.0, ""backend"": ""aeon""}","{""init"": ""random"", ""max_iter"": 300, ""method"": ""alternate""}"
TwoPatterns,msm,elastic,0.023863771681885,0.046871562478564,67.1523030999997,42,5,none,0,5000,1200,128,4,"{""c"": 1.0, ""backend"": ""aeon""}","{""init"": ""random"", ""max_iter"": 300, ""method"": ""alternate""}"
TwoPatterns,msm,elastic,0.1100249019859137,0.1440297090974388,63.64873489999991,42,6,none,0,5000,1200,128,4,"{""c"": 1.0, ""backend"": ""aeon""}","{""init"": ""random"", ""max_iter"": 300, ""method"": ""alternate""}"
TwoPatterns,msm,elastic,0.1318447982249069,0.162492299906126,67.97777729999962,42,7,none,0,5000,1200,128,4,"{""c"": 1.0, ""backend"": ""aeon""}","{""init"": ""random"", ""max_iter"": 300, ""method"": ""alternate""}"
TwoPatterns,msm,elastic,0.0715890126525559,0.10634208261318,64.89259609999999,42,8,none,0,5000,1200,128,4,"{""c"": 1.0, ""backend"": ""aeon""}","{""init"": ""random"", ""max_iter"": 300, ""method"": ""alternate""}"
TwoPatterns,msm,elastic,0.1109378262498393,0.1425440792001573,72.90098039999975,42,9,none,0,5000,1200,128,4,"{""c"": 1.0, ""backend"": ""aeon""}","{""init"": ""random"", ""max_iter"": 300, ""method"": ""alternate""}"
TwoPatterns,msm,elastic,0.0588706548576247,0.0802448114384362,71.53326350000043,42,10,none,0,5000,1200,128,4,"{""c"": 1.0, ""backend"": ""aeon""}","{""init"": ""random"", ""max_iter"": 300, ""method"": ""alternate""}"
TwoPatterns,sbd,sliding,0.10245820584009155,0.12124876037419711,10.578626800008351,42,1,none,0,5000,1200,128,4,"{""backend"": ""reference"", ""candidate_k"": 20, ""coarse_method"": ""paa"", ""n_jobs"": -1, ""paa_segments"": 32, ""standardize"": false}","{""init"": ""random"",""max_iter"": 300,""method"": ""alternate""}"
TwoPatterns,sbd,sliding,0.129256006984714,0.16748966895264497,9.599889900011476,42,2,none,0,5000,1200,128,4,"{""backend"": ""reference"", ""candidate_k"": 20, ""coarse_method"": ""paa"", ""n_jobs"": -1, ""paa_segments"": 32, ""standardize"": false}","{""init"": ""random"",""max_iter"": 300,""method"": ""alternate""}"
TwoPatterns,sbd,sliding,0.08602513525128383,0.12183817318321322,9.761762200010708,42,3,none,0,5000,1200,128,4,"{""backend"": ""reference"", ""candidate_k"": 20, ""coarse_method"": ""paa"", ""n_jobs"": -1, ""paa_segments"": 32, ""standardize"": false}","{""init"": ""random"",""max_iter"": 300,""method"": ""alternate""}"
TwoPatterns,sbd,sliding,0.06610651853265168,0.0808256654843912,9.809260599999106,42,4,none,0,5000,1200,128,4,"{""backend"": ""reference"", ""candidate_k"": 20, ""coarse_method"": ""paa"", ""n_jobs"": -1, ""paa_segments"": 32, ""standardize"": false}","{""init"": ""random"",""max_iter"": 300,""method"": ""alternate""}"
TwoPatterns,sbd,sliding,0.1183682642556164,0.17333014981446354,9.689157900007558,42,5,none,0,5000,1200,128,4,"{""backend"": ""reference"", ""candidate_k"": 20, ""coarse_method"": ""paa"", ""n_jobs"": -1, ""paa_segments"": 32, ""standardize"": false}","{""init"": ""random"",""max_iter"": 300,""method"": ""alternate""}"
TwoPatterns,sbd,sliding,0.027602099197475277,0.036544767281277965,9.767212599996128,42,6,none,0,5000,1200,128,4,"{""backend"": ""reference"", ""candidate_k"": 20, ""coarse_method"": ""paa"", ""n_jobs"": -1, ""paa_segments"": 32, ""standardize"": false}","{""init"": ""random"",""max_iter"": 300,""method"": ""alternate""}"
TwoPatterns,sbd,sliding,0.0980759655545978,0.13997578797676816,9.663547699994524,42,7,none,0,5000,1200,128,4,"{""backend"": ""reference"", ""candidate_k"": 20, ""coarse_method"": ""paa"", ""n_jobs"": -1, ""paa_segments"": 32, ""standardize"": false}","{""init"": ""random"",""max_iter"": 300,""method"": ""alternate""}"
TwoPatterns,sbd,sliding,0.15880229259687254,0.2141004263609422,9.732071899998118,42,8,none,0,5000,1200,128,4,"{""backend"": ""reference"", ""candidate_k"": 20, ""coarse_method"": ""paa"", ""n_jobs"": -1, ""paa_segments"": 32, ""standardize"": false}","{""init"": ""random"",""max_iter"": 300,""method"": ""alternate""}"
TwoPatterns,sbd,sliding,0.070773210376135,0.10913800955989057,10.659518499989645,42,9,none,0,5000,1200,128,4,"{""backend"": ""reference"", ""candidate_k"": 20, ""coarse_method"": ""paa"", ""n_jobs"": -1, ""paa_segments"": 32, ""standardize"": false}","{""init"": ""random"",""max_iter"": 300,""method"": ""alternate""}"
TwoPatterns,sbd,sliding,0.09767260920042714,0.12323802117722081,10.665965599997435,42,10,none,0,5000,1200,128,4,"{""backend"": ""reference"", ""candidate_k"": 20, ""coarse_method"": ""paa"", ""n_jobs"": -1, ""paa_segments"": 32, ""standardize"": false}","{""init"": ""random"",""max_iter"": 300,""method"": ""alternate""}"
Wine,dtw,elastic,-0.0051879194717147,0.0010564787158772,13.617357199999995,0,1,none,0,111,111,234,2,"{""window"": 23, ""backend"": ""aeon""}","{""init"":""random"",""max_iter"":300,""method"":""alternate""}"
Wine,dtw,elastic,-0.0051879194717147,0.0010564787158772,12.600404800000009,0,2,none,0,111,111,234,2,"{""window"": 23, ""backend"": ""aeon""}","{""init"":""random"",""max_iter"":300,""method"":""alternate""}"
Wine,dtw,elastic,-0.0061773947819462,0.0010996878633551,12.648681599999996,0,3,none,0,111,111,234,2,"{""window"": 23, ""backend"": ""aeon""}","{""init"":""random"",""max_iter"":300,""method"":""alternate""}"
Wine,dtw,elastic,0.0092620468592275,0.0132765059491336,12.567975999999987,0,4,none,0,111,111,234,2,"{""window"": 23, ""backend"": ""aeon""}","{""init"":""random"",""max_iter"":300,""method"":""alternate""}"
Wine,dtw,elastic,-0.0021045950593673,0.0043608532467029,12.689383199999996,0,5,none,0,111,111,234,2,"{""window"": 23, ""backend"": ""aeon""}","{""init"":""random"",""max_iter"":300,""method"":""alternate""}"
Wine,dtw,elastic,0.000825836944693,0.0068124951867883,12.76206710000001,0,6,none,0,111,111,234,2,"{""window"": 23, ""backend"": ""aeon""}","{""init"":""random"",""max_iter"":300,""method"":""alternate""}"
Wine,dtw,elastic,-0.0061773947819462,0.0010996878633551,12.584402799999992,0,7,none,0,111,111,234,2,"{""window"": 23, ""backend"": ""aeon""}","{""init"":""random"",""max_iter"":300,""method"":""alternate""}"
Wine,dtw,elastic,-0.0021045950593673,0.0043608532467029,12.5150407,0,8,none,0,111,111,234,2,"{""window"": 23, ""backend"": ""aeon""}","{""init"":""random"",""max_iter"":300,""method"":""alternate""}"
Wine,dtw,elastic,-0.0021045950593673,0.0043608532467029,12.488516000000033,0,9,none,0,111,111,234,2,"{""window"": 23, ""backend"": ""aeon""}","{""init"":""random"",""max_iter"":300,""method"":""alternate""}"
Wine,dtw,elastic,-0.0061773947819462,0.0010996878633551,12.495420699999984,0,10,none,0,111,111,234,2,"{""window"": 23, ""backend"": ""aeon""}","{""init"":""random"",""max_iter"":300,""method"":""alternate""}"
Wine,ed,lock-step,-0.0051879194717147,0.0010564787158772,0.0016600999999987,0,1,none,0,111,111,234,2,,"{""init"":""random"",""max_iter"":300,""method"":""alternate""}"
Wine,ed,lock-step,-0.0051879194717147,0.0010564787158772,0.001317500000006,0,2,none,0,111,111,234,2,,"{""init"":""random"",""max_iter"":300,""method"":""alternate""}"
Wine,ed,lock-step,-0.0061773947819462,0.0010996878633551,0.0016096000000018,0,3,none,0,111,111,234,2,,"{""init"":""random"",""max_iter"":300,""method"":""alternate""}"
Wine,ed,lock-step,-0.0087205288258974,0.0001636010190933,0.0011750999999975,0,4,none,0,111,111,234,2,,"{""init"":""random"",""max_iter"":300,""method"":""alternate""}"
Wine,ed,lock-step,-0.0021045950593673,0.0043608532467029,0.0013681999999874,0,5,none,0,111,111,234,2,,"{""init"":""random"",""max_iter"":300,""method"":""alternate""}"
Wine,ed,lock-step,-0.0087205288258974,0.0001636010190933,0.0018184999999988,0,6,none,0,111,111,234,2,,"{""init"":""random"",""max_iter"":300,""method"":""alternate""}"
Wine,ed,lock-step,-0.0019565756065223,0.0043567385876772,0.0016804999999919,0,7,none,0,111,111,234,2,,"{""init"":""random"",""max_iter"":300,""method"":""alternate""}"
Wine,ed,lock-step,-0.0019565756065223,0.0043567385876772,0.0009134000000017,0,8,none,0,111,111,234,2,,"{""init"":""random"",""max_iter"":300,""method"":""alternate""}"
Wine,ed,lock-step,-0.0021045950593673,0.0043608532467029,0.0018282999999996,0,9,none,0,111,111,234,2,,"{""init"":""random"",""max_iter"":300,""method"":""alternate""}"
Wine,ed,lock-step,-0.0061773947819462,0.0010996878633551,0.000957800000009,0,10,none,0,111,111,234,2,,"{""init"":""random"",""max_iter"":300,""method"":""alternate""}"
Wine,idk,distributional,-0.0014908738257559308,0.0071072910361065535,2.9904035000072327,0,1,none,0,111,111,234,2,"{""no_window_threshold"": 0, ""psi"": 111, ""t"": 220, ""window_size"": 23, ""window_step"": 5}","{""init"": ""random"",""max_iter"": 300,""method"": ""alternate""}"
Wine,idk,distributional,-0.002033320975067198,0.006042122306287452,5.612056800004211,0,2,none,0,111,111,234,2,"{""no_window_threshold"": 0, ""psi"": 111, ""t"": 220, ""window_size"": 23, ""window_step"": 5}","{""init"": ""random"",""max_iter"": 300,""method"": ""alternate""}"
Wine,idk,distributional,0.026959122285396344,0.026235691353139707,5.509628100000555,0,3,none,0,111,111,234,2,"{""no_window_threshold"": 0, ""psi"": 111, ""t"": 220, ""window_size"": 23, ""window_step"": 5}","{""init"": ""random"",""max_iter"": 300,""method"": ""alternate""}"
Wine,idk,distributional,0.04205600706036827,0.037742805664530046,4.779294100007974,0,4,none,0,111,111,234,2,"{""no_window_threshold"": 0, ""psi"": 111, ""t"": 220, ""window_size"": 23, ""window_step"": 5}","{""init"": ""random"",""max_iter"": 300,""method"": ""alternate""}"
Wine,idk,distributional,-0.008720528825897456,0.0001636010190933287,4.586425400004373,0,5,none,0,111,111,234,2,"{""no_window_threshold"": 0, ""psi"": 111, ""t"": 220, ""window_size"": 23, ""window_step"": 5}","{""init"": ""random"",""max_iter"": 300,""method"": ""alternate""}"
Wine,idk,distributional,0.02040129633237112,0.021325585041830908,3.0206553999887547,0,6,none,0,111,111,234,2,"{""no_window_threshold"": 0, ""psi"": 111, ""t"": 220, ""window_size"": 23, ""window_step"": 5}","{""init"": ""random"",""max_iter"": 300,""method"": ""alternate""}"
Wine,idk,distributional,0.026959122285396344,0.026235691353139707,3.008925800008001,0,7,none,0,111,111,234,2,"{""no_window_threshold"": 0, ""psi"": 111, ""t"": 220, ""window_size"": 23, ""window_step"": 5}","{""init"": ""random"",""max_iter"": 300,""method"": ""alternate""}"
Wine,idk,distributional,-0.002033320975067198,0.006042122306287452,4.125973700007307,0,8,none,0,111,111,234,2,"{""no_window_threshold"": 0, ""psi"": 111, ""t"": 220, ""window_size"": 23, ""window_step"": 5}","{""init"": ""random"",""max_iter"": 300,""method"": ""alternate""}"
Wine,idk,distributional,0.034177405935340285,0.03170027939473417,2.926628899993375,0,9,none,0,111,111,234,2,"{""no_window_threshold"": 0, ""psi"": 111, ""t"": 220, ""window_size"": 23, ""window_step"": 5}","{""init"": ""random"",""max_iter"": 300,""method"": ""alternate""}"
Wine,idk,distributional,-0.008720528825897456,0.0001636010190933287,2.9414416999934474,0,10,none,0,111,111,234,2,"{""no_window_threshold"": 0, ""psi"": 111, ""t"": 220, ""window_size"": 23, ""window_step"": 5}","{""init"": ""random"",""max_iter"": 300,""method"": ""alternate""}"
Wine,msm,elastic,-0.0066388961208018,0.0002120808945874,1.9230192000000024,0,1,none,0,111,111,234,2,"{""c"": 1.0, ""backend"": ""aeon""}","{""init"":""random"",""max_iter"":300,""method"":""alternate""}"
Wine,msm,elastic,-0.0070350799006812,0.0013292840124719,1.890734000000002,0,2,none,0,111,111,234,2,"{""c"": 1.0, ""backend"": ""aeon""}","{""init"":""random"",""max_iter"":300,""method"":""alternate""}"
Wine,msm,elastic,-0.0083343066289961,7.764676459395e-07,1.7797404000000014,0,3,none,0,111,111,234,2,"{""c"": 1.0, ""backend"": ""aeon""}","{""init"":""random"",""max_iter"":300,""method"":""alternate""}"
Wine,msm,elastic,-0.0088364531861127,0.0001398006022254,1.838514199999992,0,4,none,0,111,111,234,2,"{""c"": 1.0, ""backend"": ""aeon""}","{""init"":""random"",""max_iter"":300,""method"":""alternate""}"
Wine,msm,elastic,-0.0083343066289961,7.764676459395e-07,1.890165599999989,0,5,none,0,111,111,234,2,"{""c"": 1.0, ""backend"": ""aeon""}","{""init"":""random"",""max_iter"":300,""method"":""alternate""}"
Wine,msm,elastic,-0.0070350799006812,0.0013292840124719,1.815877600000008,0,6,none,0,111,111,234,2,"{""c"": 1.0, ""backend"": ""aeon""}","{""init"":""random"",""max_iter"":300,""method"":""alternate""}"
Wine,msm,elastic,-0.0083343066289961,7.764676459395e-07,1.811253999999991,0,7,none,0,111,111,234,2,"{""c"": 1.0, ""backend"": ""aeon""}","{""init"":""random"",""max_iter"":300,""method"":""alternate""}"
Wine,msm,elastic,-0.0083343066289961,7.764676459395e-07,1.8333690000000047,0,8,none,0,111,111,234,2,"{""c"": 1.0, ""backend"": ""aeon""}","{""init"":""random"",""max_iter"":300,""method"":""alternate""}"
Wine,msm,elastic,-0.0083343066289961,7.764676459395e-07,1.815102900000028,0,9,none,0,111,111,234,2,"{""c"": 1.0, ""backend"": ""aeon""}","{""init"":""random"",""max_iter"":300,""method"":""alternate""}"
Wine,msm,elastic,-0.0083343066289961,7.764676459395e-07,1.813916899999981,0,10,none,0,111,111,234,2,"{""c"": 1.0, ""backend"": ""aeon""}","{""init"":""random"",""max_iter"":300,""method"":""alternate""}"
Wine,sbd,sliding,-0.005187919471714703,0.0010564787158772687,0.08661810000194237,0,1,none,0,111,111,234,2,"{""backend"": ""reference"", ""candidate_k"": 20, ""coarse_method"": ""paa"", ""n_jobs"": -1, ""paa_segments"": 32, ""standardize"": false}","{""init"": ""random"",""max_iter"": 300,""method"": ""alternate""}"
Wine,sbd,sliding,-0.005187919471714703,0.0010564787158772687,0.07905339999706484,0,2,none,0,111,111,234,2,"{""backend"": ""reference"", ""candidate_k"": 20, ""coarse_method"": ""paa"", ""n_jobs"": -1, ""paa_segments"": 32, ""standardize"": false}","{""init"": ""random"",""max_iter"": 300,""method"": ""alternate""}"
Wine,sbd,sliding,-0.008422559911189053,0.0002210469190251605,0.1086321000038879,0,3,none,0,111,111,234,2,"{""backend"": ""reference"", ""candidate_k"": 20, ""coarse_method"": ""paa"", ""n_jobs"": -1, ""paa_segments"": 32, ""standardize"": false}","{""init"": ""random"",""max_iter"": 300,""method"": ""alternate""}"
Wine,sbd,sliding,-0.008422559911189053,0.0002210469190251605,0.10819199999968987,0,4,none,0,111,111,234,2,"{""backend"": ""reference"", ""candidate_k"": 20, ""coarse_method"": ""paa"", ""n_jobs"": -1, ""paa_segments"": 32, ""standardize"": false}","{""init"": ""random"",""max_iter"": 300,""method"": ""alternate""}"
Wine,sbd,sliding,-0.00465301593186476,0.002503433643233547,0.1836704000015743,0,5,none,0,111,111,234,2,"{""backend"": ""reference"", ""candidate_k"": 20, ""coarse_method"": ""paa"", ""n_jobs"": -1, ""paa_segments"": 32, ""standardize"": false}","{""init"": ""random"",""max_iter"": 300,""method"": ""alternate""}"
Wine,sbd,sliding,-0.008422559911189053,0.0002210469190251605,0.14384020000579767,0,6,none,0,111,111,234,2,"{""backend"": ""reference"", ""candidate_k"": 20, ""coarse_method"": ""paa"", ""n_jobs"": -1, ""paa_segments"": 32, ""standardize"": false}","{""init"": ""random"",""max_iter"": 300,""method"": ""alternate""}"
Wine,sbd,sliding,-0.008422559911189053,0.0002210469190251605,0.09399309998843819,0,7,none,0,111,111,234,2,"{""backend"": ""reference"", ""candidate_k"": 20, ""coarse_method"": ""paa"", ""n_jobs"": -1, ""paa_segments"": 32, ""standardize"": false}","{""init"": ""random"",""max_iter"": 300,""method"": ""alternate""}"
Wine,sbd,sliding,-0.008422559911189053,0.0002210469190251605,0.0839265999966301,0,8,none,0,111,111,234,2,"{""backend"": ""reference"", ""candidate_k"": 20, ""coarse_method"": ""paa"", ""n_jobs"": -1, ""paa_segments"": 32, ""standardize"": false}","{""init"": ""random"",""max_iter"": 300,""method"": ""alternate""}"
Wine,sbd,sliding,-0.008422559911189053,0.0002210469190251605,0.0851634999999078,0,9,none,0,111,111,234,2,"{""backend"": ""reference"", ""candidate_k"": 20, ""coarse_method"": ""paa"", ""n_jobs"": -1, ""paa_segments"": 32, ""standardize"": false}","{""init"": ""random"",""max_iter"": 300,""method"": ""alternate""}"
Wine,sbd,sliding,-0.0007521189505047875,0.00873984192836292,0.08620979999250267,0,10,none,0,111,111,234,2,"{""backend"": ""reference"", ""candidate_k"": 20, ""coarse_method"": ""paa"", ""n_jobs"": -1, ""paa_segments"": 32, ""standardize"": false}","{""init"": ""random"",""max_iter"": 300,""method"": ""alternate""}"
