dataset,measure,paradigm,ari,nmi,runtime,subsample_seed,clustering_seed,perturbation_type,perturbation_level,n_original,n_sampled,series_length,k,measure_params,clustering_params
CBF,sbd,sliding,0.7376728857876098,0.7542086088793142,1.8281731999999988,42,1,noise,0.0,930,150,128,3,"{""backend"": ""auto"", ""n_jobs"": -1}","{""init"": ""random"", ""max_iter"": 300, ""method"": ""alternate""}"
CBF,idk,distributional,0.7203536622123983,0.7452159287407532,30.278956,42,1,noise,0.0,930,150,128,3,,"{""init"": ""random"", ""max_iter"": 300, ""method"": ""alternate""}"
CBF,sbd,sliding,0.7376728857876098,0.7542086088793142,0.6324234000000075,42,2,noise,0.0,930,150,128,3,"{""backend"": ""auto"", ""n_jobs"": -1}","{""init"": ""random"", ""max_iter"": 300, ""method"": ""alternate""}"
CBF,idk,distributional,0.3464836071839963,0.41461159813388476,28.236489900000002,42,2,noise,0.0,930,150,128,3,,"{""init"": ""random"", ""max_iter"": 300, ""method"": ""alternate""}"
CBF,sbd,sliding,0.7376728857876098,0.7542086088793142,0.649233300000013,42,3,noise,0.0,930,150,128,3,"{""backend"": ""auto"", ""n_jobs"": -1}","{""init"": ""random"", ""max_iter"": 300, ""method"": ""alternate""}"
CBF,idk,distributional,0.294121038777839,0.38213179007430786,26.774734800000004,42,3,noise,0.0,930,150,128,3,,"{""init"": ""random"", ""max_iter"": 300, ""method"": ""alternate""}"
CBF,sbd,sliding,0.7376728857876098,0.7542086088793142,0.675537300000002,42,4,noise,0.0,930,150,128,3,"{""backend"": ""auto"", ""n_jobs"": -1}","{""init"": ""random"", ""max_iter"": 300, ""method"": ""alternate""}"
CBF,idk,distributional,0.3464836071839963,0.41461159813388476,27.957572499999998,42,4,noise,0.0,930,150,128,3,,"{""init"": ""random"", ""max_iter"": 300, ""method"": ""alternate""}"
CBF,sbd,sliding,0.7376728857876098,0.7542086088793142,0.801048300000005,42,5,noise,0.0,930,150,128,3,"{""backend"": ""auto"", ""n_jobs"": -1}","{""init"": ""random"", ""max_iter"": 300, ""method"": ""alternate""}"
CBF,idk,distributional,0.48364688706350567,0.5197631978929902,29.23117710000001,42,5,noise,0.0,930,150,128,3,,"{""init"": ""random"", ""max_iter"": 300, ""method"": ""alternate""}"
CBF,sbd,sliding,0.7376728857876098,0.7542086088793142,0.7076313000000027,42,6,noise,0.0,930,150,128,3,"{""backend"": ""auto"", ""n_jobs"": -1}","{""init"": ""random"", ""max_iter"": 300, ""method"": ""alternate""}"
CBF,idk,distributional,0.22125883885052627,0.3485757055873571,27.62137260000003,42,6,noise,0.0,930,150,128,3,,"{""init"": ""random"", ""max_iter"": 300, ""method"": ""alternate""}"
CBF,sbd,sliding,0.2806623558310791,0.32868028029568996,0.8540465000000097,42,7,noise,0.0,930,150,128,3,"{""backend"": ""auto"", ""n_jobs"": -1}","{""init"": ""random"", ""max_iter"": 300, ""method"": ""alternate""}"
CBF,idk,distributional,0.21544217013278139,0.36072794907364975,27.99514700000003,42,7,noise,0.0,930,150,128,3,,"{""init"": ""random"", ""max_iter"": 300, ""method"": ""alternate""}"
CBF,sbd,sliding,0.7376728857876098,0.7542086088793142,0.6502960999999914,42,8,noise,0.0,930,150,128,3,"{""backend"": ""auto"", ""n_jobs"": -1}","{""init"": ""random"", ""max_iter"": 300, ""method"": ""alternate""}"
CBF,idk,distributional,0.33751617441358933,0.4099445869814667,29.8569033,42,8,noise,0.0,930,150,128,3,,"{""init"": ""random"", ""max_iter"": 300, ""method"": ""alternate""}"
CBF,sbd,sliding,0.4992866880131884,0.5664631421107773,0.714704399999988,42,9,noise,0.0,930,150,128,3,"{""backend"": ""auto"", ""n_jobs"": -1}","{""init"": ""random"", ""max_iter"": 300, ""method"": ""alternate""}"
CBF,idk,distributional,0.3765321188091095,0.41037302697793887,28.174592200000006,42,9,noise,0.0,930,150,128,3,,"{""init"": ""random"", ""max_iter"": 300, ""method"": ""alternate""}"
CBF,sbd,sliding,0.18163216249874678,0.25628504118658074,0.6552280000000792,42,10,noise,0.0,930,150,128,3,"{""backend"": ""auto"", ""n_jobs"": -1}","{""init"": ""random"", ""max_iter"": 300, ""method"": ""alternate""}"
CBF,idk,distributional,0.18883051486850178,0.25351472932987273,29.189159099999983,42,10,noise,0.0,930,150,128,3,,"{""init"": ""random"", ""max_iter"": 300, ""method"": ""alternate""}"
CBF,sbd,sliding,0.7398520295940811,0.7634710466697724,0.6761606000000029,42,1,noise,0.1,930,150,128,3,"{""backend"": ""auto"", ""n_jobs"": -1}","{""init"": ""random"", ""max_iter"": 300, ""method"": ""alternate""}"
CBF,idk,distributional,0.7359274203842624,0.7474194878219296,29.250609199999985,42,1,noise,0.1,930,150,128,3,,"{""init"": ""random"", ""max_iter"": 300, ""method"": ""alternate""}"
CBF,sbd,sliding,0.7398520295940811,0.7634710466697724,0.6676812999999697,42,2,noise,0.1,930,150,128,3,"{""backend"": ""auto"", ""n_jobs"": -1}","{""init"": ""random"", ""max_iter"": 300, ""method"": ""alternate""}"
CBF,idk,distributional,0.33692185636450567,0.4190425743529628,29.306225100000006,42,2,noise,0.1,930,150,128,3,,"{""init"": ""random"", ""max_iter"": 300, ""method"": ""alternate""}"
CBF,sbd,sliding,0.7398520295940811,0.7634710466697724,0.7664754999999559,42,3,noise,0.1,930,150,128,3,"{""backend"": ""auto"", ""n_jobs"": -1}","{""init"": ""random"", ""max_iter"": 300, ""method"": ""alternate""}"
CBF,idk,distributional,0.33163558154383843,0.40610726849842366,27.2253111,42,3,noise,0.1,930,150,128,3,,"{""init"": ""random"", ""max_iter"": 300, ""method"": ""alternate""}"
CBF,sbd,sliding,0.6928081985331056,0.7370325174659738,0.62287120000002,42,4,noise,0.1,930,150,128,3,"{""backend"": ""auto"", ""n_jobs"": -1}","{""init"": ""random"", ""max_iter"": 300, ""method"": ""alternate""}"
CBF,idk,distributional,0.33692185636450567,0.4190425743529628,25.136273800000026,42,4,noise,0.1,930,150,128,3,,"{""init"": ""random"", ""max_iter"": 300, ""method"": ""alternate""}"
CBF,sbd,sliding,0.7398520295940811,0.7634710466697724,0.5989569000000188,42,5,noise,0.1,930,150,128,3,"{""backend"": ""auto"", ""n_jobs"": -1}","{""init"": ""random"", ""max_iter"": 300, ""method"": ""alternate""}"
CBF,idk,distributional,0.33712909677156033,0.418793229502499,28.762828700000057,42,5,noise,0.1,930,150,128,3,,"{""init"": ""random"", ""max_iter"": 300, ""method"": ""alternate""}"
CBF,sbd,sliding,0.7398520295940811,0.7634710466697724,0.8337801000000127,42,6,noise,0.1,930,150,128,3,"{""backend"": ""auto"", ""n_jobs"": -1}","{""init"": ""random"", ""max_iter"": 300, ""method"": ""alternate""}"
CBF,idk,distributional,0.31909390050194636,0.39868624962027893,53.78776350000004,42,6,noise,0.1,930,150,128,3,,"{""init"": ""random"", ""max_iter"": 300, ""method"": ""alternate""}"
CBF,sbd,sliding,0.7398520295940811,0.7634710466697724,0.8663584000000242,42,7,noise,0.1,930,150,128,3,"{""backend"": ""auto"", ""n_jobs"": -1}","{""init"": ""random"", ""max_iter"": 300, ""method"": ""alternate""}"
CBF,idk,distributional,0.22777762503093124,0.36552667590732374,42.89319829999994,42,7,noise,0.1,930,150,128,3,,"{""init"": ""random"", ""max_iter"": 300, ""method"": ""alternate""}"
CBF,sbd,sliding,0.7398520295940811,0.7634710466697724,1.6386012000000392,42,8,noise,0.1,930,150,128,3,"{""backend"": ""auto"", ""n_jobs"": -1}","{""init"": ""random"", ""max_iter"": 300, ""method"": ""alternate""}"
CBF,idk,distributional,0.33163558154383843,0.40610726849842366,77.55434949999994,42,8,noise,0.1,930,150,128,3,,"{""init"": ""random"", ""max_iter"": 300, ""method"": ""alternate""}"
CBF,sbd,sliding,0.5325732120961192,0.5877388888413644,3.2256190000000515,42,9,noise,0.1,930,150,128,3,"{""backend"": ""auto"", ""n_jobs"": -1}","{""init"": ""random"", ""max_iter"": 300, ""method"": ""alternate""}"
CBF,idk,distributional,0.29337668050771987,0.3816517939692815,76.93939030000001,42,9,noise,0.1,930,150,128,3,,"{""init"": ""random"", ""max_iter"": 300, ""method"": ""alternate""}"
CBF,sbd,sliding,0.16343137403004165,0.20003030605071528,2.543833500000005,42,10,noise,0.1,930,150,128,3,"{""backend"": ""auto"", ""n_jobs"": -1}","{""init"": ""random"", ""max_iter"": 300, ""method"": ""alternate""}"
CBF,idk,distributional,0.2324602032480029,0.3898573974200436,61.14605280000001,42,10,noise,0.1,930,150,128,3,,"{""init"": ""random"", ""max_iter"": 300, ""method"": ""alternate""}"
CBF,sbd,sliding,0.5584520545774369,0.6340309731716293,2.714513399999987,42,1,noise,0.2,930,150,128,3,"{""backend"": ""auto"", ""n_jobs"": -1}","{""init"": ""random"", ""max_iter"": 300, ""method"": ""alternate""}"
CBF,idk,distributional,0.7424630679265878,0.7763018496593898,69.98566440000002,42,1,noise,0.2,930,150,128,3,,"{""init"": ""random"", ""max_iter"": 300, ""method"": ""alternate""}"
CBF,sbd,sliding,0.7398520295940811,0.7634710466697724,12.012278400000014,42,2,noise,0.2,930,150,128,3,"{""backend"": ""auto"", ""n_jobs"": -1}","{""init"": ""random"", ""max_iter"": 300, ""method"": ""alternate""}"
CBF,idk,distributional,0.39349748738559776,0.4931565031713509,35.49646029999997,42,2,noise,0.2,930,150,128,3,,"{""init"": ""random"", ""max_iter"": 300, ""method"": ""alternate""}"
CBF,sbd,sliding,0.7398520295940811,0.7634710466697724,1.4013903000000028,42,3,noise,0.2,930,150,128,3,"{""backend"": ""auto"", ""n_jobs"": -1}","{""init"": ""random"", ""max_iter"": 300, ""method"": ""alternate""}"
CBF,idk,distributional,0.3396745069801183,0.41169731132403375,43.48435000000006,42,3,noise,0.2,930,150,128,3,,"{""init"": ""random"", ""max_iter"": 300, ""method"": ""alternate""}"
CBF,sbd,sliding,0.6813072818077791,0.7307188490928869,1.925486699999965,42,4,noise,0.2,930,150,128,3,"{""backend"": ""auto"", ""n_jobs"": -1}","{""init"": ""random"", ""max_iter"": 300, ""method"": ""alternate""}"
CBF,idk,distributional,0.3841130090626324,0.47530651938094814,45.616101899999876,42,4,noise,0.2,930,150,128,3,,"{""init"": ""random"", ""max_iter"": 300, ""method"": ""alternate""}"
CBF,sbd,sliding,0.6545277665180381,0.6904693519644739,0.8079113999999663,42,5,noise,0.2,930,150,128,3,"{""backend"": ""auto"", ""n_jobs"": -1}","{""init"": ""random"", ""max_iter"": 300, ""method"": ""alternate""}"
CBF,idk,distributional,0.39151535403852206,0.4635933017837533,38.64975430000004,42,5,noise,0.2,930,150,128,3,,"{""init"": ""random"", ""max_iter"": 300, ""method"": ""alternate""}"
CBF,sbd,sliding,0.7398520295940811,0.7634710466697724,0.8964968000000226,42,6,noise,0.2,930,150,128,3,"{""backend"": ""auto"", ""n_jobs"": -1}","{""init"": ""random"", ""max_iter"": 300, ""method"": ""alternate""}"
CBF,idk,distributional,0.3030217418503376,0.387456540844658,32.71907020000003,42,6,noise,0.2,930,150,128,3,,"{""init"": ""random"", ""max_iter"": 300, ""method"": ""alternate""}"
CBF,sbd,sliding,0.5464401951787049,0.6617365159297223,0.7742092999999386,42,7,noise,0.2,930,150,128,3,"{""backend"": ""auto"", ""n_jobs"": -1}","{""init"": ""random"", ""max_iter"": 300, ""method"": ""alternate""}"
CBF,idk,distributional,0.22957636087988786,0.373829350381681,35.57474209999987,42,7,noise,0.2,930,150,128,3,,"{""init"": ""random"", ""max_iter"": 300, ""method"": ""alternate""}"
CBF,sbd,sliding,0.7398520295940811,0.7634710466697724,0.8877812000000631,42,8,noise,0.2,930,150,128,3,"{""backend"": ""auto"", ""n_jobs"": -1}","{""init"": ""random"", ""max_iter"": 300, ""method"": ""alternate""}"
CBF,idk,distributional,0.31251379624096176,0.3935530637012299,35.93115929999999,42,8,noise,0.2,930,150,128,3,,"{""init"": ""random"", ""max_iter"": 300, ""method"": ""alternate""}"
CBF,sbd,sliding,0.4116604655950823,0.5502271343495742,0.8131782000000385,42,9,noise,0.2,930,150,128,3,"{""backend"": ""auto"", ""n_jobs"": -1}","{""init"": ""random"", ""max_iter"": 300, ""method"": ""alternate""}"
CBF,idk,distributional,0.29161456008642656,0.3806314633150345,37.95165399999996,42,9,noise,0.2,930,150,128,3,,"{""init"": ""random"", ""max_iter"": 300, ""method"": ""alternate""}"
CBF,sbd,sliding,0.1835528312501032,0.21995418021991478,0.8523904999999559,42,10,noise,0.2,930,150,128,3,"{""backend"": ""auto"", ""n_jobs"": -1}","{""init"": ""random"", ""max_iter"": 300, ""method"": ""alternate""}"
CBF,idk,distributional,0.215113295608857,0.3254266230751633,38.92252069999972,42,10,noise,0.2,930,150,128,3,,"{""init"": ""random"", ""max_iter"": 300, ""method"": ""alternate""}"
CBF,sbd,sliding,0.5810416824539643,0.6302062510173786,1.2956500000002507,42,1,noise,0.4,930,150,128,3,"{""backend"": ""auto"", ""n_jobs"": -1}","{""init"": ""random"", ""max_iter"": 300, ""method"": ""alternate""}"
CBF,idk,distributional,0.6617455190067595,0.6833399861344243,33.634993900000154,42,1,noise,0.4,930,150,128,3,,"{""init"": ""random"", ""max_iter"": 300, ""method"": ""alternate""}"
CBF,sbd,sliding,0.7376728857876098,0.7542086088793142,0.6960603999998511,42,2,noise,0.4,930,150,128,3,"{""backend"": ""auto"", ""n_jobs"": -1}","{""init"": ""random"", ""max_iter"": 300, ""method"": ""alternate""}"
CBF,idk,distributional,0.2768238878830335,0.3708734241633824,37.613408900000195,42,2,noise,0.4,930,150,128,3,,"{""init"": ""random"", ""max_iter"": 300, ""method"": ""alternate""}"
CBF,sbd,sliding,0.7251469536363294,0.735546117565356,0.78770140000006,42,3,noise,0.4,930,150,128,3,"{""backend"": ""auto"", ""n_jobs"": -1}","{""init"": ""random"", ""max_iter"": 300, ""method"": ""alternate""}"
CBF,idk,distributional,0.27645877794946067,0.3509716763546245,42.60935379999978,42,3,noise,0.4,930,150,128,3,,"{""init"": ""random"", ""max_iter"": 300, ""method"": ""alternate""}"
CBF,sbd,sliding,0.574611460976656,0.5787076084016841,0.8874977000000399,42,4,noise,0.4,930,150,128,3,"{""backend"": ""auto"", ""n_jobs"": -1}","{""init"": ""random"", ""max_iter"": 300, ""method"": ""alternate""}"
CBF,idk,distributional,0.2480784968148778,0.3312385949449423,31.45442900000012,42,4,noise,0.4,930,150,128,3,,"{""init"": ""random"", ""max_iter"": 300, ""method"": ""alternate""}"
CBF,sbd,sliding,0.5191360251157374,0.5260628699485382,0.8811991999998554,42,5,noise,0.4,930,150,128,3,"{""backend"": ""auto"", ""n_jobs"": -1}","{""init"": ""random"", ""max_iter"": 300, ""method"": ""alternate""}"
CBF,idk,distributional,0.3622909893250286,0.42642809273627313,36.502989899999875,42,5,noise,0.4,930,150,128,3,,"{""init"": ""random"", ""max_iter"": 300, ""method"": ""alternate""}"
CBF,sbd,sliding,0.7376728857876098,0.7542086088793142,0.8568857000000207,42,6,noise,0.4,930,150,128,3,"{""backend"": ""auto"", ""n_jobs"": -1}","{""init"": ""random"", ""max_iter"": 300, ""method"": ""alternate""}"
CBF,idk,distributional,0.28958464640949777,0.37954649848726774,32.235852999999906,42,6,noise,0.4,930,150,128,3,,"{""init"": ""random"", ""max_iter"": 300, ""method"": ""alternate""}"
CBF,sbd,sliding,0.5339425767932028,0.6319534122851143,0.9254040000000714,42,7,noise,0.4,930,150,128,3,"{""backend"": ""auto"", ""n_jobs"": -1}","{""init"": ""random"", ""max_iter"": 300, ""method"": ""alternate""}"
CBF,idk,distributional,0.23048055643744206,0.3372121746393664,38.95064049999996,42,7,noise,0.4,930,150,128,3,,"{""init"": ""random"", ""max_iter"": 300, ""method"": ""alternate""}"
CBF,sbd,sliding,0.7376728857876098,0.7542086088793142,0.8413032999999359,42,8,noise,0.4,930,150,128,3,"{""backend"": ""auto"", ""n_jobs"": -1}","{""init"": ""random"", ""max_iter"": 300, ""method"": ""alternate""}"
CBF,idk,distributional,0.27713429084189395,0.37268683262253083,41.13153299999999,42,8,noise,0.4,930,150,128,3,,"{""init"": ""random"", ""max_iter"": 300, ""method"": ""alternate""}"
CBF,sbd,sliding,0.39363464753387273,0.5092797445531666,1.2384179000000586,42,9,noise,0.4,930,150,128,3,"{""backend"": ""auto"", ""n_jobs"": -1}","{""init"": ""random"", ""max_iter"": 300, ""method"": ""alternate""}"
CBF,idk,distributional,0.2759821490755771,0.37026675434990514,42.49754800000005,42,9,noise,0.4,930,150,128,3,,"{""init"": ""random"", ""max_iter"": 300, ""method"": ""alternate""}"
CBF,sbd,sliding,0.5438831632178992,0.6371737587703264,0.6971513999999388,42,10,noise,0.4,930,150,128,3,"{""backend"": ""auto"", ""n_jobs"": -1}","{""init"": ""random"", ""max_iter"": 300, ""method"": ""alternate""}"
CBF,idk,distributional,0.1866939769093346,0.23538309650043335,34.687595399999964,42,10,noise,0.4,930,150,128,3,,"{""init"": ""random"", ""max_iter"": 300, ""method"": ""alternate""}"
CBF,sbd,sliding,0.5328517716212267,0.5279955510077932,0.7961421000002247,42,1,noise,0.8,930,150,128,3,"{""backend"": ""auto"", ""n_jobs"": -1}","{""init"": ""random"", ""max_iter"": 300, ""method"": ""alternate""}"
CBF,idk,distributional,0.38196587964683765,0.3941255270265595,37.50330739999981,42,1,noise,0.8,930,150,128,3,,"{""init"": ""random"", ""max_iter"": 300, ""method"": ""alternate""}"
CBF,sbd,sliding,0.5328517716212267,0.5279955510077933,0.8036248999997042,42,2,noise,0.8,930,150,128,3,"{""backend"": ""auto"", ""n_jobs"": -1}","{""init"": ""random"", ""max_iter"": 300, ""method"": ""alternate""}"
CBF,idk,distributional,0.22062234183275387,0.2653589737870609,40.10333730000002,42,2,noise,0.8,930,150,128,3,,"{""init"": ""random"", ""max_iter"": 300, ""method"": ""alternate""}"
CBF,sbd,sliding,0.6809464782969743,0.6796721812154317,0.8234207000000424,42,3,noise,0.8,930,150,128,3,"{""backend"": ""auto"", ""n_jobs"": -1}","{""init"": ""random"", ""max_iter"": 300, ""method"": ""alternate""}"
CBF,idk,distributional,0.19825984153140425,0.2254253171806052,33.62608309999973,42,3,noise,0.8,930,150,128,3,,"{""init"": ""random"", ""max_iter"": 300, ""method"": ""alternate""}"
CBF,sbd,sliding,0.26424742333833245,0.30765559652121593,1.0426530000002003,42,4,noise,0.8,930,150,128,3,"{""backend"": ""auto"", ""n_jobs"": -1}","{""init"": ""random"", ""max_iter"": 300, ""method"": ""alternate""}"
CBF,idk,distributional,0.227788795606099,0.2703076196843869,35.14023139999995,42,4,noise,0.8,930,150,128,3,,"{""init"": ""random"", ""max_iter"": 300, ""method"": ""alternate""}"
CBF,sbd,sliding,0.5328517716212267,0.527995551007793,0.8809648000001289,42,5,noise,0.8,930,150,128,3,"{""backend"": ""auto"", ""n_jobs"": -1}","{""init"": ""random"", ""max_iter"": 300, ""method"": ""alternate""}"
CBF,idk,distributional,0.21860292710604035,0.2717812722428179,36.7786216999998,42,5,noise,0.8,930,150,128,3,,"{""init"": ""random"", ""max_iter"": 300, ""method"": ""alternate""}"
CBF,sbd,sliding,0.6809464782969743,0.6796721812154317,0.7179134000000431,42,6,noise,0.8,930,150,128,3,"{""backend"": ""auto"", ""n_jobs"": -1}","{""init"": ""random"", ""max_iter"": 300, ""method"": ""alternate""}"
CBF,idk,distributional,0.2355358422364101,0.294214136162873,37.99517220000007,42,6,noise,0.8,930,150,128,3,,"{""init"": ""random"", ""max_iter"": 300, ""method"": ""alternate""}"
CBF,sbd,sliding,0.3915846675774834,0.42333152682154895,0.8334356999998818,42,7,noise,0.8,930,150,128,3,"{""backend"": ""auto"", ""n_jobs"": -1}","{""init"": ""random"", ""max_iter"": 300, ""method"": ""alternate""}"
CBF,idk,distributional,0.17192611086320775,0.21856293136032517,39.97524300000009,42,7,noise,0.8,930,150,128,3,,"{""init"": ""random"", ""max_iter"": 300, ""method"": ""alternate""}"
CBF,sbd,sliding,0.5328517716212267,0.527995551007793,0.799039399999856,42,8,noise,0.8,930,150,128,3,"{""backend"": ""auto"", ""n_jobs"": -1}","{""init"": ""random"", ""max_iter"": 300, ""method"": ""alternate""}"
CBF,idk,distributional,0.2268894282025319,0.2882209141655917,38.90446949999978,42,8,noise,0.8,930,150,128,3,,"{""init"": ""random"", ""max_iter"": 300, ""method"": ""alternate""}"
CBF,sbd,sliding,0.5328517716212267,0.5279955510077932,0.7493411000000378,42,9,noise,0.8,930,150,128,3,"{""backend"": ""auto"", ""n_jobs"": -1}","{""init"": ""random"", ""max_iter"": 300, ""method"": ""alternate""}"
CBF,idk,distributional,0.22331238347226187,0.28580404020718403,29.651545199999873,42,9,noise,0.8,930,150,128,3,,"{""init"": ""random"", ""max_iter"": 300, ""method"": ""alternate""}"
CBF,sbd,sliding,0.3915846675774834,0.423331526821549,0.7913379000001441,42,10,noise,0.8,930,150,128,3,"{""backend"": ""auto"", ""n_jobs"": -1}","{""init"": ""random"", ""max_iter"": 300, ""method"": ""alternate""}"
CBF,idk,distributional,0.22049052455833526,0.2807397048860397,35.28021119999994,42,10,noise,0.8,930,150,128,3,,"{""init"": ""random"", ""max_iter"": 300, ""method"": ""alternate""}"
CBF,sbd,sliding,0.7376728857876098,0.7542086088793142,0.8303654999999708,42,1,shift,0.0,930,150,128,3,"{""backend"": ""auto"", ""n_jobs"": -1}","{""init"": ""random"", ""max_iter"": 300, ""method"": ""alternate""}"
CBF,idk,distributional,0.7203536622123983,0.7452159287407532,38.484778700000106,42,1,shift,0.0,930,150,128,3,,"{""init"": ""random"", ""max_iter"": 300, ""method"": ""alternate""}"
CBF,sbd,sliding,0.7376728857876098,0.7542086088793142,1.2686492000000271,42,2,shift,0.0,930,150,128,3,"{""backend"": ""auto"", ""n_jobs"": -1}","{""init"": ""random"", ""max_iter"": 300, ""method"": ""alternate""}"
CBF,idk,distributional,0.3464836071839963,0.41461159813388476,40.438618099999985,42,2,shift,0.0,930,150,128,3,,"{""init"": ""random"", ""max_iter"": 300, ""method"": ""alternate""}"
CBF,sbd,sliding,0.7376728857876098,0.7542086088793142,0.8493870999998308,42,3,shift,0.0,930,150,128,3,"{""backend"": ""auto"", ""n_jobs"": -1}","{""init"": ""random"", ""max_iter"": 300, ""method"": ""alternate""}"
CBF,idk,distributional,0.294121038777839,0.38213179007430786,34.54683409999984,42,3,shift,0.0,930,150,128,3,,"{""init"": ""random"", ""max_iter"": 300, ""method"": ""alternate""}"
CBF,sbd,sliding,0.7376728857876098,0.7542086088793142,0.7498056000003999,42,4,shift,0.0,930,150,128,3,"{""backend"": ""auto"", ""n_jobs"": -1}","{""init"": ""random"", ""max_iter"": 300, ""method"": ""alternate""}"
CBF,idk,distributional,0.3464836071839963,0.41461159813388476,33.73208539999996,42,4,shift,0.0,930,150,128,3,,"{""init"": ""random"", ""max_iter"": 300, ""method"": ""alternate""}"
CBF,sbd,sliding,0.7376728857876098,0.7542086088793142,0.7424879000000146,42,5,shift,0.0,930,150,128,3,"{""backend"": ""auto"", ""n_jobs"": -1}","{""init"": ""random"", ""max_iter"": 300, ""method"": ""alternate""}"
CBF,idk,distributional,0.48364688706350567,0.5197631978929902,35.13821710000002,42,5,shift,0.0,930,150,128,3,,"{""init"": ""random"", ""max_iter"": 300, ""method"": ""alternate""}"
CBF,sbd,sliding,0.7376728857876098,0.7542086088793142,0.8008521000001565,42,6,shift,0.0,930,150,128,3,"{""backend"": ""auto"", ""n_jobs"": -1}","{""init"": ""random"", ""max_iter"": 300, ""method"": ""alternate""}"
CBF,idk,distributional,0.22125883885052627,0.3485757055873571,36.18068970000013,42,6,shift,0.0,930,150,128,3,,"{""init"": ""random"", ""max_iter"": 300, ""method"": ""alternate""}"
CBF,sbd,sliding,0.2806623558310791,0.32868028029568996,0.8073703999998543,42,7,shift,0.0,930,150,128,3,"{""backend"": ""auto"", ""n_jobs"": -1}","{""init"": ""random"", ""max_iter"": 300, ""method"": ""alternate""}"
CBF,idk,distributional,0.21544217013278139,0.36072794907364975,35.477032000000236,42,7,shift,0.0,930,150,128,3,,"{""init"": ""random"", ""max_iter"": 300, ""method"": ""alternate""}"
CBF,sbd,sliding,0.7376728857876098,0.7542086088793142,0.7816887999997562,42,8,shift,0.0,930,150,128,3,"{""backend"": ""auto"", ""n_jobs"": -1}","{""init"": ""random"", ""max_iter"": 300, ""method"": ""alternate""}"
CBF,idk,distributional,0.33751617441358933,0.4099445869814667,33.02212869999994,42,8,shift,0.0,930,150,128,3,,"{""init"": ""random"", ""max_iter"": 300, ""method"": ""alternate""}"
CBF,sbd,sliding,0.4992866880131884,0.5664631421107773,0.8019007000002603,42,9,shift,0.0,930,150,128,3,"{""backend"": ""auto"", ""n_jobs"": -1}","{""init"": ""random"", ""max_iter"": 300, ""method"": ""alternate""}"
CBF,idk,distributional,0.3765321188091095,0.41037302697793887,36.064750300000014,42,9,shift,0.0,930,150,128,3,,"{""init"": ""random"", ""max_iter"": 300, ""method"": ""alternate""}"
CBF,sbd,sliding,0.18163216249874678,0.25628504118658074,1.0047119999999268,42,10,shift,0.0,930,150,128,3,"{""backend"": ""auto"", ""n_jobs"": -1}","{""init"": ""random"", ""max_iter"": 300, ""method"": ""alternate""}"
CBF,idk,distributional,0.18883051486850178,0.25351472932987273,43.59097640000027,42,10,shift,0.0,930,150,128,3,,"{""init"": ""random"", ""max_iter"": 300, ""method"": ""alternate""}"
CBF,sbd,sliding,0.480745059954207,0.5660716178827743,0.9664197000001877,42,1,shift,5.0,930,150,128,3,"{""backend"": ""auto"", ""n_jobs"": -1}","{""init"": ""random"", ""max_iter"": 300, ""method"": ""alternate""}"
CBF,idk,distributional,0.7230516626053305,0.7667611461971459,783.7870640999995,42,1,shift,5.0,930,150,128,3,,"{""init"": ""random"", ""max_iter"": 300, ""method"": ""alternate""}"
CBF,sbd,sliding,0.7359274203842624,0.7474194878219296,2.4296134000001075,42,2,shift,5.0,930,150,128,3,"{""backend"": ""auto"", ""n_jobs"": -1}","{""init"": ""random"", ""max_iter"": 300, ""method"": ""alternate""}"
CBF,idk,distributional,0.35605952348767783,0.4263528359845823,82.94354759999987,42,2,shift,5.0,930,150,128,3,,"{""init"": ""random"", ""max_iter"": 300, ""method"": ""alternate""}"
CBF,sbd,sliding,0.283672644633738,0.34447507945522393,3.009554799999478,42,3,shift,5.0,930,150,128,3,"{""backend"": ""auto"", ""n_jobs"": -1}","{""init"": ""random"", ""max_iter"": 300, ""method"": ""alternate""}"
CBF,idk,distributional,0.3077071608732556,0.3908424172733386,66.59724920000008,42,3,shift,5.0,930,150,128,3,,"{""init"": ""random"", ""max_iter"": 300, ""method"": ""alternate""}"
CBF,sbd,sliding,0.7359274203842624,0.7474194878219296,2.9281667000004745,42,4,shift,5.0,930,150,128,3,"{""backend"": ""auto"", ""n_jobs"": -1}","{""init"": ""random"", ""max_iter"": 300, ""method"": ""alternate""}"
CBF,idk,distributional,0.34816505407384735,0.41645190063996357,55.47555080000029,42,4,shift,5.0,930,150,128,3,,"{""init"": ""random"", ""max_iter"": 300, ""method"": ""alternate""}"
CBF,sbd,sliding,0.4027412088828841,0.4256220004495037,2.849735199999941,42,5,shift,5.0,930,150,128,3,"{""backend"": ""auto"", ""n_jobs"": -1}","{""init"": ""random"", ""max_iter"": 300, ""method"": ""alternate""}"
CBF,idk,distributional,0.3255659344268008,0.3754096235585415,53.794905299999755,42,5,shift,5.0,930,150,128,3,,"{""init"": ""random"", ""max_iter"": 300, ""method"": ""alternate""}"
CBF,sbd,sliding,0.7359274203842624,0.7474194878219296,2.610837100000481,42,6,shift,5.0,930,150,128,3,"{""backend"": ""auto"", ""n_jobs"": -1}","{""init"": ""random"", ""max_iter"": 300, ""method"": ""alternate""}"
CBF,idk,distributional,0.22749121294059846,0.37399005576157907,55.67662690000043,42,6,shift,5.0,930,150,128,3,,"{""init"": ""random"", ""max_iter"": 300, ""method"": ""alternate""}"
CBF,sbd,sliding,0.7359274203842624,0.7474194878219296,3.0043179999997847,42,7,shift,5.0,930,150,128,3,"{""backend"": ""auto"", ""n_jobs"": -1}","{""init"": ""random"", ""max_iter"": 300, ""method"": ""alternate""}"
CBF,idk,distributional,0.2121331853648648,0.3395080382658072,54.79525969999986,42,7,shift,5.0,930,150,128,3,,"{""init"": ""random"", ""max_iter"": 300, ""method"": ""alternate""}"
CBF,sbd,sliding,0.7359274203842624,0.7474194878219296,2.8754595000000336,42,8,shift,5.0,930,150,128,3,"{""backend"": ""auto"", ""n_jobs"": -1}","{""init"": ""random"", ""max_iter"": 300, ""method"": ""alternate""}"
CBF,idk,distributional,0.33163558154383843,0.40610726849842366,54.42974850000019,42,8,shift,5.0,930,150,128,3,,"{""init"": ""random"", ""max_iter"": 300, ""method"": ""alternate""}"
CBF,sbd,sliding,0.480745059954207,0.5660716178827743,2.7919157999999697,42,9,shift,5.0,930,150,128,3,"{""backend"": ""auto"", ""n_jobs"": -1}","{""init"": ""random"", ""max_iter"": 300, ""method"": ""alternate""}"
CBF,idk,distributional,0.3225703927557545,0.3814991974816564,55.505068400000255,42,9,shift,5.0,930,150,128,3,,"{""init"": ""random"", ""max_iter"": 300, ""method"": ""alternate""}"
CBF,sbd,sliding,0.19384540476510578,0.26964213335914283,2.6656616000000213,42,10,shift,5.0,930,150,128,3,"{""backend"": ""auto"", ""n_jobs"": -1}","{""init"": ""random"", ""max_iter"": 300, ""method"": ""alternate""}"
CBF,idk,distributional,0.19947337155752215,0.2705035676188111,54.39081470000019,42,10,shift,5.0,930,150,128,3,,"{""init"": ""random"", ""max_iter"": 300, ""method"": ""alternate""}"
CBF,sbd,sliding,0.41491321521012575,0.546321212163027,3.0036075999996683,42,1,shift,10.0,930,150,128,3,"{""backend"": ""auto"", ""n_jobs"": -1}","{""init"": ""random"", ""max_iter"": 300, ""method"": ""alternate""}"
CBF,idk,distributional,0.7455038681804481,0.7979885217013319,54.361318799999935,42,1,shift,10.0,930,150,128,3,,"{""init"": ""random"", ""max_iter"": 300, ""method"": ""alternate""}"
CBF,sbd,sliding,0.7177289380248579,0.7112093821773978,2.9052025999999387,42,2,shift,10.0,930,150,128,3,"{""backend"": ""auto"", ""n_jobs"": -1}","{""init"": ""random"", ""max_iter"": 300, ""method"": ""alternate""}"
CBF,idk,distributional,0.36584396075047143,0.43979108931428906,54.56920329999957,42,2,shift,10.0,930,150,128,3,,"{""init"": ""random"", ""max_iter"": 300, ""method"": ""alternate""}"
CBF,sbd,sliding,0.7177289380248579,0.7112093821773978,2.8224811000000045,42,3,shift,10.0,930,150,128,3,"{""backend"": ""auto"", ""n_jobs"": -1}","{""init"": ""random"", ""max_iter"": 300, ""method"": ""alternate""}"
CBF,idk,distributional,0.30057031962190467,0.3871977558247386,56.86091859999988,42,3,shift,10.0,930,150,128,3,,"{""init"": ""random"", ""max_iter"": 300, ""method"": ""alternate""}"
CBF,sbd,sliding,0.4358244375024607,0.45175128442870943,2.837383900000077,42,4,shift,10.0,930,150,128,3,"{""backend"": ""auto"", ""n_jobs"": -1}","{""init"": ""random"", ""max_iter"": 300, ""method"": ""alternate""}"
CBF,idk,distributional,0.3065206338160186,0.37883976058140734,54.699717800000144,42,4,shift,10.0,930,150,128,3,,"{""init"": ""random"", ""max_iter"": 300, ""method"": ""alternate""}"
CBF,sbd,sliding,0.274273893099672,0.328294263704486,2.944949000000179,42,5,shift,10.0,930,150,128,3,"{""backend"": ""auto"", ""n_jobs"": -1}","{""init"": ""random"", ""max_iter"": 300, ""method"": ""alternate""}"
CBF,idk,distributional,0.30392109591389554,0.36009038714562186,54.41815839999981,42,5,shift,10.0,930,150,128,3,,"{""init"": ""random"", ""max_iter"": 300, ""method"": ""alternate""}"
CBF,sbd,sliding,0.7177289380248579,0.7112093821773978,2.778244900000118,42,6,shift,10.0,930,150,128,3,"{""backend"": ""auto"", ""n_jobs"": -1}","{""init"": ""random"", ""max_iter"": 300, ""method"": ""alternate""}"
CBF,idk,distributional,0.7455038681804481,0.7979885217013319,56.45976369999971,42,6,shift,10.0,930,150,128,3,,"{""init"": ""random"", ""max_iter"": 300, ""method"": ""alternate""}"
CBF,sbd,sliding,0.1988591681107952,0.28774692615089603,2.746116400000119,42,7,shift,10.0,930,150,128,3,"{""backend"": ""auto"", ""n_jobs"": -1}","{""init"": ""random"", ""max_iter"": 300, ""method"": ""alternate""}"
CBF,idk,distributional,0.2324602032480029,0.3898573974200436,57.49323370000002,42,7,shift,10.0,930,150,128,3,,"{""init"": ""random"", ""max_iter"": 300, ""method"": ""alternate""}"
CBF,sbd,sliding,0.7082178946394895,0.7409321603411855,3.0804831999998896,42,8,shift,10.0,930,150,128,3,"{""backend"": ""auto"", ""n_jobs"": -1}","{""init"": ""random"", ""max_iter"": 300, ""method"": ""alternate""}"
CBF,idk,distributional,0.30957392920961924,0.3927616350699283,54.237649399999555,42,8,shift,10.0,930,150,128,3,,"{""init"": ""random"", ""max_iter"": 300, ""method"": ""alternate""}"
CBF,sbd,sliding,0.41491321521012575,0.5463212121630271,2.633447599999272,42,9,shift,10.0,930,150,128,3,"{""backend"": ""auto"", ""n_jobs"": -1}","{""init"": ""random"", ""max_iter"": 300, ""method"": ""alternate""}"
CBF,idk,distributional,0.3307267330924959,0.39510472870790975,53.18190140000024,42,9,shift,10.0,930,150,128,3,,"{""init"": ""random"", ""max_iter"": 300, ""method"": ""alternate""}"
CBF,sbd,sliding,0.1764865750913742,0.22871993275545718,2.925213200000144,42,10,shift,10.0,930,150,128,3,"{""backend"": ""auto"", ""n_jobs"": -1}","{""init"": ""random"", ""max_iter"": 300, ""method"": ""alternate""}"
CBF,idk,distributional,0.19718994305341278,0.278575463651678,56.84590180000032,42,10,shift,10.0,930,150,128,3,,"{""init"": ""random"", ""max_iter"": 300, ""method"": ""alternate""}"
CBF,sbd,sliding,0.3314202233121152,0.49204761222386745,2.8402783000001364,42,1,shift,20.0,930,150,128,3,"{""backend"": ""auto"", ""n_jobs"": -1}","{""init"": ""random"", ""max_iter"": 300, ""method"": ""alternate""}"
CBF,idk,distributional,0.7455038681804481,0.7979885217013319,55.460434599999644,42,1,shift,20.0,930,150,128,3,,"{""init"": ""random"", ""max_iter"": 300, ""method"": ""alternate""}"
CBF,sbd,sliding,0.30086640653743113,0.3210240014690022,2.722142100000383,42,2,shift,20.0,930,150,128,3,"{""backend"": ""auto"", ""n_jobs"": -1}","{""init"": ""random"", ""max_iter"": 300, ""method"": ""alternate""}"
CBF,idk,distributional,0.30988436215144277,0.36544835420644484,54.49544969999988,42,2,shift,20.0,930,150,128,3,,"{""init"": ""random"", ""max_iter"": 300, ""method"": ""alternate""}"
CBF,sbd,sliding,0.292817701874644,0.3344750452878313,2.939099399999577,42,3,shift,20.0,930,150,128,3,"{""backend"": ""auto"", ""n_jobs"": -1}","{""init"": ""random"", ""max_iter"": 300, ""method"": ""alternate""}"
CBF,idk,distributional,0.2982599622098762,0.3845863329988484,54.97076399999969,42,3,shift,20.0,930,150,128,3,,"{""init"": ""random"", ""max_iter"": 300, ""method"": ""alternate""}"
CBF,sbd,sliding,0.295593094900898,0.32240715178447055,2.728368400000363,42,4,shift,20.0,930,150,128,3,"{""backend"": ""auto"", ""n_jobs"": -1}","{""init"": ""random"", ""max_iter"": 300, ""method"": ""alternate""}"
CBF,idk,distributional,0.31702503541245564,0.3721177204229637,54.75178580000011,42,4,shift,20.0,930,150,128,3,,"{""init"": ""random"", ""max_iter"": 300, ""method"": ""alternate""}"
CBF,sbd,sliding,0.4580923435024161,0.5216563461380683,2.8908386000002793,42,5,shift,20.0,930,150,128,3,"{""backend"": ""auto"", ""n_jobs"": -1}","{""init"": ""random"", ""max_iter"": 300, ""method"": ""alternate""}"
CBF,idk,distributional,0.3266953563409099,0.3785217079877711,53.96869289999995,42,5,shift,20.0,930,150,128,3,,"{""init"": ""random"", ""max_iter"": 300, ""method"": ""alternate""}"
CBF,sbd,sliding,0.4580923435024161,0.5216563461380683,2.9996540000001914,42,6,shift,20.0,930,150,128,3,"{""backend"": ""auto"", ""n_jobs"": -1}","{""init"": ""random"", ""max_iter"": 300, ""method"": ""alternate""}"
CBF,idk,distributional,0.7230516626053305,0.7667611461971459,53.81495260000065,42,6,shift,20.0,930,150,128,3,,"{""init"": ""random"", ""max_iter"": 300, ""method"": ""alternate""}"
CBF,sbd,sliding,0.18483469401351968,0.26692366558362474,2.865367999999762,42,7,shift,20.0,930,150,128,3,"{""backend"": ""auto"", ""n_jobs"": -1}","{""init"": ""random"", ""max_iter"": 300, ""method"": ""alternate""}"
CBF,idk,distributional,0.21544217013278139,0.3607279490736497,55.11375080000107,42,7,shift,20.0,930,150,128,3,,"{""init"": ""random"", ""max_iter"": 300, ""method"": ""alternate""}"
CBF,sbd,sliding,0.6101199173241637,0.6362727108585011,2.943453199999567,42,8,shift,20.0,930,150,128,3,"{""backend"": ""auto"", ""n_jobs"": -1}","{""init"": ""random"", ""max_iter"": 300, ""method"": ""alternate""}"
CBF,idk,distributional,0.3070847626610555,0.3901902056046382,55.31943449999926,42,8,shift,20.0,930,150,128,3,,"{""init"": ""random"", ""max_iter"": 300, ""method"": ""alternate""}"
CBF,sbd,sliding,0.15685213645725518,0.24554401360544545,2.9462321000000884,42,9,shift,20.0,930,150,128,3,"{""backend"": ""auto"", ""n_jobs"": -1}","{""init"": ""random"", ""max_iter"": 300, ""method"": ""alternate""}"
CBF,idk,distributional,0.33545747204566023,0.39813371541839065,53.18383610000092,42,9,shift,20.0,930,150,128,3,,"{""init"": ""random"", ""max_iter"": 300, ""method"": ""alternate""}"
CBF,sbd,sliding,0.2157347447759604,0.28029959566187157,2.802360500000759,42,10,shift,20.0,930,150,128,3,"{""backend"": ""auto"", ""n_jobs"": -1}","{""init"": ""random"", ""max_iter"": 300, ""method"": ""alternate""}"
CBF,idk,distributional,0.21378526902046038,0.36109584045119586,53.70651220000036,42,10,shift,20.0,930,150,128,3,,"{""init"": ""random"", ""max_iter"": 300, ""method"": ""alternate""}"
CBF,sbd,sliding,0.358276386341379,0.3660815458882543,2.851571799999874,42,1,shift,30.0,930,150,128,3,"{""backend"": ""auto"", ""n_jobs"": -1}","{""init"": ""random"", ""max_iter"": 300, ""method"": ""alternate""}"
CBF,idk,distributional,0.701087530355823,0.7440134159606245,54.872955800000454,42,1,shift,30.0,930,150,128,3,,"{""init"": ""random"", ""max_iter"": 300, ""method"": ""alternate""}"
CBF,sbd,sliding,0.20816406265573234,0.2426341272912029,2.846164999999928,42,2,shift,30.0,930,150,128,3,"{""backend"": ""auto"", ""n_jobs"": -1}","{""init"": ""random"", ""max_iter"": 300, ""method"": ""alternate""}"
CBF,idk,distributional,0.32307653557002314,0.38724355622200785,55.1612927999995,42,2,shift,30.0,930,150,128,3,,"{""init"": ""random"", ""max_iter"": 300, ""method"": ""alternate""}"
CBF,sbd,sliding,0.27670965424313687,0.2947190289447745,2.89027249999981,42,3,shift,30.0,930,150,128,3,"{""backend"": ""auto"", ""n_jobs"": -1}","{""init"": ""random"", ""max_iter"": 300, ""method"": ""alternate""}"
CBF,idk,distributional,0.28994201159768046,0.379368421747158,54.66158589999941,42,3,shift,30.0,930,150,128,3,,"{""init"": ""random"", ""max_iter"": 300, ""method"": ""alternate""}"
CBF,sbd,sliding,0.2757041198958676,0.34578329268391395,2.4789160999998785,42,4,shift,30.0,930,150,128,3,"{""backend"": ""auto"", ""n_jobs"": -1}","{""init"": ""random"", ""max_iter"": 300, ""method"": ""alternate""}"
CBF,idk,distributional,0.35909971615699976,0.44421495614300777,59.898190599999,42,4,shift,30.0,930,150,128,3,,"{""init"": ""random"", ""max_iter"": 300, ""method"": ""alternate""}"
CBF,sbd,sliding,0.6671167433966152,0.6290614872876733,3.2357145999994827,42,5,shift,30.0,930,150,128,3,"{""backend"": ""auto"", ""n_jobs"": -1}","{""init"": ""random"", ""max_iter"": 300, ""method"": ""alternate""}"
CBF,idk,distributional,0.3296077839075343,0.411048544199032,62.548174100000324,42,5,shift,30.0,930,150,128,3,,"{""init"": ""random"", ""max_iter"": 300, ""method"": ""alternate""}"
CBF,sbd,sliding,0.31313127451017875,0.41164076309935693,2.819811800000025,42,6,shift,30.0,930,150,128,3,"{""backend"": ""auto"", ""n_jobs"": -1}","{""init"": ""random"", ""max_iter"": 300, ""method"": ""alternate""}"
CBF,idk,distributional,0.22749121294059846,0.37399005576157907,55.354061699999875,42,6,shift,30.0,930,150,128,3,,"{""init"": ""random"", ""max_iter"": 300, ""method"": ""alternate""}"
CBF,sbd,sliding,0.15372460160104948,0.19632136656544488,3.17049919999954,42,7,shift,30.0,930,150,128,3,"{""backend"": ""auto"", ""n_jobs"": -1}","{""init"": ""random"", ""max_iter"": 300, ""method"": ""alternate""}"
CBF,idk,distributional,0.22749121294059846,0.37399005576157907,62.178582800001095,42,7,shift,30.0,930,150,128,3,,"{""init"": ""random"", ""max_iter"": 300, ""method"": ""alternate""}"
CBF,sbd,sliding,0.3646314774719444,0.43850170188656695,3.2555774999991627,42,8,shift,30.0,930,150,128,3,"{""backend"": ""auto"", ""n_jobs"": -1}","{""init"": ""random"", ""max_iter"": 300, ""method"": ""alternate""}"
CBF,idk,distributional,0.3027394521095781,0.38752552291040726,57.35721049999938,42,8,shift,30.0,930,150,128,3,,"{""init"": ""random"", ""max_iter"": 300, ""method"": ""alternate""}"
CBF,sbd,sliding,0.14652292957993987,0.17192046890952237,2.9193425000003117,42,9,shift,30.0,930,150,128,3,"{""backend"": ""auto"", ""n_jobs"": -1}","{""init"": ""random"", ""max_iter"": 300, ""method"": ""alternate""}"
CBF,idk,distributional,0.32875161814544335,0.4107883523110916,52.641111799999635,42,9,shift,30.0,930,150,128,3,,"{""init"": ""random"", ""max_iter"": 300, ""method"": ""alternate""}"
CBF,sbd,sliding,0.13507281537361732,0.18791217833038146,2.8636632999996436,42,10,shift,30.0,930,150,128,3,"{""backend"": ""auto"", ""n_jobs"": -1}","{""init"": ""random"", ""max_iter"": 300, ""method"": ""alternate""}"
CBF,idk,distributional,0.19305169458567992,0.2596699137669881,54.20624939999925,42,10,shift,30.0,930,150,128,3,,"{""init"": ""random"", ""max_iter"": 300, ""method"": ""alternate""}"
CBF,sbd,sliding,0.7376728857876098,0.7542086088793142,2.876593299999513,42,1,length,1.0,930,150,128,3,"{""backend"": ""auto"", ""n_jobs"": -1}","{""init"": ""random"", ""max_iter"": 300, ""method"": ""alternate""}"
CBF,idk,distributional,0.7203536622123983,0.7452159287407532,55.35568280000007,42,1,length,1.0,930,150,128,3,,"{""init"": ""random"", ""max_iter"": 300, ""method"": ""alternate""}"
CBF,sbd,sliding,0.7376728857876098,0.7542086088793142,2.8873209000003044,42,2,length,1.0,930,150,128,3,"{""backend"": ""auto"", ""n_jobs"": -1}","{""init"": ""random"", ""max_iter"": 300, ""method"": ""alternate""}"
CBF,idk,distributional,0.3464836071839963,0.41461159813388476,57.03556630000003,42,2,length,1.0,930,150,128,3,,"{""init"": ""random"", ""max_iter"": 300, ""method"": ""alternate""}"
CBF,sbd,sliding,0.7376728857876098,0.7542086088793142,2.942328299998735,42,3,length,1.0,930,150,128,3,"{""backend"": ""auto"", ""n_jobs"": -1}","{""init"": ""random"", ""max_iter"": 300, ""method"": ""alternate""}"
CBF,idk,distributional,0.294121038777839,0.38213179007430786,54.81059019999975,42,3,length,1.0,930,150,128,3,,"{""init"": ""random"", ""max_iter"": 300, ""method"": ""alternate""}"
CBF,sbd,sliding,0.7376728857876098,0.7542086088793142,2.491973600000165,42,4,length,1.0,930,150,128,3,"{""backend"": ""auto"", ""n_jobs"": -1}","{""init"": ""random"", ""max_iter"": 300, ""method"": ""alternate""}"
CBF,idk,distributional,0.3464836071839963,0.41461159813388476,50.623085000000174,42,4,length,1.0,930,150,128,3,,"{""init"": ""random"", ""max_iter"": 300, ""method"": ""alternate""}"
CBF,sbd,sliding,0.7376728857876098,0.7542086088793142,2.929217900000367,42,5,length,1.0,930,150,128,3,"{""backend"": ""auto"", ""n_jobs"": -1}","{""init"": ""random"", ""max_iter"": 300, ""method"": ""alternate""}"
CBF,idk,distributional,0.48364688706350567,0.5197631978929902,56.64185110000108,42,5,length,1.0,930,150,128,3,,"{""init"": ""random"", ""max_iter"": 300, ""method"": ""alternate""}"
CBF,sbd,sliding,0.7376728857876098,0.7542086088793142,2.8486969000005047,42,6,length,1.0,930,150,128,3,"{""backend"": ""auto"", ""n_jobs"": -1}","{""init"": ""random"", ""max_iter"": 300, ""method"": ""alternate""}"
CBF,idk,distributional,0.22125883885052627,0.3485757055873571,55.46141279999938,42,6,length,1.0,930,150,128,3,,"{""init"": ""random"", ""max_iter"": 300, ""method"": ""alternate""}"
CBF,sbd,sliding,0.2806623558310791,0.32868028029568996,2.830000800000562,42,7,length,1.0,930,150,128,3,"{""backend"": ""auto"", ""n_jobs"": -1}","{""init"": ""random"", ""max_iter"": 300, ""method"": ""alternate""}"
CBF,idk,distributional,0.21544217013278139,0.36072794907364975,54.026711200000136,42,7,length,1.0,930,150,128,3,,"{""init"": ""random"", ""max_iter"": 300, ""method"": ""alternate""}"
CBF,sbd,sliding,0.7376728857876098,0.7542086088793142,2.881546100000378,42,8,length,1.0,930,150,128,3,"{""backend"": ""auto"", ""n_jobs"": -1}","{""init"": ""random"", ""max_iter"": 300, ""method"": ""alternate""}"
CBF,idk,distributional,0.33751617441358933,0.4099445869814667,57.08753489999981,42,8,length,1.0,930,150,128,3,,"{""init"": ""random"", ""max_iter"": 300, ""method"": ""alternate""}"
CBF,sbd,sliding,0.4992866880131884,0.5664631421107773,2.814484800000173,42,9,length,1.0,930,150,128,3,"{""backend"": ""auto"", ""n_jobs"": -1}","{""init"": ""random"", ""max_iter"": 300, ""method"": ""alternate""}"
CBF,idk,distributional,0.3765321188091095,0.41037302697793887,55.71831639999891,42,9,length,1.0,930,150,128,3,,"{""init"": ""random"", ""max_iter"": 300, ""method"": ""alternate""}"
CBF,sbd,sliding,0.18163216249874678,0.25628504118658074,2.9391331000006176,42,10,length,1.0,930,150,128,3,"{""backend"": ""auto"", ""n_jobs"": -1}","{""init"": ""random"", ""max_iter"": 300, ""method"": ""alternate""}"
CBF,idk,distributional,0.18883051486850178,0.25351472932987273,53.696359000000484,42,10,length,1.0,930,150,128,3,,"{""init"": ""random"", ""max_iter"": 300, ""method"": ""alternate""}"
CBF,sbd,sliding,0.7398520295940811,0.7634710466697724,2.888472599999659,42,1,length,0.9,930,150,128,3,"{""backend"": ""auto"", ""n_jobs"": -1}","{""init"": ""random"", ""max_iter"": 300, ""method"": ""alternate""}"
CBF,idk,distributional,0.7455038681804481,0.7979885217013319,53.577584800001205,42,1,length,0.9,930,150,128,3,,"{""init"": ""random"", ""max_iter"": 300, ""method"": ""alternate""}"
CBF,sbd,sliding,0.7398520295940811,0.7634710466697724,2.9748593000003893,42,2,length,0.9,930,150,128,3,"{""backend"": ""auto"", ""n_jobs"": -1}","{""init"": ""random"", ""max_iter"": 300, ""method"": ""alternate""}"
CBF,idk,distributional,0.32473505298940214,0.4032116265692049,55.75405480000063,42,2,length,0.9,930,150,128,3,,"{""init"": ""random"", ""max_iter"": 300, ""method"": ""alternate""}"
CBF,sbd,sliding,0.3748402932558411,0.42880114723115126,2.751534000000902,42,3,length,0.9,930,150,128,3,"{""backend"": ""auto"", ""n_jobs"": -1}","{""init"": ""random"", ""max_iter"": 300, ""method"": ""alternate""}"
CBF,idk,distributional,0.36470908277983377,0.41122555383008447,55.63512080000055,42,3,length,0.9,930,150,128,3,,"{""init"": ""random"", ""max_iter"": 300, ""method"": ""alternate""}"
CBF,sbd,sliding,0.7398520295940811,0.7634710466697724,2.934908899999755,42,4,length,0.9,930,150,128,3,"{""backend"": ""auto"", ""n_jobs"": -1}","{""init"": ""random"", ""max_iter"": 300, ""method"": ""alternate""}"
CBF,idk,distributional,0.3467526346847685,0.42519596928643727,53.295178999999735,42,4,length,0.9,930,150,128,3,,"{""init"": ""random"", ""max_iter"": 300, ""method"": ""alternate""}"
CBF,sbd,sliding,0.7398520295940811,0.7634710466697724,2.9040501999998014,42,5,length,0.9,930,150,128,3,"{""backend"": ""auto"", ""n_jobs"": -1}","{""init"": ""random"", ""max_iter"": 300, ""method"": ""alternate""}"
CBF,idk,distributional,0.7230516626053305,0.7667611461971459,54.19016760000068,42,5,length,0.9,930,150,128,3,,"{""init"": ""random"", ""max_iter"": 300, ""method"": ""alternate""}"
CBF,sbd,sliding,0.7398520295940811,0.7634710466697724,2.627073399999972,42,6,length,0.9,930,150,128,3,"{""backend"": ""auto"", ""n_jobs"": -1}","{""init"": ""random"", ""max_iter"": 300, ""method"": ""alternate""}"
CBF,idk,distributional,0.22326789779742837,0.4021836791291857,46.38690359999873,42,6,length,0.9,930,150,128,3,,"{""init"": ""random"", ""max_iter"": 300, ""method"": ""alternate""}"
CBF,sbd,sliding,0.7398520295940811,0.7634710466697724,2.3998035000004165,42,7,length,0.9,930,150,128,3,"{""backend"": ""auto"", ""n_jobs"": -1}","{""init"": ""random"", ""max_iter"": 300, ""method"": ""alternate""}"
CBF,idk,distributional,0.23716562141474054,0.41555483692025275,46.861490700000104,42,7,length,0.9,930,150,128,3,,"{""init"": ""random"", ""max_iter"": 300, ""method"": ""alternate""}"
CBF,sbd,sliding,0.7398520295940811,0.7634710466697724,2.5564053000007334,42,8,length,0.9,930,150,128,3,"{""backend"": ""auto"", ""n_jobs"": -1}","{""init"": ""random"", ""max_iter"": 300, ""method"": ""alternate""}"
CBF,idk,distributional,0.3311624442942317,0.370277421259622,48.304454900000565,42,8,length,0.9,930,150,128,3,,"{""init"": ""random"", ""max_iter"": 300, ""method"": ""alternate""}"
CBF,sbd,sliding,0.5412340370029288,0.623063104276885,2.6060554999994565,42,9,length,0.9,930,150,128,3,"{""backend"": ""auto"", ""n_jobs"": -1}","{""init"": ""random"", ""max_iter"": 300, ""method"": ""alternate""}"
CBF,idk,distributional,0.35340140582744656,0.4207741735763474,51.300091999999495,42,9,length,0.9,930,150,128,3,,"{""init"": ""random"", ""max_iter"": 300, ""method"": ""alternate""}"
CBF,sbd,sliding,0.17894188734093283,0.21621715543979553,2.5452573999991728,42,10,length,0.9,930,150,128,3,"{""backend"": ""auto"", ""n_jobs"": -1}","{""init"": ""random"", ""max_iter"": 300, ""method"": ""alternate""}"
CBF,idk,distributional,0.29602632398106105,0.37901674921899625,49.145553800000016,42,10,length,0.9,930,150,128,3,,"{""init"": ""random"", ""max_iter"": 300, ""method"": ""alternate""}"
CBF,sbd,sliding,0.6312295431811484,0.6730368828038455,2.2411735000005137,42,1,length,0.75,930,150,128,3,"{""backend"": ""auto"", ""n_jobs"": -1}","{""init"": ""random"", ""max_iter"": 300, ""method"": ""alternate""}"
CBF,idk,distributional,0.5646024172900145,0.5609156426774323,46.49151669999992,42,1,length,0.75,930,150,128,3,,"{""init"": ""random"", ""max_iter"": 300, ""method"": ""alternate""}"
CBF,sbd,sliding,0.7130360634528587,0.74768905001308,2.245042100000319,42,2,length,0.75,930,150,128,3,"{""backend"": ""auto"", ""n_jobs"": -1}","{""init"": ""random"", ""max_iter"": 300, ""method"": ""alternate""}"
CBF,idk,distributional,0.288068266931139,0.33122968169763345,46.077773800000614,42,2,length,0.75,930,150,128,3,,"{""init"": ""random"", ""max_iter"": 300, ""method"": ""alternate""}"
CBF,sbd,sliding,0.1822447853379945,0.26549722480553667,2.7570746000001236,42,3,length,0.75,930,150,128,3,"{""backend"": ""auto"", ""n_jobs"": -1}","{""init"": ""random"", ""max_iter"": 300, ""method"": ""alternate""}"
CBF,idk,distributional,0.31855508716814396,0.39961078040910614,53.52085859999988,42,3,length,0.75,930,150,128,3,,"{""init"": ""random"", ""max_iter"": 300, ""method"": ""alternate""}"
CBF,sbd,sliding,0.40225609764270503,0.4589442593419709,2.6557688000011694,42,4,length,0.75,930,150,128,3,"{""backend"": ""auto"", ""n_jobs"": -1}","{""init"": ""random"", ""max_iter"": 300, ""method"": ""alternate""}"
CBF,idk,distributional,0.3003348232905596,0.3570840196132788,52.128681199999846,42,4,length,0.75,930,150,128,3,,"{""init"": ""random"", ""max_iter"": 300, ""method"": ""alternate""}"
CBF,sbd,sliding,0.5246889709344373,0.5501763246145273,2.687992599999234,42,5,length,0.75,930,150,128,3,"{""backend"": ""auto"", ""n_jobs"": -1}","{""init"": ""random"", ""max_iter"": 300, ""method"": ""alternate""}"
CBF,idk,distributional,0.5646024172900145,0.5609156426774323,53.49629200000072,42,5,length,0.75,930,150,128,3,,"{""init"": ""random"", ""max_iter"": 300, ""method"": ""alternate""}"
CBF,sbd,sliding,0.45174155679351685,0.5211810502186887,2.029663999999684,42,6,length,0.75,930,150,128,3,"{""backend"": ""auto"", ""n_jobs"": -1}","{""init"": ""random"", ""max_iter"": 300, ""method"": ""alternate""}"
CBF,idk,distributional,0.22851508144564736,0.3658056089986564,49.46311169999899,42,6,length,0.75,930,150,128,3,,"{""init"": ""random"", ""max_iter"": 300, ""method"": ""alternate""}"
CBF,sbd,sliding,0.151179775352194,0.2371199822103409,2.3262287000006836,42,7,length,0.75,930,150,128,3,"{""backend"": ""auto"", ""n_jobs"": -1}","{""init"": ""random"", ""max_iter"": 300, ""method"": ""alternate""}"
CBF,idk,distributional,0.2414550379062869,0.39207902909480125,48.097534200000155,42,7,length,0.75,930,150,128,3,,"{""init"": ""random"", ""max_iter"": 300, ""method"": ""alternate""}"
CBF,sbd,sliding,0.6312295431811484,0.6730368828038455,2.69773559999976,42,8,length,0.75,930,150,128,3,"{""backend"": ""auto"", ""n_jobs"": -1}","{""init"": ""random"", ""max_iter"": 300, ""method"": ""alternate""}"
CBF,idk,distributional,0.30485350604087036,0.3459431709756422,49.572875299999396,42,8,length,0.75,930,150,128,3,,"{""init"": ""random"", ""max_iter"": 300, ""method"": ""alternate""}"
CBF,sbd,sliding,0.5246889709344373,0.5501763246145273,2.702270599998883,42,9,length,0.75,930,150,128,3,"{""backend"": ""auto"", ""n_jobs"": -1}","{""init"": ""random"", ""max_iter"": 300, ""method"": ""alternate""}"
CBF,idk,distributional,0.3090070784863425,0.3543454220961965,50.07636459999958,42,9,length,0.75,930,150,128,3,,"{""init"": ""random"", ""max_iter"": 300, ""method"": ""alternate""}"
CBF,sbd,sliding,0.21700822085143331,0.27822956858277526,2.1585306999995737,42,10,length,0.75,930,150,128,3,"{""backend"": ""auto"", ""n_jobs"": -1}","{""init"": ""random"", ""max_iter"": 300, ""method"": ""alternate""}"
CBF,idk,distributional,0.33918676619263843,0.46330494858421134,44.826074900001004,42,10,length,0.75,930,150,128,3,,"{""init"": ""random"", ""max_iter"": 300, ""method"": ""alternate""}"
CBF,sbd,sliding,0.5221007542795357,0.5762431228326136,1.9849479000004067,42,1,length,0.5,930,150,128,3,"{""backend"": ""auto"", ""n_jobs"": -1}","{""init"": ""random"", ""max_iter"": 300, ""method"": ""alternate""}"
CBF,idk,distributional,0.36403061532942915,0.40101107778919004,49.39027320000059,42,1,length,0.5,930,150,128,3,,"{""init"": ""random"", ""max_iter"": 300, ""method"": ""alternate""}"
CBF,sbd,sliding,0.4148980114720754,0.4573925370493425,1.9145871000000625,42,2,length,0.5,930,150,128,3,"{""backend"": ""auto"", ""n_jobs"": -1}","{""init"": ""random"", ""max_iter"": 300, ""method"": ""alternate""}"
CBF,idk,distributional,0.35356034506197054,0.41722001572366496,47.839941800000815,42,2,length,0.5,930,150,128,3,,"{""init"": ""random"", ""max_iter"": 300, ""method"": ""alternate""}"
CBF,sbd,sliding,0.4637808552170192,0.4755139528143147,2.04265629999918,42,3,length,0.5,930,150,128,3,"{""backend"": ""auto"", ""n_jobs"": -1}","{""init"": ""random"", ""max_iter"": 300, ""method"": ""alternate""}"
CBF,idk,distributional,0.35356034506197054,0.41722001572366496,44.8339519000001,42,3,length,0.5,930,150,128,3,,"{""init"": ""random"", ""max_iter"": 300, ""method"": ""alternate""}"
CBF,sbd,sliding,0.4328687951770896,0.43604222861748826,2.4380070000006526,42,4,length,0.5,930,150,128,3,"{""backend"": ""auto"", ""n_jobs"": -1}","{""init"": ""random"", ""max_iter"": 300, ""method"": ""alternate""}"
CBF,idk,distributional,0.372959402265529,0.44598385832062526,47.006013000000166,42,4,length,0.5,930,150,128,3,,"{""init"": ""random"", ""max_iter"": 300, ""method"": ""alternate""}"
CBF,sbd,sliding,0.5330878494790774,0.5342710798740217,1.9605492000000595,42,5,length,0.5,930,150,128,3,"{""backend"": ""auto"", ""n_jobs"": -1}","{""init"": ""random"", ""max_iter"": 300, ""method"": ""alternate""}"
CBF,idk,distributional,0.3735577342383246,0.4542925527564689,49.32527630000004,42,5,length,0.5,930,150,128,3,,"{""init"": ""random"", ""max_iter"": 300, ""method"": ""alternate""}"
CBF,sbd,sliding,0.5394528061341478,0.5807237897694012,1.943142600000101,42,6,length,0.5,930,150,128,3,"{""backend"": ""auto"", ""n_jobs"": -1}","{""init"": ""random"", ""max_iter"": 300, ""method"": ""alternate""}"
CBF,idk,distributional,0.20709303388672873,0.2591736090492224,48.59766379999928,42,6,length,0.5,930,150,128,3,,"{""init"": ""random"", ""max_iter"": 300, ""method"": ""alternate""}"
CBF,sbd,sliding,0.5080629757974297,0.5553425507770334,2.2536142999997537,42,7,length,0.5,930,150,128,3,"{""backend"": ""auto"", ""n_jobs"": -1}","{""init"": ""random"", ""max_iter"": 300, ""method"": ""alternate""}"
CBF,idk,distributional,0.20203064560744782,0.3508055559852669,44.067190499999015,42,7,length,0.5,930,150,128,3,,"{""init"": ""random"", ""max_iter"": 300, ""method"": ""alternate""}"
CBF,sbd,sliding,0.3569583320669848,0.4553759444298423,2.0894229000005,42,8,length,0.5,930,150,128,3,"{""backend"": ""auto"", ""n_jobs"": -1}","{""init"": ""random"", ""max_iter"": 300, ""method"": ""alternate""}"
CBF,idk,distributional,0.2637230844278786,0.3513883925133347,47.77229929999976,42,8,length,0.5,930,150,128,3,,"{""init"": ""random"", ""max_iter"": 300, ""method"": ""alternate""}"
CBF,sbd,sliding,0.1442132789893289,0.23721894993997433,2.1918559999994613,42,9,length,0.5,930,150,128,3,"{""backend"": ""auto"", ""n_jobs"": -1}","{""init"": ""random"", ""max_iter"": 300, ""method"": ""alternate""}"
CBF,idk,distributional,0.23157772361482298,0.2748224918653432,49.341241699999955,42,9,length,0.5,930,150,128,3,,"{""init"": ""random"", ""max_iter"": 300, ""method"": ""alternate""}"
CBF,sbd,sliding,0.3569583320669848,0.4553759444298423,2.227236599999742,42,10,length,0.5,930,150,128,3,"{""backend"": ""auto"", ""n_jobs"": -1}","{""init"": ""random"", ""max_iter"": 300, ""method"": ""alternate""}"
CBF,idk,distributional,0.3551455153289968,0.40883465344878667,51.777709899999536,42,10,length,0.5,930,150,128,3,,"{""init"": ""random"", ""max_iter"": 300, ""method"": ""alternate""}"
CBF,sbd,sliding,0.4021481843040313,0.41380184045078555,2.6039702999996734,42,1,length,0.25,930,150,128,3,"{""backend"": ""auto"", ""n_jobs"": -1}","{""init"": ""random"", ""max_iter"": 300, ""method"": ""alternate""}"
CBF,idk,distributional,0.10714454227179647,0.11299791266858958,48.91280079999888,42,1,length,0.25,930,150,128,3,,"{""init"": ""random"", ""max_iter"": 300, ""method"": ""alternate""}"
CBF,sbd,sliding,0.4183343364923006,0.43349103581236015,2.1076082999998107,42,2,length,0.25,930,150,128,3,"{""backend"": ""auto"", ""n_jobs"": -1}","{""init"": ""random"", ""max_iter"": 300, ""method"": ""alternate""}"
CBF,idk,distributional,0.07090118880559956,0.09201024034909883,48.844453600000634,42,2,length,0.25,930,150,128,3,,"{""init"": ""random"", ""max_iter"": 300, ""method"": ""alternate""}"
CBF,sbd,sliding,0.10399548089596847,0.13488027161803198,1.9070230999996056,42,3,length,0.25,930,150,128,3,"{""backend"": ""auto"", ""n_jobs"": -1}","{""init"": ""random"", ""max_iter"": 300, ""method"": ""alternate""}"
CBF,idk,distributional,0.08743425653796243,0.08886452108653942,48.73554419999982,42,3,length,0.25,930,150,128,3,,"{""init"": ""random"", ""max_iter"": 300, ""method"": ""alternate""}"
CBF,sbd,sliding,0.30596503005624975,0.3412070528177972,2.179504800000359,42,4,length,0.25,930,150,128,3,"{""backend"": ""auto"", ""n_jobs"": -1}","{""init"": ""random"", ""max_iter"": 300, ""method"": ""alternate""}"
CBF,idk,distributional,0.02256033645488125,0.03419725244679081,45.49829240000054,42,4,length,0.25,930,150,128,3,,"{""init"": ""random"", ""max_iter"": 300, ""method"": ""alternate""}"
CBF,sbd,sliding,0.3177618957914445,0.33565920097867286,2.188960600000428,42,5,length,0.25,930,150,128,3,"{""backend"": ""auto"", ""n_jobs"": -1}","{""init"": ""random"", ""max_iter"": 300, ""method"": ""alternate""}"
CBF,idk,distributional,0.055954138294101154,0.05807570549065254,49.0562646999997,42,5,length,0.25,930,150,128,3,,"{""init"": ""random"", ""max_iter"": 300, ""method"": ""alternate""}"
CBF,sbd,sliding,0.3031841399106982,0.34099639750307287,2.0546399000004385,42,6,length,0.25,930,150,128,3,"{""backend"": ""auto"", ""n_jobs"": -1}","{""init"": ""random"", ""max_iter"": 300, ""method"": ""alternate""}"
CBF,idk,distributional,0.13074421719065127,0.12608452230029948,49.47747780000009,42,6,length,0.25,930,150,128,3,,"{""init"": ""random"", ""max_iter"": 300, ""method"": ""alternate""}"
CBF,sbd,sliding,0.1259748050389922,0.12974532934921798,1.841434200000549,42,7,length,0.25,930,150,128,3,"{""backend"": ""auto"", ""n_jobs"": -1}","{""init"": ""random"", ""max_iter"": 300, ""method"": ""alternate""}"
CBF,idk,distributional,0.10531549790568842,0.103369610798987,45.6661765000008,42,7,length,0.25,930,150,128,3,,"{""init"": ""random"", ""max_iter"": 300, ""method"": ""alternate""}"
CBF,sbd,sliding,0.4492054063056081,0.47861068500258136,2.254645800000617,42,8,length,0.25,930,150,128,3,"{""backend"": ""auto"", ""n_jobs"": -1}","{""init"": ""random"", ""max_iter"": 300, ""method"": ""alternate""}"
CBF,idk,distributional,0.11356152632889675,0.12220585095687105,47.43067109999902,42,8,length,0.25,930,150,128,3,,"{""init"": ""random"", ""max_iter"": 300, ""method"": ""alternate""}"
CBF,sbd,sliding,0.346733035504472,0.37958812086933247,1.703482900000381,42,9,length,0.25,930,150,128,3,"{""backend"": ""auto"", ""n_jobs"": -1}","{""init"": ""random"", ""max_iter"": 300, ""method"": ""alternate""}"
CBF,idk,distributional,0.10889236944251945,0.11655639516713275,47.79664150000008,42,9,length,0.25,930,150,128,3,,"{""init"": ""random"", ""max_iter"": 300, ""method"": ""alternate""}"
CBF,sbd,sliding,0.37587400582468583,0.3699579285667659,2.331210000000283,42,10,length,0.25,930,150,128,3,"{""backend"": ""auto"", ""n_jobs"": -1}","{""init"": ""random"", ""max_iter"": 300, ""method"": ""alternate""}"
CBF,idk,distributional,-0.004720661091317462,0.0066290977545881945,48.032751000000644,42,10,length,0.25,930,150,128,3,,"{""init"": ""random"", ""max_iter"": 300, ""method"": ""alternate""}"
Trace,sbd,sliding,0.6258062067299321,0.800246559228825,4.089954200000648,42,1,noise,0.0,200,200,275,4,"{""backend"": ""auto"", ""n_jobs"": -1}","{""init"": ""random"", ""max_iter"": 300, ""method"": ""alternate""}"
Trace,idk,distributional,0.15599917483014802,0.24029383127825135,365.5049299000002,42,1,noise,0.0,200,200,275,4,,"{""init"": ""random"", ""max_iter"": 300, ""method"": ""alternate""}"
Trace,sbd,sliding,0.6619090643948742,0.7503161040328223,4.454465800001344,42,2,noise,0.0,200,200,275,4,"{""backend"": ""auto"", ""n_jobs"": -1}","{""init"": ""random"", ""max_iter"": 300, ""method"": ""alternate""}"
Trace,idk,distributional,0.1952401501166655,0.24447440435710863,327.08681510000133,42,2,noise,0.0,200,200,275,4,,"{""init"": ""random"", ""max_iter"": 300, ""method"": ""alternate""}"
Trace,sbd,sliding,0.6619090643948742,0.7503161040328223,4.522231000000829,42,3,noise,0.0,200,200,275,4,"{""backend"": ""auto"", ""n_jobs"": -1}","{""init"": ""random"", ""max_iter"": 300, ""method"": ""alternate""}"
Trace,idk,distributional,0.20740003854834396,0.2721365953336342,326.0638020999995,42,3,noise,0.0,200,200,275,4,,"{""init"": ""random"", ""max_iter"": 300, ""method"": ""alternate""}"
Trace,sbd,sliding,0.663572323010511,0.7522843471933999,5.141164099999514,42,4,noise,0.0,200,200,275,4,"{""backend"": ""auto"", ""n_jobs"": -1}","{""init"": ""random"", ""max_iter"": 300, ""method"": ""alternate""}"
Trace,idk,distributional,0.16839192218415824,0.23222368754698516,325.5242149000005,42,4,noise,0.0,200,200,275,4,,"{""init"": ""random"", ""max_iter"": 300, ""method"": ""alternate""}"
Trace,sbd,sliding,0.6258062067299321,0.800246559228825,3.9499546000006376,42,5,noise,0.0,200,200,275,4,"{""backend"": ""auto"", ""n_jobs"": -1}","{""init"": ""random"", ""max_iter"": 300, ""method"": ""alternate""}"
Trace,idk,distributional,0.22869822503868004,0.2658542436731486,321.94632230000025,42,5,noise,0.0,200,200,275,4,,"{""init"": ""random"", ""max_iter"": 300, ""method"": ""alternate""}"
Trace,sbd,sliding,0.38172444999296534,0.5028837084715381,4.717886099999305,42,6,noise,0.0,200,200,275,4,"{""backend"": ""auto"", ""n_jobs"": -1}","{""init"": ""random"", ""max_iter"": 300, ""method"": ""alternate""}"
Trace,idk,distributional,0.03175250987518855,0.10067139291339597,11034.045918800002,42,6,noise,0.0,200,200,275,4,,"{""init"": ""random"", ""max_iter"": 300, ""method"": ""alternate""}"
Trace,sbd,sliding,0.663572323010511,0.7522843471933998,4.96567000000141,42,7,noise,0.0,200,200,275,4,"{""backend"": ""auto"", ""n_jobs"": -1}","{""init"": ""random"", ""max_iter"": 300, ""method"": ""alternate""}"
Trace,idk,distributional,0.198726354241998,0.2416015186487256,360.44054049999613,42,7,noise,0.0,200,200,275,4,,"{""init"": ""random"", ""max_iter"": 300, ""method"": ""alternate""}"
Trace,sbd,sliding,0.6619090643948742,0.7503161040328223,1.6922488000018348,42,8,noise,0.0,200,200,275,4,"{""backend"": ""auto"", ""n_jobs"": -1}","{""init"": ""random"", ""max_iter"": 300, ""method"": ""alternate""}"
Trace,idk,distributional,0.2101014386762169,0.28631796939860354,208.86977679999836,42,8,noise,0.0,200,200,275,4,,"{""init"": ""random"", ""max_iter"": 300, ""method"": ""alternate""}"
Trace,sbd,sliding,0.38381938142156735,0.49941701495449226,1.3347286999996868,42,9,noise,0.0,200,200,275,4,"{""backend"": ""auto"", ""n_jobs"": -1}","{""init"": ""random"", ""max_iter"": 300, ""method"": ""alternate""}"
Trace,idk,distributional,0.22228368458441866,0.2743465316026243,165.9232368999983,42,9,noise,0.0,200,200,275,4,,"{""init"": ""random"", ""max_iter"": 300, ""method"": ""alternate""}"
Trace,sbd,sliding,0.6258062067299321,0.800246559228825,2.214455799999996,42,10,noise,0.0,200,200,275,4,"{""backend"": ""auto"", ""n_jobs"": -1}","{""init"": ""random"", ""max_iter"": 300, ""method"": ""alternate""}"
Trace,idk,distributional,0.23330501058932443,0.2858748384869865,221.85691629999928,42,10,noise,0.0,200,200,275,4,,"{""init"": ""random"", ""max_iter"": 300, ""method"": ""alternate""}"
Trace,sbd,sliding,0.6258062067299321,0.800246559228825,1.9045492000004742,42,1,noise,0.1,200,200,275,4,"{""backend"": ""auto"", ""n_jobs"": -1}","{""init"": ""random"", ""max_iter"": 300, ""method"": ""alternate""}"
Trace,idk,distributional,0.4000756060416101,0.45152656557652027,243.27599030000056,42,1,noise,0.1,200,200,275,4,,"{""init"": ""random"", ""max_iter"": 300, ""method"": ""alternate""}"
Trace,sbd,sliding,0.6640998738801427,0.7515970668041965,1.6255418000037025,42,2,noise,0.1,200,200,275,4,"{""backend"": ""auto"", ""n_jobs"": -1}","{""init"": ""random"", ""max_iter"": 300, ""method"": ""alternate""}"
Trace,idk,distributional,0.30684976160265154,0.34517327289926275,222.282585500001,42,2,noise,0.1,200,200,275,4,,"{""init"": ""random"", ""max_iter"": 300, ""method"": ""alternate""}"
Trace,sbd,sliding,0.6640998738801427,0.7515970668041965,1.8432390999987547,42,3,noise,0.1,200,200,275,4,"{""backend"": ""auto"", ""n_jobs"": -1}","{""init"": ""random"", ""max_iter"": 300, ""method"": ""alternate""}"
Trace,idk,distributional,0.39927591021035624,0.4612773811148148,196.0158539999975,42,3,noise,0.1,200,200,275,4,,"{""init"": ""random"", ""max_iter"": 300, ""method"": ""alternate""}"
Trace,sbd,sliding,0.663572323010511,0.7522843471933999,1.2333727999975963,42,4,noise,0.1,200,200,275,4,"{""backend"": ""auto"", ""n_jobs"": -1}","{""init"": ""random"", ""max_iter"": 300, ""method"": ""alternate""}"
Trace,idk,distributional,0.36029216845554995,0.3950489105394041,192.96605819999968,42,4,noise,0.1,200,200,275,4,,"{""init"": ""random"", ""max_iter"": 300, ""method"": ""alternate""}"
Trace,sbd,sliding,0.6258062067299321,0.800246559228825,1.3374696000028052,42,5,noise,0.1,200,200,275,4,"{""backend"": ""auto"", ""n_jobs"": -1}","{""init"": ""random"", ""max_iter"": 300, ""method"": ""alternate""}"
Trace,idk,distributional,0.36233774962984644,0.4015690048168065,208.95404320000307,42,5,noise,0.1,200,200,275,4,,"{""init"": ""random"", ""max_iter"": 300, ""method"": ""alternate""}"
Trace,sbd,sliding,0.38804121058387786,0.5133529574667145,1.1451635000012175,42,6,noise,0.1,200,200,275,4,"{""backend"": ""auto"", ""n_jobs"": -1}","{""init"": ""random"", ""max_iter"": 300, ""method"": ""alternate""}"
Trace,idk,distributional,0.06801394211438998,0.1371464231027202,184.86002559999906,42,6,noise,0.1,200,200,275,4,,"{""init"": ""random"", ""max_iter"": 300, ""method"": ""alternate""}"
Trace,sbd,sliding,0.663572323010511,0.7522843471933998,1.9291779000013776,42,7,noise,0.1,200,200,275,4,"{""backend"": ""auto"", ""n_jobs"": -1}","{""init"": ""random"", ""max_iter"": 300, ""method"": ""alternate""}"
Trace,idk,distributional,0.42139062305479036,0.4966185812871777,255.87686009999743,42,7,noise,0.1,200,200,275,4,,"{""init"": ""random"", ""max_iter"": 300, ""method"": ""alternate""}"
Trace,sbd,sliding,0.6640998738801427,0.7515970668041965,4.958670799998799,42,8,noise,0.1,200,200,275,4,"{""backend"": ""auto"", ""n_jobs"": -1}","{""init"": ""random"", ""max_iter"": 300, ""method"": ""alternate""}"
Trace,idk,distributional,0.39927591021035624,0.4612773811148148,399.30657439999777,42,8,noise,0.1,200,200,275,4,,"{""init"": ""random"", ""max_iter"": 300, ""method"": ""alternate""}"
Trace,sbd,sliding,0.6640998738801427,0.7515970668041965,5.064343699999881,42,9,noise,0.1,200,200,275,4,"{""backend"": ""auto"", ""n_jobs"": -1}","{""init"": ""random"", ""max_iter"": 300, ""method"": ""alternate""}"
Trace,idk,distributional,0.30402715649884204,0.34309561454048865,1955.4223517999962,42,9,noise,0.1,200,200,275,4,,"{""init"": ""random"", ""max_iter"": 300, ""method"": ""alternate""}"
Trace,sbd,sliding,0.6258062067299321,0.800246559228825,5.8739648999981,42,10,noise,0.1,200,200,275,4,"{""backend"": ""auto"", ""n_jobs"": -1}","{""init"": ""random"", ""max_iter"": 300, ""method"": ""alternate""}"
Trace,idk,distributional,0.38166612796348826,0.40641275025400286,1401.7954515000056,42,10,noise,0.1,200,200,275,4,,"{""init"": ""random"", ""max_iter"": 300, ""method"": ""alternate""}"
Trace,sbd,sliding,0.6265193183816744,0.8005557179615888,5.485924100001284,42,1,noise,0.2,200,200,275,4,"{""backend"": ""auto"", ""n_jobs"": -1}","{""init"": ""random"", ""max_iter"": 300, ""method"": ""alternate""}"
Trace,idk,distributional,0.5097095647159019,0.5382541947381287,448.2827025999977,42,1,noise,0.2,200,200,275,4,,"{""init"": ""random"", ""max_iter"": 300, ""method"": ""alternate""}"
Trace,sbd,sliding,0.6621061224489796,0.7502886160011997,1.552944999999454,42,2,noise,0.2,200,200,275,4,"{""backend"": ""auto"", ""n_jobs"": -1}","{""init"": ""random"", ""max_iter"": 300, ""method"": ""alternate""}"
Trace,idk,distributional,0.4403804891167718,0.47027801862126223,259.42978919999587,42,2,noise,0.2,200,200,275,4,,"{""init"": ""random"", ""max_iter"": 300, ""method"": ""alternate""}"
Trace,sbd,sliding,0.6621061224489796,0.7502886160011997,2.6923707999994804,42,3,noise,0.2,200,200,275,4,"{""backend"": ""auto"", ""n_jobs"": -1}","{""init"": ""random"", ""max_iter"": 300, ""method"": ""alternate""}"
Trace,idk,distributional,0.28188890560403296,0.3672643772903548,302.3654908999997,42,3,noise,0.2,200,200,275,4,,"{""init"": ""random"", ""max_iter"": 300, ""method"": ""alternate""}"
Trace,sbd,sliding,0.663572323010511,0.7522843471933999,1.6591496000000916,42,4,noise,0.2,200,200,275,4,"{""backend"": ""auto"", ""n_jobs"": -1}","{""init"": ""random"", ""max_iter"": 300, ""method"": ""alternate""}"
Trace,idk,distributional,0.21958166380984884,0.27526104824161396,263.6122457999991,42,4,noise,0.2,200,200,275,4,,"{""init"": ""random"", ""max_iter"": 300, ""method"": ""alternate""}"
Trace,sbd,sliding,0.6265193183816744,0.8005557179615888,2.062440700003208,42,5,noise,0.2,200,200,275,4,"{""backend"": ""auto"", ""n_jobs"": -1}","{""init"": ""random"", ""max_iter"": 300, ""method"": ""alternate""}"
Trace,idk,distributional,0.43876030543797145,0.49023286857514864,253.4152549999999,42,5,noise,0.2,200,200,275,4,,"{""init"": ""random"", ""max_iter"": 300, ""method"": ""alternate""}"
Trace,sbd,sliding,0.3882850674435775,0.5135764483598612,1.7223819000028016,42,6,noise,0.2,200,200,275,4,"{""backend"": ""auto"", ""n_jobs"": -1}","{""init"": ""random"", ""max_iter"": 300, ""method"": ""alternate""}"
Trace,idk,distributional,0.1919859248269564,0.2418549996032668,267.82184300000154,42,6,noise,0.2,200,200,275,4,,"{""init"": ""random"", ""max_iter"": 300, ""method"": ""alternate""}"
Trace,sbd,sliding,0.663572323010511,0.7522843471933998,2.215101300000242,42,7,noise,0.2,200,200,275,4,"{""backend"": ""auto"", ""n_jobs"": -1}","{""init"": ""random"", ""max_iter"": 300, ""method"": ""alternate""}"
Trace,idk,distributional,0.47586333835736944,0.5517652879472078,234.44058500000028,42,7,noise,0.2,200,200,275,4,,"{""init"": ""random"", ""max_iter"": 300, ""method"": ""alternate""}"
Trace,sbd,sliding,0.6621061224489796,0.7502886160011997,1.823537899996154,42,8,noise,0.2,200,200,275,4,"{""backend"": ""auto"", ""n_jobs"": -1}","{""init"": ""random"", ""max_iter"": 300, ""method"": ""alternate""}"
Trace,idk,distributional,0.46839353751013535,0.5531013018278732,262.3476531000015,42,8,noise,0.2,200,200,275,4,,"{""init"": ""random"", ""max_iter"": 300, ""method"": ""alternate""}"
Trace,sbd,sliding,0.6621061224489796,0.7502886160011997,2.31647090000115,42,9,noise,0.2,200,200,275,4,"{""backend"": ""auto"", ""n_jobs"": -1}","{""init"": ""random"", ""max_iter"": 300, ""method"": ""alternate""}"
Trace,idk,distributional,0.26611932875835126,0.3022829785092299,328.3911420999975,42,9,noise,0.2,200,200,275,4,,"{""init"": ""random"", ""max_iter"": 300, ""method"": ""alternate""}"
Trace,sbd,sliding,0.6265193183816744,0.8005557179615889,4.072104099996068,42,10,noise,0.2,200,200,275,4,"{""backend"": ""auto"", ""n_jobs"": -1}","{""init"": ""random"", ""max_iter"": 300, ""method"": ""alternate""}"
Trace,idk,distributional,0.5097095647159019,0.5382541947381289,278.35974489999717,42,10,noise,0.2,200,200,275,4,,"{""init"": ""random"", ""max_iter"": 300, ""method"": ""alternate""}"
Trace,sbd,sliding,0.6068170025798276,0.7705793477772628,1.5601217999974324,42,1,noise,0.4,200,200,275,4,"{""backend"": ""auto"", ""n_jobs"": -1}","{""init"": ""random"", ""max_iter"": 300, ""method"": ""alternate""}"
Trace,idk,distributional,0.6356719124096907,0.7075049759867547,274.3203375999983,42,1,noise,0.4,200,200,275,4,,"{""init"": ""random"", ""max_iter"": 300, ""method"": ""alternate""}"
Trace,sbd,sliding,0.6516332187155852,0.7361351878366231,2.0621836999998777,42,2,noise,0.4,200,200,275,4,"{""backend"": ""auto"", ""n_jobs"": -1}","{""init"": ""random"", ""max_iter"": 300, ""method"": ""alternate""}"
Trace,idk,distributional,0.33318494614055116,0.41694404158190507,269.1534610000017,42,2,noise,0.4,200,200,275,4,,"{""init"": ""random"", ""max_iter"": 300, ""method"": ""alternate""}"
Trace,sbd,sliding,0.6367285363350008,0.7212008687957184,2.8657653000045684,42,3,noise,0.4,200,200,275,4,"{""backend"": ""auto"", ""n_jobs"": -1}","{""init"": ""random"", ""max_iter"": 300, ""method"": ""alternate""}"
Trace,idk,distributional,0.5968285534641532,0.6583469552916494,257.3840313999972,42,3,noise,0.4,200,200,275,4,,"{""init"": ""random"", ""max_iter"": 300, ""method"": ""alternate""}"
Trace,sbd,sliding,0.6497268999332911,0.7339758160332079,1.756068899998354,42,4,noise,0.4,200,200,275,4,"{""backend"": ""auto"", ""n_jobs"": -1}","{""init"": ""random"", ""max_iter"": 300, ""method"": ""alternate""}"
Trace,idk,distributional,0.4843073639471374,0.5413986102838831,925.5838244000006,42,4,noise,0.4,200,200,275,4,,"{""init"": ""random"", ""max_iter"": 300, ""method"": ""alternate""}"
Trace,sbd,sliding,0.6069618065208615,0.7709366177510584,1.537244199997076,42,5,noise,0.4,200,200,275,4,"{""backend"": ""auto"", ""n_jobs"": -1}","{""init"": ""random"", ""max_iter"": 300, ""method"": ""alternate""}"
Trace,idk,distributional,0.3266408653811481,0.4257561000461348,241.91612069999974,42,5,noise,0.4,200,200,275,4,,"{""init"": ""random"", ""max_iter"": 300, ""method"": ""alternate""}"
Trace,sbd,sliding,0.4034205166375964,0.5291115124284002,1.1596036000009917,42,6,noise,0.4,200,200,275,4,"{""backend"": ""auto"", ""n_jobs"": -1}","{""init"": ""random"", ""max_iter"": 300, ""method"": ""alternate""}"
Trace,idk,distributional,0.30031249856959485,0.3904438045978568,170.0978501999998,42,6,noise,0.4,200,200,275,4,,"{""init"": ""random"", ""max_iter"": 300, ""method"": ""alternate""}"
Trace,sbd,sliding,0.6497268999332911,0.7339758160332079,1.2910726000009163,42,7,noise,0.4,200,200,275,4,"{""backend"": ""auto"", ""n_jobs"": -1}","{""init"": ""random"", ""max_iter"": 300, ""method"": ""alternate""}"
Trace,idk,distributional,0.32622557465359553,0.4224986530409287,222.70244889999958,42,7,noise,0.4,200,200,275,4,,"{""init"": ""random"", ""max_iter"": 300, ""method"": ""alternate""}"
Trace,sbd,sliding,0.6319719472688161,0.7894584283980275,1.6981469999991532,42,8,noise,0.4,200,200,275,4,"{""backend"": ""auto"", ""n_jobs"": -1}","{""init"": ""random"", ""max_iter"": 300, ""method"": ""alternate""}"
Trace,idk,distributional,0.4727975944287327,0.527504790296131,355.0365352999979,42,8,noise,0.4,200,200,275,4,,"{""init"": ""random"", ""max_iter"": 300, ""method"": ""alternate""}"
Trace,sbd,sliding,0.6387051937172211,0.7233228873469739,3.9510280000031344,42,9,noise,0.4,200,200,275,4,"{""backend"": ""auto"", ""n_jobs"": -1}","{""init"": ""random"", ""max_iter"": 300, ""method"": ""alternate""}"
Trace,idk,distributional,0.5308064826118851,0.5874097715678911,372.42099150000286,42,9,noise,0.4,200,200,275,4,,"{""init"": ""random"", ""max_iter"": 300, ""method"": ""alternate""}"
Trace,sbd,sliding,0.6161803183842245,0.782758810395865,1.5010218999887002,42,10,noise,0.4,200,200,275,4,"{""backend"": ""auto"", ""n_jobs"": -1}","{""init"": ""random"", ""max_iter"": 300, ""method"": ""alternate""}"
Trace,idk,distributional,0.5663036618824728,0.6205975607658749,218.30266030000348,42,10,noise,0.4,200,200,275,4,,"{""init"": ""random"", ""max_iter"": 300, ""method"": ""alternate""}"
Trace,sbd,sliding,0.5697861954741139,0.7142456085532592,1.3694758999918122,42,1,noise,0.8,200,200,275,4,"{""backend"": ""auto"", ""n_jobs"": -1}","{""init"": ""random"", ""max_iter"": 300, ""method"": ""alternate""}"
Trace,idk,distributional,0.37080969606498526,0.45307741558083325,238.1072914000033,42,1,noise,0.8,200,200,275,4,,"{""init"": ""random"", ""max_iter"": 300, ""method"": ""alternate""}"
Trace,sbd,sliding,0.32660101497078514,0.5016136754742485,2.4963195999953314,42,2,noise,0.8,200,200,275,4,"{""backend"": ""auto"", ""n_jobs"": -1}","{""init"": ""random"", ""max_iter"": 300, ""method"": ""alternate""}"
Trace,idk,distributional,0.2731921110299489,0.3127144486247024,284.8238819999897,42,2,noise,0.8,200,200,275,4,,"{""init"": ""random"", ""max_iter"": 300, ""method"": ""alternate""}"
Trace,sbd,sliding,0.5421102951204998,0.6393267082734644,1.3904197000010754,42,3,noise,0.8,200,200,275,4,"{""backend"": ""auto"", ""n_jobs"": -1}","{""init"": ""random"", ""max_iter"": 300, ""method"": ""alternate""}"
Trace,idk,distributional,0.2657001978014249,0.3941767711789262,203.12240240000392,42,3,noise,0.8,200,200,275,4,,"{""init"": ""random"", ""max_iter"": 300, ""method"": ""alternate""}"
Trace,sbd,sliding,0.33875073220086266,0.5065525361917411,1.586396999999124,42,4,noise,0.8,200,200,275,4,"{""backend"": ""auto"", ""n_jobs"": -1}","{""init"": ""random"", ""max_iter"": 300, ""method"": ""alternate""}"
Trace,idk,distributional,0.26606266034795384,0.3260421179677628,322.86949679999816,42,4,noise,0.8,200,200,275,4,,"{""init"": ""random"", ""max_iter"": 300, ""method"": ""alternate""}"
Trace,sbd,sliding,0.5544882503116736,0.7063273240178928,1.335942800003977,42,5,noise,0.8,200,200,275,4,"{""backend"": ""auto"", ""n_jobs"": -1}","{""init"": ""random"", ""max_iter"": 300, ""method"": ""alternate""}"
Trace,idk,distributional,0.3146261972490573,0.39059345274215224,470.19661839999753,42,5,noise,0.8,200,200,275,4,,"{""init"": ""random"", ""max_iter"": 300, ""method"": ""alternate""}"
Trace,sbd,sliding,0.4239368329388001,0.5708334160014109,2.5772406999967643,42,6,noise,0.8,200,200,275,4,"{""backend"": ""auto"", ""n_jobs"": -1}","{""init"": ""random"", ""max_iter"": 300, ""method"": ""alternate""}"
Trace,idk,distributional,0.30925274660223173,0.37985310125078514,391.9687749000004,42,6,noise,0.8,200,200,275,4,,"{""init"": ""random"", ""max_iter"": 300, ""method"": ""alternate""}"
Trace,sbd,sliding,0.5434065265860415,0.6404361370775179,2.2174590999929933,42,7,noise,0.8,200,200,275,4,"{""backend"": ""auto"", ""n_jobs"": -1}","{""init"": ""random"", ""max_iter"": 300, ""method"": ""alternate""}"
Trace,idk,distributional,0.23670363432816147,0.3093032019551833,328.39582840001094,42,7,noise,0.8,200,200,275,4,,"{""init"": ""random"", ""max_iter"": 300, ""method"": ""alternate""}"
Trace,sbd,sliding,0.4884680833668401,0.6415087639240182,1.8647416000094381,42,8,noise,0.8,200,200,275,4,"{""backend"": ""auto"", ""n_jobs"": -1}","{""init"": ""random"", ""max_iter"": 300, ""method"": ""alternate""}"
Trace,idk,distributional,0.3548478286343405,0.39363881181059035,333.99318109999876,42,8,noise,0.8,200,200,275,4,,"{""init"": ""random"", ""max_iter"": 300, ""method"": ""alternate""}"
Trace,sbd,sliding,0.5421102951204998,0.6393267082734644,2.9794068000046536,42,9,noise,0.8,200,200,275,4,"{""backend"": ""auto"", ""n_jobs"": -1}","{""init"": ""random"", ""max_iter"": 300, ""method"": ""alternate""}"
Trace,idk,distributional,0.3566112288299124,0.4041924740667981,277.9224073000005,42,9,noise,0.8,200,200,275,4,,"{""init"": ""random"", ""max_iter"": 300, ""method"": ""alternate""}"
Trace,sbd,sliding,0.5794434927767614,0.7315998302344229,3.057522399998561,42,10,noise,0.8,200,200,275,4,"{""backend"": ""auto"", ""n_jobs"": -1}","{""init"": ""random"", ""max_iter"": 300, ""method"": ""alternate""}"
Trace,idk,distributional,0.2706432866067092,0.3979177573671927,359.8933371000021,42,10,noise,0.8,200,200,275,4,,"{""init"": ""random"", ""max_iter"": 300, ""method"": ""alternate""}"
Trace,sbd,sliding,0.6258062067299321,0.800246559228825,3.059003100002883,42,1,shift,0.0,200,200,275,4,"{""backend"": ""auto"", ""n_jobs"": -1}","{""init"": ""random"", ""max_iter"": 300, ""method"": ""alternate""}"
Trace,idk,distributional,0.15599917483014802,0.24029383127825135,260.0297251999946,42,1,shift,0.0,200,200,275,4,,"{""init"": ""random"", ""max_iter"": 300, ""method"": ""alternate""}"
Trace,sbd,sliding,0.6619090643948742,0.7503161040328223,3.5254191999993054,42,2,shift,0.0,200,200,275,4,"{""backend"": ""auto"", ""n_jobs"": -1}","{""init"": ""random"", ""max_iter"": 300, ""method"": ""alternate""}"
Trace,idk,distributional,0.1952401501166655,0.24447440435710863,242.08105809999688,42,2,shift,0.0,200,200,275,4,,"{""init"": ""random"", ""max_iter"": 300, ""method"": ""alternate""}"
Trace,sbd,sliding,0.6619090643948742,0.7503161040328223,2.809240700000373,42,3,shift,0.0,200,200,275,4,"{""backend"": ""auto"", ""n_jobs"": -1}","{""init"": ""random"", ""max_iter"": 300, ""method"": ""alternate""}"
Trace,idk,distributional,0.20740003854834396,0.2721365953336342,271.5308784999943,42,3,shift,0.0,200,200,275,4,,"{""init"": ""random"", ""max_iter"": 300, ""method"": ""alternate""}"
Trace,sbd,sliding,0.663572323010511,0.7522843471933999,1.902751100002206,42,4,shift,0.0,200,200,275,4,"{""backend"": ""auto"", ""n_jobs"": -1}","{""init"": ""random"", ""max_iter"": 300, ""method"": ""alternate""}"
Trace,idk,distributional,0.16839192218415824,0.23222368754698516,270.5795511999968,42,4,shift,0.0,200,200,275,4,,"{""init"": ""random"", ""max_iter"": 300, ""method"": ""alternate""}"
Trace,sbd,sliding,0.6258062067299321,0.800246559228825,1.7066573000047356,42,5,shift,0.0,200,200,275,4,"{""backend"": ""auto"", ""n_jobs"": -1}","{""init"": ""random"", ""max_iter"": 300, ""method"": ""alternate""}"
Trace,idk,distributional,0.22869822503868004,0.2658542436731486,272.2890378000011,42,5,shift,0.0,200,200,275,4,,"{""init"": ""random"", ""max_iter"": 300, ""method"": ""alternate""}"
Trace,sbd,sliding,0.38172444999296534,0.5028837084715381,2.01519549999648,42,6,shift,0.0,200,200,275,4,"{""backend"": ""auto"", ""n_jobs"": -1}","{""init"": ""random"", ""max_iter"": 300, ""method"": ""alternate""}"
Trace,idk,distributional,0.03175250987518855,0.10067139291339597,287.0976993000004,42,6,shift,0.0,200,200,275,4,,"{""init"": ""random"", ""max_iter"": 300, ""method"": ""alternate""}"
Trace,sbd,sliding,0.663572323010511,0.7522843471933998,1.5141677999999956,42,7,shift,0.0,200,200,275,4,"{""backend"": ""auto"", ""n_jobs"": -1}","{""init"": ""random"", ""max_iter"": 300, ""method"": ""alternate""}"
Trace,idk,distributional,0.198726354241998,0.2416015186487256,254.15496169999824,42,7,shift,0.0,200,200,275,4,,"{""init"": ""random"", ""max_iter"": 300, ""method"": ""alternate""}"
Trace,sbd,sliding,0.6619090643948742,0.7503161040328223,1.8952387999961502,42,8,shift,0.0,200,200,275,4,"{""backend"": ""auto"", ""n_jobs"": -1}","{""init"": ""random"", ""max_iter"": 300, ""method"": ""alternate""}"
Trace,idk,distributional,0.2101014386762169,0.28631796939860354,267.9574442000012,42,8,shift,0.0,200,200,275,4,,"{""init"": ""random"", ""max_iter"": 300, ""method"": ""alternate""}"
Trace,sbd,sliding,0.38381938142156735,0.49941701495449226,2.6061398000092595,42,9,shift,0.0,200,200,275,4,"{""backend"": ""auto"", ""n_jobs"": -1}","{""init"": ""random"", ""max_iter"": 300, ""method"": ""alternate""}"
Trace,idk,distributional,0.22228368458441866,0.2743465316026243,218.6429022999946,42,9,shift,0.0,200,200,275,4,,"{""init"": ""random"", ""max_iter"": 300, ""method"": ""alternate""}"
Trace,sbd,sliding,0.6258062067299321,0.800246559228825,1.3533274000001256,42,10,shift,0.0,200,200,275,4,"{""backend"": ""auto"", ""n_jobs"": -1}","{""init"": ""random"", ""max_iter"": 300, ""method"": ""alternate""}"
Trace,idk,distributional,0.23330501058932443,0.2858748384869865,204.2799834000034,42,10,shift,0.0,200,200,275,4,,"{""init"": ""random"", ""max_iter"": 300, ""method"": ""alternate""}"
Trace,sbd,sliding,0.632208632453777,0.8030686221487029,1.3722340000022086,42,1,shift,5.0,200,200,275,4,"{""backend"": ""auto"", ""n_jobs"": -1}","{""init"": ""random"", ""max_iter"": 300, ""method"": ""alternate""}"
Trace,idk,distributional,0.15302951891113534,0.2310276000399834,181.99910819999786,42,1,shift,5.0,200,200,275,4,,"{""init"": ""random"", ""max_iter"": 300, ""method"": ""alternate""}"
Trace,sbd,sliding,0.6633612332558021,0.7513347851259061,1.352795300008438,42,2,shift,5.0,200,200,275,4,"{""backend"": ""auto"", ""n_jobs"": -1}","{""init"": ""random"", ""max_iter"": 300, ""method"": ""alternate""}"
Trace,idk,distributional,0.19969105952627836,0.2510342905607636,195.0497217000011,42,2,shift,5.0,200,200,275,4,,"{""init"": ""random"", ""max_iter"": 300, ""method"": ""alternate""}"
Trace,sbd,sliding,0.6624771679568583,0.750724167261416,1.320762499999546,42,3,shift,5.0,200,200,275,4,"{""backend"": ""auto"", ""n_jobs"": -1}","{""init"": ""random"", ""max_iter"": 300, ""method"": ""alternate""}"
Trace,idk,distributional,0.21217650455788825,0.2769681681811558,189.38978619999398,42,3,shift,5.0,200,200,275,4,,"{""init"": ""random"", ""max_iter"": 300, ""method"": ""alternate""}"
Trace,sbd,sliding,0.3819853080690553,0.500073141452106,1.2972324000002118,42,4,shift,5.0,200,200,275,4,"{""backend"": ""auto"", ""n_jobs"": -1}","{""init"": ""random"", ""max_iter"": 300, ""method"": ""alternate""}"
Trace,idk,distributional,0.14999769782521222,0.22667592013901974,176.87710300000617,42,4,shift,5.0,200,200,275,4,,"{""init"": ""random"", ""max_iter"": 300, ""method"": ""alternate""}"
Trace,sbd,sliding,0.6258062067299321,0.800246559228825,1.3898741000011796,42,5,shift,5.0,200,200,275,4,"{""backend"": ""auto"", ""n_jobs"": -1}","{""init"": ""random"", ""max_iter"": 300, ""method"": ""alternate""}"
Trace,idk,distributional,0.23194888219190862,0.2668787470401198,176.85598179999943,42,5,shift,5.0,200,200,275,4,,"{""init"": ""random"", ""max_iter"": 300, ""method"": ""alternate""}"
Trace,sbd,sliding,0.3848021275042196,0.5014324310519304,1.3396510000020498,42,6,shift,5.0,200,200,275,4,"{""backend"": ""auto"", ""n_jobs"": -1}","{""init"": ""random"", ""max_iter"": 300, ""method"": ""alternate""}"
Trace,idk,distributional,0.03158532240826505,0.10102573288222608,169.37848240000312,42,6,shift,5.0,200,200,275,4,,"{""init"": ""random"", ""max_iter"": 300, ""method"": ""alternate""}"
Trace,sbd,sliding,0.3748462268353143,0.48684068604642916,1.327646999990975,42,7,shift,5.0,200,200,275,4,"{""backend"": ""auto"", ""n_jobs"": -1}","{""init"": ""random"", ""max_iter"": 300, ""method"": ""alternate""}"
Trace,idk,distributional,0.19581891536290288,0.24195780228575323,170.73732839999866,42,7,shift,5.0,200,200,275,4,,"{""init"": ""random"", ""max_iter"": 300, ""method"": ""alternate""}"
Trace,sbd,sliding,0.6624771679568583,0.750724167261416,1.3166129999954137,42,8,shift,5.0,200,200,275,4,"{""backend"": ""auto"", ""n_jobs"": -1}","{""init"": ""random"", ""max_iter"": 300, ""method"": ""alternate""}"
Trace,idk,distributional,0.21005595029776403,0.2854120268744566,169.2556720000066,42,8,shift,5.0,200,200,275,4,,"{""init"": ""random"", ""max_iter"": 300, ""method"": ""alternate""}"
Trace,sbd,sliding,0.616258909182872,0.7738837801584869,1.2647000000069966,42,9,shift,5.0,200,200,275,4,"{""backend"": ""auto"", ""n_jobs"": -1}","{""init"": ""random"", ""max_iter"": 300, ""method"": ""alternate""}"
Trace,idk,distributional,0.23209562359091318,0.2768632586784917,185.68596550000802,42,9,shift,5.0,200,200,275,4,,"{""init"": ""random"", ""max_iter"": 300, ""method"": ""alternate""}"
Trace,sbd,sliding,0.5938551757917151,0.7519506706587162,1.249459400001797,42,10,shift,5.0,200,200,275,4,"{""backend"": ""auto"", ""n_jobs"": -1}","{""init"": ""random"", ""max_iter"": 300, ""method"": ""alternate""}"
Trace,idk,distributional,0.22735473357776503,0.2753484419831531,200.715981500005,42,10,shift,5.0,200,200,275,4,,"{""init"": ""random"", ""max_iter"": 300, ""method"": ""alternate""}"
Trace,sbd,sliding,0.5800499297062681,0.7524805214448105,1.3317024999996647,42,1,shift,10.0,200,200,275,4,"{""backend"": ""auto"", ""n_jobs"": -1}","{""init"": ""random"", ""max_iter"": 300, ""method"": ""alternate""}"
Trace,idk,distributional,0.1608206018832596,0.2420880982064874,186.88343280000117,42,1,shift,10.0,200,200,275,4,,"{""init"": ""random"", ""max_iter"": 300, ""method"": ""alternate""}"
Trace,sbd,sliding,0.3314097141803809,0.47319132401055797,1.2877902999971411,42,2,shift,10.0,200,200,275,4,"{""backend"": ""auto"", ""n_jobs"": -1}","{""init"": ""random"", ""max_iter"": 300, ""method"": ""alternate""}"
Trace,idk,distributional,0.18889298626598222,0.2443567710278404,192.11718789999577,42,2,shift,10.0,200,200,275,4,,"{""init"": ""random"", ""max_iter"": 300, ""method"": ""alternate""}"
Trace,sbd,sliding,0.33623731505215465,0.4928902922316746,1.3292009999931906,42,3,shift,10.0,200,200,275,4,"{""backend"": ""auto"", ""n_jobs"": -1}","{""init"": ""random"", ""max_iter"": 300, ""method"": ""alternate""}"
Trace,idk,distributional,0.20959334135244104,0.27141174888123837,194.5528326000058,42,3,shift,10.0,200,200,275,4,,"{""init"": ""random"", ""max_iter"": 300, ""method"": ""alternate""}"
Trace,sbd,sliding,0.36702111502141505,0.481749312949991,1.244570399998338,42,4,shift,10.0,200,200,275,4,"{""backend"": ""auto"", ""n_jobs"": -1}","{""init"": ""random"", ""max_iter"": 300, ""method"": ""alternate""}"
Trace,idk,distributional,0.15120085948652906,0.22792701724721923,180.3259818000006,42,4,shift,10.0,200,200,275,4,,"{""init"": ""random"", ""max_iter"": 300, ""method"": ""alternate""}"
Trace,sbd,sliding,0.6410445997658044,0.7285661500371013,1.3134207999974024,42,5,shift,10.0,200,200,275,4,"{""backend"": ""auto"", ""n_jobs"": -1}","{""init"": ""random"", ""max_iter"": 300, ""method"": ""alternate""}"
Trace,idk,distributional,0.24172757483557825,0.2752774883065448,181.1416151999947,42,5,shift,10.0,200,200,275,4,,"{""init"": ""random"", ""max_iter"": 300, ""method"": ""alternate""}"
Trace,sbd,sliding,0.3585833743236596,0.4746067577209566,1.46202970000013,42,6,shift,10.0,200,200,275,4,"{""backend"": ""auto"", ""n_jobs"": -1}","{""init"": ""random"", ""max_iter"": 300, ""method"": ""alternate""}"
Trace,idk,distributional,0.031138396758070386,0.1018590215591188,187.13486370000464,42,6,shift,10.0,200,200,275,4,,"{""init"": ""random"", ""max_iter"": 300, ""method"": ""alternate""}"
Trace,sbd,sliding,0.36702111502141505,0.481749312949991,1.3077393999992637,42,7,shift,10.0,200,200,275,4,"{""backend"": ""auto"", ""n_jobs"": -1}","{""init"": ""random"", ""max_iter"": 300, ""method"": ""alternate""}"
Trace,idk,distributional,0.20269481784563573,0.2464901780898711,165.566404899997,42,7,shift,10.0,200,200,275,4,,"{""init"": ""random"", ""max_iter"": 300, ""method"": ""alternate""}"
Trace,sbd,sliding,0.6253291784155511,0.7101866643862643,1.3690266000048723,42,8,shift,10.0,200,200,275,4,"{""backend"": ""auto"", ""n_jobs"": -1}","{""init"": ""random"", ""max_iter"": 300, ""method"": ""alternate""}"
Trace,idk,distributional,0.21116208463924532,0.2868251018656639,182.82909300000028,42,8,shift,10.0,200,200,275,4,,"{""init"": ""random"", ""max_iter"": 300, ""method"": ""alternate""}"
Trace,sbd,sliding,0.6069279832905192,0.749889988358198,1.6606977000046754,42,9,shift,10.0,200,200,275,4,"{""backend"": ""auto"", ""n_jobs"": -1}","{""init"": ""random"", ""max_iter"": 300, ""method"": ""alternate""}"
Trace,idk,distributional,0.22342335373940034,0.28508826899013,200.05215529999987,42,9,shift,10.0,200,200,275,4,,"{""init"": ""random"", ""max_iter"": 300, ""method"": ""alternate""}"
Trace,sbd,sliding,0.6410445997658044,0.7285661500371013,1.2685994999992545,42,10,shift,10.0,200,200,275,4,"{""backend"": ""auto"", ""n_jobs"": -1}","{""init"": ""random"", ""max_iter"": 300, ""method"": ""alternate""}"
Trace,idk,distributional,0.23261697107091314,0.2920285136364863,199.84817010000552,42,10,shift,10.0,200,200,275,4,,"{""init"": ""random"", ""max_iter"": 300, ""method"": ""alternate""}"
Trace,sbd,sliding,0.382089056575925,0.5200385213086226,1.3652099000028102,42,1,shift,20.0,200,200,275,4,"{""backend"": ""auto"", ""n_jobs"": -1}","{""init"": ""random"", ""max_iter"": 300, ""method"": ""alternate""}"
Trace,idk,distributional,0.16021200111736933,0.24335486007703663,205.08121129999927,42,1,shift,20.0,200,200,275,4,,"{""init"": ""random"", ""max_iter"": 300, ""method"": ""alternate""}"
Trace,sbd,sliding,0.47024358374529285,0.5758583704660464,1.3490654999986873,42,2,shift,20.0,200,200,275,4,"{""backend"": ""auto"", ""n_jobs"": -1}","{""init"": ""random"", ""max_iter"": 300, ""method"": ""alternate""}"
Trace,idk,distributional,0.1894912821975259,0.24173420343459417,197.63042960000166,42,2,shift,20.0,200,200,275,4,,"{""init"": ""random"", ""max_iter"": 300, ""method"": ""alternate""}"
Trace,sbd,sliding,0.35726577532517684,0.42757045523478315,1.493465899999137,42,3,shift,20.0,200,200,275,4,"{""backend"": ""auto"", ""n_jobs"": -1}","{""init"": ""random"", ""max_iter"": 300, ""method"": ""alternate""}"
Trace,idk,distributional,0.21514655275311778,0.2715433978895726,169.69489339999564,42,3,shift,20.0,200,200,275,4,,"{""init"": ""random"", ""max_iter"": 300, ""method"": ""alternate""}"
Trace,sbd,sliding,0.2242391146203386,0.3134541242328785,1.4455281999980798,42,4,shift,20.0,200,200,275,4,"{""backend"": ""auto"", ""n_jobs"": -1}","{""init"": ""random"", ""max_iter"": 300, ""method"": ""alternate""}"
Trace,idk,distributional,0.1505114502244054,0.22811380117426577,202.1001147999923,42,4,shift,20.0,200,200,275,4,,"{""init"": ""random"", ""max_iter"": 300, ""method"": ""alternate""}"
Trace,sbd,sliding,0.382089056575925,0.5200385213086227,1.4371664999998757,42,5,shift,20.0,200,200,275,4,"{""backend"": ""auto"", ""n_jobs"": -1}","{""init"": ""random"", ""max_iter"": 300, ""method"": ""alternate""}"
Trace,idk,distributional,0.2448886837522123,0.27641728050630376,207.94369539999752,42,5,shift,20.0,200,200,275,4,,"{""init"": ""random"", ""max_iter"": 300, ""method"": ""alternate""}"
Trace,sbd,sliding,0.20685036146985925,0.31133768568815884,1.373731499996211,42,6,shift,20.0,200,200,275,4,"{""backend"": ""auto"", ""n_jobs"": -1}","{""init"": ""random"", ""max_iter"": 300, ""method"": ""alternate""}"
Trace,idk,distributional,0.033307828402827554,0.10844128766319976,188.7166406000033,42,6,shift,20.0,200,200,275,4,,"{""init"": ""random"", ""max_iter"": 300, ""method"": ""alternate""}"
Trace,sbd,sliding,0.20685036146985925,0.31133768568815884,1.3674122999946121,42,7,shift,20.0,200,200,275,4,"{""backend"": ""auto"", ""n_jobs"": -1}","{""init"": ""random"", ""max_iter"": 300, ""method"": ""alternate""}"
Trace,idk,distributional,0.19996596245141868,0.2460731993272859,178.618255100002,42,7,shift,20.0,200,200,275,4,,"{""init"": ""random"", ""max_iter"": 300, ""method"": ""alternate""}"
Trace,sbd,sliding,0.35726577532517684,0.42757045523478315,1.242331200002809,42,8,shift,20.0,200,200,275,4,"{""backend"": ""auto"", ""n_jobs"": -1}","{""init"": ""random"", ""max_iter"": 300, ""method"": ""alternate""}"
Trace,idk,distributional,0.21048490250347923,0.2827435233786539,168.19671969999763,42,8,shift,20.0,200,200,275,4,,"{""init"": ""random"", ""max_iter"": 300, ""method"": ""alternate""}"
Trace,sbd,sliding,0.382089056575925,0.5200385213086227,1.319441799998458,42,9,shift,20.0,200,200,275,4,"{""backend"": ""auto"", ""n_jobs"": -1}","{""init"": ""random"", ""max_iter"": 300, ""method"": ""alternate""}"
Trace,idk,distributional,0.22186085725221968,0.2752614875354619,191.5238343000019,42,9,shift,20.0,200,200,275,4,,"{""init"": ""random"", ""max_iter"": 300, ""method"": ""alternate""}"
Trace,sbd,sliding,0.38184352840679947,0.5106944396802556,1.3744900999954552,42,10,shift,20.0,200,200,275,4,"{""backend"": ""auto"", ""n_jobs"": -1}","{""init"": ""random"", ""max_iter"": 300, ""method"": ""alternate""}"
Trace,idk,distributional,0.23388845913205408,0.284737022037311,182.1948945999975,42,10,shift,20.0,200,200,275,4,,"{""init"": ""random"", ""max_iter"": 300, ""method"": ""alternate""}"
Trace,sbd,sliding,0.16146189699413602,0.22228842382541691,1.3336454999953276,42,1,shift,30.0,200,200,275,4,"{""backend"": ""auto"", ""n_jobs"": -1}","{""init"": ""random"", ""max_iter"": 300, ""method"": ""alternate""}"
Trace,idk,distributional,0.1656645445651366,0.24591701040035707,187.25391440000385,42,1,shift,30.0,200,200,275,4,,"{""init"": ""random"", ""max_iter"": 300, ""method"": ""alternate""}"
Trace,sbd,sliding,0.03358389063065907,0.0705349367074163,1.426057500000752,42,2,shift,30.0,200,200,275,4,"{""backend"": ""auto"", ""n_jobs"": -1}","{""init"": ""random"", ""max_iter"": 300, ""method"": ""alternate""}"
Trace,idk,distributional,0.20083636983597375,0.2526055981980355,182.89699049999763,42,2,shift,30.0,200,200,275,4,,"{""init"": ""random"", ""max_iter"": 300, ""method"": ""alternate""}"
Trace,sbd,sliding,0.0418725987883755,0.08446607345317579,1.4304020000054152,42,3,shift,30.0,200,200,275,4,"{""backend"": ""auto"", ""n_jobs"": -1}","{""init"": ""random"", ""max_iter"": 300, ""method"": ""alternate""}"
Trace,idk,distributional,0.20975838002170488,0.28292587705727634,186.57183480000094,42,3,shift,30.0,200,200,275,4,,"{""init"": ""random"", ""max_iter"": 300, ""method"": ""alternate""}"
Trace,sbd,sliding,0.04531094308461054,0.08050269066785436,1.386973599997873,42,4,shift,30.0,200,200,275,4,"{""backend"": ""auto"", ""n_jobs"": -1}","{""init"": ""random"", ""max_iter"": 300, ""method"": ""alternate""}"
Trace,idk,distributional,0.1502957339760468,0.22728592253225582,192.73058719999244,42,4,shift,30.0,200,200,275,4,,"{""init"": ""random"", ""max_iter"": 300, ""method"": ""alternate""}"
Trace,sbd,sliding,0.1824325218406874,0.259832373804559,1.3686654000048293,42,5,shift,30.0,200,200,275,4,"{""backend"": ""auto"", ""n_jobs"": -1}","{""init"": ""random"", ""max_iter"": 300, ""method"": ""alternate""}"
Trace,idk,distributional,0.21172637812251469,0.24852965608688457,198.4782989000014,42,5,shift,30.0,200,200,275,4,,"{""init"": ""random"", ""max_iter"": 300, ""method"": ""alternate""}"
Trace,sbd,sliding,0.06645350652594767,0.11009315431259868,1.420268699999724,42,6,shift,30.0,200,200,275,4,"{""backend"": ""auto"", ""n_jobs"": -1}","{""init"": ""random"", ""max_iter"": 300, ""method"": ""alternate""}"
Trace,idk,distributional,0.033653576128882416,0.1025355035412637,201.36165299999993,42,6,shift,30.0,200,200,275,4,,"{""init"": ""random"", ""max_iter"": 300, ""method"": ""alternate""}"
Trace,sbd,sliding,0.04038441992569086,0.1037140153492879,1.3967881000062334,42,7,shift,30.0,200,200,275,4,"{""backend"": ""auto"", ""n_jobs"": -1}","{""init"": ""random"", ""max_iter"": 300, ""method"": ""alternate""}"
Trace,idk,distributional,0.18249242890541328,0.22815400727086765,194.8413459999938,42,7,shift,30.0,200,200,275,4,,"{""init"": ""random"", ""max_iter"": 300, ""method"": ""alternate""}"
Trace,sbd,sliding,0.19598188314078102,0.271617798949843,1.3679969000004348,42,8,shift,30.0,200,200,275,4,"{""backend"": ""auto"", ""n_jobs"": -1}","{""init"": ""random"", ""max_iter"": 300, ""method"": ""alternate""}"
Trace,idk,distributional,0.22133752626268768,0.30744134506969084,210.7853449999966,42,8,shift,30.0,200,200,275,4,,"{""init"": ""random"", ""max_iter"": 300, ""method"": ""alternate""}"
Trace,sbd,sliding,0.19598188314078102,0.27161779894984295,1.3423065999959363,42,9,shift,30.0,200,200,275,4,"{""backend"": ""auto"", ""n_jobs"": -1}","{""init"": ""random"", ""max_iter"": 300, ""method"": ""alternate""}"
Trace,idk,distributional,0.22577216471844597,0.2899348228338195,200.1245796000003,42,9,shift,30.0,200,200,275,4,,"{""init"": ""random"", ""max_iter"": 300, ""method"": ""alternate""}"
Trace,sbd,sliding,0.04813181409825022,0.090019530667928,1.4242594000024837,42,10,shift,30.0,200,200,275,4,"{""backend"": ""auto"", ""n_jobs"": -1}","{""init"": ""random"", ""max_iter"": 300, ""method"": ""alternate""}"
Trace,idk,distributional,0.2252690366478919,0.27859268201593057,189.5680773999993,42,10,shift,30.0,200,200,275,4,,"{""init"": ""random"", ""max_iter"": 300, ""method"": ""alternate""}"
Trace,sbd,sliding,0.6258062067299321,0.800246559228825,1.3550889000034658,42,1,length,1.0,200,200,275,4,"{""backend"": ""auto"", ""n_jobs"": -1}","{""init"": ""random"", ""max_iter"": 300, ""method"": ""alternate""}"
Trace,idk,distributional,0.15599917483014802,0.24029383127825135,189.11099800000375,42,1,length,1.0,200,200,275,4,,"{""init"": ""random"", ""max_iter"": 300, ""method"": ""alternate""}"
Trace,sbd,sliding,0.6619090643948742,0.7503161040328223,1.2762229000072693,42,2,length,1.0,200,200,275,4,"{""backend"": ""auto"", ""n_jobs"": -1}","{""init"": ""random"", ""max_iter"": 300, ""method"": ""alternate""}"
Trace,idk,distributional,0.1952401501166655,0.24447440435710863,171.51221090000035,42,2,length,1.0,200,200,275,4,,"{""init"": ""random"", ""max_iter"": 300, ""method"": ""alternate""}"
Trace,sbd,sliding,0.6619090643948742,0.7503161040328223,1.2021490000042832,42,3,length,1.0,200,200,275,4,"{""backend"": ""auto"", ""n_jobs"": -1}","{""init"": ""random"", ""max_iter"": 300, ""method"": ""alternate""}"
Trace,idk,distributional,0.20740003854834396,0.2721365953336342,196.6032880999992,42,3,length,1.0,200,200,275,4,,"{""init"": ""random"", ""max_iter"": 300, ""method"": ""alternate""}"
Trace,sbd,sliding,0.663572323010511,0.7522843471933999,1.407618099998217,42,4,length,1.0,200,200,275,4,"{""backend"": ""auto"", ""n_jobs"": -1}","{""init"": ""random"", ""max_iter"": 300, ""method"": ""alternate""}"
Trace,idk,distributional,0.16839192218415824,0.23222368754698516,190.3699917999984,42,4,length,1.0,200,200,275,4,,"{""init"": ""random"", ""max_iter"": 300, ""method"": ""alternate""}"
Trace,sbd,sliding,0.6258062067299321,0.800246559228825,1.3480835000009392,42,5,length,1.0,200,200,275,4,"{""backend"": ""auto"", ""n_jobs"": -1}","{""init"": ""random"", ""max_iter"": 300, ""method"": ""alternate""}"
Trace,idk,distributional,0.22869822503868004,0.2658542436731486,921.9400976000034,42,5,length,1.0,200,200,275,4,,"{""init"": ""random"", ""max_iter"": 300, ""method"": ""alternate""}"
Trace,sbd,sliding,0.38172444999296534,0.5028837084715381,2.239702300008503,42,6,length,1.0,200,200,275,4,"{""backend"": ""auto"", ""n_jobs"": -1}","{""init"": ""random"", ""max_iter"": 300, ""method"": ""alternate""}"
Trace,idk,distributional,0.03175250987518855,0.10067139291339597,374.5154088999916,42,6,length,1.0,200,200,275,4,,"{""init"": ""random"", ""max_iter"": 300, ""method"": ""alternate""}"
Trace,sbd,sliding,0.663572323010511,0.7522843471933998,5.195356400006858,42,7,length,1.0,200,200,275,4,"{""backend"": ""auto"", ""n_jobs"": -1}","{""init"": ""random"", ""max_iter"": 300, ""method"": ""alternate""}"
Trace,idk,distributional,0.198726354241998,0.2416015186487256,319.79850740000256,42,7,length,1.0,200,200,275,4,,"{""init"": ""random"", ""max_iter"": 300, ""method"": ""alternate""}"
Trace,sbd,sliding,0.6619090643948742,0.7503161040328223,2.06676380000863,42,8,length,1.0,200,200,275,4,"{""backend"": ""auto"", ""n_jobs"": -1}","{""init"": ""random"", ""max_iter"": 300, ""method"": ""alternate""}"
Trace,idk,distributional,0.2101014386762169,0.28631796939860354,276.2469822999992,42,8,length,1.0,200,200,275,4,,"{""init"": ""random"", ""max_iter"": 300, ""method"": ""alternate""}"
Trace,sbd,sliding,0.38381938142156735,0.49941701495449226,2.028146199998446,42,9,length,1.0,200,200,275,4,"{""backend"": ""auto"", ""n_jobs"": -1}","{""init"": ""random"", ""max_iter"": 300, ""method"": ""alternate""}"
Trace,idk,distributional,0.22228368458441866,0.2743465316026243,308.6734285000057,42,9,length,1.0,200,200,275,4,,"{""init"": ""random"", ""max_iter"": 300, ""method"": ""alternate""}"
Trace,sbd,sliding,0.6258062067299321,0.800246559228825,5.620895899999596,42,10,length,1.0,200,200,275,4,"{""backend"": ""auto"", ""n_jobs"": -1}","{""init"": ""random"", ""max_iter"": 300, ""method"": ""alternate""}"
Trace,idk,distributional,0.23330501058932443,0.2858748384869865,404.7357054000022,42,10,length,1.0,200,200,275,4,,"{""init"": ""random"", ""max_iter"": 300, ""method"": ""alternate""}"
Trace,sbd,sliding,0.6258062067299321,0.800246559228825,2.0892309000046225,42,1,length,0.9,200,200,275,4,"{""backend"": ""auto"", ""n_jobs"": -1}","{""init"": ""random"", ""max_iter"": 300, ""method"": ""alternate""}"
Trace,idk,distributional,0.17750600165065686,0.26924951305376466,344.9990675000008,42,1,length,0.9,200,200,275,4,,"{""init"": ""random"", ""max_iter"": 300, ""method"": ""alternate""}"
Trace,sbd,sliding,0.6619090643948742,0.7503161040328223,5.452800099999877,42,2,length,0.9,200,200,275,4,"{""backend"": ""auto"", ""n_jobs"": -1}","{""init"": ""random"", ""max_iter"": 300, ""method"": ""alternate""}"
Trace,idk,distributional,0.31227752963172717,0.35381913599582643,353.97558979999303,42,2,length,0.9,200,200,275,4,,"{""init"": ""random"", ""max_iter"": 300, ""method"": ""alternate""}"
Trace,sbd,sliding,0.3260325980943552,0.5014648940470768,5.4036367000007886,42,3,length,0.9,200,200,275,4,"{""backend"": ""auto"", ""n_jobs"": -1}","{""init"": ""random"", ""max_iter"": 300, ""method"": ""alternate""}"
Trace,idk,distributional,0.23213656901109475,0.31505145605043966,355.40687420000904,42,3,length,0.9,200,200,275,4,,"{""init"": ""random"", ""max_iter"": 300, ""method"": ""alternate""}"
Trace,sbd,sliding,0.3260325980943552,0.5014648940470768,4.9874760000020615,42,4,length,0.9,200,200,275,4,"{""backend"": ""auto"", ""n_jobs"": -1}","{""init"": ""random"", ""max_iter"": 300, ""method"": ""alternate""}"
Trace,idk,distributional,0.23174393850429795,0.3099111191052742,208.21003519999795,42,4,length,0.9,200,200,275,4,,"{""init"": ""random"", ""max_iter"": 300, ""method"": ""alternate""}"
Trace,sbd,sliding,0.6258062067299321,0.800246559228825,1.3270294000030844,42,5,length,0.9,200,200,275,4,"{""backend"": ""auto"", ""n_jobs"": -1}","{""init"": ""random"", ""max_iter"": 300, ""method"": ""alternate""}"
Trace,idk,distributional,0.2851120547655388,0.3191639351779811,188.93502969999827,42,5,length,0.9,200,200,275,4,,"{""init"": ""random"", ""max_iter"": 300, ""method"": ""alternate""}"
Trace,sbd,sliding,0.36978411119304433,0.4870413042633246,1.254270000004908,42,6,length,0.9,200,200,275,4,"{""backend"": ""auto"", ""n_jobs"": -1}","{""init"": ""random"", ""max_iter"": 300, ""method"": ""alternate""}"
Trace,idk,distributional,0.23302002294755014,0.31546239499085393,214.8887820000018,42,6,length,0.9,200,200,275,4,,"{""init"": ""random"", ""max_iter"": 300, ""method"": ""alternate""}"
Trace,sbd,sliding,0.663572323010511,0.7522843471933998,1.5750258999978541,42,7,length,0.9,200,200,275,4,"{""backend"": ""auto"", ""n_jobs"": -1}","{""init"": ""random"", ""max_iter"": 300, ""method"": ""alternate""}"
Trace,idk,distributional,0.0957535192384636,0.15850908898952315,190.58996620000835,42,7,length,0.9,200,200,275,4,,"{""init"": ""random"", ""max_iter"": 300, ""method"": ""alternate""}"
Trace,sbd,sliding,0.6619090643948742,0.7503161040328223,1.3193197999935364,42,8,length,0.9,200,200,275,4,"{""backend"": ""auto"", ""n_jobs"": -1}","{""init"": ""random"", ""max_iter"": 300, ""method"": ""alternate""}"
Trace,idk,distributional,0.21275118677842633,0.3209516531395724,177.24642599999788,42,8,length,0.9,200,200,275,4,,"{""init"": ""random"", ""max_iter"": 300, ""method"": ""alternate""}"
Trace,sbd,sliding,0.6619090643948742,0.7503161040328223,1.3436272999970242,42,9,length,0.9,200,200,275,4,"{""backend"": ""auto"", ""n_jobs"": -1}","{""init"": ""random"", ""max_iter"": 300, ""method"": ""alternate""}"
Trace,idk,distributional,0.1938847594964688,0.2657182341325641,191.1961897999936,42,9,length,0.9,200,200,275,4,,"{""init"": ""random"", ""max_iter"": 300, ""method"": ""alternate""}"
Trace,sbd,sliding,0.6258062067299321,0.800246559228825,1.3414480000064941,42,10,length,0.9,200,200,275,4,"{""backend"": ""auto"", ""n_jobs"": -1}","{""init"": ""random"", ""max_iter"": 300, ""method"": ""alternate""}"
Trace,idk,distributional,0.22143533284299335,0.2934214320980007,182.57480219999707,42,10,length,0.9,200,200,275,4,,"{""init"": ""random"", ""max_iter"": 300, ""method"": ""alternate""}"
Trace,sbd,sliding,0.5539189282129843,0.7218567378580517,2.3595630999989226,42,1,length,0.75,200,200,275,4,"{""backend"": ""auto"", ""n_jobs"": -1}","{""init"": ""random"", ""max_iter"": 300, ""method"": ""alternate""}"
Trace,idk,distributional,0.2807290029313055,0.45801599815625815,203.58827650000603,42,1,length,0.75,200,200,275,4,,"{""init"": ""random"", ""max_iter"": 300, ""method"": ""alternate""}"
Trace,sbd,sliding,0.6493796759518415,0.7339361730701893,1.3339771000028122,42,2,length,0.75,200,200,275,4,"{""backend"": ""auto"", ""n_jobs"": -1}","{""init"": ""random"", ""max_iter"": 300, ""method"": ""alternate""}"
Trace,idk,distributional,0.35705607960026653,0.43413901775014335,188.359300600001,42,2,length,0.75,200,200,275,4,,"{""init"": ""random"", ""max_iter"": 300, ""method"": ""alternate""}"
Trace,sbd,sliding,0.32825833421891426,0.5022757134203806,1.3957090999974753,42,3,length,0.75,200,200,275,4,"{""backend"": ""auto"", ""n_jobs"": -1}","{""init"": ""random"", ""max_iter"": 300, ""method"": ""alternate""}"
Trace,idk,distributional,0.4028163966005163,0.4575230166569417,189.10758360000182,42,3,length,0.75,200,200,275,4,,"{""init"": ""random"", ""max_iter"": 300, ""method"": ""alternate""}"
Trace,sbd,sliding,0.354998987701972,0.4705215150455204,1.4276155999905313,42,4,length,0.75,200,200,275,4,"{""backend"": ""auto"", ""n_jobs"": -1}","{""init"": ""random"", ""max_iter"": 300, ""method"": ""alternate""}"
Trace,idk,distributional,0.14201740625070675,0.26555033833902014,208.45566739999776,42,4,length,0.75,200,200,275,4,,"{""init"": ""random"", ""max_iter"": 300, ""method"": ""alternate""}"
Trace,sbd,sliding,0.5539189282129843,0.7218567378580517,1.4116058999934467,42,5,length,0.75,200,200,275,4,"{""backend"": ""auto"", ""n_jobs"": -1}","{""init"": ""random"", ""max_iter"": 300, ""method"": ""alternate""}"
Trace,idk,distributional,0.34819371952783756,0.4003379879525256,197.80879930000083,42,5,length,0.75,200,200,275,4,,"{""init"": ""random"", ""max_iter"": 300, ""method"": ""alternate""}"
Trace,sbd,sliding,0.35631250638739964,0.4724442685655459,1.426849299998139,42,6,length,0.75,200,200,275,4,"{""backend"": ""auto"", ""n_jobs"": -1}","{""init"": ""random"", ""max_iter"": 300, ""method"": ""alternate""}"
Trace,idk,distributional,0.4058596498017799,0.4679630269744868,209.98547469999176,42,6,length,0.75,200,200,275,4,,"{""init"": ""random"", ""max_iter"": 300, ""method"": ""alternate""}"
Trace,sbd,sliding,0.627573300062383,0.712156303640406,1.2139611000020523,42,7,length,0.75,200,200,275,4,"{""backend"": ""auto"", ""n_jobs"": -1}","{""init"": ""random"", ""max_iter"": 300, ""method"": ""alternate""}"
Trace,idk,distributional,0.315364298926492,0.3802797596343398,200.49420320000354,42,7,length,0.75,200,200,275,4,,"{""init"": ""random"", ""max_iter"": 300, ""method"": ""alternate""}"
Trace,sbd,sliding,0.627573300062383,0.712156303640406,1.2007005000050412,42,8,length,0.75,200,200,275,4,"{""backend"": ""auto"", ""n_jobs"": -1}","{""init"": ""random"", ""max_iter"": 300, ""method"": ""alternate""}"
Trace,idk,distributional,0.20444638883744157,0.3959103457877473,210.8076491000029,42,8,length,0.75,200,200,275,4,,"{""init"": ""random"", ""max_iter"": 300, ""method"": ""alternate""}"
Trace,sbd,sliding,0.627573300062383,0.712156303640406,1.3253120000008494,42,9,length,0.75,200,200,275,4,"{""backend"": ""auto"", ""n_jobs"": -1}","{""init"": ""random"", ""max_iter"": 300, ""method"": ""alternate""}"
Trace,idk,distributional,0.2741207109157037,0.43553079164843017,212.68383229999745,42,9,length,0.75,200,200,275,4,,"{""init"": ""random"", ""max_iter"": 300, ""method"": ""alternate""}"
Trace,sbd,sliding,0.627573300062383,0.712156303640406,1.5398628000039025,42,10,length,0.75,200,200,275,4,"{""backend"": ""auto"", ""n_jobs"": -1}","{""init"": ""random"", ""max_iter"": 300, ""method"": ""alternate""}"
Trace,idk,distributional,0.3469322353609314,0.39484714754926276,186.50116680000065,42,10,length,0.75,200,200,275,4,,"{""init"": ""random"", ""max_iter"": 300, ""method"": ""alternate""}"
Trace,sbd,sliding,0.2789981634079347,0.42104883316666963,1.4297895999989123,42,1,length,0.5,200,200,275,4,"{""backend"": ""auto"", ""n_jobs"": -1}","{""init"": ""random"", ""max_iter"": 300, ""method"": ""alternate""}"
Trace,idk,distributional,0.35979507585177817,0.42371866953179727,179.63396179999836,42,1,length,0.5,200,200,275,4,,"{""init"": ""random"", ""max_iter"": 300, ""method"": ""alternate""}"
Trace,sbd,sliding,0.2066624160675098,0.3010874804222725,1.6720893000019714,42,2,length,0.5,200,200,275,4,"{""backend"": ""auto"", ""n_jobs"": -1}","{""init"": ""random"", ""max_iter"": 300, ""method"": ""alternate""}"
Trace,idk,distributional,0.27069619772515147,0.37581516246282065,185.36930359999678,42,2,length,0.5,200,200,275,4,,"{""init"": ""random"", ""max_iter"": 300, ""method"": ""alternate""}"
Trace,sbd,sliding,0.2378678845643013,0.3718238634838282,1.3168531000046642,42,3,length,0.5,200,200,275,4,"{""backend"": ""auto"", ""n_jobs"": -1}","{""init"": ""random"", ""max_iter"": 300, ""method"": ""alternate""}"
Trace,idk,distributional,0.2858681821769674,0.3815958482920957,189.01201820000279,42,3,length,0.5,200,200,275,4,,"{""init"": ""random"", ""max_iter"": 300, ""method"": ""alternate""}"
Trace,sbd,sliding,0.25779968815367205,0.3870321259431984,1.4511508999930811,42,4,length,0.5,200,200,275,4,"{""backend"": ""auto"", ""n_jobs"": -1}","{""init"": ""random"", ""max_iter"": 300, ""method"": ""alternate""}"
Trace,idk,distributional,0.36360691422013547,0.4525424482873214,195.4432994000017,42,4,length,0.5,200,200,275,4,,"{""init"": ""random"", ""max_iter"": 300, ""method"": ""alternate""}"
Trace,sbd,sliding,0.2789981634079347,0.4210488331666697,1.46792799999821,42,5,length,0.5,200,200,275,4,"{""backend"": ""auto"", ""n_jobs"": -1}","{""init"": ""random"", ""max_iter"": 300, ""method"": ""alternate""}"
Trace,idk,distributional,0.3183608661782099,0.44746820586858904,215.82727749998594,42,5,length,0.5,200,200,275,4,,"{""init"": ""random"", ""max_iter"": 300, ""method"": ""alternate""}"
Trace,sbd,sliding,0.25779968815367205,0.3870321259431984,1.3817972000033478,42,6,length,0.5,200,200,275,4,"{""backend"": ""auto"", ""n_jobs"": -1}","{""init"": ""random"", ""max_iter"": 300, ""method"": ""alternate""}"
Trace,idk,distributional,0.4181627473889672,0.5415559950616148,206.2170605999927,42,6,length,0.5,200,200,275,4,,"{""init"": ""random"", ""max_iter"": 300, ""method"": ""alternate""}"
Trace,sbd,sliding,0.25830951523721213,0.3866430182685761,1.3280308000030345,42,7,length,0.5,200,200,275,4,"{""backend"": ""auto"", ""n_jobs"": -1}","{""init"": ""random"", ""max_iter"": 300, ""method"": ""alternate""}"
Trace,idk,distributional,0.3593902539207651,0.46915246204982664,263.6380786000009,42,7,length,0.5,200,200,275,4,,"{""init"": ""random"", ""max_iter"": 300, ""method"": ""alternate""}"
Trace,sbd,sliding,0.20875377806597217,0.31586681875165823,5.056786599998304,42,8,length,0.5,200,200,275,4,"{""backend"": ""auto"", ""n_jobs"": -1}","{""init"": ""random"", ""max_iter"": 300, ""method"": ""alternate""}"
Trace,idk,distributional,0.3120860738786442,0.40740738831572937,330.8169990000097,42,8,length,0.5,200,200,275,4,,"{""init"": ""random"", ""max_iter"": 300, ""method"": ""alternate""}"
Trace,sbd,sliding,0.21208802687133307,0.311719660439109,4.6960588000001735,42,9,length,0.5,200,200,275,4,"{""backend"": ""auto"", ""n_jobs"": -1}","{""init"": ""random"", ""max_iter"": 300, ""method"": ""alternate""}"
Trace,idk,distributional,0.3590318028526098,0.4212358068199488,291.9610982999948,42,9,length,0.5,200,200,275,4,,"{""init"": ""random"", ""max_iter"": 300, ""method"": ""alternate""}"
Trace,sbd,sliding,0.1944414935558091,0.2778019016588232,5.243922700006806,42,10,length,0.5,200,200,275,4,"{""backend"": ""auto"", ""n_jobs"": -1}","{""init"": ""random"", ""max_iter"": 300, ""method"": ""alternate""}"
Trace,idk,distributional,0.36365263091620637,0.426350997030209,271.2012712999931,42,10,length,0.5,200,200,275,4,,"{""init"": ""random"", ""max_iter"": 300, ""method"": ""alternate""}"
Trace,sbd,sliding,0.26305793805377203,0.36058054585093197,2.035507000000507,42,1,length,0.25,200,200,275,4,"{""backend"": ""auto"", ""n_jobs"": -1}","{""init"": ""random"", ""max_iter"": 300, ""method"": ""alternate""}"
Trace,idk,distributional,0.209529767982671,0.29915066620373376,273.8593378000005,42,1,length,0.25,200,200,275,4,,"{""init"": ""random"", ""max_iter"": 300, ""method"": ""alternate""}"
Trace,sbd,sliding,0.09454323259730199,0.19844716324055073,1.4309945000059088,42,2,length,0.25,200,200,275,4,"{""backend"": ""auto"", ""n_jobs"": -1}","{""init"": ""random"", ""max_iter"": 300, ""method"": ""alternate""}"
Trace,idk,distributional,0.3192175573526075,0.4355795129843727,205.7943152000007,42,2,length,0.25,200,200,275,4,,"{""init"": ""random"", ""max_iter"": 300, ""method"": ""alternate""}"
Trace,sbd,sliding,0.3401348656916793,0.4104401772608438,1.366439099998388,42,3,length,0.25,200,200,275,4,"{""backend"": ""auto"", ""n_jobs"": -1}","{""init"": ""random"", ""max_iter"": 300, ""method"": ""alternate""}"
Trace,idk,distributional,0.27602550855879276,0.407859977995753,167.20352339999954,42,3,length,0.25,200,200,275,4,,"{""init"": ""random"", ""max_iter"": 300, ""method"": ""alternate""}"
Trace,sbd,sliding,0.34682182171223963,0.44223437879852057,1.427138200000627,42,4,length,0.25,200,200,275,4,"{""backend"": ""auto"", ""n_jobs"": -1}","{""init"": ""random"", ""max_iter"": 300, ""method"": ""alternate""}"
Trace,idk,distributional,0.3793395974309906,0.4925266321915738,192.20519900000363,42,4,length,0.25,200,200,275,4,,"{""init"": ""random"", ""max_iter"": 300, ""method"": ""alternate""}"
Trace,sbd,sliding,0.3555451773268535,0.45317827360935914,1.4857569999949192,42,5,length,0.25,200,200,275,4,"{""backend"": ""auto"", ""n_jobs"": -1}","{""init"": ""random"", ""max_iter"": 300, ""method"": ""alternate""}"
Trace,idk,distributional,0.27788553020313467,0.4122477303426039,204.8133680000028,42,5,length,0.25,200,200,275,4,,"{""init"": ""random"", ""max_iter"": 300, ""method"": ""alternate""}"
Trace,sbd,sliding,0.33485864596713605,0.426420661728525,1.4791611999899033,42,6,length,0.25,200,200,275,4,"{""backend"": ""auto"", ""n_jobs"": -1}","{""init"": ""random"", ""max_iter"": 300, ""method"": ""alternate""}"
Trace,idk,distributional,0.38186376179468,0.5004449601978529,202.5425804999977,42,6,length,0.25,200,200,275,4,,"{""init"": ""random"", ""max_iter"": 300, ""method"": ""alternate""}"
Trace,sbd,sliding,0.2687266887352103,0.4016130744038602,1.365192899997055,42,7,length,0.25,200,200,275,4,"{""backend"": ""auto"", ""n_jobs"": -1}","{""init"": ""random"", ""max_iter"": 300, ""method"": ""alternate""}"
Trace,idk,distributional,0.27867685007741577,0.4125649277606787,203.33405759999732,42,7,length,0.25,200,200,275,4,,"{""init"": ""random"", ""max_iter"": 300, ""method"": ""alternate""}"
Trace,sbd,sliding,0.2708957518780477,0.38777439824300286,1.396080599988636,42,8,length,0.25,200,200,275,4,"{""backend"": ""auto"", ""n_jobs"": -1}","{""init"": ""random"", ""max_iter"": 300, ""method"": ""alternate""}"
Trace,idk,distributional,0.21166644098909476,0.3181446777999491,189.8221676999965,42,8,length,0.25,200,200,275,4,,"{""init"": ""random"", ""max_iter"": 300, ""method"": ""alternate""}"
Trace,sbd,sliding,0.26305793805377203,0.3605805458509318,1.2856166000055964,42,9,length,0.25,200,200,275,4,"{""backend"": ""auto"", ""n_jobs"": -1}","{""init"": ""random"", ""max_iter"": 300, ""method"": ""alternate""}"
Trace,idk,distributional,0.27867685007741577,0.4125649277606787,189.74977000000217,42,9,length,0.25,200,200,275,4,,"{""init"": ""random"", ""max_iter"": 300, ""method"": ""alternate""}"
Trace,sbd,sliding,0.26305793805377203,0.3605805458509319,1.3196500999983982,42,10,length,0.25,200,200,275,4,"{""backend"": ""auto"", ""n_jobs"": -1}","{""init"": ""random"", ""max_iter"": 300, ""method"": ""alternate""}"
Trace,idk,distributional,0.1884333056104352,0.28075186876921093,195.20449889999873,42,10,length,0.25,200,200,275,4,,"{""init"": ""random"", ""max_iter"": 300, ""method"": ""alternate""}"
ECG200,sbd,sliding,0.1218796367253102,0.11789870295965417,0.36522109999350505,42,1,noise,0.0,200,100,96,2,"{""backend"": ""auto"", ""n_jobs"": -1}","{""init"": ""random"", ""max_iter"": 300, ""method"": ""alternate""}"
ECG200,idk,distributional,0.1360960505219871,0.11513495473941705,13.365489499992691,42,1,noise,0.0,200,100,96,2,,"{""init"": ""random"", ""max_iter"": 300, ""method"": ""alternate""}"
ECG200,sbd,sliding,0.1218796367253102,0.11789870295965417,0.30730149999726564,42,2,noise,0.0,200,100,96,2,"{""backend"": ""auto"", ""n_jobs"": -1}","{""init"": ""random"", ""max_iter"": 300, ""method"": ""alternate""}"
ECG200,idk,distributional,0.1360960505219871,0.11513495473941705,12.781059399996593,42,2,noise,0.0,200,100,96,2,,"{""init"": ""random"", ""max_iter"": 300, ""method"": ""alternate""}"
ECG200,sbd,sliding,0.1218796367253102,0.11789870295965417,0.284465699995053,42,3,noise,0.0,200,100,96,2,"{""backend"": ""auto"", ""n_jobs"": -1}","{""init"": ""random"", ""max_iter"": 300, ""method"": ""alternate""}"
ECG200,idk,distributional,0.1360960505219871,0.11513495473941705,13.807343199994648,42,3,noise,0.0,200,100,96,2,,"{""init"": ""random"", ""max_iter"": 300, ""method"": ""alternate""}"
ECG200,sbd,sliding,0.1218796367253102,0.11789870295965417,0.2852543999979389,42,4,noise,0.0,200,100,96,2,"{""backend"": ""auto"", ""n_jobs"": -1}","{""init"": ""random"", ""max_iter"": 300, ""method"": ""alternate""}"
ECG200,idk,distributional,0.1360960505219871,0.11513495473941705,12.90804599999683,42,4,noise,0.0,200,100,96,2,,"{""init"": ""random"", ""max_iter"": 300, ""method"": ""alternate""}"
ECG200,sbd,sliding,0.1218796367253102,0.11789870295965417,0.2730872000029194,42,5,noise,0.0,200,100,96,2,"{""backend"": ""auto"", ""n_jobs"": -1}","{""init"": ""random"", ""max_iter"": 300, ""method"": ""alternate""}"
ECG200,idk,distributional,0.1360960505219871,0.11513495473941705,16.56450789999508,42,5,noise,0.0,200,100,96,2,,"{""init"": ""random"", ""max_iter"": 300, ""method"": ""alternate""}"
ECG200,sbd,sliding,0.1218796367253102,0.11789870295965417,0.32615189999341965,42,6,noise,0.0,200,100,96,2,"{""backend"": ""auto"", ""n_jobs"": -1}","{""init"": ""random"", ""max_iter"": 300, ""method"": ""alternate""}"
ECG200,idk,distributional,0.03900751180222049,0.036865411084647505,18.18282999999792,42,6,noise,0.0,200,100,96,2,,"{""init"": ""random"", ""max_iter"": 300, ""method"": ""alternate""}"
ECG200,sbd,sliding,0.025013740458015268,0.03501835993498306,0.348907000006875,42,7,noise,0.0,200,100,96,2,"{""backend"": ""auto"", ""n_jobs"": -1}","{""init"": ""random"", ""max_iter"": 300, ""method"": ""alternate""}"
ECG200,idk,distributional,0.1360960505219871,0.11513495473941705,17.443498399996315,42,7,noise,0.0,200,100,96,2,,"{""init"": ""random"", ""max_iter"": 300, ""method"": ""alternate""}"
ECG200,sbd,sliding,0.1218796367253102,0.11789870295965417,0.30287269999826094,42,8,noise,0.0,200,100,96,2,"{""backend"": ""auto"", ""n_jobs"": -1}","{""init"": ""random"", ""max_iter"": 300, ""method"": ""alternate""}"
ECG200,idk,distributional,0.1360960505219871,0.11513495473941705,14.15299679999589,42,8,noise,0.0,200,100,96,2,,"{""init"": ""random"", ""max_iter"": 300, ""method"": ""alternate""}"
ECG200,sbd,sliding,0.1218796367253102,0.11789870295965417,0.3197374000083073,42,9,noise,0.0,200,100,96,2,"{""backend"": ""auto"", ""n_jobs"": -1}","{""init"": ""random"", ""max_iter"": 300, ""method"": ""alternate""}"
ECG200,idk,distributional,0.1360960505219871,0.11513495473941705,16.47658439999941,42,9,noise,0.0,200,100,96,2,,"{""init"": ""random"", ""max_iter"": 300, ""method"": ""alternate""}"
ECG200,sbd,sliding,0.1218796367253102,0.11789870295965417,0.3600929000094766,42,10,noise,0.0,200,100,96,2,"{""backend"": ""auto"", ""n_jobs"": -1}","{""init"": ""random"", ""max_iter"": 300, ""method"": ""alternate""}"
ECG200,idk,distributional,0.1360960505219871,0.11513495473941705,14.47821919999842,42,10,noise,0.0,200,100,96,2,,"{""init"": ""random"", ""max_iter"": 300, ""method"": ""alternate""}"
ECG200,sbd,sliding,0.10789000696932276,0.107366056828105,0.28987109999434324,42,1,noise,0.1,200,100,96,2,"{""backend"": ""auto"", ""n_jobs"": -1}","{""init"": ""random"", ""max_iter"": 300, ""method"": ""alternate""}"
ECG200,idk,distributional,0.05855067497276855,0.05293526690877434,11.571460299994214,42,1,noise,0.1,200,100,96,2,,"{""init"": ""random"", ""max_iter"": 300, ""method"": ""alternate""}"
ECG200,sbd,sliding,0.10789000696932276,0.107366056828105,0.27979469999991124,42,2,noise,0.1,200,100,96,2,"{""backend"": ""auto"", ""n_jobs"": -1}","{""init"": ""random"", ""max_iter"": 300, ""method"": ""alternate""}"
ECG200,idk,distributional,0.10701653469103015,0.09153303855499596,12.894517300010193,42,2,noise,0.1,200,100,96,2,,"{""init"": ""random"", ""max_iter"": 300, ""method"": ""alternate""}"
ECG200,sbd,sliding,0.10789000696932276,0.107366056828105,0.33585429999948246,42,3,noise,0.1,200,100,96,2,"{""backend"": ""auto"", ""n_jobs"": -1}","{""init"": ""random"", ""max_iter"": 300, ""method"": ""alternate""}"
ECG200,idk,distributional,0.06937576499388005,0.0607708675871891,14.756936699996004,42,3,noise,0.1,200,100,96,2,,"{""init"": ""random"", ""max_iter"": 300, ""method"": ""alternate""}"
ECG200,sbd,sliding,0.10789000696932276,0.107366056828105,0.3172824000066612,42,4,noise,0.1,200,100,96,2,"{""backend"": ""auto"", ""n_jobs"": -1}","{""init"": ""random"", ""max_iter"": 300, ""method"": ""alternate""}"
ECG200,idk,distributional,0.10739524926088287,0.09783188781884344,12.74013790000754,42,4,noise,0.1,200,100,96,2,,"{""init"": ""random"", ""max_iter"": 300, ""method"": ""alternate""}"
ECG200,sbd,sliding,0.10789000696932276,0.107366056828105,0.2890417999951751,42,5,noise,0.1,200,100,96,2,"{""backend"": ""auto"", ""n_jobs"": -1}","{""init"": ""random"", ""max_iter"": 300, ""method"": ""alternate""}"
ECG200,idk,distributional,0.16827089819284236,0.13813850526105884,14.519581399996241,42,5,noise,0.1,200,100,96,2,,"{""init"": ""random"", ""max_iter"": 300, ""method"": ""alternate""}"
ECG200,sbd,sliding,0.10789000696932276,0.107366056828105,0.30590830000437563,42,6,noise,0.1,200,100,96,2,"{""backend"": ""auto"", ""n_jobs"": -1}","{""init"": ""random"", ""max_iter"": 300, ""method"": ""alternate""}"
ECG200,idk,distributional,0.01076281447598547,0.01679217492080067,14.032585399996606,42,6,noise,0.1,200,100,96,2,,"{""init"": ""random"", ""max_iter"": 300, ""method"": ""alternate""}"
ECG200,sbd,sliding,0.040417045236940854,0.04624277305410804,0.3159045999927912,42,7,noise,0.1,200,100,96,2,"{""backend"": ""auto"", ""n_jobs"": -1}","{""init"": ""random"", ""max_iter"": 300, ""method"": ""alternate""}"
ECG200,idk,distributional,0.15192703064321378,0.13000390226622416,15.700893000008364,42,7,noise,0.1,200,100,96,2,,"{""init"": ""random"", ""max_iter"": 300, ""method"": ""alternate""}"
ECG200,sbd,sliding,0.10789000696932276,0.107366056828105,0.31619850000424776,42,8,noise,0.1,200,100,96,2,"{""backend"": ""auto"", ""n_jobs"": -1}","{""init"": ""random"", ""max_iter"": 300, ""method"": ""alternate""}"
ECG200,idk,distributional,0.16856943577695385,0.14640120026863412,16.319848200000706,42,8,noise,0.1,200,100,96,2,,"{""init"": ""random"", ""max_iter"": 300, ""method"": ""alternate""}"
ECG200,sbd,sliding,0.10789000696932276,0.107366056828105,0.337509000004502,42,9,noise,0.1,200,100,96,2,"{""backend"": ""auto"", ""n_jobs"": -1}","{""init"": ""random"", ""max_iter"": 300, ""method"": ""alternate""}"
ECG200,idk,distributional,0.0003916433108546391,0.00773252967543183,15.887246900005266,42,9,noise,0.1,200,100,96,2,,"{""init"": ""random"", ""max_iter"": 300, ""method"": ""alternate""}"
ECG200,sbd,sliding,0.10789000696932276,0.107366056828105,0.32043079999129986,42,10,noise,0.1,200,100,96,2,"{""backend"": ""auto"", ""n_jobs"": -1}","{""init"": ""random"", ""max_iter"": 300, ""method"": ""alternate""}"
ECG200,idk,distributional,0.031216361679224973,0.03377440647865838,15.184594300000754,42,10,noise,0.1,200,100,96,2,,"{""init"": ""random"", ""max_iter"": 300, ""method"": ""alternate""}"
ECG200,sbd,sliding,0.1218796367253102,0.11789870295965417,0.30483180000737775,42,1,noise,0.2,200,100,96,2,"{""backend"": ""auto"", ""n_jobs"": -1}","{""init"": ""random"", ""max_iter"": 300, ""method"": ""alternate""}"
ECG200,idk,distributional,0.04837209302325581,0.04444801538936912,15.417689099995187,42,1,noise,0.2,200,100,96,2,,"{""init"": ""random"", ""max_iter"": 300, ""method"": ""alternate""}"
ECG200,sbd,sliding,0.1218796367253102,0.11789870295965417,0.31655890000547515,42,2,noise,0.2,200,100,96,2,"{""backend"": ""auto"", ""n_jobs"": -1}","{""init"": ""random"", ""max_iter"": 300, ""method"": ""alternate""}"
ECG200,idk,distributional,0.015673213498555126,0.018587207287721865,14.442273299995577,42,2,noise,0.2,200,100,96,2,,"{""init"": ""random"", ""max_iter"": 300, ""method"": ""alternate""}"
ECG200,sbd,sliding,0.1218796367253102,0.11789870295965417,0.3194489000015892,42,3,noise,0.2,200,100,96,2,"{""backend"": ""auto"", ""n_jobs"": -1}","{""init"": ""random"", ""max_iter"": 300, ""method"": ""alternate""}"
ECG200,idk,distributional,0.04837209302325581,0.04444801538936912,13.96535550000408,42,3,noise,0.2,200,100,96,2,,"{""init"": ""random"", ""max_iter"": 300, ""method"": ""alternate""}"
ECG200,sbd,sliding,0.1218796367253102,0.11789870295965417,0.32230669999989914,42,4,noise,0.2,200,100,96,2,"{""backend"": ""auto"", ""n_jobs"": -1}","{""init"": ""random"", ""max_iter"": 300, ""method"": ""alternate""}"
ECG200,idk,distributional,0.04837209302325581,0.04444801538936912,13.049194699997315,42,4,noise,0.2,200,100,96,2,,"{""init"": ""random"", ""max_iter"": 300, ""method"": ""alternate""}"
ECG200,sbd,sliding,0.1218796367253102,0.11789870295965417,0.34357160000217846,42,5,noise,0.2,200,100,96,2,"{""backend"": ""auto"", ""n_jobs"": -1}","{""init"": ""random"", ""max_iter"": 300, ""method"": ""alternate""}"
ECG200,idk,distributional,0.12107711138310893,0.10161583526102293,14.94403610000154,42,5,noise,0.2,200,100,96,2,,"{""init"": ""random"", ""max_iter"": 300, ""method"": ""alternate""}"
ECG200,sbd,sliding,0.1218796367253102,0.11789870295965417,0.32562740000139456,42,6,noise,0.2,200,100,96,2,"{""backend"": ""auto"", ""n_jobs"": -1}","{""init"": ""random"", ""max_iter"": 300, ""method"": ""alternate""}"
ECG200,idk,distributional,0.06913269886873766,0.058519792136740086,12.928815600003873,42,6,noise,0.2,200,100,96,2,,"{""init"": ""random"", ""max_iter"": 300, ""method"": ""alternate""}"
ECG200,sbd,sliding,0.1218796367253102,0.11789870295965417,0.30260090000228956,42,7,noise,0.2,200,100,96,2,"{""backend"": ""auto"", ""n_jobs"": -1}","{""init"": ""random"", ""max_iter"": 300, ""method"": ""alternate""}"
ECG200,idk,distributional,0.08134796813626519,0.07296518310307334,14.88828530000319,42,7,noise,0.2,200,100,96,2,,"{""init"": ""random"", ""max_iter"": 300, ""method"": ""alternate""}"
ECG200,sbd,sliding,0.1218796367253102,0.11789870295965417,0.30893420000211336,42,8,noise,0.2,200,100,96,2,"{""backend"": ""auto"", ""n_jobs"": -1}","{""init"": ""random"", ""max_iter"": 300, ""method"": ""alternate""}"
ECG200,idk,distributional,0.048123541030705694,0.0428259941262739,14.752857499996026,42,8,noise,0.2,200,100,96,2,,"{""init"": ""random"", ""max_iter"": 300, ""method"": ""alternate""}"
ECG200,sbd,sliding,0.1218796367253102,0.11789870295965417,0.39636479999899166,42,9,noise,0.2,200,100,96,2,"{""backend"": ""auto"", ""n_jobs"": -1}","{""init"": ""random"", ""max_iter"": 300, ""method"": ""alternate""}"
ECG200,idk,distributional,-0.008873483535528597,0.0003279184104716484,14.586805799990543,42,9,noise,0.2,200,100,96,2,,"{""init"": ""random"", ""max_iter"": 300, ""method"": ""alternate""}"
ECG200,sbd,sliding,0.1218796367253102,0.11789870295965417,0.31985279999207705,42,10,noise,0.2,200,100,96,2,"{""backend"": ""auto"", ""n_jobs"": -1}","{""init"": ""random"", ""max_iter"": 300, ""method"": ""alternate""}"
ECG200,idk,distributional,0.08134796813626519,0.07296518310307334,14.699960199999623,42,10,noise,0.2,200,100,96,2,,"{""init"": ""random"", ""max_iter"": 300, ""method"": ""alternate""}"
ECG200,sbd,sliding,0.10701653469103015,0.09153303855499596,0.34956050000619143,42,1,noise,0.4,200,100,96,2,"{""backend"": ""auto"", ""n_jobs"": -1}","{""init"": ""random"", ""max_iter"": 300, ""method"": ""alternate""}"
ECG200,idk,distributional,0.009599960816486463,0.014192781347010507,14.978317199995217,42,1,noise,0.4,200,100,96,2,,"{""init"": ""random"", ""max_iter"": 300, ""method"": ""alternate""}"
ECG200,sbd,sliding,0.05146807645384303,0.07973360923467632,0.27026150000165217,42,2,noise,0.4,200,100,96,2,"{""backend"": ""auto"", ""n_jobs"": -1}","{""init"": ""random"", ""max_iter"": 300, ""method"": ""alternate""}"
ECG200,idk,distributional,0.011729775301491881,0.01964874689663542,12.052544300007867,42,2,noise,0.4,200,100,96,2,,"{""init"": ""random"", ""max_iter"": 300, ""method"": ""alternate""}"
ECG200,sbd,sliding,0.1216361679224973,0.1124689399323596,0.3174503999980516,42,3,noise,0.4,200,100,96,2,"{""backend"": ""auto"", ""n_jobs"": -1}","{""init"": ""random"", ""max_iter"": 300, ""method"": ""alternate""}"
ECG200,idk,distributional,0.03045734991675644,0.030119699730181713,13.532169299993257,42,3,noise,0.4,200,100,96,2,,"{""init"": ""random"", ""max_iter"": 300, ""method"": ""alternate""}"
ECG200,sbd,sliding,0.009632299221661245,0.014255592878046928,0.3008269999991171,42,4,noise,0.4,200,100,96,2,"{""backend"": ""auto"", ""n_jobs"": -1}","{""init"": ""random"", ""max_iter"": 300, ""method"": ""alternate""}"
ECG200,idk,distributional,0.023678191847168035,0.027864554950917775,14.230334500003664,42,4,noise,0.4,200,100,96,2,,"{""init"": ""random"", ""max_iter"": 300, ""method"": ""alternate""}"
ECG200,sbd,sliding,0.10701653469103015,0.09153303855499596,0.3251609999933862,42,5,noise,0.4,200,100,96,2,"{""backend"": ""auto"", ""n_jobs"": -1}","{""init"": ""random"", ""max_iter"": 300, ""method"": ""alternate""}"
ECG200,idk,distributional,-0.003329253365973072,0.004886209963297899,13.128837799988105,42,5,noise,0.4,200,100,96,2,,"{""init"": ""random"", ""max_iter"": 300, ""method"": ""alternate""}"
ECG200,sbd,sliding,0.10701653469103015,0.09153303855499596,0.3556724000009126,42,6,noise,0.4,200,100,96,2,"{""backend"": ""auto"", ""n_jobs"": -1}","{""init"": ""random"", ""max_iter"": 300, ""method"": ""alternate""}"
ECG200,idk,distributional,-0.0065632385173938065,0.0025998294462112,12.876265899998543,42,6,noise,0.4,200,100,96,2,,"{""init"": ""random"", ""max_iter"": 300, ""method"": ""alternate""}"
ECG200,sbd,sliding,-0.0040061068702290075,0.003830408650378948,0.2820329000023776,42,7,noise,0.4,200,100,96,2,"{""backend"": ""auto"", ""n_jobs"": -1}","{""init"": ""random"", ""max_iter"": 300, ""method"": ""alternate""}"
ECG200,idk,distributional,-0.006530372353668641,0.002611220469271829,13.60236339999392,42,7,noise,0.4,200,100,96,2,,"{""init"": ""random"", ""max_iter"": 300, ""method"": ""alternate""}"
ECG200,sbd,sliding,0.1216361679224973,0.1124689399323596,0.30538269999669865,42,8,noise,0.4,200,100,96,2,"{""backend"": ""auto"", ""n_jobs"": -1}","{""init"": ""random"", ""max_iter"": 300, ""method"": ""alternate""}"
ECG200,idk,distributional,-0.009610677805697876,8.180178125525136e-16,14.973974100001215,42,8,noise,0.4,200,100,96,2,,"{""init"": ""random"", ""max_iter"": 300, ""method"": ""alternate""}"
ECG200,sbd,sliding,0.10701653469103015,0.09153303855499596,0.2766105999980937,42,9,noise,0.4,200,100,96,2,"{""backend"": ""auto"", ""n_jobs"": -1}","{""init"": ""random"", ""max_iter"": 300, ""method"": ""alternate""}"
ECG200,idk,distributional,0.030979298194097782,0.032553721341654504,16.192220699995232,42,9,noise,0.4,200,100,96,2,,"{""init"": ""random"", ""max_iter"": 300, ""method"": ""alternate""}"
ECG200,sbd,sliding,0.10701653469103015,0.09153303855499596,0.3187214999925345,42,10,noise,0.4,200,100,96,2,"{""backend"": ""auto"", ""n_jobs"": -1}","{""init"": ""random"", ""max_iter"": 300, ""method"": ""alternate""}"
ECG200,idk,distributional,-0.006464646464646465,0.002634255440327391,17.25229849999596,42,10,noise,0.4,200,100,96,2,,"{""init"": ""random"", ""max_iter"": 300, ""method"": ""alternate""}"
ECG200,sbd,sliding,0.13646243245998574,0.12328837996546078,0.3579939000046579,42,1,noise,0.8,200,100,96,2,"{""backend"": ""auto"", ""n_jobs"": -1}","{""init"": ""random"", ""max_iter"": 300, ""method"": ""alternate""}"
ECG200,idk,distributional,-0.0036732295033793712,0.004662264774345075,14.239940999999817,42,1,noise,0.8,200,100,96,2,,"{""init"": ""random"", ""max_iter"": 300, ""method"": ""alternate""}"
ECG200,sbd,sliding,9.793959575431853e-05,0.00742391202620948,0.3023379000078421,42,2,noise,0.8,200,100,96,2,"{""backend"": ""auto"", ""n_jobs"": -1}","{""init"": ""random"", ""max_iter"": 300, ""method"": ""alternate""}"
ECG200,idk,distributional,-0.0005370569280343716,0.007676307897003695,12.571056900000258,42,2,noise,0.8,200,100,96,2,,"{""init"": ""random"", ""max_iter"": 300, ""method"": ""alternate""}"
ECG200,sbd,sliding,0.1216361679224973,0.1124689399323596,0.373342999999295,42,3,noise,0.8,200,100,96,2,"{""backend"": ""auto"", ""n_jobs"": -1}","{""init"": ""random"", ""max_iter"": 300, ""method"": ""alternate""}"
ECG200,idk,distributional,-0.007781529878138306,0.0012897889504124673,14.556516199998441,42,3,noise,0.8,200,100,96,2,,"{""init"": ""random"", ""max_iter"": 300, ""method"": ""alternate""}"
ECG200,sbd,sliding,0.009632299221661245,0.014255592878046928,0.3370641000001342,42,4,noise,0.8,200,100,96,2,"{""backend"": ""auto"", ""n_jobs"": -1}","{""init"": ""random"", ""max_iter"": 300, ""method"": ""alternate""}"
ECG200,idk,distributional,-0.009610677805697876,8.180178125525136e-16,14.903783400004613,42,4,noise,0.8,200,100,96,2,,"{""init"": ""random"", ""max_iter"": 300, ""method"": ""alternate""}"
ECG200,sbd,sliding,0.030599755201958383,0.030751805676497313,0.28627050000068266,42,5,noise,0.8,200,100,96,2,"{""backend"": ""auto"", ""n_jobs"": -1}","{""init"": ""random"", ""max_iter"": 300, ""method"": ""alternate""}"
ECG200,idk,distributional,-0.009103924231856393,0.0003173131428202994,14.900044200003322,42,5,noise,0.8,200,100,96,2,,"{""init"": ""random"", ""max_iter"": 300, ""method"": ""alternate""}"
ECG200,sbd,sliding,0.06996770721205597,0.06694852805127068,0.28747540000040317,42,6,noise,0.8,200,100,96,2,"{""backend"": ""auto"", ""n_jobs"": -1}","{""init"": ""random"", ""max_iter"": 300, ""method"": ""alternate""}"
ECG200,idk,distributional,-0.009610677805697876,8.180178125525136e-16,15.443429299994023,42,6,noise,0.8,200,100,96,2,,"{""init"": ""random"", ""max_iter"": 300, ""method"": ""alternate""}"
ECG200,sbd,sliding,0.1855841739300754,0.1505442577655267,0.29747340000176337,42,7,noise,0.8,200,100,96,2,"{""backend"": ""auto"", ""n_jobs"": -1}","{""init"": ""random"", ""max_iter"": 300, ""method"": ""alternate""}"
ECG200,idk,distributional,0.015673213498555126,0.018587207287721865,11.010570899998129,42,7,noise,0.8,200,100,96,2,,"{""init"": ""random"", ""max_iter"": 300, ""method"": ""alternate""}"
ECG200,sbd,sliding,0.1216361679224973,0.1124689399323596,0.2655271999974502,42,8,noise,0.8,200,100,96,2,"{""backend"": ""auto"", ""n_jobs"": -1}","{""init"": ""random"", ""max_iter"": 300, ""method"": ""alternate""}"
ECG200,idk,distributional,-0.009610677805697876,8.180178125525136e-16,12.148229300000821,42,8,noise,0.8,200,100,96,2,,"{""init"": ""random"", ""max_iter"": 300, ""method"": ""alternate""}"
ECG200,sbd,sliding,0.030599755201958383,0.030751805676497313,0.25254649999260437,42,9,noise,0.8,200,100,96,2,"{""backend"": ""auto"", ""n_jobs"": -1}","{""init"": ""random"", ""max_iter"": 300, ""method"": ""alternate""}"
ECG200,idk,distributional,-0.0058734995044234795,0.0028579308471863582,13.1262274000037,42,9,noise,0.8,200,100,96,2,,"{""init"": ""random"", ""max_iter"": 300, ""method"": ""alternate""}"
ECG200,sbd,sliding,0.1855841739300754,0.1505442577655267,0.31420770000113407,42,10,noise,0.8,200,100,96,2,"{""backend"": ""auto"", ""n_jobs"": -1}","{""init"": ""random"", ""max_iter"": 300, ""method"": ""alternate""}"
ECG200,idk,distributional,-0.008521892447840141,0.0011646013497918254,12.98742809999385,42,10,noise,0.8,200,100,96,2,,"{""init"": ""random"", ""max_iter"": 300, ""method"": ""alternate""}"
ECG200,sbd,sliding,0.1218796367253102,0.11789870295965417,0.2668842000057339,42,1,shift,0.0,200,100,96,2,"{""backend"": ""auto"", ""n_jobs"": -1}","{""init"": ""random"", ""max_iter"": 300, ""method"": ""alternate""}"
ECG200,idk,distributional,0.1360960505219871,0.11513495473941705,15.135524500001338,42,1,shift,0.0,200,100,96,2,,"{""init"": ""random"", ""max_iter"": 300, ""method"": ""alternate""}"
ECG200,sbd,sliding,0.1218796367253102,0.11789870295965417,0.3050052000035066,42,2,shift,0.0,200,100,96,2,"{""backend"": ""auto"", ""n_jobs"": -1}","{""init"": ""random"", ""max_iter"": 300, ""method"": ""alternate""}"
ECG200,idk,distributional,0.1360960505219871,0.11513495473941705,17.32223349999549,42,2,shift,0.0,200,100,96,2,,"{""init"": ""random"", ""max_iter"": 300, ""method"": ""alternate""}"
ECG200,sbd,sliding,0.1218796367253102,0.11789870295965417,0.2870708000045852,42,3,shift,0.0,200,100,96,2,"{""backend"": ""auto"", ""n_jobs"": -1}","{""init"": ""random"", ""max_iter"": 300, ""method"": ""alternate""}"
ECG200,idk,distributional,0.1360960505219871,0.11513495473941705,14.367263300002378,42,3,shift,0.0,200,100,96,2,,"{""init"": ""random"", ""max_iter"": 300, ""method"": ""alternate""}"
ECG200,sbd,sliding,0.1218796367253102,0.11789870295965417,0.31642850000207545,42,4,shift,0.0,200,100,96,2,"{""backend"": ""auto"", ""n_jobs"": -1}","{""init"": ""random"", ""max_iter"": 300, ""method"": ""alternate""}"
ECG200,idk,distributional,0.1360960505219871,0.11513495473941705,13.03321949999372,42,4,shift,0.0,200,100,96,2,,"{""init"": ""random"", ""max_iter"": 300, ""method"": ""alternate""}"
ECG200,sbd,sliding,0.1218796367253102,0.11789870295965417,0.2661102000056417,42,5,shift,0.0,200,100,96,2,"{""backend"": ""auto"", ""n_jobs"": -1}","{""init"": ""random"", ""max_iter"": 300, ""method"": ""alternate""}"
ECG200,idk,distributional,0.1360960505219871,0.11513495473941705,13.875536500003363,42,5,shift,0.0,200,100,96,2,,"{""init"": ""random"", ""max_iter"": 300, ""method"": ""alternate""}"
ECG200,sbd,sliding,0.1218796367253102,0.11789870295965417,0.2955664999972214,42,6,shift,0.0,200,100,96,2,"{""backend"": ""auto"", ""n_jobs"": -1}","{""init"": ""random"", ""max_iter"": 300, ""method"": ""alternate""}"
ECG200,idk,distributional,0.03900751180222049,0.036865411084647505,16.59656559999712,42,6,shift,0.0,200,100,96,2,,"{""init"": ""random"", ""max_iter"": 300, ""method"": ""alternate""}"
ECG200,sbd,sliding,0.025013740458015268,0.03501835993498306,0.2960734000080265,42,7,shift,0.0,200,100,96,2,"{""backend"": ""auto"", ""n_jobs"": -1}","{""init"": ""random"", ""max_iter"": 300, ""method"": ""alternate""}"
ECG200,idk,distributional,0.1360960505219871,0.11513495473941705,15.922748000004503,42,7,shift,0.0,200,100,96,2,,"{""init"": ""random"", ""max_iter"": 300, ""method"": ""alternate""}"
ECG200,sbd,sliding,0.1218796367253102,0.11789870295965417,0.2786874999947031,42,8,shift,0.0,200,100,96,2,"{""backend"": ""auto"", ""n_jobs"": -1}","{""init"": ""random"", ""max_iter"": 300, ""method"": ""alternate""}"
ECG200,idk,distributional,0.1360960505219871,0.11513495473941705,14.091257500003849,42,8,shift,0.0,200,100,96,2,,"{""init"": ""random"", ""max_iter"": 300, ""method"": ""alternate""}"
ECG200,sbd,sliding,0.1218796367253102,0.11789870295965417,0.36617080000723945,42,9,shift,0.0,200,100,96,2,"{""backend"": ""auto"", ""n_jobs"": -1}","{""init"": ""random"", ""max_iter"": 300, ""method"": ""alternate""}"
ECG200,idk,distributional,0.1360960505219871,0.11513495473941705,11.105426200003421,42,9,shift,0.0,200,100,96,2,,"{""init"": ""random"", ""max_iter"": 300, ""method"": ""alternate""}"
ECG200,sbd,sliding,0.1218796367253102,0.11789870295965417,0.2718323000081,42,10,shift,0.0,200,100,96,2,"{""backend"": ""auto"", ""n_jobs"": -1}","{""init"": ""random"", ""max_iter"": 300, ""method"": ""alternate""}"
ECG200,idk,distributional,0.1360960505219871,0.11513495473941705,11.91645040000003,42,10,shift,0.0,200,100,96,2,,"{""init"": ""random"", ""max_iter"": 300, ""method"": ""alternate""}"
ECG200,sbd,sliding,0.15231431646932186,0.1402834245040046,0.2881591000041226,42,1,shift,5.0,200,100,96,2,"{""backend"": ""auto"", ""n_jobs"": -1}","{""init"": ""random"", ""max_iter"": 300, ""method"": ""alternate""}"
ECG200,idk,distributional,0.1360960505219871,0.11513495473941705,13.418109400001413,42,1,shift,5.0,200,100,96,2,,"{""init"": ""random"", ""max_iter"": 300, ""method"": ""alternate""}"
ECG200,sbd,sliding,0.15231431646932186,0.1402834245040046,0.2569720999963465,42,2,shift,5.0,200,100,96,2,"{""backend"": ""auto"", ""n_jobs"": -1}","{""init"": ""random"", ""max_iter"": 300, ""method"": ""alternate""}"
ECG200,idk,distributional,0.12123486603792057,0.10447601533627356,12.177325300006487,42,2,shift,5.0,200,100,96,2,,"{""init"": ""random"", ""max_iter"": 300, ""method"": ""alternate""}"
ECG200,sbd,sliding,0.15231431646932186,0.1402834245040046,0.3724127000095905,42,3,shift,5.0,200,100,96,2,"{""backend"": ""auto"", ""n_jobs"": -1}","{""init"": ""random"", ""max_iter"": 300, ""method"": ""alternate""}"
ECG200,idk,distributional,0.12123486603792057,0.10447601533627356,12.407107800005178,42,3,shift,5.0,200,100,96,2,,"{""init"": ""random"", ""max_iter"": 300, ""method"": ""alternate""}"
ECG200,sbd,sliding,0.15231431646932186,0.1402834245040046,0.42382240000006277,42,4,shift,5.0,200,100,96,2,"{""backend"": ""auto"", ""n_jobs"": -1}","{""init"": ""random"", ""max_iter"": 300, ""method"": ""alternate""}"
ECG200,idk,distributional,0.12123486603792057,0.10447601533627356,12.126533099995868,42,4,shift,5.0,200,100,96,2,,"{""init"": ""random"", ""max_iter"": 300, ""method"": ""alternate""}"
ECG200,sbd,sliding,0.15231431646932186,0.1402834245040046,0.2725769999960903,42,5,shift,5.0,200,100,96,2,"{""backend"": ""auto"", ""n_jobs"": -1}","{""init"": ""random"", ""max_iter"": 300, ""method"": ""alternate""}"
ECG200,idk,distributional,0.12123486603792057,0.10447601533627356,10.498500899993815,42,5,shift,5.0,200,100,96,2,,"{""init"": ""random"", ""max_iter"": 300, ""method"": ""alternate""}"
ECG200,sbd,sliding,0.15231431646932186,0.1402834245040046,0.23721170000499114,42,6,shift,5.0,200,100,96,2,"{""backend"": ""auto"", ""n_jobs"": -1}","{""init"": ""random"", ""max_iter"": 300, ""method"": ""alternate""}"
ECG200,idk,distributional,0.0013694107865553206,0.008935977278120066,11.93054800000391,42,6,shift,5.0,200,100,96,2,,"{""init"": ""random"", ""max_iter"": 300, ""method"": ""alternate""}"
ECG200,sbd,sliding,-0.003591309032142216,0.004713998200230879,0.3840513999966788,42,7,shift,5.0,200,100,96,2,"{""backend"": ""auto"", ""n_jobs"": -1}","{""init"": ""random"", ""max_iter"": 300, ""method"": ""alternate""}"
ECG200,idk,distributional,0.12123486603792057,0.10447601533627356,11.310233500000322,42,7,shift,5.0,200,100,96,2,,"{""init"": ""random"", ""max_iter"": 300, ""method"": ""alternate""}"
ECG200,sbd,sliding,0.15231431646932186,0.1402834245040046,0.29467590000422206,42,8,shift,5.0,200,100,96,2,"{""backend"": ""auto"", ""n_jobs"": -1}","{""init"": ""random"", ""max_iter"": 300, ""method"": ""alternate""}"
ECG200,idk,distributional,0.12123486603792057,0.10447601533627356,12.604250800002774,42,8,shift,5.0,200,100,96,2,,"{""init"": ""random"", ""max_iter"": 300, ""method"": ""alternate""}"
ECG200,sbd,sliding,0.15231431646932186,0.1402834245040046,0.41522389999590814,42,9,shift,5.0,200,100,96,2,"{""backend"": ""auto"", ""n_jobs"": -1}","{""init"": ""random"", ""max_iter"": 300, ""method"": ""alternate""}"
ECG200,idk,distributional,0.12123486603792057,0.10447601533627356,14.130034200003138,42,9,shift,5.0,200,100,96,2,,"{""init"": ""random"", ""max_iter"": 300, ""method"": ""alternate""}"
ECG200,sbd,sliding,0.15231431646932186,0.1402834245040046,0.3037722000008216,42,10,shift,5.0,200,100,96,2,"{""backend"": ""auto"", ""n_jobs"": -1}","{""init"": ""random"", ""max_iter"": 300, ""method"": ""alternate""}"
ECG200,idk,distributional,0.12123486603792057,0.10447601533627356,14.29392640000151,42,10,shift,5.0,200,100,96,2,,"{""init"": ""random"", ""max_iter"": 300, ""method"": ""alternate""}"
ECG200,sbd,sliding,0.08080808080808081,0.06689538498623886,0.30886009999812813,42,1,shift,10.0,200,100,96,2,"{""backend"": ""auto"", ""n_jobs"": -1}","{""init"": ""random"", ""max_iter"": 300, ""method"": ""alternate""}"
ECG200,idk,distributional,0.15210688591983557,0.13459183880031764,12.65362319999258,42,1,shift,10.0,200,100,96,2,,"{""init"": ""random"", ""max_iter"": 300, ""method"": ""alternate""}"
ECG200,sbd,sliding,0.08080808080808081,0.06689538498623886,0.29878569999709725,42,2,shift,10.0,200,100,96,2,"{""backend"": ""auto"", ""n_jobs"": -1}","{""init"": ""random"", ""max_iter"": 300, ""method"": ""alternate""}"
ECG200,idk,distributional,0.15192703064321378,0.13000390226622416,12.759021900004882,42,2,shift,10.0,200,100,96,2,,"{""init"": ""random"", ""max_iter"": 300, ""method"": ""alternate""}"
ECG200,sbd,sliding,0.10818078479145701,0.1138228555959753,0.2618229999934556,42,3,shift,10.0,200,100,96,2,"{""backend"": ""auto"", ""n_jobs"": -1}","{""init"": ""random"", ""max_iter"": 300, ""method"": ""alternate""}"
ECG200,idk,distributional,0.13626518850262473,0.11876912541700375,12.292379999998957,42,3,shift,10.0,200,100,96,2,,"{""init"": ""random"", ""max_iter"": 300, ""method"": ""alternate""}"
ECG200,sbd,sliding,0.10818078479145701,0.1138228555959753,0.30772840000281576,42,4,shift,10.0,200,100,96,2,"{""backend"": ""auto"", ""n_jobs"": -1}","{""init"": ""random"", ""max_iter"": 300, ""method"": ""alternate""}"
ECG200,idk,distributional,0.12123486603792057,0.10447601533627356,12.345547299999453,42,4,shift,10.0,200,100,96,2,,"{""init"": ""random"", ""max_iter"": 300, ""method"": ""alternate""}"
ECG200,sbd,sliding,0.0038054813568004684,0.013907861106311401,0.2928470999977435,42,5,shift,10.0,200,100,96,2,"{""backend"": ""auto"", ""n_jobs"": -1}","{""init"": ""random"", ""max_iter"": 300, ""method"": ""alternate""}"
ECG200,idk,distributional,0.13626518850262473,0.11876912541700375,12.893881900010456,42,5,shift,10.0,200,100,96,2,,"{""init"": ""random"", ""max_iter"": 300, ""method"": ""alternate""}"
ECG200,sbd,sliding,0.1216361679224973,0.1124689399323596,0.29962289999821223,42,6,shift,10.0,200,100,96,2,"{""backend"": ""auto"", ""n_jobs"": -1}","{""init"": ""random"", ""max_iter"": 300, ""method"": ""alternate""}"
ECG200,idk,distributional,0.015721422274463707,0.01871144634398399,12.72895969999081,42,6,shift,10.0,200,100,96,2,,"{""init"": ""random"", ""max_iter"": 300, ""method"": ""alternate""}"
ECG200,sbd,sliding,0.00448913629017777,0.010621809793435164,0.3799925000057556,42,7,shift,10.0,200,100,96,2,"{""backend"": ""auto"", ""n_jobs"": -1}","{""init"": ""random"", ""max_iter"": 300, ""method"": ""alternate""}"
ECG200,idk,distributional,0.15192703064321378,0.13000390226622416,12.66725679999945,42,7,shift,10.0,200,100,96,2,,"{""init"": ""random"", ""max_iter"": 300, ""method"": ""alternate""}"
ECG200,sbd,sliding,0.10818078479145701,0.1138228555959753,0.2844584999984363,42,8,shift,10.0,200,100,96,2,"{""backend"": ""auto"", ""n_jobs"": -1}","{""init"": ""random"", ""max_iter"": 300, ""method"": ""alternate""}"
ECG200,idk,distributional,0.15192703064321378,0.13000390226622416,15.085990599996876,42,8,shift,10.0,200,100,96,2,,"{""init"": ""random"", ""max_iter"": 300, ""method"": ""alternate""}"
ECG200,sbd,sliding,0.1216361679224973,0.1124689399323596,0.28627319999213796,42,9,shift,10.0,200,100,96,2,"{""backend"": ""auto"", ""n_jobs"": -1}","{""init"": ""random"", ""max_iter"": 300, ""method"": ""alternate""}"
ECG200,idk,distributional,0.15192703064321378,0.13000390226622416,14.013135199995304,42,9,shift,10.0,200,100,96,2,,"{""init"": ""random"", ""max_iter"": 300, ""method"": ""alternate""}"
ECG200,sbd,sliding,0.058089558818127274,0.04935595704614155,0.28493670000170823,42,10,shift,10.0,200,100,96,2,"{""backend"": ""auto"", ""n_jobs"": -1}","{""init"": ""random"", ""max_iter"": 300, ""method"": ""alternate""}"
ECG200,idk,distributional,0.15210688591983557,0.13459183880031764,14.261091899999883,42,10,shift,10.0,200,100,96,2,,"{""init"": ""random"", ""max_iter"": 300, ""method"": ""alternate""}"
ECG200,sbd,sliding,0.022626262626262626,0.023829731360150475,0.38984460000210674,42,1,shift,20.0,200,100,96,2,"{""backend"": ""auto"", ""n_jobs"": -1}","{""init"": ""random"", ""max_iter"": 300, ""method"": ""alternate""}"
ECG200,idk,distributional,0.15210688591983557,0.13459183880031764,13.866125200001989,42,1,shift,20.0,200,100,96,2,,"{""init"": ""random"", ""max_iter"": 300, ""method"": ""alternate""}"
ECG200,sbd,sliding,0.022626262626262626,0.023829731360150475,0.29899920000025304,42,2,shift,20.0,200,100,96,2,"{""backend"": ""auto"", ""n_jobs"": -1}","{""init"": ""random"", ""max_iter"": 300, ""method"": ""alternate""}"
ECG200,idk,distributional,0.15210688591983557,0.13459183880031764,14.55768029999308,42,2,shift,20.0,200,100,96,2,,"{""init"": ""random"", ""max_iter"": 300, ""method"": ""alternate""}"
ECG200,sbd,sliding,0.0708315002199736,0.07826071896776299,0.2797954000052414,42,3,shift,20.0,200,100,96,2,"{""backend"": ""auto"", ""n_jobs"": -1}","{""init"": ""random"", ""max_iter"": 300, ""method"": ""alternate""}"
ECG200,idk,distributional,0.12123486603792057,0.10447601533627356,15.697766499994032,42,3,shift,20.0,200,100,96,2,,"{""init"": ""random"", ""max_iter"": 300, ""method"": ""alternate""}"
ECG200,sbd,sliding,0.03916433108546391,0.03773834664531581,0.2993166000014753,42,4,shift,20.0,200,100,96,2,"{""backend"": ""auto"", ""n_jobs"": -1}","{""init"": ""random"", ""max_iter"": 300, ""method"": ""alternate""}"
ECG200,idk,distributional,0.16856943577695385,0.14640120026863412,12.92171220000455,42,4,shift,20.0,200,100,96,2,,"{""init"": ""random"", ""max_iter"": 300, ""method"": ""alternate""}"
ECG200,sbd,sliding,0.0066781770205557546,0.014880660382146764,0.2765172000072198,42,5,shift,20.0,200,100,96,2,"{""backend"": ""auto"", ""n_jobs"": -1}","{""init"": ""random"", ""max_iter"": 300, ""method"": ""alternate""}"
ECG200,idk,distributional,0.2041041077787159,0.17745410957296198,11.526881200006756,42,5,shift,20.0,200,100,96,2,,"{""init"": ""random"", ""max_iter"": 300, ""method"": ""alternate""}"
ECG200,sbd,sliding,0.009696969696969697,0.014382636076431662,0.2702341999975033,42,6,shift,20.0,200,100,96,2,"{""backend"": ""auto"", ""n_jobs"": -1}","{""init"": ""random"", ""max_iter"": 300, ""method"": ""alternate""}"
ECG200,idk,distributional,0.048123541030705694,0.0428259941262739,11.306932499996037,42,6,shift,20.0,200,100,96,2,,"{""init"": ""random"", ""max_iter"": 300, ""method"": ""alternate""}"
ECG200,sbd,sliding,-0.003591309032142216,0.004713998200230879,0.26510220000636764,42,7,shift,20.0,200,100,96,2,"{""backend"": ""auto"", ""n_jobs"": -1}","{""init"": ""random"", ""max_iter"": 300, ""method"": ""alternate""}"
ECG200,idk,distributional,0.15210688591983557,0.13459183880031764,12.097220600000583,42,7,shift,20.0,200,100,96,2,,"{""init"": ""random"", ""max_iter"": 300, ""method"": ""alternate""}"
ECG200,sbd,sliding,0.020279822551552674,0.043687953418372526,0.2766003000069759,42,8,shift,20.0,200,100,96,2,"{""backend"": ""auto"", ""n_jobs"": -1}","{""init"": ""random"", ""max_iter"": 300, ""method"": ""alternate""}"
ECG200,idk,distributional,0.2041041077787159,0.17745410957296198,13.994818499995745,42,8,shift,20.0,200,100,96,2,,"{""init"": ""random"", ""max_iter"": 300, ""method"": ""alternate""}"
ECG200,sbd,sliding,0.12077578607111372,0.09653450898202479,0.4118067999952473,42,9,shift,20.0,200,100,96,2,"{""backend"": ""auto"", ""n_jobs"": -1}","{""init"": ""random"", ""max_iter"": 300, ""method"": ""alternate""}"
ECG200,idk,distributional,0.2041041077787159,0.17745410957296198,13.584621500005596,42,9,shift,20.0,200,100,96,2,,"{""init"": ""random"", ""max_iter"": 300, ""method"": ""alternate""}"
ECG200,sbd,sliding,0.009696969696969697,0.014382636076431662,0.293549099995289,42,10,shift,20.0,200,100,96,2,"{""backend"": ""auto"", ""n_jobs"": -1}","{""init"": ""random"", ""max_iter"": 300, ""method"": ""alternate""}"
ECG200,idk,distributional,0.2041041077787159,0.17745410957296198,13.464456199995766,42,10,shift,20.0,200,100,96,2,,"{""init"": ""random"", ""max_iter"": 300, ""method"": ""alternate""}"
ECG200,sbd,sliding,0.005657823938954199,0.012589137870896178,0.280330600005982,42,1,shift,30.0,200,100,96,2,"{""backend"": ""auto"", ""n_jobs"": -1}","{""init"": ""random"", ""max_iter"": 300, ""method"": ""alternate""}"
ECG200,idk,distributional,0.06954279933426884,0.06240837923076702,14.94861029999447,42,1,shift,30.0,200,100,96,2,,"{""init"": ""random"", ""max_iter"": 300, ""method"": ""alternate""}"
ECG200,sbd,sliding,-0.0058734995044234795,0.0028579308471863582,0.27870399999665096,42,2,shift,30.0,200,100,96,2,"{""backend"": ""auto"", ""n_jobs"": -1}","{""init"": ""random"", ""max_iter"": 300, ""method"": ""alternate""}"
ECG200,idk,distributional,0.01644398766700925,0.020758941525742234,15.944605599994247,42,2,shift,30.0,200,100,96,2,,"{""init"": ""random"", ""max_iter"": 300, ""method"": ""alternate""}"
ECG200,sbd,sliding,0.08179739001748958,0.07881773731952152,0.36665309999807505,42,3,shift,30.0,200,100,96,2,"{""backend"": ""auto"", ""n_jobs"": -1}","{""init"": ""random"", ""max_iter"": 300, ""method"": ""alternate""}"
ECG200,idk,distributional,0.1360960505219871,0.11513495473941705,13.622275799993076,42,3,shift,30.0,200,100,96,2,,"{""init"": ""random"", ""max_iter"": 300, ""method"": ""alternate""}"
ECG200,sbd,sliding,-0.00979587838416986,0.0002887154108162253,0.265742900002806,42,4,shift,30.0,200,100,96,2,"{""backend"": ""auto"", ""n_jobs"": -1}","{""init"": ""random"", ""max_iter"": 300, ""method"": ""alternate""}"
ECG200,idk,distributional,0.09377345560160559,0.08198909974765356,14.93401069999527,42,4,shift,30.0,200,100,96,2,,"{""init"": ""random"", ""max_iter"": 300, ""method"": ""alternate""}"
ECG200,sbd,sliding,0.05102040816326531,0.0718799245803121,0.27825529999972787,42,5,shift,30.0,200,100,96,2,"{""backend"": ""auto"", ""n_jobs"": -1}","{""init"": ""random"", ""max_iter"": 300, ""method"": ""alternate""}"
ECG200,idk,distributional,0.26325581395348835,0.2196116297949187,14.988602400000673,42,5,shift,30.0,200,100,96,2,,"{""init"": ""random"", ""max_iter"": 300, ""method"": ""alternate""}"
ECG200,sbd,sliding,0.009599960816486463,0.014192781347010507,0.3223780999906012,42,6,shift,30.0,200,100,96,2,"{""backend"": ""auto"", ""n_jobs"": -1}","{""init"": ""random"", ""max_iter"": 300, ""method"": ""alternate""}"
ECG200,idk,distributional,0.038882019514464454,0.036191778422235275,13.858691699999326,42,6,shift,30.0,200,100,96,2,,"{""init"": ""random"", ""max_iter"": 300, ""method"": ""alternate""}"
ECG200,sbd,sliding,-0.009598080383923215,0.00029643148586943534,0.3170447000011336,42,7,shift,30.0,200,100,96,2,"{""backend"": ""auto"", ""n_jobs"": -1}","{""init"": ""random"", ""max_iter"": 300, ""method"": ""alternate""}"
ECG200,idk,distributional,0.1360960505219871,0.11513495473941705,13.609031399995729,42,7,shift,30.0,200,100,96,2,,"{""init"": ""random"", ""max_iter"": 300, ""method"": ""alternate""}"
ECG200,sbd,sliding,0.015099302266113026,0.04205839862142762,0.2823435999962385,42,8,shift,30.0,200,100,96,2,"{""backend"": ""auto"", ""n_jobs"": -1}","{""init"": ""random"", ""max_iter"": 300, ""method"": ""alternate""}"
ECG200,idk,distributional,0.24272094190216262,0.2049456375426203,9.529051299999992,42,8,shift,30.0,200,100,96,2,,"{""init"": ""random"", ""max_iter"": 300, ""method"": ""alternate""}"
ECG200,sbd,sliding,0.009599960816486463,0.014192781347010507,0.2722901000015554,42,9,shift,30.0,200,100,96,2,"{""backend"": ""auto"", ""n_jobs"": -1}","{""init"": ""random"", ""max_iter"": 300, ""method"": ""alternate""}"
ECG200,idk,distributional,-0.0031239703710935116,0.004506593473362812,10.358356899989303,42,9,shift,30.0,200,100,96,2,,"{""init"": ""random"", ""max_iter"": 300, ""method"": ""alternate""}"
ECG200,sbd,sliding,0.009599960816486463,0.014192781347010507,0.27442980000341777,42,10,shift,30.0,200,100,96,2,"{""backend"": ""auto"", ""n_jobs"": -1}","{""init"": ""random"", ""max_iter"": 300, ""method"": ""alternate""}"
ECG200,idk,distributional,0.24272094190216262,0.2049456375426203,11.660627700002806,42,10,shift,30.0,200,100,96,2,,"{""init"": ""random"", ""max_iter"": 300, ""method"": ""alternate""}"
ECG200,sbd,sliding,0.1218796367253102,0.11789870295965417,0.2880402000009781,42,1,length,1.0,200,100,96,2,"{""backend"": ""auto"", ""n_jobs"": -1}","{""init"": ""random"", ""max_iter"": 300, ""method"": ""alternate""}"
ECG200,idk,distributional,0.1360960505219871,0.11513495473941705,13.555335999997624,42,1,length,1.0,200,100,96,2,,"{""init"": ""random"", ""max_iter"": 300, ""method"": ""alternate""}"
ECG200,sbd,sliding,0.1218796367253102,0.11789870295965417,0.31851179999648593,42,2,length,1.0,200,100,96,2,"{""backend"": ""auto"", ""n_jobs"": -1}","{""init"": ""random"", ""max_iter"": 300, ""method"": ""alternate""}"
ECG200,idk,distributional,0.1360960505219871,0.11513495473941705,13.31993990000774,42,2,length,1.0,200,100,96,2,,"{""init"": ""random"", ""max_iter"": 300, ""method"": ""alternate""}"
ECG200,sbd,sliding,0.1218796367253102,0.11789870295965417,0.2820865000030608,42,3,length,1.0,200,100,96,2,"{""backend"": ""auto"", ""n_jobs"": -1}","{""init"": ""random"", ""max_iter"": 300, ""method"": ""alternate""}"
ECG200,idk,distributional,0.1360960505219871,0.11513495473941705,12.626784900006896,42,3,length,1.0,200,100,96,2,,"{""init"": ""random"", ""max_iter"": 300, ""method"": ""alternate""}"
ECG200,sbd,sliding,0.1218796367253102,0.11789870295965417,0.301803900001687,42,4,length,1.0,200,100,96,2,"{""backend"": ""auto"", ""n_jobs"": -1}","{""init"": ""random"", ""max_iter"": 300, ""method"": ""alternate""}"
ECG200,idk,distributional,0.1360960505219871,0.11513495473941705,13.23704269999871,42,4,length,1.0,200,100,96,2,,"{""init"": ""random"", ""max_iter"": 300, ""method"": ""alternate""}"
ECG200,sbd,sliding,0.1218796367253102,0.11789870295965417,0.27789720000873785,42,5,length,1.0,200,100,96,2,"{""backend"": ""auto"", ""n_jobs"": -1}","{""init"": ""random"", ""max_iter"": 300, ""method"": ""alternate""}"
ECG200,idk,distributional,0.1360960505219871,0.11513495473941705,15.322802200003935,42,5,length,1.0,200,100,96,2,,"{""init"": ""random"", ""max_iter"": 300, ""method"": ""alternate""}"
ECG200,sbd,sliding,0.1218796367253102,0.11789870295965417,0.293053699992015,42,6,length,1.0,200,100,96,2,"{""backend"": ""auto"", ""n_jobs"": -1}","{""init"": ""random"", ""max_iter"": 300, ""method"": ""alternate""}"
ECG200,idk,distributional,0.03900751180222049,0.036865411084647505,13.31928809999954,42,6,length,1.0,200,100,96,2,,"{""init"": ""random"", ""max_iter"": 300, ""method"": ""alternate""}"
ECG200,sbd,sliding,0.025013740458015268,0.03501835993498306,0.3627618999889819,42,7,length,1.0,200,100,96,2,"{""backend"": ""auto"", ""n_jobs"": -1}","{""init"": ""random"", ""max_iter"": 300, ""method"": ""alternate""}"
ECG200,idk,distributional,0.1360960505219871,0.11513495473941705,12.582256299996516,42,7,length,1.0,200,100,96,2,,"{""init"": ""random"", ""max_iter"": 300, ""method"": ""alternate""}"
ECG200,sbd,sliding,0.1218796367253102,0.11789870295965417,0.29487959999096347,42,8,length,1.0,200,100,96,2,"{""backend"": ""auto"", ""n_jobs"": -1}","{""init"": ""random"", ""max_iter"": 300, ""method"": ""alternate""}"
ECG200,idk,distributional,0.1360960505219871,0.11513495473941705,14.929613100008282,42,8,length,1.0,200,100,96,2,,"{""init"": ""random"", ""max_iter"": 300, ""method"": ""alternate""}"
ECG200,sbd,sliding,0.1218796367253102,0.11789870295965417,0.32452820000617066,42,9,length,1.0,200,100,96,2,"{""backend"": ""auto"", ""n_jobs"": -1}","{""init"": ""random"", ""max_iter"": 300, ""method"": ""alternate""}"
ECG200,idk,distributional,0.1360960505219871,0.11513495473941705,16.19629359999817,42,9,length,1.0,200,100,96,2,,"{""init"": ""random"", ""max_iter"": 300, ""method"": ""alternate""}"
ECG200,sbd,sliding,0.1218796367253102,0.11789870295965417,0.267185700002301,42,10,length,1.0,200,100,96,2,"{""backend"": ""auto"", ""n_jobs"": -1}","{""init"": ""random"", ""max_iter"": 300, ""method"": ""alternate""}"
ECG200,idk,distributional,0.1360960505219871,0.11513495473941705,14.06567530000757,42,10,length,1.0,200,100,96,2,,"{""init"": ""random"", ""max_iter"": 300, ""method"": ""alternate""}"
ECG200,sbd,sliding,0.10789000696932276,0.107366056828105,0.2695400000011432,42,1,length,0.9,200,100,96,2,"{""backend"": ""auto"", ""n_jobs"": -1}","{""init"": ""random"", ""max_iter"": 300, ""method"": ""alternate""}"
ECG200,idk,distributional,0.16856943577695385,0.14640120026863412,11.953853700004402,42,1,length,0.9,200,100,96,2,,"{""init"": ""random"", ""max_iter"": 300, ""method"": ""alternate""}"
ECG200,sbd,sliding,0.10789000696932276,0.107366056828105,0.30881450000742916,42,2,length,0.9,200,100,96,2,"{""backend"": ""auto"", ""n_jobs"": -1}","{""init"": ""random"", ""max_iter"": 300, ""method"": ""alternate""}"
ECG200,idk,distributional,0.13626518850262473,0.11876912541700375,13.728199700002733,42,2,length,0.9,200,100,96,2,,"{""init"": ""random"", ""max_iter"": 300, ""method"": ""alternate""}"
ECG200,sbd,sliding,0.09573584721340302,0.12086122891152677,0.3129131000023335,42,3,length,0.9,200,100,96,2,"{""backend"": ""auto"", ""n_jobs"": -1}","{""init"": ""random"", ""max_iter"": 300, ""method"": ""alternate""}"
ECG200,idk,distributional,0.15210688591983557,0.13459183880031764,13.695806200004881,42,3,length,0.9,200,100,96,2,,"{""init"": ""random"", ""max_iter"": 300, ""method"": ""alternate""}"
ECG200,sbd,sliding,0.09573584721340302,0.12086122891152677,0.3145197000048938,42,4,length,0.9,200,100,96,2,"{""backend"": ""auto"", ""n_jobs"": -1}","{""init"": ""random"", ""max_iter"": 300, ""method"": ""alternate""}"
ECG200,idk,distributional,0.015673213498555126,0.018587207287721865,14.215014600005816,42,4,length,0.9,200,100,96,2,,"{""init"": ""random"", ""max_iter"": 300, ""method"": ""alternate""}"
ECG200,sbd,sliding,0.042445753595082146,0.07021735782919518,0.2599328000069363,42,5,length,0.9,200,100,96,2,"{""backend"": ""auto"", ""n_jobs"": -1}","{""init"": ""random"", ""max_iter"": 300, ""method"": ""alternate""}"
ECG200,idk,distributional,0.15192703064321378,0.13000390226622416,13.9367276999983,42,5,length,0.9,200,100,96,2,,"{""init"": ""random"", ""max_iter"": 300, ""method"": ""alternate""}"
ECG200,sbd,sliding,-0.0006803382252891437,0.007848505707418938,0.27305129999876954,42,6,length,0.9,200,100,96,2,"{""backend"": ""auto"", ""n_jobs"": -1}","{""init"": ""random"", ""max_iter"": 300, ""method"": ""alternate""}"
ECG200,idk,distributional,0.030219914776901603,0.029114383118891984,11.43858070000715,42,6,length,0.9,200,100,96,2,,"{""init"": ""random"", ""max_iter"": 300, ""method"": ""alternate""}"
ECG200,sbd,sliding,0.10789000696932276,0.107366056828105,0.2825596000038786,42,7,length,0.9,200,100,96,2,"{""backend"": ""auto"", ""n_jobs"": -1}","{""init"": ""random"", ""max_iter"": 300, ""method"": ""alternate""}"
ECG200,idk,distributional,0.16856943577695385,0.14640120026863412,14.062342499993974,42,7,length,0.9,200,100,96,2,,"{""init"": ""random"", ""max_iter"": 300, ""method"": ""alternate""}"
ECG200,sbd,sliding,0.09573584721340302,0.12086122891152677,0.3106024000007892,42,8,length,0.9,200,100,96,2,"{""backend"": ""auto"", ""n_jobs"": -1}","{""init"": ""random"", ""max_iter"": 300, ""method"": ""alternate""}"
ECG200,idk,distributional,0.15210688591983557,0.13459183880031764,15.954054499998165,42,8,length,0.9,200,100,96,2,,"{""init"": ""random"", ""max_iter"": 300, ""method"": ""alternate""}"
ECG200,sbd,sliding,0.022043795620437956,0.07928791578188196,0.28478060000634287,42,9,length,0.9,200,100,96,2,"{""backend"": ""auto"", ""n_jobs"": -1}","{""init"": ""random"", ""max_iter"": 300, ""method"": ""alternate""}"
ECG200,idk,distributional,0.16856943577695385,0.14640120026863412,15.759117000001424,42,9,length,0.9,200,100,96,2,,"{""init"": ""random"", ""max_iter"": 300, ""method"": ""alternate""}"
ECG200,sbd,sliding,0.2631475859367349,0.21409369088299846,0.35826710000401363,42,10,length,0.9,200,100,96,2,"{""backend"": ""auto"", ""n_jobs"": -1}","{""init"": ""random"", ""max_iter"": 300, ""method"": ""alternate""}"
ECG200,idk,distributional,0.15192703064321378,0.13000390226622416,13.334918500004278,42,10,length,0.9,200,100,96,2,,"{""init"": ""random"", ""max_iter"": 300, ""method"": ""alternate""}"
ECG200,sbd,sliding,0.10789000696932276,0.107366056828105,0.30382499999541324,42,1,length,0.75,200,100,96,2,"{""backend"": ""auto"", ""n_jobs"": -1}","{""init"": ""random"", ""max_iter"": 300, ""method"": ""alternate""}"
ECG200,idk,distributional,0.13668774384501547,0.12886573678714794,12.779186300002038,42,1,length,0.75,200,100,96,2,,"{""init"": ""random"", ""max_iter"": 300, ""method"": ""alternate""}"
ECG200,sbd,sliding,0.008096346523631212,0.08068918390116896,0.35886649999883957,42,2,length,0.75,200,100,96,2,"{""backend"": ""auto"", ""n_jobs"": -1}","{""init"": ""random"", ""max_iter"": 300, ""method"": ""alternate""}"
ECG200,idk,distributional,0.033753558357055714,0.054340072174078026,13.794458899996243,42,2,length,0.75,200,100,96,2,,"{""init"": ""random"", ""max_iter"": 300, ""method"": ""alternate""}"
ECG200,sbd,sliding,0.10789000696932276,0.107366056828105,0.3151609999986249,42,3,length,0.75,200,100,96,2,"{""backend"": ""auto"", ""n_jobs"": -1}","{""init"": ""random"", ""max_iter"": 300, ""method"": ""alternate""}"
ECG200,idk,distributional,0.15177478580171358,0.12634639359704986,14.297778100000869,42,3,length,0.75,200,100,96,2,,"{""init"": ""random"", ""max_iter"": 300, ""method"": ""alternate""}"
ECG200,sbd,sliding,0.10789000696932276,0.107366056828105,0.4666663999960292,42,4,length,0.75,200,100,96,2,"{""backend"": ""auto"", ""n_jobs"": -1}","{""init"": ""random"", ""max_iter"": 300, ""method"": ""alternate""}"
ECG200,idk,distributional,-0.008521892447840141,0.0011646013497918254,12.05833289999282,42,4,length,0.75,200,100,96,2,,"{""init"": ""random"", ""max_iter"": 300, ""method"": ""alternate""}"
ECG200,sbd,sliding,-0.009466258094262714,0.0003017697373495547,0.3368534999972326,42,5,length,0.75,200,100,96,2,"{""backend"": ""auto"", ""n_jobs"": -1}","{""init"": ""random"", ""max_iter"": 300, ""method"": ""alternate""}"
ECG200,idk,distributional,0.1218796367253102,0.11789870295965417,11.834394800003793,42,5,length,0.75,200,100,96,2,,"{""init"": ""random"", ""max_iter"": 300, ""method"": ""alternate""}"
ECG200,sbd,sliding,0.04804584190420218,0.04233997721440788,0.3132389000020339,42,6,length,0.75,200,100,96,2,"{""backend"": ""auto"", ""n_jobs"": -1}","{""init"": ""random"", ""max_iter"": 300, ""method"": ""alternate""}"
ECG200,idk,distributional,-0.008521892447840141,0.0011646013497918254,12.67834810000204,42,6,length,0.75,200,100,96,2,,"{""init"": ""random"", ""max_iter"": 300, ""method"": ""alternate""}"
ECG200,sbd,sliding,0.16856943577695385,0.14640120026863412,0.30956799998966744,42,7,length,0.75,200,100,96,2,"{""backend"": ""auto"", ""n_jobs"": -1}","{""init"": ""random"", ""max_iter"": 300, ""method"": ""alternate""}"
ECG200,idk,distributional,0.1360960505219871,0.11513495473941705,13.295749400000204,42,7,length,0.75,200,100,96,2,,"{""init"": ""random"", ""max_iter"": 300, ""method"": ""alternate""}"
ECG200,sbd,sliding,0.10789000696932276,0.107366056828105,0.33428660000208765,42,8,length,0.75,200,100,96,2,"{""backend"": ""auto"", ""n_jobs"": -1}","{""init"": ""random"", ""max_iter"": 300, ""method"": ""alternate""}"
ECG200,idk,distributional,0.12123486603792057,0.10447601533627356,14.627298399995198,42,8,length,0.75,200,100,96,2,,"{""init"": ""random"", ""max_iter"": 300, ""method"": ""alternate""}"
ECG200,sbd,sliding,-0.009466258094262714,0.0003017697373495547,0.32994639999378705,42,9,length,0.75,200,100,96,2,"{""backend"": ""auto"", ""n_jobs"": -1}","{""init"": ""random"", ""max_iter"": 300, ""method"": ""alternate""}"
ECG200,idk,distributional,0.035886448848419926,0.10273159764776643,13.6284092999922,42,9,length,0.75,200,100,96,2,,"{""init"": ""random"", ""max_iter"": 300, ""method"": ""alternate""}"
ECG200,sbd,sliding,0.061307918532710164,0.0895602242336334,0.39378320000105305,42,10,length,0.75,200,100,96,2,"{""backend"": ""auto"", ""n_jobs"": -1}","{""init"": ""random"", ""max_iter"": 300, ""method"": ""alternate""}"
ECG200,idk,distributional,-0.006222106394761703,0.0016431701115071989,16.05853070000012,42,10,length,0.75,200,100,96,2,,"{""init"": ""random"", ""max_iter"": 300, ""method"": ""alternate""}"
ECG200,sbd,sliding,0.18622174381054898,0.17180268592686745,0.31831249999959255,42,1,length,0.5,200,100,96,2,"{""backend"": ""auto"", ""n_jobs"": -1}","{""init"": ""random"", ""max_iter"": 300, ""method"": ""alternate""}"
ECG200,idk,distributional,0.16840662366749484,0.1417811079197256,14.97339600000123,42,1,length,0.5,200,100,96,2,,"{""init"": ""random"", ""max_iter"": 300, ""method"": ""alternate""}"
ECG200,sbd,sliding,0.012148896880163282,0.09456435533426642,0.31624350000492996,42,2,length,0.5,200,100,96,2,"{""backend"": ""auto"", ""n_jobs"": -1}","{""init"": ""random"", ""max_iter"": 300, ""method"": ""alternate""}"
ECG200,idk,distributional,0.08179739001748958,0.07881773731952152,14.170464799994079,42,2,length,0.5,200,100,96,2,,"{""init"": ""random"", ""max_iter"": 300, ""method"": ""alternate""}"
ECG200,sbd,sliding,0.18622174381054898,0.17180268592686745,0.33866990000387887,42,3,length,0.5,200,100,96,2,"{""backend"": ""auto"", ""n_jobs"": -1}","{""init"": ""random"", ""max_iter"": 300, ""method"": ""alternate""}"
ECG200,idk,distributional,0.16840662366749484,0.1417811079197256,15.267093100002967,42,3,length,0.5,200,100,96,2,,"{""init"": ""random"", ""max_iter"": 300, ""method"": ""alternate""}"
ECG200,sbd,sliding,0.02542638435023949,0.03790883533264401,0.2675078000029316,42,4,length,0.5,200,100,96,2,"{""backend"": ""auto"", ""n_jobs"": -1}","{""init"": ""random"", ""max_iter"": 300, ""method"": ""alternate""}"
ECG200,idk,distributional,0.15177478580171358,0.12634639359704986,12.703319400003238,42,4,length,0.5,200,100,96,2,,"{""init"": ""random"", ""max_iter"": 300, ""method"": ""alternate""}"
ECG200,sbd,sliding,0.02542638435023949,0.03790883533264401,0.31082629999582423,42,5,length,0.5,200,100,96,2,"{""backend"": ""auto"", ""n_jobs"": -1}","{""init"": ""random"", ""max_iter"": 300, ""method"": ""alternate""}"
ECG200,idk,distributional,0.15177478580171358,0.12634639359704986,14.812252900010208,42,5,length,0.5,200,100,96,2,,"{""init"": ""random"", ""max_iter"": 300, ""method"": ""alternate""}"
ECG200,sbd,sliding,0.18622174381054898,0.17180268592686745,0.3321473999967566,42,6,length,0.5,200,100,96,2,"{""backend"": ""auto"", ""n_jobs"": -1}","{""init"": ""random"", ""max_iter"": 300, ""method"": ""alternate""}"
ECG200,idk,distributional,0.15177478580171358,0.12634639359704986,12.924356399998942,42,6,length,0.5,200,100,96,2,,"{""init"": ""random"", ""max_iter"": 300, ""method"": ""alternate""}"
ECG200,sbd,sliding,0.18622174381054898,0.17180268592686745,0.32732579999719746,42,7,length,0.5,200,100,96,2,"{""backend"": ""auto"", ""n_jobs"": -1}","{""init"": ""random"", ""max_iter"": 300, ""method"": ""alternate""}"
ECG200,idk,distributional,0.16840662366749484,0.1417811079197256,12.666375599997991,42,7,length,0.5,200,100,96,2,,"{""init"": ""random"", ""max_iter"": 300, ""method"": ""alternate""}"
ECG200,sbd,sliding,0.012984001854857407,0.0248500066450677,0.3148756000009598,42,8,length,0.5,200,100,96,2,"{""backend"": ""auto"", ""n_jobs"": -1}","{""init"": ""random"", ""max_iter"": 300, ""method"": ""alternate""}"
ECG200,idk,distributional,0.16856943577695385,0.14640120026863412,12.782258900006127,42,8,length,0.5,200,100,96,2,,"{""init"": ""random"", ""max_iter"": 300, ""method"": ""alternate""}"
ECG200,sbd,sliding,0.02542638435023949,0.03790883533264401,0.31709910000063246,42,9,length,0.5,200,100,96,2,"{""backend"": ""auto"", ""n_jobs"": -1}","{""init"": ""random"", ""max_iter"": 300, ""method"": ""alternate""}"
ECG200,idk,distributional,0.16840662366749484,0.1417811079197256,12.636904799997865,42,9,length,0.5,200,100,96,2,,"{""init"": ""random"", ""max_iter"": 300, ""method"": ""alternate""}"
ECG200,sbd,sliding,0.012984001854857407,0.0248500066450677,0.31083439999929396,42,10,length,0.5,200,100,96,2,"{""backend"": ""auto"", ""n_jobs"": -1}","{""init"": ""random"", ""max_iter"": 300, ""method"": ""alternate""}"
ECG200,idk,distributional,0.16840662366749484,0.1417811079197256,12.522371099999873,42,10,length,0.5,200,100,96,2,,"{""init"": ""random"", ""max_iter"": 300, ""method"": ""alternate""}"
ECG200,sbd,sliding,0.20363636363636364,0.16108192607888686,0.4192816000067978,42,1,length,0.25,200,100,96,2,"{""backend"": ""auto"", ""n_jobs"": -1}","{""init"": ""random"", ""max_iter"": 300, ""method"": ""alternate""}"
ECG200,idk,distributional,0.15210688591983557,0.13459183880031764,13.720106300002954,42,1,length,0.25,200,100,96,2,,"{""init"": ""random"", ""max_iter"": 300, ""method"": ""alternate""}"
ECG200,sbd,sliding,0.20363636363636364,0.16108192607888686,0.38862170000356855,42,2,length,0.25,200,100,96,2,"{""backend"": ""auto"", ""n_jobs"": -1}","{""init"": ""random"", ""max_iter"": 300, ""method"": ""alternate""}"
ECG200,idk,distributional,0.04799921633932507,0.04205291843043419,14.877569500007667,42,2,length,0.25,200,100,96,2,,"{""init"": ""random"", ""max_iter"": 300, ""method"": ""alternate""}"
ECG200,sbd,sliding,0.018796992481203006,0.031136408869133228,0.32993100000021514,42,3,length,0.25,200,100,96,2,"{""backend"": ""auto"", ""n_jobs"": -1}","{""init"": ""random"", ""max_iter"": 300, ""method"": ""alternate""}"
ECG200,idk,distributional,0.12123486603792057,0.10447601533627356,14.103858999995282,42,3,length,0.25,200,100,96,2,,"{""init"": ""random"", ""max_iter"": 300, ""method"": ""alternate""}"
ECG200,sbd,sliding,0.20363636363636364,0.16108192607888686,0.3055065999942599,42,4,length,0.25,200,100,96,2,"{""backend"": ""auto"", ""n_jobs"": -1}","{""init"": ""random"", ""max_iter"": 300, ""method"": ""alternate""}"
ECG200,idk,distributional,0.03916433108546391,0.03773834664531581,14.580936900005327,42,4,length,0.25,200,100,96,2,,"{""init"": ""random"", ""max_iter"": 300, ""method"": ""alternate""}"
ECG200,sbd,sliding,0.20363636363636364,0.16108192607888686,0.31412539999291766,42,5,length,0.25,200,100,96,2,"{""backend"": ""auto"", ""n_jobs"": -1}","{""init"": ""random"", ""max_iter"": 300, ""method"": ""alternate""}"
ECG200,idk,distributional,0.03869371961747095,0.03522021495407305,13.374210400004813,42,5,length,0.25,200,100,96,2,,"{""init"": ""random"", ""max_iter"": 300, ""method"": ""alternate""}"
ECG200,sbd,sliding,0.20363636363636364,0.16108192607888686,0.30952800000522984,42,6,length,0.25,200,100,96,2,"{""backend"": ""auto"", ""n_jobs"": -1}","{""init"": ""random"", ""max_iter"": 300, ""method"": ""alternate""}"
ECG200,idk,distributional,0.058397019760813774,0.05169322737348285,13.823671700003615,42,6,length,0.25,200,100,96,2,,"{""init"": ""random"", ""max_iter"": 300, ""method"": ""alternate""}"
ECG200,sbd,sliding,0.20363636363636364,0.16108192607888686,0.3524978000059491,42,7,length,0.25,200,100,96,2,"{""backend"": ""auto"", ""n_jobs"": -1}","{""init"": ""random"", ""max_iter"": 300, ""method"": ""alternate""}"
ECG200,idk,distributional,0.20428585992455908,0.18475117741427882,13.951427000007243,42,7,length,0.25,200,100,96,2,,"{""init"": ""random"", ""max_iter"": 300, ""method"": ""alternate""}"
ECG200,sbd,sliding,0.018796992481203006,0.031136408869133228,0.3189241999934893,42,8,length,0.25,200,100,96,2,"{""backend"": ""auto"", ""n_jobs"": -1}","{""init"": ""random"", ""max_iter"": 300, ""method"": ""alternate""}"
ECG200,idk,distributional,0.09396564381148143,0.08472444119491121,14.959124799992424,42,8,length,0.25,200,100,96,2,,"{""init"": ""random"", ""max_iter"": 300, ""method"": ""alternate""}"
ECG200,sbd,sliding,0.018796992481203006,0.031136408869133228,0.28840479999780655,42,9,length,0.25,200,100,96,2,"{""backend"": ""auto"", ""n_jobs"": -1}","{""init"": ""random"", ""max_iter"": 300, ""method"": ""alternate""}"
ECG200,idk,distributional,0.20428585992455908,0.18475117741427882,12.126936199994816,42,9,length,0.25,200,100,96,2,,"{""init"": ""random"", ""max_iter"": 300, ""method"": ""alternate""}"
ECG200,sbd,sliding,0.018796992481203006,0.031136408869133228,0.35038930000155233,42,10,length,0.25,200,100,96,2,"{""backend"": ""auto"", ""n_jobs"": -1}","{""init"": ""random"", ""max_iter"": 300, ""method"": ""alternate""}"
ECG200,idk,distributional,0.03916433108546391,0.03773834664531581,12.789167399998405,42,10,length,0.25,200,100,96,2,,"{""init"": ""random"", ""max_iter"": 300, ""method"": ""alternate""}"
